tree
version=v4
num_class=3
num_tree_per_iteration=3
label_index=0
max_feature_idx=16
objective=multiclass num_class:3
feature_names=time_to_tca miss_distance relative_speed current_risk mahalanobis_distance object_type_encoded prev_risk prev_miss_distance risk_delta log_miss_distance log_mahalanobis risk_speed_interaction primary_cross_section_area_m2 secondary_cross_section_area_m2 combined_cross_section_area_m2 log_combined_cross_section_area orbital_regime_encoded
feature_infos=[-0.14980810185185181:6.9938324074074076] [9:67206] [4:17087] [-30:-1.4428538576816372] [4.6613296278716614e-07:11862.779678742419] -1:2:3:0 [-30:-1.4428538576816372] [9:67206] [-27.07845681805329:26.563836918664546] [2.3025850929940459:11.115532687752937] [4.661328541472304e-07:9.3812453130740607] [-510540:-53.830690468904095] none none none none none
tree_sizes=3401 3339 3348 3443 3404 3444 3454 3403 3422 3449 3430 3403 3454 3423 3448 3454 3428 3447 3440 3410 3438 3432 3400 3422 3426 3410 3463 3473 3425 3445 3421 3437 3456 3431 3418 3443 3472 3421 3449 3460 3434 3444 3434 3427 3440 3452 3436 3442 3457 3427 3464 3468 3431 3473 3448 3429 3474 3433 3424 3446 3449 3451 3437 3438 3456 3438 3464 3435 3428 3441 3423 3424 3472 3419 3426 3450 3465 3434 3460 3435 3435 3475 3429 3440 3463 3441 3436 3456 3451 3453 3465 3436 3430 3465 3436 3451 3472 3454 3441 3437 3457 3465 3496 3415 3467 3491 3442 3459 3496 3465 3467 3446 3443 3467 3465 3415 3441 3465 3460 3456 3487 3441 3447 3469 3446 3463 3479 3425 3473 3488 3414 3434 3456 3412 3453 3472 3439 3480 3457 3481 3474 3459 3428 3444 3472 3436 3455 3457 3441 3461 3478 3475 3471 3503 3437 3478 3448 3465 3486 3477 3479 3476 3463 3474 3451 3491 3489 3461 3474 3438 3450 3457 3454 3462 3504 3421 3458 3461 3445 3446 3485 3463 3477 3450 3455 3459 3431 3440 3479 3444 3454 3459 3431 3442 3472 3456 3399 3478 3449 3454 3472

Tree=0
num_leaves=31
num_cat=2
split_feature=3 4 5 3 3 11 3 0 4 2 2 5 4 6 8 0 0 7 1 4 2 2 11 2 2 0 4 1 2 0
split_gain=123521 2591.65 941.872 751.053 533.774 488.084 445.534 411.928 411.572 407.968 360.99 343.296 298.175 276.495 265.099 228.94 225.636 209.248 193.597 259.209 309.444 201.236 195.074 188.999 278.666 175.44 162.787 167.181 164.791 146.675
threshold=-8.1184156488641683 20.882092430422869 0 -6.1618438335499954 -9.4760585394022456 -425034.43001765141 -7.9937480013767246 2.7489276504629636 16.583014443101831 15222.500000000002 15051.500000000002 1 66.037702375559618 -6.9679860126858228 -0.08450428262617303 2.940319380787038 4.7796720601851872 6071.5000000000009 27497.000000000004 6.2376527853301784 7480.0000000000009 13140.500000000002 -107532.10273723418 13293.500000000002 14654.500000000002 2.1262528993055567 68.061161387821457 39096.500000000007 14738.500000000002 3.4390882581018527
decision_type=2 2 1 2 2 2 2 2 2 2 2 1 2 2 2 2 2 2 2 2 2 2 2 2 2 2 2 2 2 2
left_child=1 2 -1 6 9 8 -2 -8 15 16 13 -9 -11 18 -13 -4 -3 -12 19 20 22 29 -7 -21 -25 -5 27 28 -6 -20
right_child=3 4 5 25 26 10 7 11 -10 12 17 14 -14 -15 -16 -17 -18 -19 21 23 -22 -23 -24 24 -26 -27 -28 -29 -30 -31
leaf_value=-0.80124611544826074 -0.87498580344256627 -0.79993623554928428 -0.7980695998841888 -0.93257369360067188 -0.82500177618179382 -0.93454410237410479 -0.92682044197901547 -0.91878251092564822 -0.7980695998841888 -0.89264823009980032 -0.89984719261268298 -0.88602232572237982 -0.80399851348363427 -0.87923373679492334 -0.90925703052132778 -0.91830108245419773 -0.81098765634847159 -0.80518122422856775 -0.80466836670332931 -0.81691741233330772 -0.82886137787704084 -0.7980695998841888 -0.8626268611950505 -0.85466933251805022 -0.81100998485594644 -0.9243318731290715 -0.81326848207194069 -0.89991912103858762 -0.87268893460167574 -0.87914812052127433
leaf_weight=1731.456907838583 669.55980467796326 23839.680826187134 43.714460134506226 8308.297002106905 1002.5182803869247 128.22907596826553 6885.3916262090206 10603.670690178871 106.7361401617527 216.75085809826851 343.8870757818222 1455.327216476202 168.66495856642723 344.97993883490562 7847.109744399786 420.02308413386345 5728.4156974852085 70.307423323392868 75.771730840206146 2838.5256007313728 649.52401635050774 117.66475519537926 356.2728459239006 989.40393173694611 579.58088234066963 28975.399942696095 1184.2975803315639 103.09326437115669 221.1223067343235 518.0163397192955
leaf_count=4654 891 64625 120 1012 2254 9 2796 5860 293 202 278 1671 445 411 5652 164 14353 184 199 6805 1415 323 556 1656 1452 8391 2927 78 298 622
internal_value=-0.878296 -0.81127 -0.83452 -0.921547 -0.8046 -0.842118 -0.915272 -0.916279 -0.886593 -0.802744 -0.838499 -0.912632 -0.853854 -0.835657 -0.905622 -0.906967 -0.802077 -0.883778 -0.833253 -0.8301 -0.851419 -0.857807 -0.881661 -0.824615 -0.838542 -0.926168 -0.826743 -0.838771 -0.833619 -0.869644
internal_weight=106523 41778.6 9314.09 64744.8 32464.5 7582.64 27461.1 26791.5 570.474 29953.5 7012.16 19906.1 385.416 6597.97 9302.44 463.738 29568.1 414.194 6252.99 5541.54 1134.03 711.453 484.502 4407.51 1568.98 37283.7 2511.03 1326.73 1223.64 593.788
internal_count=130596 104323 19141 26273 85182 14487 16870 15979 577 79625 13910 13183 647 13448 7323 284 78978 462 13037 11893 1980 1144 565 9913 3108 9403 5557 2630 2552 821
cat_boundaries=0 1 2
cat_threshold=1 8
is_linear=0
shrinkage=1


Tree=1
num_leaves=31
num_cat=0
split_feature=3 3 6 3 2 8 3 0 2 4 1 6 3 2 2 2 2 2 11 7 2 1 8 2 0 2 2 0 4 8
split_gain=26104.3 75195.2 1222.12 1303.4 858.924 714.047 692.796 657.815 529.275 520.332 518.964 554.282 487.543 326.52 382.639 438.325 307.047 299.461 468.985 703.138 331.392 279.055 267.092 259.756 253.194 221.775 202.326 202.068 176.391 176.115
threshold=-8.199179859084337 -6.0523948069364035 -6.2280452572425222 -7.9937480013767246 977.50000000000011 0.12082998576925875 -12.237997037122414 4.2407709143518533 12590.500000000002 6.2376527853301784 26158.500000000004 -6.9679860126858228 -6.00910642487516 14974.500000000002 14908.500000000002 13534.000000000002 192.50000000000003 14923.500000000002 -63530.282736123569 716.50000000000011 11223.000000000002 30740.500000000004 -0.21061733422461335 15062.500000000002 0.95019500578703731 15489.500000000002 10608.500000000002 6.5453951678240765 65.053736679763801 -0.39599719111998061
decision_type=2 2 2 2 2 2 2 2 2 2 2 2 2 2 2 2 2 2 2 2 2 2 2 2 2 2 2 2 2 2
left_child=6 2 3 -2 16 7 28 24 22 23 11 -9 -6 14 15 -10 -3 18 20 -20 26 -7 -4 -8 -5 -14 -13 -24 -1 -26
right_child=1 4 8 5 12 21 9 10 13 -11 -12 17 25 -15 -16 -17 -18 -19 19 -21 -22 -23 27 -25 29 -27 -28 -29 -30 -31
leaf_value=-1.4494216334274872 -1.3867608435771366 -1.4592420085384199 -1.3698253563263423 -1.2826704714177826 -1.4044166014841089 -1.3484541004104931 -1.4044597790971594 -1.3159078195174589 -1.4234881738350689 -1.4410730849302926 -1.3035663399180899 -1.3563926810236033 -1.4512450578917466 -1.3055549309381314 -1.4411329234814925 -1.3460065189243939 -1.3111977761278657 -1.2939370294993056 -1.4224976961437235 -1.3113204772333833 -1.3572670298933531 -1.3014352499075406 -1.3162714171347245 -1.2966662799798241 -1.3552772195655729 -1.3697986172626897 -1.4558851205665051 -1.3959406957468372 -1.4580161437226511 -1.3060744413742573
leaf_weight=9877.4253631234169 724.32614356279373 45.511733204126358 430.56858739256859 1223.3002627789974 574.5511591732502 2355.8528611958027 611.51220771670341 3219.7483443915844 279.69028967618942 5751.5798380374908 2383.1599190235138 77.783691167831421 25884.867247283459 126.88119941949844 276.10451558232307 525.4536592066288 151.98161050677299 266.17469045519829 163.29058319330215 1101.9356331527233 1642.5598597824574 364.36970546841621 947.74739146232605 61.509798914194107 187.56351071596146 83.851921916007996 148.94749069213867 86.886037260293961 15091.415080994368 5990.1717506945133
leaf_count=30340 1436 18 525 498 291 2324 1467 3023 148 17746 1668 89 8043 109 78 540 146 173 43 1012 1519 286 654 43 231 22 90 69 54135 3830
internal_value=-1.41522 -1.39251 -1.3252 -1.32092 -1.4492 -1.31843 -1.45085 -1.3145 -1.35694 -1.43621 -1.32357 -1.33078 -1.44997 -1.38144 -1.39034 -1.37292 -1.34531 -1.34485 -1.34918 -1.32567 -1.36509 -1.34216 -1.33673 -1.39461 -1.30345 -1.45098 -1.42175 -1.32296 -1.45462 -1.30757
internal_weight=80656.7 49263.3 22522.5 19849.2 26740.8 19124.9 31393.4 16404.6 2673.33 6424.6 9003.6 6620.44 26543.3 1208.13 1081.25 805.144 197.493 3400.69 3134.52 1265.23 1869.29 2720.22 1465.2 673.022 7401.04 25968.7 226.731 1034.63 24968.8 6177.74
internal_count=130596 26865 18345 16222 8520 14786 103731 12176 2123 19256 7617 5949 8356 875 766 688 164 2926 2753 1055 1698 2610 1248 1510 4559 8065 179 723 84475 4061
is_linear=0
shrinkage=1


Tree=2
num_leaves=31
num_cat=1
split_feature=3 3 2 4 11 4 3 2 3 6 0 6 4 7 2 2 2 2 5 1 1 2 1 0 2 0 6 0 8 8
split_gain=124527 1692.82 960.802 921.339 643.432 1110.96 588.108 666.187 511.695 423.624 342.917 342.239 377.155 314.217 314.431 311.04 295.715 509.286 272.084 262.89 304.501 254.889 421.222 239.615 237.09 221.223 219.196 213.823 209.377 257.871
threshold=-6.0523948069364035 -6.9170352432702478 977.50000000000011 42.7426932216746 -425034.43001765141 16.583014443101831 -6.225957734494636 12590.500000000002 -6.00910642487516 -6.3307296227515399 1.8857531770833333 -6.8396815879612243 3.5327068242902757 461.50000000000006 4475.5000000000009 192.50000000000003 5343.5000000000009 5223.0000000000009 0 14528.500000000002 12987.500000000002 13534.000000000002 464.50000000000006 4.7250310069444454 15489.500000000002 5.5330776273148166 -14.808688944857485 6.5453951678240765 -0.071909147670538673 0.057661769088875221
decision_type=2 2 2 2 2 2 2 2 2 2 2 2 2 2 2 2 2 2 1 2 2 2 2 2 2 2 2 2 2 2
left_child=1 3 15 4 5 18 11 16 -4 24 -10 19 13 14 -13 -2 17 27 -1 20 -3 -9 -23 -11 -6 -14 -26 -8 -12 -30
right_child=2 6 8 -5 9 -7 7 21 10 23 28 12 25 -15 -16 -17 -18 -19 -20 -21 -22 22 -24 -25 26 -27 -28 -29 29 -31
leaf_value=-0.99720915567439028 -0.98991093807625929 -1.0812808267279859 -1.0357040290054604 -1.1231007413321437 -1.1134005928669404 -1.1111533546687855 -1.1116724626739882 -1.0160668091384832 -0.98227248187308835 -1.0964634198855634 -1.0094959133677044 -0.97790552502454442 -1.1173969691305743 -1.094207110767915 -1.0974954688102125 -1.1246383566650715 -1.1188830103078105 -0.98252861394791791 -1.1246383559906048 -1.1120576972013989 -1.0108570422402161 -1.0007251781897928 -1.0819766612137873 -1.0320132549613457 -0.98929574440730139 -1.0988984359067429 -1.1246383565940328 -1.0161992134791924 -0.99110758283892419 -1.0043726410324554
leaf_weight=392.37474495172501 55.667956173419952 1210.8623413443565 702.76575881242752 30892.003309130669 20244.24181163311 741.56463050842285 385.62709254026413 368.42065048217773 6444.6624236106873 354.92537975311279 2323.209353685379 136.30214762687683 4833.3278343677521 657.21923124790192 92.105159103870392 185.89722412824631 868.75744646787643 123.14426678419113 46.896034181118011 596.15316981077194 175.77578693628311 201.75416696071625 761.80751347541809 242.91471445560455 73.886560022830963 2428.1349141001701 50.26984840631485 69.16321736574173 18422.719646632671 4573.2069157958031
leaf_count=183 18 715 291 76359 34971 1957 226 110 723 514 1157 12 3011 287 44 146 614 13 130 396 48 36 451 207 23 1697 50 22 4427 1758
internal_value=-1.07401 -1.11357 -0.994243 -1.11752 -1.10974 -1.07383 -1.09733 -1.07695 -0.993503 -1.11176 -0.99257 -1.10292 -1.10745 -1.07665 -1.02613 -1.09359 -1.10045 -1.07273 -1.01081 -1.08429 -1.07235 -1.05144 -1.06496 -1.07028 -1.11298 -1.11121 -1.04409 -1.09715 -0.995191 -0.993746
internal_weight=98655.8 65947.6 32708.1 53039.1 22147.1 1180.84 12908.6 2778.67 32466.6 20966.2 31763.8 10129.9 8147.09 885.627 228.407 241.565 1446.69 577.935 439.271 1982.79 1386.64 1331.98 963.562 597.84 20368.4 7261.46 124.156 454.79 25319.1 22995.9
internal_count=130596 122076 8520 114394 38035 2270 7682 1472 8356 35765 8065 6210 5051 343 56 164 875 261 313 1159 763 597 487 721 35044 4708 73 248 7342 6185
cat_boundaries=0 1
cat_threshold=4
is_linear=0
shrinkage=1


Tree=3
num_leaves=31
num_cat=2
split_feature=3 4 5 3 4 11 2 0 3 5 1 8 6 3 7 6 0 0 2 8 8 8 4 0 2 0 11 2 11 4
split_gain=110116 2342.04 722.137 629.946 522.395 685.083 453.506 416.8 388.326 349.602 283.7 269.501 229.164 190.769 190.479 187.733 182.045 163.619 139.638 139.018 134.442 131.721 130.104 143.492 154.941 124.919 240.448 113.902 390.127 220.987
threshold=-8.0783915555075758 34.51655268121285 0 -6.1618438335499954 15.728093583246443 -385498.41272407508 15222.500000000002 2.7489276504629636 -9.4760585394022456 1 25943.500000000004 -0.08450428262617303 -6.3642650009595618 -8.5236756886338156 1709.5000000000002 -7.9525304690071295 5.4739552199074089 2.1262528993055567 14908.500000000002 -2.6463178962962517 -1.287153948798317 -0.047816083265034941 68.061161387821457 3.4104535011574084 3730.0000000000005 3.9918494386574079 -456629.99999999994 7480.0000000000009 -107532.10273723418 2.095937416300369
decision_type=2 2 1 2 2 2 2 2 2 1 2 2 2 2 2 2 2 2 2 2 2 2 2 2 2 2 2 2 2 2
left_child=1 2 -1 7 5 14 10 -2 25 -9 13 -11 20 -6 -4 -13 -12 -5 19 -15 -7 -19 23 24 -10 -3 -27 28 -22 -29
right_child=3 8 4 17 6 12 -8 9 22 11 16 15 -14 18 -16 -17 -18 21 -20 -21 27 -23 -24 -25 -26 26 -28 29 -30 -31
leaf_value=0.072273039017140855 -0.046422157635600911 0.07377070585575822 -0.03157197224665436 -0.052117890026949068 0.060780754831354859 0.05837331780090891 -0.026229755971216365 -0.038359038335017935 -0.042832376197484971 -0.0056346319006551626 0.047792176884091958 -0.003770233753117315 -0.013012293140717786 -0.046051410422845315 0.078609853566406318 -0.031181724904437564 -0.0087231208357552766 -0.034762255908072408 -0.042751252140381862 0.057315899672487028 -0.022228797019163846 -0.045326394295083866 0.059884118676188119 0.049275422257484665 0.0329032915752333 -0.013775628508601182 0.067164183028986663 0.074937170492420671 0.036324030038263337 0.03467776563116487
leaf_weight=2024.2418612539768 6889.6397121548653 19882.020433217287 514.42659857869148 8161.0750663280487 4272.1082877218723 660.34267979860306 182.56240177154541 10681.171088784933 103.52085146307945 1490.4334444999695 297.68775945901871 683.70915660262108 236.62578436732292 39.7880919277668 42.463198781013489 7227.0936829149723 273.31607270240784 3341.8501363694668 69.91980454325676 178.23585122823715 359.17891165614128 25210.196739196777 1254.4660950005054 579.77653896808624 194.24790507555008 92.93250384926796 7251.9348104298115 398.99170270562172 1367.8591644763947 2339.3528912365437
leaf_count=5361 2882 53286 278 1012 10360 1575 123 6074 37 1756 650 827 225 11 116 5035 292 1622 26 421 279 6769 3035 1282 374 92 18525 1072 2691 4508
internal_value=1.66602e-05 0.0622266 0.0447834 -0.0416121 0.0398295 0.0296134 0.0512101 -0.0358104 0.0701031 -0.0321699 0.0539654 -0.0251381 0.0350951 0.0581257 -0.0231705 -0.0288126 0.0207406 -0.0458745 0.0187338 0.038452 0.0373159 -0.0440899 0.0495535 0.0347858 0.00657339 0.0717122 0.0661401 0.034202 0.0241466 0.0405438
internal_weight=106301 42616 13257.1 63685.2 11232.9 5919.24 5313.62 26972 29358.9 20082.4 5131.06 9401.24 5362.35 4560.05 556.89 7910.8 571.004 36713.1 287.944 218.024 5125.73 28552 2132.01 877.545 297.769 27226.9 7344.87 4465.38 1727.04 2738.34
internal_count=130596 104619 27988 25977 22627 10744 11883 16574 76631 13692 11760 7618 10350 10818 394 5862 942 9403 458 432 10125 8391 4728 1693 411 71903 18617 8550 2970 5580
cat_boundaries=0 1 2
cat_threshold=1 8
is_linear=0
shrinkage=0.05


Tree=4
num_leaves=31
num_cat=0
split_feature=3 3 3 6 2 8 3 0 3 4 2 1 6 2 2 2 4 2 2 7 2 2 1 2 8 0 2 0 4 4
split_gain=23842 63011.3 2706.17 1063.31 775.95 562.346 509.483 490.941 461.648 428.677 424.258 405.945 426.882 283.374 345.274 395.624 276.513 259.853 389.772 521.637 381.433 254.085 230.976 227.562 213.287 212.324 211.562 190.806 175.035 171.301
threshold=-8.4793200033011384 -6.0523948069364035 -7.9937480013767246 -6.2280452572425222 977.50000000000011 0.12082998576925875 -12.237997037122414 4.2407709143518533 -6.00910642487516 6.2376527853301784 12590.500000000002 20383.500000000004 -6.9679860126858228 14974.500000000002 14884.500000000002 14722.500000000002 4.6388387182848723 14923.500000000002 10306.500000000002 716.50000000000011 11223.000000000002 192.50000000000003 18166.500000000004 15062.500000000002 -0.21061733422461335 6.4870321875000014 15489.500000000002 1.2874747337962966 65.053736679763801 4.9569986769654344
decision_type=2 2 2 2 2 2 2 2 2 2 2 2 2 2 2 2 2 2 2 2 2 2 2 2 2 2 2 2 2 2
left_child=6 2 -2 5 21 7 28 27 -6 23 24 12 -9 14 15 16 -12 18 19 -14 -20 -3 -7 -8 -5 -13 -10 -4 -1 -27
right_child=1 4 3 10 8 22 9 11 26 -11 13 25 17 -15 -16 -17 -18 -19 20 -21 -22 -23 -24 -25 -26 29 -28 -29 -30 -31
leaf_value=-0.033396516863232209 0.011616030972863704 -0.043441373207188626 0.11325902825223824 0.040982211220740583 0.010056999863248111 0.056802529348748201 0.0076019313534124253 0.088156242521788261 -0.035316433130429405 -0.026606454485181365 0.111576013004483 0.10213945796903173 -0.0023556618931394962 0.10003082126747725 -0.022469663106352327 0.1036116824448443 0.0080818420099516477 0.10783260169178568 -0.031435882307872996 0.092575734343049484 0.049725977366525863 0.091672546779125522 0.088214990110221297 0.1064146799238517 0.082463992602830272 -0.011039794057367255 0.043575468138066287 0.094671850707856164 -0.042086977580858664 0.078704044160623376
leaf_weight=9612.4664312601089 1435.7551729083061 44.188856184482574 1776.5976466834545 431.12820315361023 580.21279928088188 2049.8895005881786 512.64519289135933 2930.7550296783447 25235.39686024189 5059.8147841691971 73.444421917200089 2722.6069886684418 168.22419011592865 133.94442358613014 302.45633465051651 188.28458881378174 532.27872174978256 279.89300110936165 159.33229124546051 1035.1112568080425 1583.0313051640987 163.67991641163826 819.00508341193199 65.737243175506592 1101.8161728978157 57.964842587709427 85.266482621431351 6196.2648149430752 14585.731994628906 643.2090779542923
leaf_count=30340 3260 18 688 498 291 1889 1278 2587 8043 16159 48 1855 45 104 102 147 454 168 102 890 1417 146 721 42 723 14 22 3871 54135 539
internal_value=-1.40135e-05 0.0208457 0.0782293 0.0823543 -0.0332681 0.0862931 -0.0354809 0.0896475 -0.0340403 -0.0219452 0.0532455 0.0820191 0.0743436 0.0313777 0.022991 0.0403081 0.0206306 0.0617935 0.0574189 0.0793045 0.042304 0.06295 0.0657701 0.0188327 0.0707976 0.0958206 -0.0350508 0.0988136 -0.0386348 0.0712851
internal_weight=80566.1 50729.7 24621 23185.2 26108.7 20421.9 29836.4 17553 25900.9 5638.2 2763.35 9580.13 6156.35 1230.41 1096.46 794.008 605.723 3225.59 2945.7 1203.34 1742.36 207.869 2868.89 578.382 1532.94 3423.78 25320.7 7972.86 24198.2 701.174
internal_count=130596 28642 20122 16862 8520 14786 101954 12176 8356 17479 2076 7617 5209 855 751 649 502 2622 2454 935 1519 164 2610 1320 1221 2408 8065 4559 84475 553
is_linear=0
shrinkage=0.05


Tree=5
num_leaves=31
num_cat=1
split_feature=3 4 6 2 11 4 3 3 11 3 2 2 7 3 0 2 11 1 5 4 4 2 11 1 2 8 7 2 6 0
split_gain=110080 1612.66 842.655 820.995 530.159 1117.3 427.477 394.285 382.598 503.956 489.445 335.743 301.094 283.126 282.508 279.674 256.442 244.34 237.126 196.332 195.518 190.27 437.572 188.422 291.439 184.451 183.243 216.361 179.219 192.233
threshold=-6.0523948069364035 50.667246900856171 -6.9679860126858228 977.50000000000011 -425034.43001765141 16.583014443101831 -6.00910642487516 -6.1923635144265097 -71731.711067572483 -6.1618438335499954 10965.500000000002 10822.000000000002 461.50000000000006 -6.8852223000276203 1.8857531770833333 192.50000000000003 -29925.688046343774 6503.5000000000009 0 3.0725797804206416 62.831686958412341 15092.500000000002 -241699.66226026701 9365.5000000000018 15132.500000000002 0.016260934508723682 10872.500000000002 1669.5000000000002 -6.136528435372421 6.4576120775462966
decision_type=2 2 2 2 2 2 2 2 2 2 2 2 2 2 2 2 2 2 1 2 2 2 2 2 2 2 2 2 2 2
left_child=1 2 4 15 5 18 26 -3 9 10 11 -4 16 21 -8 -2 -10 25 -1 -16 -9 -6 -23 24 -21 -11 -5 -28 -14 -30
right_child=3 7 8 6 13 -7 14 20 12 17 -12 -13 28 -15 19 -17 -18 -19 -20 23 -22 22 -24 -25 -26 -27 27 -29 29 -31
leaf_value=0.071114227914695502 0.076625362821894416 -0.047100739699260187 -0.0036727163699914662 0.047872702247244076 -0.039605542988504987 -0.038031327008146015 0.083628774624393873 0.042497065792225161 -0.050075998183383902 0.057288783307097038 -0.019707456309335812 0.089237210675285769 -0.037566016201322411 -0.0057670071401498607 0.080630868113230919 -0.049592090443080689 0.045731471356273153 -0.050531055808392469 -0.049771800501338399 0.066727008798725215 -0.023580941132006764 0.049814601129125106 -0.03890100250201195 0.07581735099913299 -0.024265039159930255 -0.022062182403240153 0.092208197256003765 -0.051771316948321912 -0.020095622238113522 0.056961991447801508
leaf_weight=404.03667616844177 57.82244211435318 31064.347898870707 213.91167345643044 576.96075996756554 20311.374517828226 875.2432579100132 6705.0129132270813 160.14947801828384 100.12362861633301 457.93039464950562 4448.3018961548805 178.26767182350159 3470.4298553168774 671.68141305446625 5392.7097796797752 182.13087251782417 230.95122742652893 77.039642304182053 45.093957811594009 12522.358688235283 371.93484207987785 198.21382516622543 465.19985800981522 8218.5732180178165 88.622321635484695 87.176072180271149 34.731029003858566 104.90693059563637 665.26353821158409 92.145122706890106
leaf_count=180 18 74084 279 199 37050 2397 723 51 66 134 3039 35 2267 421 993 146 53 49 127 4436 263 183 795 1806 107 56 3 89 519 28
internal_value=-6.51827e-06 -0.0382965 -0.0305648 0.0729812 -0.0358427 -0.00513323 0.0736384 -0.0463697 -0.0184669 -0.00954196 -0.0149866 0.0385601 -0.029161 -0.0377216 0.0744699 -0.019177 0.0167574 0.0328188 0.0589769 0.072128 -0.00369244 -0.0387449 -0.0123947 0.0699266 0.0660876 0.0445986 0.035434 -0.0159604 -0.0327568 -0.0107209
internal_weight=98472.6 64588.8 32992.4 33883.8 22970.8 1324.37 33643.9 31596.4 10021.5 5462.63 4840.48 392.179 4558.91 21646.5 32927.3 239.953 331.075 622.146 449.131 26222.3 532.084 20974.8 663.414 20829.6 12611 545.106 716.599 139.638 4227.84 757.409
internal_count=130596 122076 47678 8520 41153 2704 8356 74398 6525 3592 3353 314 2933 38449 8065 164 119 239 307 7342 314 38028 978 6349 4543 190 291 92 2814 547
cat_boundaries=0 1
cat_threshold=4
is_linear=0
shrinkage=0.05


Tree=6
num_leaves=31
num_cat=2
split_feature=3 4 5 3 3 0 11 0 5 2 2 8 4 6 6 4 7 1 4 2 4 11 0 2 2 0 3 1 6 8
split_gain=98553.2 2015.55 767.203 616.029 416.282 396.671 359.468 347.803 339.056 331.567 292.567 255.265 252.263 225.863 206.346 193.428 178.95 176.315 218.197 273.599 181.904 176.742 172.949 171.982 253.924 154.779 144.766 138.782 133.529 126.986
threshold=-8.1184156488641683 20.882092430422869 0 -6.1618438335499954 -9.3181258872687156 2.7489276504629636 -425034.43001765141 2.940319380787038 1 15222.500000000002 15051.500000000002 -0.08450428262617303 66.037702375559618 -6.9679860126858228 -7.9525304690071295 16.583014443101831 6071.5000000000009 27497.000000000004 6.2376527853301784 7480.0000000000009 5.6185747973908766 -107532.10273723418 4.7796720601851872 13293.500000000002 14654.500000000002 2.1262528993055567 -7.8631209890270393 2493.5000000000005 -9.9275663129206233 -0.047816083265034941
decision_type=2 2 1 2 2 2 2 2 1 2 2 2 2 2 2 2 2 2 2 2 2 2 2 2 2 2 2 2 2 2
left_child=1 2 -1 5 9 -2 7 -4 26 22 13 -10 -11 17 -13 -9 -12 18 19 21 -19 -8 -3 -20 27 -5 -7 -25 -21 -27
right_child=3 4 6 25 -6 8 10 15 11 12 16 14 -14 -15 -16 -17 -18 20 23 28 -22 -23 -24 24 -26 29 -28 -29 -30 -31
leaf_value=0.067860634739269052 -0.044468777825202255 0.068317077675789609 0.073650634544685789 -0.050195285311442628 0.043737311030094594 -0.012563754229122148 -0.05615314969500515 -0.03700724051349303 -0.0048566975567529043 -0.015563487131614838 -0.021339234938107382 -0.0022527943052470206 0.065067757676971941 -0.0023303034271191787 -0.029832304793481115 0.071627072708255718 0.065420539766299204 0.051784921655555205 0.054291968366018198 0.064533623106494492 -0.0016362544875189525 0.012190951844480291 0.058838068718351205 0.0084503211859330817 0.059846375838914535 -0.0330852961319692 -0.038052149562083928 0.052496855237904816 0.01951927466876107 -0.043533777135904367
leaf_weight=1775.8085050880909 6819.7529241740704 24651.44621950388 107.97336798906326 7989.3288021087646 2278.1977896392345 589.86155787110329 128.14136478304863 410.16594585776329 1522.1916691362858 218.4389773607254 343.04130628705025 749.24875423312187 174.49029561877251 347.01665213704109 7152.8846295773983 45.52346283197403 71.889116406440735 236.91285470128059 2901.3880528211594 354.21399703621864 486.73877120018005 361.36708399653435 5979.2424886822701 775.60317996144295 592.73031204938889 3294.6391970813274 10026.164977639914 232.42435970902443 307.99550572037697 24776.565396726131
leaf_count=4654 2942 65007 291 1012 4884 602 9 164 1801 203 278 928 449 411 5035 122 184 539 6805 898 605 556 14639 1124 1452 1622 5562 532 517 6769
internal_value=2.48489e-05 0.0585763 0.0382341 -0.0397852 0.0643664 -0.0340528 0.0314043 -0.00703628 -0.0305082 0.0658813 0.0344392 -0.0236057 0.0202429 0.0369534 -0.0272173 -0.0261547 -0.0063076 0.0390909 0.0420652 0.0226448 0.015853 -0.00569987 0.0664667 0.0470332 0.0338767 -0.044055 -0.0366359 0.0186063 0.0435973 -0.0423075
internal_weight=105701 42780.7 9478.93 62920.6 33301.8 26860.1 7703.13 563.663 20040.4 31023.6 7139.46 9424.33 392.929 6724.53 7902.13 455.689 414.93 6377.52 5653.86 1151.72 723.652 489.508 30630.7 4502.15 1600.76 36060.5 10616 1008.03 662.21 28071.2
internal_count=130596 104323 19141 26273 85182 16870 14487 577 13928 80298 13910 7764 652 13448 5963 286 462 13037 11893 1980 1144 565 79646 9913 3108 9403 6164 1656 1415 8391
cat_boundaries=0 1 2
cat_threshold=1 8
is_linear=0
shrinkage=0.05


Tree=7
num_leaves=31
num_cat=0
split_feature=3 3 3 6 2 3 1 0 3 8 6 4 2 2 2 2 2 7 11 0 2 2 2 2 2 2 4 0 0 11
split_gain=21789.9 54883.5 2195.76 849.987 704.04 500.219 463.355 506.464 437.56 413.007 436.825 405.32 353.75 274.993 361.894 560.631 517.476 450.029 461.848 362.315 242.007 310.643 333.078 214.073 199.648 199.133 192.81 189.74 177.617 191.258
threshold=-8.4793200033011384 -6.0523948069364035 -7.9937480013767246 -6.2280452572425222 977.50000000000011 -12.237997037122414 22865.500000000004 1.2874747337962966 -6.00910642487516 0.11423180959039404 -6.9679860126858228 6.2376527853301784 12590.500000000002 14923.500000000002 8677.5000000000018 11163.500000000002 10608.500000000002 716.50000000000011 -26649.541688780693 5.2694864930555561 14974.500000000002 14908.500000000002 13534.000000000002 192.50000000000003 15062.500000000002 15489.500000000002 3.5327068242902757 6.4870321875000014 5.795290005787038 -13969.208740483242
decision_type=2 2 2 2 2 2 2 2 2 2 2 2 2 2 2 2 2 2 2 2 2 2 2 2 2 2 2 2 2 2
left_child=5 2 -2 6 23 -1 7 -4 -6 10 26 24 28 14 17 16 -16 18 -12 -17 21 22 -14 -3 -7 -10 -9 -8 -5 -30
right_child=1 4 3 12 8 11 27 9 25 -11 13 -13 20 -15 15 19 -18 -19 -20 -21 -22 -23 -24 -25 -26 -27 -28 -29 29 -31
leaf_value=-0.037891313822149719 0.01102513827419855 -0.042879732152653248 0.098281375947087482 0.073489099221340601 0.0094132498616857248 0.0075831879284380017 0.092636913156290385 0.10414176145715333 -0.034602368230850535 0.049905860505965509 0.11711379175033972 -0.025812419474080108 -0.0084685649013211111 0.10066189870365748 0.054571405840166037 0.075819724957760903 -0.04338491421738877 0.084972777048609879 -0.040802310254690444 0.039050615759244678 0.090590056446217301 -0.025317066639717018 0.058209922127319791 0.081925005145486313 0.098293285045918055 0.041083960194681288 0.079454425350615143 0.063840088211502916 0.054503612485115427 -0.029180817913745438
leaf_weight=23416.456114843488 1446.5082253813744 42.833726197481155 1788.3080281019211 1235.2706368863583 585.12506529688835 512.76195991039276 5395.2463631927967 947.32952922582626 24569.154753386974 2156.9244109094143 67.405474334955215 4948.786800801754 279.98779830336571 472.3282251060009 260.69880557060242 1527.1241701245308 279.23038393259048 1874.0416958034039 147.87576743960381 1193.6543207764626 141.52834841609001 271.73763465881348 565.69772720336914 173.659588098526 68.797226369380951 87.214171588420868 4789.626672565937 639.85834574699402 277.59679579734802 90.546753793954849
leaf_count=84475 3260 18 680 920 291 1278 3142 400 8043 2028 28 16159 142 243 267 1133 133 1334 35 988 104 78 531 146 42 22 3885 490 267 34
internal_value=-1.12583e-05 0.0195583 0.0708797 0.0744278 -0.0325505 -0.0346971 0.0778296 0.0732542 -0.0333205 0.0699912 0.0737391 -0.0211722 0.048829 0.0640908 0.0608621 0.0504527 0.00391221 0.0771077 0.00864189 0.0596885 0.0289921 0.0211903 0.0361341 0.0572321 0.018314 -0.0343347 0.083531 0.0895838 0.0644043 0.033921
internal_weight=80253.3 51306.5 25848.5 24402 25458 28946.8 21539.7 15504.5 25241.5 13716.2 11559.3 5530.35 2862.37 5822.36 5350.03 3260.71 539.929 2089.32 215.281 2720.78 1258.95 1117.42 845.686 216.493 581.559 24656.4 5736.96 6035.1 1603.41 368.144
internal_count=130596 28642 20122 16862 8520 101954 14786 11154 8356 10474 8446 17479 2076 4161 3918 2521 400 1397 63 2121 855 751 673 164 1320 8065 4285 3632 1221 301
is_linear=0
shrinkage=0.05


Tree=8
num_leaves=31
num_cat=3
split_feature=3 4 6 2 11 4 3 3 2 2 3 1 3 2 0 7 0 11 5 5 4 2 0 0 2 6 8 4 2 5
split_gain=97852.9 1536.61 788.623 709.632 501.623 1006.52 371.917 365.046 364.788 692.203 313.025 317.528 267.926 252.699 243.743 237.245 338.316 264.286 212.323 201.868 264.558 250.266 216.11 200.106 212.009 192.165 220.855 181.34 180.965 406.252
threshold=-6.0523948069364035 50.667246900856171 -6.9679860126858228 977.50000000000011 -425034.43001765141 16.583014443101831 -6.1923635144265097 -6.00910642487516 13474.500000000002 13534.000000000002 -6.1297131749536229 670.50000000000011 -6.8852223000276203 192.50000000000003 1.441266354166667 716.50000000000011 4.2407709143518533 -29925.688046343774 0 1 23.453047595487906 14621.500000000002 3.2985504340277783 3.6024492881944457 14163.500000000002 -5.9798460178367243 -0.024592418596031781 62.831686958412341 15092.500000000002 2
decision_type=2 2 2 2 2 2 2 2 2 2 2 2 2 2 2 2 2 2 1 1 2 2 2 2 2 2 2 2 2 1
left_child=1 2 4 13 5 18 -3 -5 15 -10 19 -12 28 -2 -9 16 -4 -18 -1 20 21 22 -11 -22 -25 -16 -27 -8 -6 -30
right_child=3 6 8 7 12 -7 27 14 9 10 11 -13 -14 -15 25 -17 17 -19 -20 -21 23 -23 -24 24 -26 26 -28 -29 29 -31
leaf_value=0.066249240578058199 0.070435263950511182 -0.045851805137594154 -0.034753676733465313 0.032881635618359183 -0.03842252988763592 -0.036751003161818306 0.040390761296209131 0.078706172676798691 0.073835600700161028 0.053350890296058363 0.07641667977454121 -0.029011996322564789 -0.0054209721084565654 -0.048605376844382139 0.053315306930906275 -0.028466708631169731 -0.0087147541783313045 0.07492958414370042 -0.048968913064102032 -0.029308496718054269 -0.04898677351759749 -0.040861868771288765 -0.024029123747171536 -0.049538281916811366 0.044434063350358495 0.058061046447864396 0.070193118974964427 -0.02302365723148472 0.03008696551380708 -0.048699481356491159
leaf_weight=413.68315368890762 59.467533767223358 30194.623453527689 329.93988642096519 728.22792565822601 19868.220643013716 854.67194095253944 162.29710692167282 5124.3174592852592 257.90647381544113 169.50935065746307 191.46019253134727 113.90624785423279 669.24740919470787 178.09293174743652 2397.1531476378441 5608.2607866823673 182.66975823044777 195.51392474770546 44.263050377368927 1473.3190134167671 87.061145752668381 576.57778289914131 192.92984333634377 68.640816122293472 477.86995458602905 4532.0978720486164 21773.121494144201 369.15920013189316 308.11485874652863 348.88919970393181
leaf_count=180 18 74084 194 291 37050 2397 51 464 31 68 23 89 421 146 833 4047 116 35 127 850 105 355 266 82 264 1826 4942 263 368 610
internal_value=-1.75903e-05 -0.0371094 -0.0295184 0.0673151 -0.034696 -0.00470157 -0.045122 0.0679072 -0.0177777 -0.00509699 -0.0111715 0.0370902 -0.0365537 -0.0188064 0.0686612 -0.0250234 0.00224711 0.0345278 0.0551128 -0.0160099 -0.00355083 -0.0203963 0.0121608 0.0214159 0.0326313 0.0668679 0.0681029 -0.00365805 -0.0375688 -0.011751
internal_weight=97951.2 63158.7 32432.7 34792.5 22507.1 1312.62 30726.1 34554.9 9925.57 3609.18 3351.27 305.366 21194.5 237.56 33826.7 6316.38 708.124 378.184 457.946 3045.91 1572.59 939.017 362.439 633.572 546.511 28702.4 26305.2 531.456 20525.2 657.004
internal_count=130596 122076 47678 8520 41153 2704 74398 8356 6525 2133 2102 112 38449 164 8065 4392 345 151 307 1990 1140 689 334 451 346 7601 6768 314 38028 978
cat_boundaries=0 1 2 3
cat_threshold=4 4 4
is_linear=0
shrinkage=0.05


Tree=9
num_leaves=31
num_cat=2
split_feature=3 4 5 3 4 11 0 2 5 3 1 8 6 7 0 6 3 0 2 8 8 2 2 4 8 2 0 0 7 8
split_gain=88455 1908.69 605.458 530.813 422.199 524.591 379.501 376.829 322.893 311.982 250.163 240.978 193.137 166.457 166.046 159.533 157.91 148.934 127.913 127.374 125.143 159.421 291.445 204.822 120.301 115.522 195.742 112.837 153.689 112.725
threshold=-8.0783915555075758 34.51655268121285 0 -6.1618438335499954 15.728093583246443 -385498.41272407508 2.7489276504629636 15222.500000000002 1 -9.5353615431252994 25943.500000000004 -0.08450428262617303 -6.3642650009595618 1709.5000000000002 5.4739552199074089 -7.9525304690071295 -8.5236756886338156 2.1262528993055567 14908.500000000002 -2.6463178962962517 -0.0038516039527252128 7480.0000000000009 7413.5000000000009 2.095937416300369 -0.047816083265034941 3568.0000000000005 2.9131450405092605 6.4576120775462966 50409.500000000007 1.0000000180025095e-35
decision_type=2 2 1 2 2 2 2 2 1 2 2 2 2 2 2 2 2 2 2 2 2 2 2 2 2 2 2 2 2 2
left_child=1 2 -1 6 5 13 -2 10 -8 27 16 -10 20 -4 -12 -13 -6 -5 19 -18 -7 22 -22 -23 -19 26 -11 -3 -29 -25
right_child=3 9 4 17 7 12 8 -9 11 25 14 15 -14 -15 -16 -17 18 24 -20 -21 21 23 -24 29 -26 -27 -28 28 -30 -31
leaf_value=0.064303415217707646 -0.043319704115618765 0.064092239281625885 -0.029146447578574982 -0.048494249525244615 0.053688601323962463 0.04239175246487157 -0.035550253065760103 -0.0258339093338526 -0.0041985389146524553 -0.033907891398248811 0.042037389039837898 -0.0031151295305628132 -0.013760478069150227 0.07342393749312362 -0.011640950126489134 -0.028459360978983262 -0.046554419416050367 -0.031630177878244077 -0.043233860578985622 0.052177142919533986 0.022215402902535011 0.067035650434153868 -0.046686752035442015 0.0099233753035655459 -0.041876077548060026 0.047520155341066884 0.07003654226265553 0.052665909532844585 -0.019521572343552372 0.037396512829930867
leaf_weight=2050.5642621517181 6669.6845707595348 26540.853517889977 503.13080996274948 7800.315887093544 4329.8377936184406 1941.4986676871777 10412.754479110241 181.71363306045532 1477.4475316107273 115.72739911079407 301.49791926145554 680.71809548139572 237.49263632297516 42.929732650518417 275.9127990603447 7067.8323242068291 39.882339358329773 3247.8657508790493 70.077526032924652 180.56716135144234 1074.1523565649986 401.65047562122345 179.05579191446304 597.89998698234558 24297.220977962017 2041.2399051487446 74.416211545467377 863.50901982188225 80.616230726242065 994.26207935810089
leaf_count=5361 2882 69588 278 1012 10360 4183 6074 123 1756 67 650 827 225 116 292 5035 11 1622 26 421 1890 1063 49 906 6769 4634 199 2062 81 2034
internal_value=2.76506e-05 0.0549635 0.039299 -0.0383925 0.0347822 0.0256304 -0.0330151 0.0449422 -0.0295154 0.0620283 0.0474165 -0.0227043 0.0303314 -0.0210827 0.0163875 -0.0262328 0.0512942 -0.0423951 0.0156098 0.0343152 0.0323496 0.0263451 0.0123708 0.0351287 -0.040668 0.0440479 0.00677268 0.063488 0.046502 0.0270796
internal_weight=104772 43118.5 13402.1 61653.8 11351.6 5972.07 26308.4 5379.49 19638.8 29716.4 5197.78 9226 5426.01 546.061 577.411 7748.55 4620.36 35345.4 290.527 220.45 5188.52 3247.02 1253.21 1993.81 27545.1 2231.38 190.144 27485 944.125 1592.16
internal_count=130596 104619 27988 25977 22627 10744 16574 11883 13692 76631 11760 7618 10350 394 942 5862 10818 9403 458 432 10125 5942 1939 4003 8391 4900 266 71731 2143 2940
cat_boundaries=0 1 2
cat_threshold=1 8
is_linear=0
shrinkage=0.05


Tree=10
num_leaves=31
num_cat=0
split_feature=3 3 3 6 2 3 3 8 4 0 2 1 6 2 2 2 2 2 2 7 2 2 4 1 8 4 2 3 4 7
split_gain=19935.5 47910.8 2064.29 703.426 640.53 466.244 415.077 395.091 354.358 328.722 295.946 290.151 292.049 206.751 281.525 309.435 203.705 199.28 193.796 397.578 280.914 182.804 174.664 170.979 168.694 163.078 159.248 289.408 180.212 157.797
threshold=-8.5236756886338156 -6.0523948069364035 -7.9937480013767246 -6.2280452572425222 977.50000000000011 -12.702130232536012 -5.9170352432702478 0.14908073683340065 12.771672403379386 4.2407709143518533 12590.500000000002 26158.500000000004 -6.9679860126858228 14974.500000000002 14884.500000000002 13534.000000000002 10751.500000000002 15489.500000000002 8677.5000000000018 716.50000000000011 14923.500000000002 192.50000000000003 15.728093583246443 30740.500000000004 -0.21061733422461335 65.053736679763801 5860.5000000000009 -5.9689959068912115 9.1893487371359424 44055.500000000007
decision_type=2 2 2 2 2 2 2 2 2 2 2 2 2 2 2 2 2 2 2 2 2 2 2 2 2 2 2 2 2 2
left_child=5 2 22 7 21 25 16 9 -7 -4 24 12 -11 14 15 -12 26 -8 19 -14 -20 -3 -2 -9 -5 -1 -6 28 -28 -24
right_child=1 4 3 10 6 8 17 23 -10 11 13 -13 18 -15 -16 -17 -18 -19 20 -21 -22 -23 29 -25 -26 -27 27 -29 -30 -31
leaf_value=-0.032045813551024198 0.034677891044512139 -0.042341547637129863 0.080354312595259658 0.033143258700293603 -0.017955046574837655 0.00017837366173988073 -0.034917912628287015 0.048003254415760005 -0.028483800561527974 0.072098001254123759 -0.0084189132722745207 0.080978484206471052 -0.0064468626318176861 0.082350225149427636 -0.02205085487344996 0.056051486716048066 -0.022426234593177424 0.051170683389165299 0.038028837329303782 0.077296772675188363 0.087947453038684398 0.073997858585668277 -0.0065688072429031423 0.083379034324231105 0.068659883945706379 -0.040841430254961286 -0.0016012512978833575 -0.011580742099950091 0.10123355417997633 0.071430917814578082
leaf_weight=8695.2891163825989 467.21493285894394 41.452647089958191 9058.0014512240887 462.80396443605423 298.91660779714584 1425.4607198089361 22265.887493044138 2355.0638249516487 4428.5608862042427 3889.6574194729328 279.64664790034294 2875.9523941576481 160.09758546948433 148.442965477705 298.8550723195076 556.48684844374657 1520.5680399537086 67.425820469856262 2190.3004739284515 1235.2996036708355 323.44960993528366 182.07399222254753 1046.5631483197212 399.50333806872368 1204.3780587315559 13377.548200532794 59.806386172771454 209.83210036158562 148.11009564995766 69.123998403549194
leaf_count=29291 896 18 4670 498 128 3736 7474 2079 15225 3106 142 1694 39 104 102 507 527 17 1827 931 177 146 2556 263 723 53406 33 70 107 104
internal_value=3.70344e-06 0.0183574 0.0644132 0.0678606 -0.0318346 -0.0340494 -0.0326011 0.0708724 -0.0215045 0.0733486 0.044907 0.0674039 0.0623981 0.0268592 0.0196016 0.0344892 -0.0120684 -0.034658 0.0527465 0.0676886 0.044452 0.0524229 0.0090119 0.0531339 0.0588006 -0.0373765 0.00990822 0.0298455 0.0716535 -0.00173622
internal_weight=79741.8 51814.9 27020.8 25437.9 24794.1 27926.9 24570.5 22487.3 5854.02 19732.8 2950.61 10674.8 7798.8 1283.43 1134.99 836.133 2237.23 22333.3 3909.15 1395.4 2513.75 223.527 1582.9 2754.57 1667.18 22072.8 716.665 417.749 207.916 1115.69
internal_count=130596 28938 20418 16862 8520 101658 8356 14786 18961 12444 2076 7774 6080 855 751 649 865 7491 2974 970 2004 164 3556 2342 1221 82697 338 210 140 2660
is_linear=0
shrinkage=0.05


Tree=11
num_leaves=31
num_cat=2
split_feature=3 4 6 2 11 4 3 2 2 3 3 1 3 2 7 0 11 0 0 5 4 2 1 0 2 2 2 5 0 4
split_gain=87378.4 1472.2 737.648 619.32 472.198 903.019 351.827 343.175 624.517 317.79 280.8 283.128 254.583 229.278 220.567 311.169 230.887 218.028 194.369 192.82 247.814 236.725 210.447 185.681 196.1 173.883 170.711 376.062 190.185 169.584
threshold=-6.0523948069364035 50.667246900856171 -6.9679860126858228 977.50000000000011 -425034.43001765141 16.583014443101831 -6.1923635144265097 13474.500000000002 13534.000000000002 -6.00910642487516 -6.1297131749536229 670.50000000000011 -6.8852223000276203 192.50000000000003 716.50000000000011 4.2407709143518533 -29925.688046343774 1.8590988773148156 2.940319380787038 0 23.453047595487906 14621.500000000002 2493.5000000000005 3.6024492881944457 14163.500000000002 11863.500000000002 15092.500000000002 1 3.8767472627314823 3.0725797804206416
decision_type=2 2 2 2 2 2 2 2 2 2 2 2 2 2 2 2 2 2 2 1 2 2 2 2 2 2 2 1 2 2
left_child=1 2 4 13 5 18 -3 14 -9 -5 19 -12 26 -2 15 -4 25 -11 -1 20 21 22 -10 -22 -25 -17 -6 28 -28 -19
right_child=3 6 7 9 12 -7 -8 8 10 17 11 -13 -14 -15 -16 16 -18 29 -20 -21 23 -23 -24 24 -26 -27 27 -29 -30 -31
leaf_value=-0.051160795104685991 0.065228536084258451 -0.044707344362295662 -0.033872404136123559 0.030587964326584061 -0.037287951517858485 -0.035509219328658283 -0.0036201708084834558 0.069253554648299367 0.035448321700440467 0.071650680133442682 0.071103767207657209 -0.028324621758258828 -0.0050309099774481641 -0.047679745236578835 -0.027577882773725051 -0.049154039655426321 0.06971386793031896 0.06944651946490045 0.061643989291242644 -0.028438996227921506 -0.04795420263054484 -0.039854420495689102 -0.049584961090760091 -0.048576794285832552 0.042618061228426297 0.050263756815150308 0.056073717344251629 -0.047665046212622159 -0.026763480907763322 0.059744097695569355
leaf_weight=41.974943220615387 60.647107094526291 29292.50864225626 324.98094835877419 738.28971019387245 19406.556089550257 832.93094426393509 530.45736077427864 263.71248790621758 262.5360064804554 6955.5744974315166 195.77598005533218 112.88011983036995 666.45055297017097 173.85534566640854 5529.0962516367435 106.63499012589455 200.26626864075661 5672.2436000406742 423.12655752897263 1453.6230825483799 84.839216262102127 565.17842116951942 100.6603442132473 67.127904742956161 483.83322039246559 74.855070233345032 207.49832463264465 339.42814978957176 104.02663105726242 21860.080068141222
leaf_count=125 18 74084 194 291 37050 2397 314 31 227 711 23 89 421 146 4047 83 35 994 182 850 105 355 107 82 264 33 125 610 243 6360
internal_value=-3.28657e-05 -0.0359933 -0.0285177 0.0625072 -0.0336006 -0.0043458 -0.0439765 -0.0171259 -0.004811 0.0630464 -0.0106826 0.0347413 -0.035433 -0.0184794 -0.0242159 0.00208622 0.032697 0.0637412 0.0514635 -0.0153285 -0.0031447 -0.0196145 0.0118812 0.020904 0.0315071 -0.00814945 -0.0364431 -0.011257 0.0284121 0.061743
internal_weight=97131.6 61671 31848 35460.7 22022 1298.03 29823 9826 3590.17 35226.2 3326.45 308.656 20724 234.502 6235.83 706.737 381.756 34487.9 465.102 3017.8 1564.18 928.375 363.196 635.8 550.961 181.49 20057.5 650.953 311.525 27532.3
internal_count=130596 122076 47678 8520 41153 2704 74398 6525 2133 8356 2102 112 38449 164 4392 345 151 8065 307 1990 1140 689 334 451 346 116 38028 978 368 7354
cat_boundaries=0 1 2
cat_threshold=4 4
is_linear=0
shrinkage=0.05


Tree=12
num_leaves=31
num_cat=2
split_feature=3 4 5 3 0 3 5 2 11 7 8 2 4 6 6 0 2 1 2 4 2 11 1 7 0 0 3 4 1 2
split_gain=79587.7 1673.37 650.72 531.88 366.731 352.484 324.97 296.582 271.937 309.944 233.445 230.241 219.045 182.467 172.561 169.162 158.807 166.523 229.04 329.751 235.538 160.75 160.253 156.509 144.375 143.968 133.995 128.389 138.852 143.204
threshold=-8.1184156488641683 20.882092430422869 0 -6.1618438335499954 2.6678039699074083 -9.4760585394022456 1 15222.500000000002 -438764.99999999994 947.50000000000011 -0.08450428262617303 15051.500000000002 66.037702375559618 -6.9679860126858228 -7.9525304690071295 4.7796720601851872 14812.500000000002 27497.000000000004 13293.500000000002 6.4988130048797972 7480.0000000000009 -107532.10273723418 2493.5000000000005 6071.5000000000009 2.1262528993055567 3.4390882581018527 -7.8631209890270393 68.061161387821457 39096.500000000007 14738.500000000002
decision_type=2 2 1 2 2 2 1 2 2 2 2 2 2 2 2 2 2 2 2 2 2 2 2 2 2 2 2 2 2 2
left_child=1 2 -1 4 -2 7 26 15 9 -4 -8 13 -9 16 -12 -3 17 18 19 20 21 -10 -20 -13 -5 -19 -6 28 29 -7
right_child=3 5 8 24 6 27 10 12 11 -11 14 23 -14 -15 -16 -17 -18 25 22 -21 -22 -23 -24 -25 -26 -27 -28 -29 -30 -31
leaf_value=0.060979867544974801 -0.041866195664354316 0.061368274403154371 -0.034990572496349896 -0.046951058619981972 -0.010839799669520558 0.041716629740003772 -0.0033194367574467584 -0.017446510153595891 -0.055117431355522328 0.069563363217002197 -0.0021271327362640535 -0.020496025137142118 0.057802445947396447 -0.0033358424151768325 -0.027197271939620724 0.051928699020479398 0.058290447457443856 0.061474722627747225 0.0094685009543210158 0.049291704595697219 0.048243454498847066 0.0090340958440752947 0.046615792255871105 0.060458006781950263 -0.039147107962454131 -0.0020810285327509787 -0.035476446461274229 0.051530676882577613 -0.02603988249475311 -0.0021946030082127034
leaf_weight=1779.2238814234734 6349.5606378018856 24464.12695518136 322.51477557420731 7594.7032759785652 584.5348334312439 1030.7173661291599 1517.0692663490772 219.0391628742218 127.85197314620018 90.850417286157608 760.48291358351707 343.96175181865692 173.16647529602051 349.82905140519142 7044.8734711706638 5888.5015641748905 597.93035632371902 105.64449602365494 1209.0579191744328 2836.2115548551083 315.32758256793022 413.39255538582802 382.07671985030174 72.243714690208435 26982.853571712971 569.09678328037262 9887.0710124969482 1218.787497907877 105.0161988735199 226.46649718284607
leaf_count=4654 2807 64625 136 1012 607 2254 1816 202 10 245 941 284 445 415 5078 14353 1506 273 1834 6646 726 629 872 184 8391 727 5621 2927 78 298
internal_value=2.51905e-05 0.0522086 0.0337152 -0.0367921 -0.0314104 0.0574888 -0.0280564 0.0589787 0.0274445 -0.0120115 -0.0212664 0.0296718 0.0157774 0.0318483 -0.0247547 0.059537 0.0337255 0.0312605 0.0342474 0.0410806 0.0138929 -0.00611968 0.0183886 -0.00644426 -0.0408612 0.00786992 -0.0341012 0.0397411 0.0291928 0.0338066
internal_weight=103562 42841 9515.21 60721.1 26143.6 33325.8 19794 30744.8 7735.99 413.365 9322.43 7322.62 392.206 6906.42 7805.36 30352.6 6556.59 5958.66 5283.92 3692.78 856.572 541.245 1591.13 416.205 34577.6 674.741 10471.6 2580.99 1362.2 1257.18
internal_count=130596 104323 19141 26273 16870 85182 14063 79625 14487 381 7835 14106 647 13638 6019 78978 13223 11717 10717 8011 1365 639 2706 468 9403 1000 6228 5557 2630 2552
cat_boundaries=0 1 2
cat_threshold=1 8
is_linear=0
shrinkage=0.05


Tree=13
num_leaves=31
num_cat=0
split_feature=3 3 3 2 6 3 4 1 0 8 6 2 2 2 2 2 7 11 0 2 2 3 1 2 2 2 4 3 2 0
split_gain=18286.3 40951.4 3222.35 583.789 569.186 405.559 372.697 356.472 392.988 312.375 275.72 249.829 203.94 261.595 492.734 462.698 323.267 401.48 277.506 193.935 190.179 185.204 233.387 175.919 255.292 281.69 208.853 168.907 161.964 159.881
threshold=-8.9815075964536124 -6.0523948069364035 -8.0783915555075758 977.50000000000011 -6.2280452572425222 -5.9170352432702478 65.053736679763801 22865.500000000004 1.2874747337962966 0.068870923253177022 -6.9679860126858228 12590.500000000002 14923.500000000002 8677.5000000000018 11163.500000000002 10608.500000000002 716.50000000000011 -26649.541688780693 5.2694864930555561 10751.500000000002 15489.500000000002 -12.459983534769718 568.50000000000011 14974.500000000002 14884.500000000002 14722.500000000002 4.6388387182848723 -7.9467294757955615 15062.500000000002 6.4870321875000014
decision_type=2 2 2 2 2 2 2 2 2 2 2 2 2 2 2 2 2 2 2 2 2 2 2 2 2 2 2 2 2 2
left_child=6 2 -2 -3 7 19 21 8 -4 10 27 -6 13 16 15 -15 17 -12 -16 -5 -7 -1 28 24 25 26 -13 -10 -23 -9
right_child=1 3 4 5 11 20 -8 29 9 -11 12 23 -14 14 18 -17 -18 -19 -20 -21 -22 22 -24 -25 -26 -27 -28 -29 -30 -31
leaf_value=-0.031188841243608718 -0.0025068804408877599 0.048314236448080396 0.081687344460414785 0.0099315856374831025 0.053991590009430823 -0.03422669734237524 -0.039490605693212569 0.076964283649373078 0.035553882950867192 0.043045793671259346 0.10093393684247519 0.089688386488226732 0.084388196623321407 0.046435887700626871 0.064813769394821585 -0.044621567468243667 0.070937395696167166 -0.043635093718959121 0.033100934261668914 -0.021729902906844248 0.049201780949755594 0.004532234974170087 -0.021218400681584097 0.075086597952518958 -0.021713699328783989 0.081918176109739949 0.0047259594539385092 0.070917768738479992 0.091900036791418255 0.051710614019623097
leaf_weight=8590.4414496719837 2095.5786273926497 229.08999919891357 1964.8400188982487 715.51872879266739 1727.2376439273357 21616.678023263812 14593.233516350389 5956.1909474134445 358.56689962744713 2861.8485135138035 73.177191257476807 83.011370062828064 499.89929983019829 270.20343145728111 1566.9147840738297 288.43275865912437 1956.7304908335209 139.70973363518715 1232.385293006897 1492.5100813210011 68.524891972541809 208.01303546130657 2684.9657462090254 154.79771387577057 296.06034362316132 213.45891338586807 562.20936015248299 5788.5112482905388 71.204877942800522 700.44709807634354
leaf_count=29791 5636 164 710 338 1228 7474 60092 3260 451 2575 27 49 233 250 1077 127 1280 33 947 527 17 546 8512 106 102 147 460 3887 42 508
internal_value=2.80722e-05 0.0169322 0.0571958 -0.0311228 0.0618826 -0.0318844 -0.0341789 0.0644983 0.0606579 0.0579099 0.061404 0.0415043 0.0538052 0.0510394 0.0422961 -0.000578526 0.0645714 0.00605868 0.0508523 -0.0114699 -0.0339631 -0.0274704 -0.016694 0.025034 0.0183242 0.0321287 0.0156569 0.0688549 0.0268124 0.074307
internal_weight=79060.4 52912.5 28790.2 24122.3 26694.6 23893.2 26147.9 23657.9 17001.2 15036.4 12174.5 3036.78 6027.45 5527.55 3357.94 558.636 2169.62 212.887 2799.3 2208.03 21685.2 11554.6 2964.18 1309.54 1154.74 858.68 645.221 6147.08 279.218 6656.64
internal_count=130596 31613 23093 8520 17457 8356 98983 15365 11597 10887 8312 2092 3974 3741 2401 377 1340 60 2024 865 7491 38891 9100 864 758 656 509 4338 588 3768
is_linear=0
shrinkage=0.05


Tree=14
num_leaves=31
num_cat=1
split_feature=3 4 6 2 11 4 3 11 2 3 3 2 3 7 2 11 0 1 5 6 8 4 6 0 11 2 11 1 11 1
split_gain=78310 1417.57 694.364 544.84 446.134 816.308 335.128 324.902 365.208 444.381 284.577 278.66 242.069 239.517 208.731 206.764 199.59 191.638 182 170.967 186.2 169.066 168.863 178.703 165.559 162.076 352.639 160.575 190.46 197.7
threshold=-6.0523948069364035 50.667246900856171 -6.9679860126858228 977.50000000000011 -425034.43001765141 16.583014443101831 -6.1923635144265097 -71731.711067572483 10965.500000000002 -6.1618438335499954 -6.00910642487516 10822.000000000002 -6.8852223000276203 461.50000000000006 192.50000000000003 -29925.688046343774 1.441266354166667 6503.5000000000009 0 -5.9798460178367243 -0.024592418596031781 57.963386657819761 -6.136528435372421 6.4576120775462966 -456629.99999999994 15092.500000000002 -241699.66226026701 30740.500000000004 -241699.66226026701 31460.500000000004
decision_type=2 2 2 2 2 2 2 2 2 2 2 2 2 2 2 2 2 2 1 2 2 2 2 2 2 2 2 2 2 2
left_child=1 2 4 14 5 18 -3 8 11 -10 -5 -4 25 15 -2 -9 -12 -11 -1 -18 -21 -8 -15 -24 -7 27 -27 -6 -29 -30
right_child=3 6 7 10 12 24 21 13 9 17 16 -13 -14 22 -16 -17 19 -19 -20 20 -22 -23 23 -25 -26 26 -28 28 29 -31
leaf_value=0.058439240537575023 0.060783772967489838 -0.0436542084954437 -0.0013163588073342425 0.028338152769622888 -0.037847347772157834 0.025977447223066521 0.047411383638046034 -0.048060233244409722 -0.017631268809695354 0.036928234025851374 0.068467500653651106 0.083170495456622792 -0.0046795828533618073 -0.034793032731202447 -0.046813126521481584 0.039005546539259708 0.04533798204004158 -0.048694551196884255 -0.048761874635942733 0.049991989229179384 0.060956504259747003 -0.019183688104894389 -0.017626472898088798 0.056801733877435458 -0.042794339658262522 0.043412368546469883 -0.036034728449553126 0.020702441791857595 0.032438093666287797 -0.032657804473851394
leaf_weight=426.35543918609619 61.408576965332031 28368.952127248049 208.34364315867424 747.35626742243767 16829.612282335758 99.792376726865768 124.6499163210392 95.498844683170319 4320.5031355917454 565.43037548661232 5289.1524479091167 183.60576510429382 663.88655325770378 3294.4304948747158 169.45445227622986 238.45657214522362 2473.2012703418732 73.889187425374985 43.64555299282074 4677.0658991336823 22496.0601118505 404.82031100988388 643.83698096871376 92.197330236434937 711.18101543188095 205.10197579860687 437.84225538372993 221.0168981552124 124.8968877196312 1763.8645349442959
leaf_count=180 18 74084 279 291 32860 104 32 66 3039 190 464 35 421 2267 146 53 833 49 127 1826 4942 282 519 28 2293 183 795 392 175 3623
internal_value=-5.02648e-05 -0.0349369 -0.0275543 0.0583716 -0.032562 -0.00394584 -0.0429186 -0.0164592 -0.00820238 -0.0118741 0.058867 0.0382609 -0.0343725 -0.0265839 -0.0181928 0.014108 0.0595201 0.0270324 0.0484843 0.0579238 0.0590693 -0.00350562 -0.0299556 -0.00830343 -0.0343318 -0.0353792 -0.0106908 -0.0362173 -0.0232143 -0.0283533
internal_weight=96055.5 60141.8 31243.4 35913.7 21527.2 1280.97 28898.4 9716.19 5351.77 4959.82 35682.8 391.949 20246.2 4364.42 230.863 333.955 34935.5 639.32 470.001 29646.3 27173.1 529.47 4030.46 736.034 810.973 19582.3 642.944 18939.4 2109.78 1888.76
internal_count=130596 122076 47678 8520 41153 2704 74398 6525 3592 3278 8356 314 38449 2933 164 119 8065 239 307 7601 6768 314 2814 547 2397 38028 978 37050 4190 3798
cat_boundaries=0 1
cat_threshold=4
is_linear=0
shrinkage=0.05


Tree=15
num_leaves=31
num_cat=2
split_feature=3 4 5 3 0 3 5 2 11 7 8 2 4 6 6 0 2 1 2 4 2 11 1 2 4 0 0 1 3 8
split_gain=71757.6 1547.07 608.284 500.767 353.304 328.871 304.445 271.102 236.103 284.193 215.548 203.753 200.848 166.961 160.445 150.714 148.807 152.766 212.092 307.331 220.123 152.057 148.769 145.443 182.701 141.812 134.27 123.557 120.439 117.611
threshold=-8.1184156488641683 20.882092430422869 0 -6.1618438335499954 2.7489276504629636 -9.3181258872687156 1 15222.500000000002 -438764.99999999994 947.50000000000011 -0.08450428262617303 15051.500000000002 66.037702375559618 -6.9679860126858228 -7.9525304690071295 4.7796720601851872 14812.500000000002 27497.000000000004 13293.500000000002 6.4988130048797972 7480.0000000000009 -107532.10273723418 2493.5000000000005 15132.500000000002 18.255617303829769 2.1262528993055567 3.4390882581018527 1158.5000000000002 -7.8631209890270393 -0.047816083265034941
decision_type=2 2 1 2 2 2 1 2 2 2 2 2 2 2 2 2 2 2 2 2 2 2 2 2 2 2 2 2 2 2
left_child=1 2 -1 4 -2 7 28 15 9 -4 -8 13 -9 16 -12 -3 17 18 19 20 21 -10 -20 27 -25 -5 -19 -13 -6 -27
right_child=3 5 8 25 6 -7 10 12 11 -11 14 23 -14 -15 -16 -17 -18 26 22 -21 -22 -23 -24 24 -26 29 -28 -29 -30 -31
leaf_value=0.05823393455523606 -0.040309935061675961 0.058312232838108602 -0.033641440650472004 -0.045564119718216459 -0.010625340381820406 0.03640837567368399 -0.0028538619657808755 -0.017072336656760067 -0.054656950814613726 0.066745157001279629 -0.0015301102607921781 -0.044327695867811871 0.054954774786558927 -0.0037956996192208981 -0.025959851926650679 0.049447725021184559 0.055438771085848028 0.058703695943600726 0.0082668866026640846 0.046630562097698891 0.045657412825179142 0.0078104438985173111 0.044065682395630801 0.071420604758390807 -0.039375639039212276 -0.028632017053619254 -0.0027412206723035708 0.054294395836684821 -0.034084974175743181 -0.03894871342968987
leaf_weight=1768.6157380342484 6451.6721993684769 24442.228499084711 316.92408740520477 7379.0112603008747 580.20024481415749 2291.9852893054485 1501.6958518922329 219.07078677415848 127.36714962124825 90.67289137840271 744.74473091959953 216.35961624979973 173.39223664999008 350.34264612197876 6889.1918571591377 5965.1809336543083 596.61729547381401 105.35220122337341 1209.8257901966572 2832.17266279459 315.53789034485817 414.29629057645798 381.79860457777977 101.91133895516396 58.603411167860031 3134.9018023908138 569.64880928397179 37.22200208902359 9588.4525261521339 23256.254110664129
leaf_count=4654 2942 65007 136 1012 602 4884 1801 203 10 245 928 82 449 415 5035 14639 1506 273 1834 6646 726 629 872 275 20 1622 727 91 5562 6769
internal_value=2.0655e-05 0.0495762 0.0317832 -0.0354315 -0.0301802 0.0546806 -0.0267948 0.0560403 0.0257271 -0.0113097 -0.0201702 0.0277902 0.0147496 0.0298338 -0.0235766 0.0565732 0.0316318 0.0292471 0.0321099 0.0386913 0.0124603 -0.00687819 0.0168543 -0.00627572 0.0309693 -0.0394365 0.00684892 -0.0298514 -0.0327464 -0.0377232
internal_weight=102111 42585.1 9493.27 59526.1 25756 33091.9 19304.3 30799.9 7724.65 407.597 9135.63 7317.06 392.463 6902.96 7633.94 30407.4 6552.62 5956 5281 3689.37 857.201 541.663 1591.62 414.096 160.515 33770.2 675.001 253.582 10168.7 26391.2
internal_count=130596 104323 19141 26273 16870 85182 13928 80298 14487 381 7764 14106 652 13638 5963 79646 13223 11717 10717 8011 1365 639 2706 468 295 9403 1000 173 6164 8391
cat_boundaries=0 1 2
cat_threshold=1 8
is_linear=0
shrinkage=0.05


Tree=16
num_leaves=31
num_cat=0
split_feature=3 3 3 2 6 3 4 0 1 8 6 2 2 2 3 1 2 2 2 2 7 11 0 4 3 2 2 2 4 6
split_gain=16768.8 36334.8 2729.68 532.159 485.089 395.379 370.599 313.827 365.052 281.974 236.781 215.814 184.795 181.907 179.001 214.688 176.647 230.232 449.201 421.025 282.63 357.009 260.647 165.381 158.688 156.631 232.649 254.228 155.951 177.734
threshold=-8.9815075964536124 -6.0523948069364035 -8.0783915555075758 977.50000000000011 -6.2280452572425222 -5.9170352432702478 65.053736679763801 0.95019500578703731 22865.500000000004 0.068870923253177022 -6.9679860126858228 12590.500000000002 10751.500000000002 15489.500000000002 -12.459983534769718 568.50000000000011 14923.500000000002 8677.5000000000018 11163.500000000002 10608.500000000002 716.50000000000011 -26649.541688780693 4.2407709143518533 3.5327068242902757 -7.9467294757955615 14974.500000000002 14884.500000000002 13534.000000000002 23.453047595487906 -15.960784279413224
decision_type=2 2 2 2 2 2 2 2 2 2 2 2 2 2 2 2 2 2 2 2 2 2 2 2 2 2 2 2 2 2
left_child=6 2 -2 -3 7 12 14 -4 9 10 23 -6 -5 -7 -1 -16 17 20 19 -19 21 -12 -20 -9 -25 26 27 -13 29 -11
right_child=1 3 4 5 11 13 -8 8 -10 28 16 25 -14 -15 15 -17 -18 18 22 -21 -22 -23 -24 24 -26 -27 -28 -29 -30 -31
leaf_value=-0.030425826347836887 -0.0021979719127819971 0.044521126236632555 0.079645950964396139 0.0099248636916044949 0.049948257963581849 -0.033539364707469196 -0.038879291921783347 0.08146554634459087 0.067867056958328342 -0.0096165097370924484 0.091500720850563516 -0.0090784350902524732 -0.02107366029903178 0.047490302052744397 0.025387318584256181 -0.02047545286697823 0.078258327215589799 0.042401836023192613 0.06593206993895101 -0.044222234437799837 0.065682763537892361 -0.043233278312059711 0.035609005186950787 0.026613280708586873 0.062335148136420715 0.069821190318720569 -0.021501949982198201 0.048549357898335831 0.027959021349836684 0.055148018068880367
leaf_weight=8329.8069008737803 2084.0967398881912 234.56163834035397 1796.2803425490856 715.35191282629967 1773.3320569097996 20962.873970463872 14023.583381846547 1094.7587287425995 6553.1971156299114 113.83984079957008 76.812371671199799 282.97598895430565 1466.215847030282 69.492768287658691 282.57065092027187 2631.3149619996548 514.90111315250397 277.88589438796043 1162.343436807394 283.25248193740845 2077.8677824735641 136.60193765163422 1815.6818499565125 330.84092471003532 5156.9609253704548 159.17719265818596 294.27224668860435 591.25982782244682 1407.2609237730503 1525.3707698881626
leaf_count=29791 5636 164 589 338 1228 7474 60092 416 3675 71 28 146 527 17 588 8512 233 252 653 128 1310 33 1400 432 3580 106 102 510 1408 1157
internal_value=5.73685e-05 0.016048 0.0529668 -0.0304129 0.057159 -0.0311701 -0.0334572 0.0595333 0.0579296 0.0538529 0.0570777 0.038535 -0.010909 -0.0332716 -0.0266945 -0.016028 0.0501856 0.0477065 0.039712 -0.00132442 0.0600549 0.00526037 0.0474443 0.0637214 0.0601816 0.0232908 0.0169523 0.0298962 0.0401685 0.0506503
internal_weight=78224.7 52957.5 29509 23448.5 27424.9 23213.9 25267.3 24323.9 22527.6 15974.4 12927.9 3101.02 2181.57 21032.4 11243.7 2913.89 6345.35 5830.45 3539.16 561.138 2291.28 213.414 2978.03 6582.56 5487.8 1327.69 1168.51 874.236 3046.47 1639.21
internal_count=130596 31613 23093 8520 17457 8356 98983 15365 14776 11101 8465 2092 865 7491 38891 9100 4037 3804 2433 380 1371 61 2053 4428 4012 864 758 656 2636 1228
is_linear=0
shrinkage=0.05


Tree=17
num_leaves=31
num_cat=1
split_feature=3 4 6 2 11 4 3 2 2 3 3 3 1 2 7 0 11 5 4 2 1 0 0 2 0 6 6 2 2 4
split_gain=70394.6 1371.16 653.118 482.427 420.142 741.134 319.295 310.052 543.012 261.294 231.2 226.031 245.909 195.744 194.053 279.527 187.896 186.441 232.995 223.355 198.428 186.217 171.77 182.614 169.051 162.791 286.641 541.261 320.631 229.469
threshold=-6.0523948069364035 50.667246900856171 -6.9679860126858228 977.50000000000011 -425034.43001765141 16.583014443101831 -6.1923635144265097 13474.500000000002 13534.000000000002 -6.00910642487516 -6.8852223000276203 -6.1297131749536229 670.50000000000011 192.50000000000003 716.50000000000011 4.2407709143518533 -29925.688046343774 0 23.453047595487906 14621.500000000002 2493.5000000000005 1.8590988773148156 3.6024492881944457 14163.500000000002 2.940319380787038 -14.346691083528549 -14.418107208784514 7480.0000000000009 15092.500000000002 14.891940818146713
decision_type=2 2 2 2 2 2 2 2 2 2 2 2 2 2 2 2 2 1 2 2 2 2 2 2 2 2 2 2 2 2
left_child=1 2 4 13 5 24 -3 14 -9 -5 25 17 -13 -2 15 -4 -17 18 19 20 -10 -11 -20 -24 -1 26 28 -28 -6 -30
right_child=3 6 7 9 10 -7 -8 8 11 21 -12 12 -14 -15 -16 16 -18 -19 22 -21 -22 -23 23 -25 -26 -27 27 -29 29 -31
leaf_value=-0.050865542119457353 0.058191663764942531 -0.0426822704447282 -0.032656224634572531 0.026136809342414996 -0.033512602639275156 -0.033264270197611183 -0.0034326474933726253 0.064236221484120878 0.034949233501977851 0.063103936968820745 -0.004274607988053983 0.063992914359662464 -0.028330243666720153 -0.04613529494994624 -0.02591714797240785 -0.0067384840080441759 0.063470236739310057 -0.027026556898298776 -0.046489631573424346 -0.038326888187871819 -0.048432577491596684 0.054029863441669136 -0.047355069011368545 0.041951566747503222 0.055151770556155028 -0.037402172749646904 0.060299104616025473 -0.045734315995789289 -0.047507505271379556 0.054063877814750999
leaf_weight=41.190274804830551 61.703964293003082 27430.954489171505 317.03830403089523 755.54581499099731 5050.0712657868862 788.38088011741638 528.13348278403282 268.89121145009995 263.36356145143509 7077.1421043872833 660.90605401992798 200.18738067150116 112.74914216995239 165.69602900743484 5366.0148366987705 178.16330853104591 204.88509547710419 1419.192312002182 81.165754735469818 545.68176338076591 97.864646971225739 28116.348178863525 64.889314383268356 485.63852891325951 431.57375466823578 13300.547571063042 251.44662436842918 230.84985119104385 79.933659166097641 182.70526891946793
leaf_count=125 18 74084 194 291 14467 2397 314 31 227 711 421 23 89 146 4047 116 35 850 105 355 107 7354 82 264 182 22178 238 780 260 105
internal_value=-6.96157e-05 -0.0339352 -0.0266261 0.0547708 -0.0315625 -0.00358248 -0.0419409 -0.0158251 -0.0040653 0.05523 -0.0333486 -0.00968046 0.0307294 -0.0178266 -0.022687 0.00207157 0.0308148 -0.0139558 -0.00189956 -0.0181383 0.0123593 0.0558546 0.021414 0.0314252 0.0459149 -0.0343549 -0.0273609 0.00954651 -0.0307114 0.0231508
internal_weight=94758.9 58582.4 30623.3 36176.4 21017.6 1261.14 27959.1 9605.73 3539.62 35949 19756.5 3270.73 312.937 227.4 6066.1 700.087 383.048 2957.8 1538.6 906.91 361.228 35193.5 631.694 550.528 472.764 19095.6 5795.01 482.296 5312.71 262.639
internal_count=130596 122076 47678 8520 41153 2704 74398 6525 2133 8356 38449 2102 112 164 4392 345 151 1990 1140 689 334 8065 451 346 307 38028 15850 1018 14832 365
cat_boundaries=0 1
cat_threshold=4
is_linear=0
shrinkage=0.05


Tree=18
num_leaves=31
num_cat=3
split_feature=3 4 5 0 8 4 11 3 6 2 1 5 6 0 4 7 1 6 11 1 0 1 3 8 4 2 0 5 8 4
split_gain=64826.8 1555.84 516.073 460.837 395.837 341.801 351.248 294.621 293.19 286.917 225.51 169.449 152.284 151.994 144.557 134.171 133.824 130.353 136.077 121.472 148.207 119.385 126.131 116.126 116.016 115.027 149.943 109.124 123.185 106.246
threshold=-8.0343750354346799 34.51655268121285 0 2.8853423263888893 -0.071909147670538673 15.728093583246443 -385498.41272407508 -9.5353615431252994 -6.1659928052803119 15222.500000000002 25943.500000000004 1 -6.3642650009595618 5.4739552199074089 3.5327068242902757 1709.5000000000002 31075.500000000004 -7.1777011336598031 -120933.02565028885 3633.5000000000005 3.7402859027777784 28341.500000000004 -6.00910642487516 -1.287153948798317 68.061161387821457 3730.0000000000005 2.9131450405092605 2 -0.28627561653390993 47.373243932234836
decision_type=2 2 1 2 2 2 2 2 2 2 2 1 2 2 2 2 2 2 2 2 2 2 2 2 2 2 2 1 2 2
left_child=1 2 -1 -2 21 6 15 -3 11 10 17 -6 23 -12 -13 -4 29 19 -19 20 -7 22 -5 -8 25 26 -9 28 -22 -16
right_child=3 7 5 4 8 9 12 24 -10 -11 13 14 -14 -15 16 -17 -18 18 -20 -21 27 -23 -24 -25 -26 -27 -28 -29 -30 -31
leaf_value=0.056036474081333248 -0.041455693853047149 0.054791588335918108 -0.026103742333317921 -0.0069683251288397271 -0.033319484388610182 0.046754374059814051 0.045420428293093285 -0.05262949456519244 -0.037571190526434789 -0.024465984541558447 0.035330602147542294 -0.040493361100228852 -0.014605110853436543 -0.015785819721089497 -0.021041071372851633 0.066133525733323636 -0.034642773105603951 0.058468090916684284 -0.019826622884626385 0.053203347087483879 0.053322161845971675 -0.034623465137032967 -0.024825045566120189 0.023114253641227794 0.045581676643514583 0.030626084227824632 0.048391415357797757 0.061220491096098242 -0.002585045442564736 -0.0048097465408373395
leaf_weight=2018.1990549564362 16669.491770714521 26856.172940969467 483.59544348716736 2300.9630897939205 8805.2709203064442 1256.4542880952358 668.53015694022179 101.1900427043438 19547.037346720695 178.92231059074402 300.8256601691246 1051.4674129486084 242.11224472522736 281.52219104766846 4158.4847756326199 42.926044672727585 1356.7273381948471 86.022719621658325 156.38259303569794 2390.3669649362564 125.07437372207642 917.60839956998825 1734.2811134755611 4585.8051297962666 1370.4131616353989 799.02357977628708 57.664146304130554 122.07205426692963 464.23772698640823 1330.8470717966557
leaf_count=5369 4843 71731 278 2510 5050 3064 1578 26 5839 123 651 449 228 295 3278 116 758 222 150 6120 319 477 987 8614 3262 1641 137 329 662 1490
internal_value=1.44571e-05 0.046836 0.0327338 -0.034441 -0.031603 0.0286029 0.0204287 0.0533124 -0.0334145 0.037785 0.039934 -0.02855 0.0241658 0.0106196 -0.0232324 -0.0185839 -0.0205813 0.0436446 0.00795793 0.0456295 0.0364294 -0.0183446 -0.0146428 0.0259524 0.0362504 0.0229005 -0.0159589 0.0181934 0.00928058 -0.0171059
internal_weight=100460 42587.5 13403 57872.2 41202.7 11384.8 6022.97 29184.5 36249.8 5361.88 5182.96 16702.8 5496.45 582.348 7897.53 526.521 6846.06 4600.61 242.405 4358.21 1967.84 4952.85 4035.24 5254.34 2328.29 957.878 158.854 711.384 589.312 5489.33
internal_count=130596 104915 28118 25681 20838 22749 10814 76797 16864 11935 11812 11025 10420 946 5975 394 5526 10866 372 10494 4374 3974 3497 10192 5066 1804 163 1310 981 4768
cat_boundaries=0 1 2 3
cat_threshold=1 8 4
is_linear=0
shrinkage=0.05


Tree=19
num_leaves=31
num_cat=0
split_feature=3 3 3 3 2 2 4 2 8 0 1 4 2 2 0 2 6 3 4 3 2 4 2 4 8 2 3 2 0 2
split_gain=15378.5 32359.1 2271.09 733.684 485.739 383.499 369.816 277.032 272.917 265.744 253.296 259.906 240.599 294.449 180.995 179.578 174.869 173.199 220.097 172.986 250.599 192.798 172.092 166.351 161.837 156.588 156.553 148.949 139.534 137.818
threshold=-8.9815075964536124 -6.00910642487516 -7.9937480013767246 -6.225957734494636 977.50000000000011 12041.000000000002 65.053736679763801 14974.500000000002 -0.25745281339588771 1.3133763599537041 20383.500000000004 22.923179279297461 5438.0000000000009 5055.5000000000009 5.3264869791666678 14908.500000000002 -22.451856797483249 -12.168482182683231 6.2376527853301784 -6.0523948069364035 14722.500000000002 2.5892505814121369 15489.500000000002 15.728093583246443 0.14908073683340065 3800.5000000000005 -5.5265860328747483 15062.500000000002 6.4870321875000014 192.50000000000003
decision_type=2 2 2 2 2 2 2 2 2 2 2 2 2 2 2 2 2 2 2 2 2 2 2 2 2 2 2 2 2 2
left_child=6 2 23 8 29 12 17 15 -4 -10 11 16 13 14 -5 19 -11 -1 27 20 21 -7 26 -2 -13 -16 -6 -19 -12 -3
right_child=1 4 3 5 22 7 -8 -9 9 10 28 24 -14 -15 25 -17 -18 18 -20 -21 -22 -23 -24 -25 -26 -27 -28 -29 -30 -31
leaf_value=-0.029439336685196483 0.022219966813206787 -0.042323223823623878 0.035695088681261908 0.063029990122942789 -0.026463985509970575 0.086469831487629198 -0.038296153563162148 0.071251108940183105 0.072510500206277168 -0.038596136291586272 0.065461703148459754 0.046438412875026605 0.062924726560080399 -0.043308969234866483 -0.022155177350655177 -0.033001431654884401 0.057711371486987642 0.0045880445360826924 -0.02109047618404615 -0.019028990170732573 0.075495533380960739 0.002188693048951109 0.037473515610888568 -0.0059238789614848878 0.021768496411829714 0.080834852614203354 -0.035156760333869268 0.082416290279089213 0.043889615722319142 0.058431154681754888
leaf_weight=8326.002306997776 754.72916950285435 41.152120769023895 1628.7532371133566 333.97890624403954 8430.9843083173037 75.910135626792908 13460.088964387774 182.60117402672768 2431.007705271244 47.420245707035065 6116.0152583122253 5262.2631811201572 992.03502196073532 130.40906500816345 151.58162997663021 246.26370275020599 7802.2335299551487 351.40881599485874 2182.5107828676701 300.545509070158 191.77560916543007 639.43632206320763 90.011152058839798 1725.2801394462585 760.91631937026978 48.785006701946259 13429.889203578234 74.510759174823761 854.31895905733109 193.67602083086967
leaf_count=30508 1588 17 1661 186 2867 32 60092 91 796 38 3208 3714 667 25 65 67 4616 939 7407 124 114 371 22 4643 785 24 5176 37 572 144
internal_value=9.11639e-05 0.0152454 0.0485138 0.0525486 -0.030755 0.0303698 -0.0327475 0.0132023 0.0554816 0.0568663 0.0550417 0.0511347 0.0473274 0.024051 0.0404905 0.00591193 0.0571296 -0.0259171 -0.0146743 0.013847 0.0247394 0.0111323 -0.0315202 0.002641 0.0433218 0.0029207 -0.0318043 0.0182034 0.0628177 0.0407746
internal_weight=77256.5 52862 30676.3 28196.3 22185.7 3293.32 24394.5 1636.53 24902.9 23274.2 20843.2 13872.8 1656.79 664.755 534.346 1453.93 7849.65 10934.4 2608.43 1207.67 907.122 715.346 21950.9 2480.01 6023.18 200.367 21860.9 425.92 6970.33 234.828
internal_count=130596 31613 23387 17156 8226 1766 98983 799 15390 13729 12933 9153 967 300 275 708 4654 38891 8383 641 517 403 8065 6231 4499 89 8043 976 3780 161
is_linear=0
shrinkage=0.05


Tree=20
num_leaves=31
num_cat=2
split_feature=3 4 6 2 11 4 3 3 3 11 2 2 2 8 4 2 11 2 0 7 11 2 0 11 2 7 5 11 6 5
split_gain=63437.5 1331.59 618.414 429.357 327.514 675.26 377.743 305.42 242.463 238.377 237.229 283.003 374.62 222.584 204.238 183.891 182.542 245.716 177.701 168.414 349.996 268.681 325.187 179.616 163.69 242.166 160.475 514.42 349.654 157.922
threshold=-6.0523948069364035 50.667246900856171 -6.3307296227515399 977.50000000000011 -425034.43001765141 16.583014443101831 -6.9170352432702478 -6.1923635144265097 -6.00910642487516 -80790.136953588531 14965.500000000002 14892.500000000002 13534.000000000002 -0.00052243733283230387 44.972294903272605 192.50000000000003 -28176.183482125529 1199.5000000000002 1.441266354166667 762.50000000000011 -26649.541688780693 8341.5000000000018 5.5330776273148166 -78928.873914772601 15187.500000000002 11582.500000000002 0 -13969.208740483242 -6.0596080446663345 1
decision_type=2 2 2 2 2 2 2 2 2 2 2 2 2 2 2 2 2 2 2 2 2 2 2 2 2 2 1 2 2 1
left_child=1 2 4 15 5 29 16 -3 -5 10 11 12 13 -4 19 -2 17 -6 -10 20 -8 -21 -23 -24 26 -26 27 -20 -29 -1
right_child=3 7 9 8 6 -7 14 -9 18 -11 -12 -13 -14 -15 -16 -17 -18 -19 24 21 -22 22 23 -25 25 -27 -28 28 -30 -31
leaf_value=0.052576277497427527 0.05587314390067806 -0.041784955275311758 -0.002064748168500169 0.024128261477036693 0.063462482476795673 -0.032295269678943861 -0.02327676708866442 -0.003352195660865428 0.061058635970663966 -0.019301938522578919 -0.037675214126132422 0.050115020049033059 -0.025239019912950716 0.060853743833129283 0.024099305096458263 -0.045487838998093139 -0.045519531439533661 -0.031473174300389588 0.056747308673795044 -0.038463727362611617 0.055413532993073777 -0.028170022283605337 -0.0075067533890335715 0.034120108075204041 -0.059941319428559472 0.0549856880113688 0.04810505151136002 0.067013888188879545 -0.06550735902598219 -0.048334232692456416
leaf_weight=432.01735845208168 61.848774939775467 26489.833538323641 268.49240970611572 762.18968492746353 68.434164524078369 770.47231215238571 406.8368473649025 527.22082522511482 5314.1071067750454 1847.9553630948067 265.44646897912025 394.32035252451897 629.90467518568039 295.01591616868973 271.54410400986671 161.8226592540741 2517.2888760566711 16877.824723064899 13205.63592416048 1844.7781108617783 216.50390702486038 1662.5915600061417 786.29817986488342 386.53229486942291 81.902317583560944 104.08946216106415 16359.221945375204 75.672644585371017 145.43771535158157 42.593952178955078
leaf_count=181 18 74084 331 291 82 2411 241 314 464 1326 183 99 655 36 156 146 3842 34996 2467 1242 42 979 555 194 105 33 4881 6 109 127
internal_value=-9.10795e-05 -0.0329841 -0.0257301 0.0516008 -0.0284246 -0.00339535 -0.0296692 -0.041035 0.0520293 -0.00659479 0.00607653 0.0133912 0.00125713 0.0308752 -0.0181943 -0.0174599 -0.032956 -0.0310898 0.052632 -0.0203598 0.0040546 -0.0236114 -0.0139483 0.0062123 0.0511379 0.00437706 0.0514299 0.0554809 -0.0201534 0.0435201
internal_weight=93273.8 57001.9 29984.9 36271.9 26283.7 1245.08 25038.6 27017.1 36048.3 3701.14 1853.18 1587.73 1193.41 563.508 5575.09 223.671 19463.5 16946.3 35286.1 5303.54 623.341 4680.2 2835.42 1172.83 29972 185.992 29786 13426.7 221.11 474.611
internal_count=130596 122076 47678 8520 45048 2719 42329 74398 8356 2630 1304 1121 1022 367 3409 164 38920 35078 8065 3253 283 2970 1728 749 7601 138 7463 2582 115 308
cat_boundaries=0 1 2
cat_threshold=8 4
is_linear=0
shrinkage=0.05


Tree=21
num_leaves=31
num_cat=3
split_feature=3 4 0 5 3 4 2 11 5 3 4 1 1 6 8 0 6 7 6 0 7 2 0 5 6 1 6 1 1 2
split_gain=58635.3 1365.72 461.643 452.059 424.904 336.68 327.204 323.361 275.623 226.848 185.891 188.218 181.989 144.241 143.867 138.164 131.41 124.269 113.19 111.92 149.873 110.96 166.518 107.964 119.522 226.837 278.944 136.412 111.851 259.993
threshold=-8.1184156488641683 35.763929680724594 2.8853423263888893 0 -6.1618438335499954 15.728093583246443 15222.500000000002 -385498.41272407508 1 -9.5353615431252994 3.5327068242902757 30740.500000000004 26696.500000000004 -6.3642650009595618 -0.08883508125705751 5.4739552199074089 -7.9525304690071295 1709.5000000000002 -18.529736577936532 6.4576120775462966 50409.500000000007 3568.0000000000005 2.9131450405092605 2 -4.9700078719056959 1421.5000000000002 -4.2499165748214489 9365.5000000000018 6503.5000000000009 12223.500000000002
decision_type=2 2 2 1 2 2 2 2 1 2 2 2 2 2 2 2 2 2 2 2 2 2 2 1 2 2 2 2 2 2
left_child=1 3 -2 -1 8 7 12 17 -4 19 -10 14 -7 -9 -12 -14 -16 -5 -17 -3 -21 22 -11 -6 -25 -26 28 -28 29 -27
right_child=2 9 4 5 23 6 -8 13 10 21 11 -13 15 -15 16 18 -18 -19 -20 20 -22 -23 -24 24 25 26 27 -29 -30 -31
leaf_value=0.053862677708150078 -0.040042898744624571 0.053235278973069435 -0.030299633615197087 -0.025175228059180672 -0.038563775811516599 0.042489463107007595 -0.026270410919047051 0.025204521536564113 -0.039128664641678856 -0.038478415609229953 0.0042658441742357322 -0.031383438759526948 0.035755621976685852 -0.014715550259340224 0.0083411646670197639 -0.044060762353385699 -0.017981001056681375 0.063877736176845765 0.022011198990578355 0.041598542622854215 -0.030769317924038243 0.039079306064289665 0.059903337801320636 -0.034004581298753271 -0.03304445081289336 0.081285621450278678 0.10817532942194447 -0.034503355271010415 -0.028452791027900964 -0.016892164234192403
leaf_weight=2004.5412811934948 16301.771162122488 25246.970624417067 9608.92928352952 477.13128623366356 10041.528105318546 4763.8041005432606 197.12949240207672 5121.7527880370617 933.3383766412735 114.79942226409912 1149.7043523490429 1509.462967634201 294.47803893685341 236.73946315050125 528.14551612734795 143.30449944734573 4638.6542535424232 42.678906708955765 118.35667386651039 824.51709362864494 78.341366142034531 1909.3577590584755 68.778859555721283 9905.3594681620598 1543.2113811969757 93.044519364833832 78.331104338169098 21.309626251459122 422.68522024154663 244.98459184169769
leaf_count=5404 4956 68950 6052 278 2654 11459 131 10059 443 63 1509 957 656 222 755 76 3957 116 214 2019 79 4411 186 3564 562 246 245 8 194 171
internal_value=7.59682e-06 0.0451119 -0.0329326 0.0319662 -0.030086 0.0281145 0.0369858 0.0197884 -0.0244518 0.051349 -0.0180368 -0.0155214 0.0393297 0.0234408 -0.0117308 0.0122637 -0.0152904 -0.0178636 -0.0141746 0.0526167 0.0353192 0.0355095 -0.00161902 -0.0347163 -0.0315775 -0.0215755 -0.00100362 0.0776614 -0.0113074 0.0101319
internal_weight=98663.1 41642.7 57020.5 13399.9 40718.7 11395.4 5517.07 5878.3 18368.2 28242.8 8759.31 7825.97 5319.94 5358.49 6316.5 556.139 5166.8 519.81 261.661 26149.8 902.858 2092.94 183.578 22350.5 12308.9 2403.57 860.355 99.6407 760.714 338.029
internal_count=130596 104323 26273 28615 21317 23211 12536 10675 13673 75708 7621 7178 12405 10281 6221 946 4712 394 290 71048 2098 4660 249 7644 4990 1426 864 253 611 417
cat_boundaries=0 1 2 3
cat_threshold=1 8 8
is_linear=0
shrinkage=0.05


Tree=22
num_leaves=31
num_cat=0
split_feature=3 3 3 3 2 4 2 0 1 4 2 2 2 3 3 7 7 2 0 3 2 4 6 6 8 2 8 2 4 6
split_gain=14110.7 28902 1954.67 612.783 444.706 368.062 338.072 251.052 300.336 288.578 245.581 215.848 271.495 170.685 168.398 188.491 167.428 164.466 162.515 156.302 223.912 171.381 155.891 145.224 144.56 142.916 134.801 133.067 176.328 161.504
threshold=-8.9815075964536124 -6.00910642487516 -8.0783915555075758 -6.225957734494636 977.50000000000011 65.053736679763801 12041.000000000002 1.2874747337962966 20383.500000000004 22.923179279297461 14974.500000000002 5438.0000000000009 5055.5000000000009 -5.5265860328747483 -12.459983534769718 564.50000000000011 297.50000000000006 14908.500000000002 5.3264869791666678 -6.0523948069364035 14722.500000000002 2.5892505814121369 -22.451856797483249 -6.1954857512529751 0.14908073683340065 3800.5000000000005 -0.35248703404404175 14821.500000000002 41.962149322402198 -6.7476325534634922
decision_type=2 2 2 2 2 2 2 2 2 2 2 2 2 2 2 2 2 2 2 2 2 2 2 2 2 2 2 2 2 2
left_child=5 2 -2 7 -3 14 11 -4 9 22 17 12 18 27 -1 16 -16 19 -5 20 21 -8 -9 24 -11 -20 -24 -6 -29 -30
right_child=1 4 3 6 13 -7 10 8 -10 23 -12 -13 -14 -15 15 -17 -18 -19 25 -21 -22 -23 26 -25 -26 -27 -28 28 29 -31
leaf_value=-0.028942957515748713 -0.0017042117407177486 0.03806323264343027 0.065920076829999272 0.058727687268743167 -0.028096192598650933 -0.037734018064235923 0.080032445019642254 -0.038584499947878298 0.05766415440741917 0.042057273365890741 0.066203850556453239 0.058743179219398658 -0.042870692553305216 -0.034384575043222627 -0.037744164389633461 -0.019132681318448592 0.046099301884492572 -0.03238900277403739 -0.022130381910016896 -0.018616040609621305 0.070368370001053546 0.0016610698764025758 0.026608978806685959 0.0013052499943374219 0.019199440789418265 0.075324292765200182 0.053616347993793459 -0.015515633138517813 -0.041389896572419441 0.11238123299679062
leaf_weight=7825.9855870902538 2065.206809014082 236.90074403584003 2618.7658034861088 341.53592324256897 6816.9129437357187 12901.12082336843 78.254008024930954 47.666141748428345 7683.5506804287434 5701.5290139615536 187.28634512424469 1014.123066931963 129.40794757008553 13029.673722177744 82.272433653473854 2515.0605241805315 215.52297818660736 240.6268527507782 151.3237070441246 297.82080614566803 196.61898043751717 642.43972113728523 489.76917520165443 261.86340454220772 787.20362210273743 50.066238641738892 8157.0360536277294 1347.898575976491 25.390038922429085 52.143130019307137
leaf_count=29791 5636 161 886 186 2456 60092 32 39 4323 4255 91 667 25 5185 197 8513 390 67 65 124 114 371 501 312 824 24 4845 330 10 84
internal_value=0.000124066 0.0145118 0.0452987 0.0486371 -0.0300636 -0.0320565 0.0284523 0.0512473 0.049586 0.0455673 0.0123106 0.0441784 0.0222094 -0.0308223 -0.0251716 -0.0146789 0.0229357 0.00537715 0.0377215 0.0128558 0.0230737 0.0101708 0.0515895 0.0378109 0.0392842 0.00209719 0.0520866 -0.0251911 -0.011298 0.0620253
internal_weight=76191 52651 31142.1 29076.9 21508.9 23540 3329.5 25747.4 23128.6 15445.1 1643.05 1686.46 672.334 21272 10638.8 2812.86 297.795 1455.76 542.926 1215.13 917.313 720.694 8694.47 6750.6 6488.73 201.39 8646.81 8242.34 1425.43 77.5332
internal_count=130596 31613 23387 17751 8226 98983 1766 15985 15099 10776 799 967 300 8065 38891 9100 587 708 275 641 517 403 5385 5391 5079 89 5346 2880 424 94
is_linear=0
shrinkage=0.05


Tree=23
num_leaves=31
num_cat=0
split_feature=3 4 6 2 7 11 0 3 2 3 2 2 7 6 11 0 2 8 8 2 6 7 7 2 0 11 8 2 8 4
split_gain=57293.1 1301.41 777.477 384.717 333.753 536.54 309.09 238.256 295.038 220.619 214.906 429.732 228.947 196.565 423.643 172.29 168.465 161.86 212.524 150.604 264.635 156.308 150.175 185.302 148.211 147.024 216.88 296.311 226.616 205.857
threshold=-6.0523948069364035 61.86477065305386 -6.3307296227515399 977.50000000000011 854.50000000000011 -438023.58254254801 2.940319380787038 -6.9170352432702478 8341.5000000000018 -6.00910642487516 10965.500000000002 10822.000000000002 23299.500000000004 -6.7476325534634922 -26649.541688780693 1.441266354166667 192.50000000000003 0.037580956767278913 -0.024592418596031781 15222.500000000002 -15.105878181193299 14704.500000000002 10872.500000000002 1669.5000000000002 5.5918197974537041 -80790.136953588531 -0.016178801273375672 14965.500000000002 -2.0174488418089283 53.32582869498497
decision_type=2 2 2 2 2 2 2 2 2 2 2 2 2 2 2 2 2 2 2 2 2 2 2 2 2 2 2 2 2 2
left_child=1 2 4 16 5 6 -1 19 -9 22 11 12 -10 -7 -15 -11 -2 18 -17 -6 21 -21 -5 -24 -12 26 28 -28 -4 -27
right_child=3 -3 25 9 7 13 -8 8 10 15 24 -13 -14 14 -16 17 -18 -19 -20 20 -22 -23 23 -25 -26 29 27 -29 -30 -31
leaf_value=-0.04529397524556688 0.052655127152855356 -0.040985691040050704 0.013185411439331593 0.0334457897750415 -0.033653363245775288 -0.026944586306097213 0.060087066497579902 -0.035885560377941494 -0.037996089612033331 0.058098382974193209 -0.026773124984675864 0.078778582242806067 0.048865886442345449 -0.030019002752539239 0.064494003735948532 0.040776226689898443 -0.044771895947082335 0.041290157382170067 0.052623398172529805 0.053037989148966506 -0.045522210664956438 -0.048748889012207655 0.073280060687224938 -0.055544713788740818 -0.0019738288205780842 -0.018883124941639854 0.028796010436874533 -0.046187505221875348 -0.04160448669276471 0.039064319017852046
leaf_weight=87.444672107696533 61.819862544536591 23533.246501237154 360.35412105917931 619.15835952758789 18974.044038623571 2511.4108186364174 340.64359906315804 1997.1004286408424 274.08635634183884 5284.9870971739292 1600.6847733557224 186.36458542943001 104.89210665225983 298.48593139648438 196.69759047031403 4742.6908238828182 157.19297432899475 6449.6277133822441 18755.267842531204 186.01475030183792 204.42788952589035 47.309661239385605 37.445057362318039 109.66606616973877 966.11563938856125 1845.5374062359333 1002.0730105936527 151.69684284925461 396.24976944923401 167.14380511641502
leaf_count=310 18 68586 554 199 41725 4447 105 1381 255 464 977 33 52 197 33 1826 146 2109 3666 127 251 76 3 89 692 1347 336 75 449 68
internal_value=-0.000111317 -0.0320661 -0.0254858 0.0487961 -0.0284089 -0.0138108 0.0385611 -0.030452 -0.0208679 0.049198 -0.0112924 0.0166146 -0.0139548 -0.0212677 0.0075236 0.0497753 -0.0172716 0.0483064 0.0502322 -0.0329844 -0.0039896 0.0323993 0.0226563 -0.0227542 -0.0174389 -0.00464059 0.0052947 0.0189372 -0.0155092 -0.0140709
internal_weight=91649.9 55432 31898.8 36217.9 27975.7 3434.68 428.088 24541 5129.24 35998.8 3132.14 565.343 378.978 3006.59 495.184 35232.6 219.013 29947.6 23498 19411.8 437.752 233.324 766.269 147.111 2566.8 3923.05 1910.37 1153.77 756.604 2012.68
internal_count=130596 122076 53490 8520 50661 5092 415 45569 3390 8356 2009 340 307 4677 230 8065 164 7601 5492 42179 454 203 291 92 1669 2829 1414 411 1003 1415
is_linear=0
shrinkage=0.05


Tree=24
num_leaves=31
num_cat=4
split_feature=3 4 5 0 8 3 6 4 11 11 0 1 5 2 4 6 2 8 2 2 4 1 5 0 8 11 1 2 11 5
split_gain=53095.5 1396.94 478.226 444.59 370.894 281.611 272.872 269.161 279.169 212.992 218.072 202.672 158.787 134.611 133.613 129.975 128.112 123.205 166.155 253.598 159.114 121.285 118.016 117.653 118.287 111.875 111.548 115.479 123.592 127.325
threshold=-8.0343750354346799 32.608050211366837 0 2.8853423263888893 -0.071909147670538673 -9.4760585394022456 -6.1659928052803119 15.728093583246443 -385498.41272407508 -456629.99999999994 3.7959116145833343 23564.000000000004 1 15489.500000000002 3.5327068242902757 -8.2870978830988822 3730.0000000000005 -0.0038516039527252128 7480.0000000000009 6464.0000000000009 2.5892505814121369 31075.500000000004 2 5.4739552199074089 17.994550495134295 -31390.718680632068 28341.500000000004 14838.500000000002 -80790.136953588531 3
decision_type=2 2 1 2 2 2 2 2 2 2 2 2 1 2 2 2 2 2 2 2 2 2 1 2 2 2 2 2 2 1
left_child=1 2 -1 -2 26 9 12 8 22 10 -3 13 -6 -9 -14 17 25 -10 19 -19 -20 -16 -4 24 -13 -7 27 28 -5 -30
right_child=3 5 7 4 6 16 -8 11 15 -11 -12 23 14 -15 21 -17 -18 18 20 -21 -22 -23 -24 -25 -26 -27 -28 -29 29 -31
leaf_value=0.051909348842637398 -0.039153602340527477 0.054861863986023995 -0.025030363262449912 0.0078720889710759724 -0.030991920011658416 -0.049939359632095705 -0.035161538302721104 0.039057141694255088 0.035329165786093922 0.050839569427800435 -0.035452491524456883 0.038278545242502356 -0.038044394930292519 -0.024507266357725405 -0.015180474443248028 0.0012694484108100243 0.036064761701141139 0.020292360032893489 0.056262732408981581 -0.027511071020038733 0.020311193682192134 -0.032174145063835757 0.057930525063794959 -0.015166513142894765 -0.054536576038746301 0.02294701420356458 -0.0322650133285039 -0.030714426399714556 0.10160061821870768 -0.015568634553951903
leaf_weight=1933.6642277538776 15762.274340897799 123.85470452904701 466.6303468644619 843.11741328239441 8483.2104441523552 82.482144832611084 18572.463675707579 4074.6785382032394 1619.1009204387665 26129.994239866734 145.19116175174713 301.74007669091225 1007.0027682185173 85.02823606133461 5366.4868796765804 715.33238580822945 2076.2948789298534 819.31589004397392 386.81800901889801 419.4874946475029 1505.8528590202332 1305.3480416238308 47.20453953742981 301.57596755027771 38.733758956193924 145.55320513248444 885.60174950957298 720.81093883514404 23.41707119345665 2350.6375473737717
leaf_count=5296 4843 349 274 1133 5050 26 5839 9736 3612 72482 108 705 449 52 4768 1011 4728 1554 1051 354 2838 758 120 333 8 278 477 385 71 1908
internal_value=-8.16928e-07 0.042809 0.0290125 -0.0320527 -0.0292232 0.0489206 -0.0310274 0.024906 0.0178266 0.0503838 0.00612353 0.0337221 -0.0262767 0.0377578 -0.0210677 0.021139 0.0321577 0.024131 0.018341 0.00410501 0.0276589 -0.0185053 -0.017409 0.00757559 0.0277195 -0.00341655 -0.0162313 -0.0126256 -0.00857273 -0.0144129
internal_weight=96738.9 41418.5 12715.2 55320.4 39558.1 28703.4 34734.5 10781.5 5979.74 26399 269.046 4801.76 16162 4159.71 7678.84 5465.91 2304.33 4750.58 3131.47 1238.8 1892.67 6671.83 513.835 642.05 340.474 228.035 4823.58 3937.98 3217.17 2374.05
internal_count=130596 104915 26944 25681 20838 77971 16864 21648 10814 72939 457 10834 11025 9788 5975 10420 5032 9409 5797 1908 3889 5526 394 1046 713 304 3974 3497 3112 1979
cat_boundaries=0 1 2 3 4
cat_threshold=1 8 4 1
is_linear=0
shrinkage=0.05


Tree=25
num_leaves=31
num_cat=0
split_feature=3 3 3 3 2 4 2 8 0 8 2 2 2 3 3 4 2 4 0 3 2 4 11 2 0 1 4 2 4 6
split_gain=12946 25863.2 1698.61 559.099 408.293 367.166 298.803 227.659 241.002 227.36 217.655 193.526 252.053 171.294 164.4 182.925 153.06 149.947 145.491 141.119 203.467 157.042 137.784 134.121 132.576 140.21 184.66 131.462 161.84 140.857
threshold=-8.9815075964536124 -6.00910642487516 -7.9937480013767246 -6.225957734494636 977.50000000000011 65.053736679763801 12041.000000000002 -0.25745281339588771 6.1418282060185199 0.14908073683340065 14974.500000000002 5438.0000000000009 5055.5000000000009 -5.5265860328747483 -12.459983534769718 6.2376527853301784 14908.500000000002 15.728093583246443 5.3264869791666678 -6.0523948069364035 14722.500000000002 2.5892505814121369 -128961.73925705474 15062.500000000002 1.3133763599537041 22158.000000000004 40.542088507648209 14821.500000000002 41.962149322402198 -6.7476325534634922
decision_type=2 2 2 2 2 2 2 2 2 2 2 2 2 2 2 2 2 2 2 2 2 2 2 2 2 2 2 2 2 2
left_child=5 2 17 7 -3 14 11 -4 9 24 16 12 18 27 -1 23 19 -2 -5 20 21 -8 -19 -16 -9 26 -26 -6 -29 -30
right_child=1 4 3 6 13 -7 10 8 -10 -11 -12 -13 -14 -15 15 -17 -18 22 -20 -21 -22 -23 -24 -25 25 -27 -28 28 29 -31
leaf_value=-0.028230749108338685 0.02106977969122821 0.035553458156696298 0.030524391606577383 0.054857300370488131 -0.027356240958128605 -0.037195281607421665 0.075450518276772321 0.065373771159410093 0.039033250635432615 0.037806381083301789 0.061604084338339575 0.054894821662757748 -0.042496028074909868 -0.033764650218350817 0.0027908414182118823 -0.01961850699549882 -0.031952232959401888 0.053219782185653611 0.001471983395631899 -0.018141702038723968 0.066204741286438301 0.0010997799390176405 -0.009018319368020767 0.075236783594083922 0.053364641993249522 0.059534787047626138 0.038610471530296744 -0.014668175655099614 -0.040972520097034892 0.10292014891658077
leaf_weight=7587.2980396002531 762.86561477184296 239.36699011921883 1678.1635614931583 347.76171651482582 6617.3541670292616 12351.642423257232 79.793630391359329 2231.4037843048573 4423.0247055888176 2478.9645412564278 191.18118560314178 1033.0672436058521 128.6017724275589 12586.520246073604 367.10855124890804 2318.4564277082682 236.50743386149406 94.10852675139904 201.61344647407532 294.66897422075272 200.24844321608543 645.9576735496521 1614.6333911567926 77.346698969602585 7234.368024379015 4618.1907203197479 3000.2080773711205 1318.0602334141731 24.566851988434792 55.272445634007454
leaf_count=29791 1588 161 1661 186 2456 60092 32 695 3018 1837 91 667 25 5185 970 8091 67 213 89 124 114 371 4430 39 4018 2149 2012 330 10 84
internal_value=0.000158656 0.0138367 0.0424288 0.0458173 -0.029372 -0.0313745 0.0266363 0.0483281 0.0495737 0.0519568 0.0114436 0.0412725 0.0205154 -0.0301264 -0.0244281 -0.0139855 0.00486252 0.00263819 0.0352656 0.0119955 0.0215856 0.00927436 -0.00559057 0.0153983 0.0540101 0.0523028 0.0490395 -0.0244131 -0.0104811 0.0586438
internal_weight=75038.3 52336.5 31495.3 29023.7 20841.1 22701.9 3359.4 25664.3 23986.2 19563.1 1648.36 1711.04 677.977 20601.8 10350.2 2762.91 1457.18 2471.61 549.375 1220.67 926 725.751 1708.74 444.455 17084.2 14852.8 10234.6 8015.25 1397.9 79.8393
internal_count=130596 31613 23387 17156 8226 98983 1766 15390 13729 10711 799 967 300 8065 38891 9100 708 6231 275 641 517 403 4643 1009 8874 8179 6030 2880 424 94
is_linear=0
shrinkage=0.05


Tree=26
num_leaves=31
num_cat=1
split_feature=3 4 6 2 7 11 0 3 2 6 4 0 6 6 11 8 2 11 3 8 2 6 1 5 6 3 1 11 7 0
split_gain=51836.4 1272.27 729.74 344.763 316.6 493.548 282.034 231.655 284.918 211.423 205.848 203.919 212.49 186.537 393.387 170.041 158.596 154.407 145.752 143.933 140.745 244.836 150.126 154.834 225.77 237.547 157.464 241.244 141.594 140.977
threshold=-6.0523948069364035 61.86477065305386 -6.3307296227515399 977.50000000000011 854.50000000000011 -438023.58254254801 2.940319380787038 -6.9170352432702478 8341.5000000000018 -5.9361040023224918 19.089581755681422 5.5330776273148166 -6.8746814523594368 -6.7476325534634922 -26649.541688780693 -0.071909147670538673 192.50000000000003 -78928.873914772601 -5.8184423202478817 0.18611316113605228 15222.500000000002 -15.105878181193299 30740.500000000004 0 -9.0829936716232194 -9.2660808563822297 31460.500000000004 -241699.66226026701 14704.500000000002 6.8507093229166687
decision_type=2 2 2 2 2 2 2 2 2 2 2 2 2 2 2 2 2 2 2 2 2 2 2 1 2 2 2 2 2 2
left_child=1 2 4 16 5 6 -1 20 19 10 -5 12 -10 -7 -15 18 -2 -13 -11 -9 22 28 -6 -24 25 26 -25 -28 -22 -26
right_child=3 -3 -4 9 7 13 -8 8 11 15 -12 17 -14 14 -16 -17 -18 -19 -20 -21 21 -23 23 24 29 -27 27 -29 -30 -31
leaf_value=-0.044619318860547236 0.050809532479529254 -0.040199858275587863 -0.00438804538147491 0.044422676275918553 -0.034467287074611302 -0.026055894446704 0.057472379894189553 -0.041588139841701996 0.0044141641564453583 0.011828761365627638 0.022375203381996892 -0.0070721897500535119 -0.03241369850188424 -0.029074783990579264 0.062284955889238595 0.049477978213345514 -0.044173260607773615 0.030583427997440793 0.041799128106696885 -0.0069508972048637667 0.049789350482414133 -0.044822290700225871 -0.043038168907403279 0.050961982876392004 -0.037871711606368916 0.064766382082695514 0.031380604734555423 -0.034432502124669057 -0.047900294991422086 0.044309984215761385
leaf_weight=84.418319433927536 61.659029930830002 22667.54169164598 3894.7143968045712 3034.8014057278633 16113.00227996707 2459.0644951611757 340.54805833101273 1578.0778394639492 564.02122014760971 466.65095540881157 1625.8805761039257 849.75924545526505 1281.7966387569904 292.44870012998581 197.33598873019218 27592.312284737825 153.00509160757065 400.56797227263451 3104.1641705334187 370.30539745092392 188.87213781476021 198.4200551211834 591.33623383939266 102.126943141222 774.8438726067543 135.45645463466644 195.01465138792992 486.88101956248283 46.157502055168152 55.952485740184784
leaf_count=310 18 68586 2829 667 36792 4447 105 1150 280 245 650 647 857 197 33 5702 146 225 1092 231 127 251 2232 133 746 73 334 1391 76 24
internal_value=-0.000131539 -0.0311847 -0.0246352 0.0462853 -0.027523 -0.0131837 0.0371922 -0.0295444 -0.0200257 0.0466638 0.0367314 -0.0105993 -0.0211603 -0.0204435 0.00773438 0.0481493 -0.0168909 0.00499156 0.0378825 -0.0350051 -0.0320867 -0.00392382 -0.0327481 -0.0209184 -0.0134451 0.00362462 -0.00693891 -0.0156107 0.0306041 -0.0323369
internal_weight=89907.1 53868.7 31201.1 36038.5 27306.4 3373.82 424.966 23932.6 5044.53 35823.8 4660.68 3096.15 1845.82 2948.85 489.785 31163.1 214.664 1250.33 3570.82 1948.38 18888.1 433.45 18454.6 2341.61 1750.28 919.479 784.023 681.896 235.03 830.796
internal_count=130596 122076 53490 8520 50661 5092 415 45569 3390 8356 1317 2009 1137 4677 230 7039 164 872 1337 1381 42179 454 41725 4933 2701 1931 1858 1725 203 770
cat_boundaries=0 1
cat_threshold=1
is_linear=0
shrinkage=0.05


Tree=27
num_leaves=31
num_cat=2
split_feature=3 4 0 5 8 6 4 11 3 11 0 8 4 5 3 6 1 11 11 2 6 2 11 7 3 1 8 8 2 4
split_gain=48138.5 1246.12 450.963 426.004 422.722 327.383 257.095 261.266 233.925 202.53 203.753 183.512 173.729 166.936 180.034 250.305 165.881 150.963 148.349 124.303 122.526 117.932 113.019 110.093 108.524 105.173 103.38 158 172.403 234.467
threshold=-8.1184156488641683 32.608050211366837 2.3970089699074086 0 -0.071909147670538673 -7.8295916130419156 15.728093583246443 -385498.41272407508 -9.5353615431252994 -456629.99999999994 3.7959116145833343 4.2429791741218539 3.0725797804206416 1 -4.9907616810571973 -6.1659928052803119 41393.500000000007 -67660.292619632863 -110793.17707477373 3568.0000000000005 -6.3642650009595618 15489.500000000002 -31390.718680632068 1709.5000000000002 -6.00910642487516 28341.500000000004 -0.0038516039527252128 1.0000000180025095e-35 7480.0000000000009 2.095937416300369
decision_type=2 2 2 1 2 2 2 2 2 2 2 2 2 1 2 2 2 2 2 2 2 2 2 2 2 2 2 2 2 2
left_child=1 3 -2 -1 24 18 7 23 9 10 -3 16 -7 -14 15 -15 21 -16 -6 22 26 -8 -10 -5 25 -4 -9 28 -28 -30
right_child=2 8 4 6 5 12 11 20 19 -11 -12 -13 13 14 17 -17 -18 -19 -20 -21 -22 -23 -24 -25 -26 -27 27 -29 29 -31
leaf_value=0.050065461614303419 -0.039144293646899517 0.053057999273904061 -0.0043762225235297759 -0.023979980360755122 0.022157442018619383 -0.039161278286958805 0.038234239957678232 0.031434711201514497 -0.052228074341229669 0.049074314919913695 -0.034843369539977985 -0.014510133819797592 -0.033504123302641638 -0.020193247172328892 0.083977124487070315 -0.034115906086025723 -0.013010529965205665 -0.010712522402764522 -0.01682836048843386 0.035442877597406712 -0.014622444879510669 -0.021041979395147476 0.023443960606057548 0.060469624630212895 -0.023790551989223238 -0.027016137888994308 -0.014282372932389542 0.027628692773374142 0.053852780494226177 0.00070297882691918172
leaf_weight=1891.1205551326275 12177.643814623356 121.09045541286469 2495.8743380308151 465.81892210245132 274.6661488711834 5904.9098275601864 4200.2470999360085 1895.5524828135967 79.076971173286438 25470.600592195988 144.70945677161217 194.40213689208031 14550.221293538809 6083.2989892661572 43.704684048891068 6878.4397779405117 172.12517794966698 1141.0774748921394 2186.4415944218636 1957.3842291533947 236.54921114444733 85.620149552822113 131.22332286834717 42.078811824321747 2062.7272765636444 645.68040403723717 652.12995356321335 1619.151287406683 320.11954480409622 589.81577986478806
leaf_count=5282 3582 349 2805 278 458 1551 10222 4163 18 72304 108 248 6386 4791 117 2239 205 893 1867 4596 222 57 259 116 1132 452 759 3355 883 899
internal_value=-1.03964e-05 0.0414376 -0.0306665 0.0282244 -0.028224 -0.0300977 0.0242808 0.0172776 0.0472926 0.0486212 0.00520185 0.0330435 -0.031351 -0.0297439 -0.0258763 -0.0275816 0.0351172 -0.00721958 -0.0124774 0.0315183 0.0205526 0.0370501 -0.00501019 -0.0169834 -0.01488 -0.00902938 0.0221915 0.0166839 0.00533908 0.0194013
internal_weight=94713.5 40268.8 54444.7 12364.7 42267 37062.8 10473.6 5821.22 27904.1 25736.4 265.8 4652.39 34601.7 28696.7 14146.5 12961.7 4457.99 1184.78 2461.11 2167.68 5313.32 4285.87 210.3 507.898 5204.28 3141.55 5076.77 3181.22 1562.07 909.935
internal_count=130596 104323 26273 26689 22691 18302 21407 10675 77634 72761 457 10732 15977 14426 8040 7030 10484 1010 2325 4873 10281 10279 277 394 4389 3257 10059 5896 2541 1782
cat_boundaries=0 1 2
cat_threshold=1 8
is_linear=0
shrinkage=0.05


Tree=28
num_leaves=31
num_cat=0
split_feature=3 3 3 3 2 4 2 0 1 8 4 2 2 2 3 8 6 4 6 2 11 6 4 2 4 1 2 6 11 1
split_gain=11875.2 23190.3 1471.61 492.743 373.9 366.562 271.476 212.123 250.35 240.697 207.761 200.117 175.324 234.587 171.223 165.754 161.515 221.369 145.76 143.861 136.665 135.725 135.712 129.422 160.464 469.781 267.747 483.647 129.198 217.375
threshold=-8.9815075964536124 -6.00910642487516 -7.9937480013767246 -6.225957734494636 977.50000000000011 65.053736679763801 12041.000000000002 0.95019500578703731 20383.500000000004 -0.41748473654720891 23.453047595487906 14974.500000000002 5438.0000000000009 5055.5000000000009 -5.5265860328747483 0.14908073683340065 -11.520352774889581 7.3365338571321503 -22.451856797483249 14908.500000000002 -164000.66992885913 -6.0596080446663345 15.728093583246443 14821.500000000002 3.0725797804206416 517.50000000000011 14878.500000000002 -5.9361040023224918 -95919.902972108233 7934.5000000000009
decision_type=2 2 2 2 2 2 2 2 2 2 2 2 2 2 2 2 2 2 2 2 2 2 2 2 2 2 2 2 2 2
left_child=5 2 22 7 -3 16 12 -4 9 -9 18 19 13 21 23 -12 -1 20 -11 -8 -18 -5 -2 -6 -25 -26 27 -27 -20 -30
right_child=1 4 3 6 14 -7 11 8 -10 10 15 -13 -14 -15 -16 -17 17 -19 28 -21 -22 -23 -24 24 25 26 -28 -29 29 -31
leaf_value=-0.027448367888489533 0.020151555376498917 0.033184162520080732 0.061278016557661234 0.04645952360476497 -0.026633043893350646 -0.036677228902808223 0.011073103269425283 0.013704942315049146 0.051379786309119373 -0.039690048498756854 0.038170880816499608 0.058313762585174046 0.051736856000510104 -0.042007065392388777 -0.033149911878697529 0.014208444860249102 0.064793979674388325 -0.020651455960503336 0.05734785744055694 -0.031696081663376979 0.0026271430634999694 -0.012987005615541265 -0.0051611563600927118 -0.032322182393833387 0.16234426227862464 -0.027120924175384434 -0.017789998234788672 0.16276420746463072 0.037798686837978115 0.058301501437648409
leaf_weight=7446.7409183084965 770.19493474066257 241.2443355768919 1927.7314752042294 431.01213470101357 6424.7006249576807 11813.667282477021 1226.0128872990608 797.78648471832275 7822.52381041646 48.302421152591705 5778.5979427993298 193.60105606913567 1046.7561790943146 127.46452337503433 12147.462618723512 824.66901615262032 109.59867997467518 2052.4111286997795 2376.1514421105385 234.17089542746544 457.18430231511593 123.53767396509647 1694.5051948726177 499.40859019756317 44.040047213435173 73.846368938684464 693.6387777775526 61.429806604981422 4512.199566334486 1811.8913851082325
leaf_count=29770 1588 161 590 207 2456 60092 641 928 4203 38 3921 91 667 25 5185 799 103 7723 1281 67 1295 68 4643 98 26 22 226 52 2629 1001
internal_value=0.000194404 0.0132118 0.0398541 0.0429773 -0.0286899 -0.0307033 0.0250298 0.0453212 0.0440381 0.0404819 0.0418734 0.0105474 0.0388841 0.0191577 -0.0294383 0.0351783 -0.0236922 -0.0130127 0.0469268 0.00421417 0.0146483 0.0332166 0.00274882 -0.0236558 -0.00971781 0.00321392 -0.00524063 0.0591072 0.0474077 0.0436729
internal_weight=73812.5 51932.9 31747.1 29282.4 20185.8 21879.6 3382.56 25899.9 23972.1 16149.6 15351.8 1653.78 1728.77 682.014 19944.5 6603.27 10065.9 2619.19 8748.54 1460.18 566.783 554.55 2464.7 7797.06 1372.36 872.955 828.915 135.276 8700.24 6324.09
internal_count=130596 31613 23387 17156 8226 98983 1766 15390 14800 10597 9669 799 967 300 8065 4720 38891 9121 4949 708 1398 275 6231 2880 424 326 300 74 4911 3630
is_linear=0
shrinkage=0.05


Tree=29
num_leaves=31
num_cat=1
split_feature=3 4 6 2 7 11 0 3 2 6 2 2 7 4 6 11 8 3 2 2 5 7 8 2 1 11 2 1 8 4
split_gain=46964.1 1247.26 689.419 310.566 300.54 454.523 257.923 226.621 276.305 199.369 193.89 382.61 215.944 192.877 176.848 365.68 158.337 151.383 149.676 146.546 210.936 246.13 139.626 134.631 332.008 132.063 200.836 251.288 225.935 188.446
threshold=-6.0523948069364035 61.86477065305386 -6.3307296227515399 977.50000000000011 854.50000000000011 -438023.58254254801 2.940319380787038 -6.9170352432702478 8341.5000000000018 -5.9361040023224918 10965.500000000002 10822.000000000002 23299.500000000004 19.50728921640874 -6.7476325534634922 -26649.541688780693 -0.12691306263224697 -5.8184423202478817 192.50000000000003 13862.500000000002 0 3547.5000000000005 0.18611316113605228 14621.500000000002 14528.500000000002 -80790.136953588531 13534.000000000002 1976.5000000000002 -0.00052243733283230387 53.32582869498497
decision_type=2 2 2 2 2 2 2 2 2 2 2 2 2 2 2 2 2 2 2 2 1 2 2 2 2 2 2 2 2 2
left_child=1 2 4 18 5 6 -1 -6 22 13 11 12 -10 -5 -7 -16 17 -11 -2 -12 21 -21 -9 -23 -25 26 28 -28 -4 -27
right_child=3 -3 25 9 7 14 -8 8 10 16 19 -13 -14 -15 15 -17 -18 -19 -20 20 -22 23 -24 24 -26 29 27 -29 -30 -31
leaf_value=-0.043985595761321605 0.049133726855179763 -0.039463654345583167 -0.0033732118549117938 0.042095739703857347 -0.031234180487106279 -0.025188565629548711 0.055145178693083267 -0.040821011279663429 -0.036863318904188064 -0.0021918084452980397 -0.031093434490469918 0.074505197510637014 0.047569580122720341 0.02064374983021177 -0.028161847953027098 0.060255518040660296 0.046862921647172102 0.037909816738541331 -0.043631764513970522 -0.028381199355092486 -0.027387946971202795 0.055034778363289252 -0.0065200121857592643 -0.033915354445663771 0.070237768678274165 -0.01783101046715576 0.010128708172507904 -0.036288291114202807 0.058375693711115985 0.037434950395507469
leaf_weight=81.343577951192856 61.406198561191559 21811.664573252201 279.05219095945358 3043.7930007874966 18367.125968948007 2407.26081559062 339.37902534008026 1530.7728145420551 265.78751900792122 264.48338189721107 967.33382660150528 189.4137496650219 105.90153595805168 1597.8807284235954 286.46069534122944 197.61027279496193 28503.558939635754 2135.6149242222309 148.97739362716675 281.46676623821259 666.27056422829628 263.29527500271797 368.00662079453468 195.68971338868141 125.63920196890831 1811.1133246123791 856.35249447822571 442.11621281504631 315.7628972530365 168.60421076416969
leaf_count=310 18 68586 363 674 42179 4447 105 1150 255 177 785 33 52 643 197 33 6054 808 146 221 410 97 231 134 22 1347 476 538 37 68
internal_value=-0.000151736 -0.0303333 -0.0238063 0.0440146 -0.0266721 -0.0125778 0.035979 -0.0286733 -0.0191893 0.0443731 -0.00989401 0.0166675 -0.0128067 0.034711 -0.0196434 0.0079324 0.0458244 0.0334907 -0.0165556 -0.0158562 -0.00623744 0.0100333 -0.0341731 0.0285279 0.00680839 -0.00409517 0.0053461 -0.00567584 0.0294067 -0.0131242
internal_weight=88079.1 52323.4 30511.8 35755.7 26638.8 3312.05 420.723 23326.7 4959.58 35545.3 3060.8 561.103 371.689 4641.67 2891.33 484.071 30903.7 2400.1 210.384 2499.7 1532.36 866.091 1898.78 584.624 321.329 3873 1893.28 1298.47 594.815 1979.72
internal_count=130596 122076 53490 8520 50661 5092 415 45569 3390 8356 2009 340 307 1317 4677 230 7039 985 164 1669 884 474 1381 253 156 2829 1414 1014 400 1415
cat_boundaries=0 1
cat_threshold=4
is_linear=0
shrinkage=0.05


Tree=30
num_leaves=31
num_cat=5
split_feature=3 4 0 8 5 6 4 2 11 3 4 5 3 6 1 11 11 0 6 0 7 11 6 2 1 0 5 8 5 5
split_gain=43653.4 1200.92 447.982 404.278 399.007 308.75 278.42 257.539 235.477 209.008 171.473 164.609 176.407 242.297 159.847 138.65 137.863 120.943 110.689 110.056 144.284 105.805 105.426 159.241 136.245 141.071 121.556 146.965 104.752 104.493
threshold=-8.1184156488641683 35.763929680724594 2.3970089699074086 -0.071909147670538673 0 -7.8295916130419156 15.728093583246443 15222.500000000002 -385498.41272407508 -9.3181258872687156 3.0725797804206416 1 -4.9907616810571973 -6.1659928052803119 26696.500000000004 -67660.292619632863 -110793.17707477373 5.4739552199074089 -6.3642650009595618 6.4576120775462966 50409.500000000007 -103520.20477447317 -6.996754998668437 8677.5000000000018 4394.5000000000009 3.7402859027777784 2 -0.28627561653390993 3 4
decision_type=2 2 2 2 1 2 2 2 2 2 2 1 2 2 2 2 2 2 2 2 2 2 2 2 2 2 1 2 1 1
left_child=1 4 -2 29 -1 16 8 14 28 19 -7 -12 13 -13 22 -14 -5 -16 -10 -3 -21 -19 24 -24 25 -8 27 -27 -6 -4
right_child=2 9 3 5 6 10 7 -9 18 -11 11 12 15 -15 17 -17 -18 21 -20 20 -22 -23 23 -25 -26 26 -28 -29 -30 -31
leaf_value=0.048594050712699947 -0.038191235458155982 0.047758262077801199 -0.022862939952058906 0.021492127846854767 -0.023908619972389751 -0.038134701483592826 0.040114900088599616 -0.024554511259099177 0.020839614052583347 0.02925294067280497 -0.032426275356128804 -0.019173864829252922 0.080141574776091878 -0.033018484544090503 0.03100478157302454 -0.0095978161664119904 -0.016071698146243658 -0.033898223360694958 -0.014194550433716945 0.03608204651096477 -0.035037554723975184 0.04067183404740804 -0.033946448174886783 0.05315227271385381 0.047738094050730422 0.047710553850756052 0.054001160676195037 -0.0073576124091429473 0.054679807084344723 -0.0082784073782747099
leaf_weight=1893.5685691535473 11804.908122271299 23820.691844314337 2027.5841353833675 275.341945707798 454.65686970949173 5728.687346547842 1352.4534961879253 193.94671553373337 5046.4356774091721 1753.7693170011044 14187.898136883974 5993.0025655031204 44.760049849748611 6686.0240624547005 287.27548417448997 1121.4662126302719 2163.5882587432861 198.38643687963486 235.99990648031235 803.53249856829643 78.260362803936005 62.571353107690811 123.73630312085152 91.123256653547287 2175.7036780416965 156.62056142091751 155.76948618888855 535.09194299578667 46.762923747301102 3114.7299165725708
leaf_count=5404 3582 69594 1387 458 274 1551 3492 131 10059 3943 6386 4791 117 2239 656 893 1867 149 222 2085 86 141 104 241 5935 425 441 821 120 3002
internal_value=-1.97693e-05 0.0398157 -0.0296006 -0.0271476 0.027378 -0.0290111 0.0237641 0.032005 0.0161661 0.045932 -0.0302522 -0.0286414 -0.0247628 -0.0264745 0.0341397 -0.0061536 -0.0118309 0.00862198 0.0192744 0.0471161 0.0297701 -0.0160181 0.0371872 0.00299265 0.0388662 0.0300921 0.0140973 0.00511116 -0.0165794 -0.014029
internal_weight=92614.3 39466.4 53148 41343.1 13010.1 36200.8 11116.5 5332.68 5783.86 26456.3 33761.8 28033.2 13845.3 12679 5138.73 1166.23 2438.93 548.233 5282.44 24702.5 881.793 260.958 4590.5 214.86 4375.64 2199.94 847.482 691.713 501.42 5142.31
internal_count=130596 104323 26273 22691 28615 18302 23211 12536 10675 75708 15977 14426 8040 7030 12405 1010 2325 946 10281 71765 2171 290 11459 345 11114 5179 1687 1246 394 4389
cat_boundaries=0 1 2 3 4 5
cat_threshold=1 8 4 4 8
is_linear=0
shrinkage=0.05


Tree=31
num_leaves=31
num_cat=1
split_feature=3 3 3 3 4 2 0 1 8 11 2 3 3 7 7 8 2 2 2 5 11 11 4 0 4 2 4 1 3 2
split_gain=10895.1 20826.1 1284.52 440.26 365.733 342.221 206.189 220.951 201.974 202.697 394.224 170.953 157.807 165.296 151.337 149.91 145.474 221.452 170.146 173.773 308.027 147.195 143.129 134.741 136.063 132.109 128.811 158.392 184.356 127.756
threshold=-8.9815075964536124 -6.00910642487516 -7.9937480013767246 -6.3304506924356714 65.053736679763801 977.50000000000011 0.95019500578703731 15083.500000000002 -0.41748473654720891 -95068.305367675799 13686.500000000002 -5.5265860328747483 -12.459983534769718 564.50000000000011 297.50000000000006 0.3362281685889919 9280.5000000000018 14974.500000000002 14908.500000000002 0 -77905.717509966882 -72869.081003135769 7.3365338571321503 4.2407709143518533 9.1893487371359424 7251.5000000000009 78.683415288925019 12987.500000000002 -7.136528435372421 12778.500000000002
decision_type=2 2 2 2 2 2 2 2 2 2 2 2 2 2 2 2 2 2 2 1 2 2 2 2 2 2 2 2 2 2
left_child=4 2 -2 6 12 -3 -4 8 -8 23 15 -7 -1 14 -14 26 25 18 19 29 -21 -22 -23 -10 -25 -5 -11 -28 -29 -18
right_child=1 5 3 16 -6 11 7 -9 9 10 -12 -13 13 -15 -16 -17 17 -19 -20 20 21 22 -24 24 -26 -27 27 28 -30 -31
leaf_value=-0.026850828333492061 0.0028094228529326254 0.031018974054352833 0.059219143656670019 0.029275866792068513 -0.036178000749958944 -0.0229069734031646 0.01102423900682316 0.047581001384674242 0.057216427799918125 0.040688920333523934 -0.012590354490818041 -0.032541913835801684 -0.036737234249901628 -0.016990132780530333 0.044186580011076754 0.01283874980623321 0.030484105748076602 0.059140843260241438 -0.023286065831333348 0.055667988206059241 -0.028812511280650883 -0.032470863849452712 0.052832516046483896 0.054827044386575922 0.031113858959760904 0.058483894071465418 0.043588947580797538 0.060594255861333116 -0.048821322828892677 -0.0036479869280860891
leaf_weight=7131.6257445961237 2458.4743059724569 242.45724977552891 1848.0675303339958 1378.688486173749 11288.644448176026 7584.2225940823555 677.50704520940781 9664.9451812207699 1984.7282685637474 6372.1497180461884 426.36587870121002 11715.358403041959 78.722185850143433 2365.6389377564192 217.11291325092316 596.77151560783386 395.06527069211006 319.58361095190048 260.54388451576233 655.72987964749336 208.60124760866165 68.760765612125397 172.62702640891075 961.39215064048767 1631.4646809697151 538.29732567071915 191.2557712495327 52.180438041687012 146.82023647427559 895.7795744240284
leaf_count=29791 6231 161 567 680 60092 2880 793 5490 1018 3862 277 5185 197 8513 390 434 326 136 93 371 37 24 123 495 1354 314 145 23 48 546
internal_value=0.00022909 0.0126341 0.0375307 0.0404295 -0.0300441 -0.028014 0.0431589 0.0418517 0.0376055 0.0390622 0.0341531 -0.0287556 -0.0229734 -0.0125837 0.0226526 0.0368612 0.0267352 0.0198171 0.0150874 0.0192592 0.0338065 0.00194954 0.0285333 0.0474116 0.0399063 0.0374776 0.0389812 0.0110966 -0.0201312 0.0067982
internal_weight=72529.6 51447.8 31905.8 29447.3 21081.7 19542 24553.6 22705.6 13040.6 12363.1 7785.54 19299.6 9793.1 2661.47 295.835 7359.18 4893.68 2976.69 2657.11 2396.56 1105.72 449.989 241.388 4577.59 2592.86 1916.99 6762.41 390.256 199.001 1290.84
internal_count=130596 31613 23387 17156 98983 8226 14506 13939 8449 7656 4789 8065 38891 9100 587 4512 2650 1656 1520 1427 555 184 147 2867 1849 994 4078 216 71 872
cat_boundaries=0 1
cat_threshold=4
is_linear=0
shrinkage=0.05


Tree=32
num_leaves=31
num_cat=2
split_feature=3 4 6 3 6 5 4 2 2 3 11 7 2 7 11 6 2 7 0 2 2 5 2 6 2 8 1 8 6 0
split_gain=42622.9 1154.09 435.447 431.756 349.476 518.807 622.391 440.438 275.84 255.892 235.913 275.47 273.927 221.477 220.128 280.426 364.478 218.584 230.515 204.111 307.336 285.616 283.185 200.327 200.019 196.845 191.78 191.591 188.157 180.26
threshold=-6.0867691321245561 50.667246900856171 -6.9679860126858228 -6.00910642487516 -14.346691083528549 0 16.583014443101831 15222.500000000002 977.50000000000011 -6.1923635144265097 -57239.379690559108 1840.5000000000002 5438.0000000000009 3247.5000000000005 -366805.58974333171 -14.418107208784514 7480.0000000000009 237.50000000000003 6.4297122685185197 10884.500000000002 13474.500000000002 1 13534.000000000002 -6.2653201596783097 5223.0000000000009 -0.49107891646721752 43621.000000000007 -0.061133783271088753 -6.3642650009595618 1.8857531770833333
decision_type=2 2 2 2 2 1 2 2 2 2 2 2 2 2 2 2 2 2 2 2 2 1 2 2 2 2 2 2 2 2
left_child=1 2 4 27 5 6 14 26 -5 -3 13 12 24 23 -1 -16 -17 18 -6 21 -21 -15 -22 -4 -12 -13 -8 -2 -24 -10
right_child=3 9 10 8 17 -7 7 -9 29 -11 11 25 -14 19 15 16 -18 -19 -20 20 22 -23 28 -25 -26 -27 -28 -29 -30 -31
leaf_value=0.041492622546519309 -0.053252552396498704 -0.038769696000919951 -0.031053161938522911 -0.015671071821353293 -0.010094600053867029 -0.036384565663304835 -0.034683270245051738 0.048299524129040608 0.050079959650196765 0.0022765256363275728 0.0067112983545567721 0.0057080603451680565 -0.044355575071884319 0.055392540218315904 -0.0098319886693115852 0.081243693242820159 -0.042818242012672758 -0.033007662676295887 0.11790333409691321 -0.02902401178780193 0.057155395588637241 -0.011100026623995021 0.010439264864965558 -0.0011417570790941728 0.087603486327903227 -0.038184190845128106 0.042388152694960851 0.018743356541918013 -0.032294870886573193 0.041027813916078598
leaf_weight=552.31808537244797 100.05285558104515 22793.585450097919 1374.3864161372185 202.64143934845924 146.25913296639919 2329.8875959664583 1914.9426269829273 189.62239411473274 6872.6100690662861 386.14138442277908 485.10514722764492 290.70539866387844 237.58683627843857 369.4230589568615 937.86486001312733 209.90045803785324 82.458852767944336 11985.455535322428 46.313078016042709 863.84339497983456 248.02812859416008 286.94607983529568 951.6000259667635 944.40739604830742 90.707507520914078 2105.6888459175825 84.267453119158745 1209.0394782423973 353.17712345719337 27529.954413712025
leaf_count=365 115 74084 1076 161 270 8254 6796 81 723 231 206 333 159 166 2401 100 320 22415 21 778 26 303 511 776 9 1635 116 473 350 7342
internal_value=-0.000171569 -0.0298965 -0.0228868 0.0414273 -0.0272125 -0.0176535 -0.00666456 -0.0245272 0.0424936 -0.0380859 -0.0135937 -0.0243259 0.000815932 -0.00720482 0.0152694 0.00349633 0.0462525 -0.0321586 0.0206885 0.00159788 -0.00511777 0.0263239 0.00818154 -0.0188707 0.0194542 -0.0328596 -0.0314347 0.0132408 -0.00112801 0.0428362
internal_weight=86174.9 50260.6 27080.9 35914.3 18479.3 6301.26 3971.37 2188.83 34605.2 23179.7 8601.61 3209.79 813.399 5391.81 1782.54 1230.22 292.359 12178 192.572 3073.02 2416.65 656.369 1552.81 2318.79 575.813 2396.39 1999.21 1309.09 1304.78 34402.6
internal_count=130596 121782 47467 8814 41139 18433 10179 6993 8226 74315 6328 2342 374 3986 3186 2821 420 22706 291 2134 1665 469 887 1852 215 1968 6912 588 861 8065
cat_boundaries=0 1 2
cat_threshold=4 8
is_linear=0
shrinkage=0.05


Tree=33
num_leaves=31
num_cat=3
split_feature=3 4 0 5 3 5 3 4 11 11 0 8 4 1 1 8 2 5 6 4 2 1 2 2 11 6 4 6 2 7
split_gain=39640 1153.11 444.331 393.623 368.167 240.177 227.302 220.854 207.524 195.015 188.119 173.419 163.341 164.514 148.977 119.808 118.47 110.249 118.085 219.527 155.832 370.632 281.229 108.325 108.238 104 103.117 101.779 100.877 98.8733
threshold=-8.1184156488641683 32.608050211366837 2.8853423263888893 0 -6.1618438335499954 1 -9.5353615431252994 15.728093583246443 -385498.41272407508 -456629.99999999994 3.7959116145833343 4.2429791741218539 3.5327068242902757 30740.500000000004 41393.500000000007 -0.08883508125705751 3568.0000000000005 2 -4.9700078719056959 3.5327068242902757 14574.500000000002 2975.5000000000005 2266.0000000000005 13048.500000000002 -31390.718680632068 -7.9525304690071295 49.757308032761053 -6.3642650009595618 15489.500000000002 1709.5000000000002
decision_type=2 2 2 1 2 1 2 2 2 2 2 2 2 2 2 2 2 1 2 2 2 2 2 2 2 2 2 2 2 2
left_child=1 3 -2 -1 5 -4 9 8 29 10 -3 14 -7 15 28 -14 24 -6 -19 -20 21 22 -21 -23 -8 -17 -27 -10 -9 -5
right_child=2 6 4 7 17 12 16 11 27 -11 -12 -13 13 -15 -16 25 -18 18 19 20 -22 23 -24 -25 -26 26 -28 -29 -30 -31
leaf_value=0.047054418818987274 -0.036010830363456224 0.050013795035364066 -0.026042282129870899 -0.022496651972200618 -0.034405820183046075 -0.034911710577005747 -0.053279477400470898 0.035069780121052552 0.019666507681804543 0.046001682666075697 -0.035861884636633388 -0.016478820690778703 0.0063981123957138827 -0.027249580387017143 -0.013611691783051789 0.0094511868890898108 0.03238212939545989 -0.02952073106038279 -0.033994074407576555 -0.032883869342691684 -0.025628982948880816 -0.013605105096511642 0.1077768066136524 0.085127462854635433 0.020886724949109037 -0.018251719157939068 7.255440534324772e-05 -0.013955489486201534 -0.020096823755731234 0.058326393636009347
leaf_weight=1807.4185432493687 14490.687709122896 114.82873430848122 8909.4152783751488 452.67217698693275 8997.3905342817307 856.864088088274 79.311088472604752 4079.9626389443874 5015.8903256356716 24136.929050415754 143.42813745141029 192.0991076529026 1129.8887465000153 1409.9461875557899 171.42635130882263 522.16445058584213 1913.510479003191 8930.642037987709 994.44233438372612 47.509969830513 448.9132641851902 541.60499006509781 140.97996428608894 29.282915353775024 129.54523241519928 3426.2267329096794 989.45926064252853 235.66166618466377 84.58493185043335 41.291401207447052
leaf_count=5282 4956 349 6052 278 2654 443 18 10222 10059 72304 108 248 1509 957 205 755 4596 3564 286 15 219 389 438 79 259 2785 1172 222 57 116
internal_value=-2.58388e-05 0.0383407 -0.0285784 0.025537 -0.0256968 -0.0203349 0.0441739 0.0217515 0.0152434 0.0455393 0.00232101 0.0300094 -0.0142339 -0.0118645 0.0320689 -0.0082895 0.0284794 -0.0302897 -0.0269634 -0.0165949 -0.00227507 0.0115308 0.0723225 -0.00854075 -0.00727714 -0.0116503 -0.0141456 0.0181577 0.0339493 -0.0157405
internal_weight=90464 38598.6 51865.4 12081 37374.7 17244 26517.6 10273.6 5745.52 24395.2 258.257 4528.07 8334.55 7477.69 4335.97 6067.74 2122.37 20130.8 11133.4 2202.73 1208.29 759.378 188.49 570.888 208.856 4937.85 4415.69 5251.55 4164.55 493.964
internal_count=130596 104323 26273 26689 21317 13673 77634 21407 10675 72761 457 10732 7621 7178 10484 6221 4873 7644 4990 1426 1140 921 453 468 277 4712 3957 10281 10279 394
cat_boundaries=0 1 2 3
cat_threshold=1 8 8
is_linear=0
shrinkage=0.05


Tree=34
num_leaves=31
num_cat=0
split_feature=3 3 3 3 4 2 0 1 4 11 7 8 8 2 6 6 4 2 2 6 4 1 4 11 2 1 4 4 4 4
split_gain=9974.37 18688.6 1127.7 393.952 367.011 314.219 196.854 207.423 189.092 192.064 180.813 177.4 192.214 174.688 168.152 155.291 203.455 132.156 232.442 142.093 167.585 264.205 128.467 127.911 247.527 149.685 125.176 126.707 123.384 122.476
threshold=-8.9815075964536124 -6.00910642487516 -7.9937480013767246 -6.3304506924356714 65.053736679763801 977.50000000000011 0.95019500578703731 15083.500000000002 3.0725797804206416 -13969.208740483242 854.50000000000011 -0.41748473654720891 0.15803663919778546 15489.500000000002 -5.9361040023224918 -11.520352774889581 7.3365338571321503 14974.500000000002 14908.500000000002 -6.0596080446663345 9.1893487371359424 2044.5000000000002 8.8502927588511309 -95919.902972108233 13686.500000000002 3826.5000000000005 50.667246900856171 63.972740015658417 149.32604569334856 15.728093583246443
decision_type=2 2 2 2 2 2 2 2 2 2 2 2 2 2 2 2 2 2 2 2 2 2 2 2 2 2 2 2 2 2
left_child=4 2 29 6 15 -3 -4 8 9 -8 -11 -10 23 14 26 -1 -17 18 19 20 -5 -22 -21 -13 28 -26 -7 -28 -25 -2
right_child=1 5 3 17 -6 13 7 -9 11 10 -12 12 -14 -15 -16 16 -18 -19 -20 22 21 -23 -24 24 25 -27 27 -29 -30 -31
leaf_value=-0.026054753957102744 0.019226721944269665 0.02903272691699102 0.056402766199108417 0.047860607439113884 -0.035695879526074267 -0.020738878684645325 0.057421470084775966 0.044936564085827885 0.0078019843062688311 -0.040882647622412671 0.056071670440990706 0.045021895096549469 0.017505186546428193 0.04340501246772302 -0.03012151720042873 0.014928689905076382 -0.019194403967840647 0.056147983317622822 -0.023067146217750002 -0.022358846354963487 -0.027361339624817616 0.028508801411086349 0.020281445213603991 0.036995908124534654 -0.031648505818058628 0.023155489869820869 0.10994078667882534 0.0025449093662219743 -0.014307398352630419 -0.0047870408981362939
leaf_weight=6998.8951097130775 776.670359775424 244.08834081888199 1836.8317285180092 965.21621555089951 10778.167760252953 1796.1486556828022 1446.5190654397011 9683.067956507206 657.67895799875259 103.08322450518608 90.136086672544479 3332.2598632574081 1434.6012569665909 85.103404611349106 16415.655915647745 562.327382594347 1957.3179816156626 321.35708978772163 258.61753314733505 255.89466142654419 232.95240360498428 2308.8907998204231 570.34334929287434 5410.3072553873062 219.97387036681175 287.34613394737244 29.890641644597054 338.31514312326908 119.78975769877434 1678.4137032926083
leaf_count=29770 1588 161 567 471 60092 818 539 5490 780 14 43 2077 1156 22 6974 1398 7723 136 93 111 90 1345 404 3504 123 178 56 195 35 4643
internal_value=0.000259124 0.0120771 0.0353705 0.0380771 -0.0293774 -0.0273299 0.0406567 0.0393873 0.035286 0.0511673 0.00434618 0.0330141 0.0345488 -0.028067 -0.0283944 -0.0222229 -0.0115789 0.0251501 0.0229808 0.025729 0.0301237 0.0233885 0.0070753 0.0371584 0.0328182 -0.000607514 -0.0152946 0.0112632 0.0358846 0.00280976
internal_weight=71195.9 50899.2 31990 29534.9 20296.7 18909.2 24621.6 22784.8 13101.7 1639.74 193.219 11462 10804.3 18665.1 18580 9518.54 2519.65 4913.27 4591.91 4333.3 3507.06 2541.84 826.238 9369.68 6037.42 507.32 2164.35 368.206 5530.1 2455.08
internal_count=130596 31613 23387 17156 98983 8226 14506 13939 8449 596 57 7853 7073 8065 8043 38891 9121 2650 2514 2421 1906 1435 515 5917 3840 301 1069 251 3539 6231
is_linear=0
shrinkage=0.05


Tree=35
num_leaves=31
num_cat=1
split_feature=3 4 6 3 6 5 4 2 2 3 11 7 2 7 2 4 7 2 0 11 6 2 0 8 2 0 1 8 7 4
split_gain=38733.7 1128.87 414.177 397.785 336.137 492.398 574.8 404.51 250.769 247.517 222.688 264.177 258.342 210.762 224.385 400.163 209.353 207.486 327.584 308.062 423.232 202.878 201.867 188.174 180.012 178.33 177.513 177.333 173.979 170.894
threshold=-6.0867691321245561 50.667246900856171 -6.9679860126858228 -6.00910642487516 -14.346691083528549 0 16.583014443101831 15222.500000000002 977.50000000000011 -6.1923635144265097 -57239.379690559108 1840.5000000000002 5438.0000000000009 5547.5000000000009 10884.500000000002 30.754137994823569 237.50000000000003 7413.5000000000009 6.341646481481483 -108752.58127161059 -17.706097053281443 12263.000000000002 6.4297122685185197 -0.49107891646721752 5223.0000000000009 1.441266354166667 43621.000000000007 -0.061133783271088753 59873.500000000007 17.395043626706709
decision_type=2 2 2 2 2 1 2 2 2 2 2 2 2 2 2 2 2 2 2 2 2 2 2 2 2 2 2 2 2 2
left_child=1 2 4 27 5 6 17 26 -5 -3 13 12 24 -4 -15 -16 22 18 -1 20 21 -19 -6 29 -12 -10 28 -2 -8 -13
right_child=3 9 10 8 16 -7 7 -9 25 -11 11 23 -14 14 15 -17 -18 19 -20 -21 -22 -23 -24 -25 -26 -27 -28 -29 -30 -31
leaf_value=-0.043829376606418585 -0.052090371483531288 -0.038109647650875593 -0.015533796650979906 -0.015102772057141028 -0.009480881501076989 -0.0355930574090546 -0.0351844501642588 0.045559613045090042 0.049652293155624971 0.0023104552852223465 0.0066779523134385399 -0.045442605572524164 -0.043716938239593023 0.032815690033618075 -0.02450577186838257 0.0233142542327422 -0.032213813086873169 -0.043392132668455513 0.064969619456260994 0.075624101372280483 -0.043603889890747913 0.036964549554003259 0.10802224392516169 -0.037453418005248457 0.082588476107957651 0.039423637257900768 0.039524394956717779 0.017754868804903932 0.14683574460961077 0.034279054107579379
leaf_weight=290.33643646538258 98.252593606710434 21887.202500611544 3017.0825170427561 200.86871637403965 144.58941435813904 2246.8465305864811 1835.1039196103811 191.55529561638832 4996.2626568377018 385.41784578561783 484.68581521511078 105.21422007679939 230.31220933794975 537.75577463209629 1021.3876289129257 765.24916888773441 11647.018930867314 86.935671836137772 90.829049855470657 237.27077840268612 256.33770814538002 814.06467546522617 48.917769432067871 2046.8394844383001 93.098761260509491 28962.055071294308 86.197464033961296 1210.6286037564278 13.22259685397148 186.16586151719093
leaf_count=917 115 74084 2475 161 270 8254 6792 81 464 231 206 148 159 346 716 449 22415 318 85 90 906 870 21 1635 9 7601 116 473 4 185
internal_value=-0.000191303 -0.0291145 -0.022136 0.0395626 -0.0264316 -0.0169471 -0.00620996 -0.0237486 0.0405991 -0.0374102 -0.0130319 -0.0235843 0.00106058 -0.00681621 0.0044993 -0.00402358 -0.0313568 0.0147886 -0.0179033 0.0237237 0.0130834 0.0292111 0.0202234 -0.0321017 0.0189095 0.0409286 -0.0306115 0.0125119 -0.0338823 0.00549242
internal_weight=84217.7 48749.6 26477 35468.1 17989.2 6148.7 3901.85 2126.08 34159.2 22272.6 8487.79 3146.32 808.097 5341.48 2324.39 1786.64 11840.5 1775.77 381.165 1394.61 1157.34 901 193.507 2338.22 577.785 33958.3 1934.52 1308.88 1848.33 291.38
internal_count=130596 121782 47467 8814 41139 18433 10179 6993 8226 74315 6328 2342 374 3986 1511 1165 22706 3186 1002 2184 2094 1188 291 1968 215 8065 6912 588 6796 333
cat_boundaries=0 1
cat_threshold=4
is_linear=0
shrinkage=0.05


Tree=36
num_leaves=31
num_cat=1
split_feature=3 4 0 5 8 3 8 4 11 11 0 1 2 6 8 4 2 3 0 0 4 8 1 2 6 11 0 2 6 8
split_gain=36008.5 1188.95 434.355 404.207 324.857 256.505 249.247 197.124 186.163 176.799 175.572 169.952 126.796 145.411 129.921 122.266 104.896 102.16 102.118 100.281 99.4321 99.3483 98.9659 111.167 128.333 124.727 98.6959 95.681 93.8643 112.558
threshold=-8.0343750354346799 32.608050211366837 2.8853423263888893 0 -0.047816083265034941 -9.5353615431252994 0.037580956767278913 15.728093583246443 -456629.99999999994 -385498.41272407508 3.7959116145833343 23564.000000000004 12544.500000000002 -6.996754998668437 2.0695472511178363 3.0725797804206416 3730.0000000000005 -8.2853350152177025 6.5453951678240765 5.4739552199074089 61.86477065305386 17.994550495134295 29226.500000000004 14838.500000000002 -3.65668999737253 -80790.136953588531 5.099215462962964 14163.500000000002 -8.2870978830988822 -0.64556013550636571
decision_type=2 2 2 1 2 2 2 2 2 2 2 2 2 2 2 2 2 2 2 2 2 2 2 2 2 2 2 2 2 2
left_child=1 3 -2 -1 22 8 15 9 10 27 -3 12 13 -9 17 -6 20 -14 -17 21 -7 -13 23 24 25 -4 -10 -5 29 -11
right_child=2 5 4 7 6 16 -8 11 26 28 -12 19 14 -15 -16 18 -18 -19 -20 -21 -22 -23 -24 -25 -26 -27 -28 -29 -30 -31
leaf_value=0.045817044258028676 -0.035352719700791853 0.048702597604712614 0.006999718511169338 0.066756682342847831 -0.037328702723348282 -0.02352510628190934 -0.019100944982437824 0.04356315115063375 0.04603269035181589 0.038968199233189137 -0.035065106510889926 0.032633306311443802 0.028856398794996518 -0.013236675410510082 -0.025444810049533501 -0.029513280180118919 0.030217636995063708 -0.022681831838837162 -0.019693759718544285 -0.017402440946256186 0.055346302934421956 -0.05334604214375286 -0.028761641917803796 -0.027892027905676173 0.11017452476082537 -0.013484722711735465 0.036966986368479053 -0.021011641917197219 -0.00045323194809481989 0.016023514096583539
leaf_weight=1766.5445039570332 13956.47123581171 111.32541760802269 1008.9993004202843 33.335928052663803 4161.1958907097578 175.58437988162041 7544.6074587106705 1921.3205118179321 19875.911507427692 616.54302722215652 142.77578631043434 289.50990453362465 1654.5408691465855 119.6991973221302 132.71298268437386 15756.070499747992 2056.6035512089729 102.08571210503578 3182.4378104805946 298.75336191058159 51.734017193317413 38.008873283863068 930.16341590881348 797.08298376202583 23.078244835138321 2819.9668698310852 3536.3204165995121 453.23843747377396 709.43844377994537 4016.9209735393524
leaf_count=5296 4843 349 1316 91 1132 166 5237 5370 62217 1569 108 705 4000 153 163 7653 4898 102 2158 333 146 8 535 441 73 2293 10087 303 1011 7840
internal_value=-3.25712e-05 0.0366129 -0.0278584 0.0237065 -0.0249709 0.0426571 -0.0269913 0.0199457 0.0442014 0.0138557 0.00163474 0.027737 0.0315915 0.040232 0.0222574 -0.0295683 0.0266552 0.0258613 -0.0278632 0.00354639 -0.00557524 0.0226553 -0.0138739 -0.0108952 -0.00737819 -0.00808672 0.0446634 -0.0149985 0.0164834 0.0190766
internal_weight=88283 38102.9 50180.1 12152.7 36223.6 25950.3 30644.3 10386.1 23666.3 5829.48 254.101 4556.63 3930.36 2041.02 1889.34 23099.7 2283.92 1756.63 18938.5 626.272 227.318 327.519 5579.29 4649.13 3852.04 3828.97 23412.2 486.574 5342.9 4633.46
internal_count=130596 104915 25681 26944 20838 77971 16180 21648 72761 10814 457 10834 9788 5523 4265 10943 5210 4102 9811 1046 312 713 4658 4123 3682 3609 72304 394 10420 9409
cat_boundaries=0 1
cat_threshold=1
is_linear=0
shrinkage=0.05


Tree=37
num_leaves=31
num_cat=2
split_feature=3 3 3 4 3 2 0 1 6 2 11 2 6 4 5 4 7 2 2 2 1 5 2 2 4 1 7 8 2 11
split_gain=9135.69 16806.3 992.184 367.841 358.636 289.236 189.275 194.023 181.63 211.096 179.924 338.085 150.445 191.133 149.025 177.386 140.287 138.716 125.615 190.826 147.217 130.119 133.88 197.168 123.016 150.076 141.16 118.302 117.93 160.312
threshold=-8.9815075964536124 -6.00910642487516 -7.9937480013767246 65.053736679763801 -6.3304506924356714 722.50000000000011 0.95019500578703731 15083.500000000002 -5.9361040023224918 15489.500000000002 -95068.305367675799 13686.500000000002 -11.520352774889581 7.3365338571321503 0 8.5395426052325742 4738.5000000000009 14757.500000000002 9280.5000000000018 14974.500000000002 464.50000000000006 1 14899.500000000002 12671.000000000002 4.6388387182848723 2044.5000000000002 4023.5000000000005 0.3362281685889919 10751.500000000002 -59868.371678258663
decision_type=2 2 2 2 2 2 2 2 2 2 2 2 2 2 1 2 2 2 2 2 2 1 2 2 2 2 2 2 2 2
left_child=3 2 -2 12 6 -3 -4 10 28 -10 14 27 -1 -14 15 -8 -17 -18 -6 20 -20 24 23 -23 -22 -26 -27 -12 29 -7
right_child=1 5 4 -5 18 8 7 -9 9 -11 11 -13 13 -15 -16 16 17 -19 19 -21 21 22 -24 -25 25 26 -28 -29 -30 -31
leaf_value=-0.025341210345789917 0.0028382997361478717 0.030935145875956784 0.053942623556373415 -0.035228367933106471 0.03358642093066793 0.082919966850888649 0.049860388956223078 0.042555065073391685 -0.029518111044677948 0.072749145310501098 0.03289930922741547 -0.014108000047914238 0.014631477173431688 -0.018486568843093264 0.048673826739590018 -0.002870153835836282 0.014311525198359426 0.053570707472160299 -0.026348448837801443 0.053604779380602069 0.063780595337956367 0.0077784745281377814 -0.024335745726725866 0.052460777717939916 -0.0309244139312983 0.050704946821133405 0.0017971408184001383 0.0098854881983067577 -0.022367406037522769 -0.0044391053107915397
leaf_weight=6780.1593048274517 2449.1955408602953 215.43301033973694 1818.7339635193348 10282.843424886465 1933.0650577247143 56.731135949492455 792.5190731883049 9673.193952858448 15863.722591683269 50.62094047665596 7227.394419491291 436.17883041501045 564.1881884932518 1912.3360922038555 2704.6295990943909 446.47556719183922 519.69161731004715 396.79234406352043 219.6946574151516 322.02726420760155 85.394347101449966 414.67671111226082 107.23698657751083 610.18299838900566 273.97764924168587 181.75157418847084 783.67103180289268 605.17182841897011 1402.8596399277449 706.76732783019543
leaf_count=29770 6231 117 567 60092 994 38 419 5490 7010 16 4534 302 1398 7723 1506 531 475 248 73 136 54 189 46 325 128 152 553 434 680 365
internal_value=0.000295089 0.0115665 0.0334202 -0.0287194 0.0359547 -0.0266576 0.0384199 0.0371818 -0.0273439 -0.0291928 0.0332228 0.0287353 -0.0214888 -0.0109418 0.0408576 0.0310501 0.0201125 0.0313088 0.0236477 0.0172407 0.0128656 0.0163721 0.0288196 0.0343815 0.00573521 0.0017359 0.0110046 0.0311212 -0.0137612 0.00205204
internal_weight=69837.3 50297.8 32001.7 19539.5 29552.5 18296.1 24620.8 22802 18080.7 15914.3 13128.9 8268.75 9256.68 2476.52 4860.11 2155.48 1362.96 916.484 4931.68 2998.61 2676.59 2456.89 1132.1 1024.86 1324.79 1239.4 965.423 7832.57 2166.36 763.498
internal_count=130596 31613 23387 98983 17156 8226 14506 13939 8109 7026 8449 5270 38891 9121 3179 1673 1254 723 2650 1656 1520 1447 560 514 887 833 705 4968 1083 403
cat_boundaries=0 1 2
cat_threshold=4 4
is_linear=0
shrinkage=0.05


Tree=38
num_leaves=31
num_cat=1
split_feature=3 4 6 3 6 5 4 2 3 2 11 7 2 7 7 1 2 0 11 6 2 8 0 0 11 0 8 1 4 7
split_gain=35196.5 1107.1 397.253 368.105 322.597 469.794 531.673 370.883 245.131 228.765 213.67 249.708 241.437 203.995 201.687 194.19 190.916 307.511 280.237 394.312 187.06 181.509 180.175 179.405 248.245 178.318 166.692 165.805 160.986 158.872
threshold=-6.0867691321245561 50.667246900856171 -6.9679860126858228 -6.00910642487516 -14.346691083528549 0 16.583014443101831 15222.500000000002 -6.3638131163992062 977.50000000000011 -57239.379690559108 1840.5000000000002 5438.0000000000009 3247.5000000000005 237.50000000000003 1976.5000000000002 7413.5000000000009 6.341646481481483 -108752.58127161059 -17.706097053281443 12263.000000000002 -0.49107891646721752 6.4297122685185197 3.6024492881944457 -62201.453070660224 1.441266354166667 -0.061133783271088753 43621.000000000007 17.395043626706709 59873.500000000007
decision_type=2 2 2 2 2 1 2 2 2 2 2 2 2 2 2 2 2 2 2 2 2 2 2 2 2 2 2 2 2 2
left_child=1 2 4 26 5 6 16 27 -3 -5 13 12 -12 15 22 -4 17 -1 19 20 -18 28 -6 24 -15 -11 -2 29 -13 -8
right_child=3 8 10 9 14 -7 7 -9 -10 25 11 21 -14 23 -16 -17 18 -19 -20 -21 -22 -23 -24 -25 -26 -27 -28 -29 -30 -31
leaf_value=-0.043283625073203345 -0.051293526318340936 -0.037849832409874475 -0.0086178249521024885 -0.014590018263334798 -0.0088044255544731508 -0.034872789392589171 -0.034429237426445942 0.042970171102966075 -0.01032484863406654 0.047977805616112264 0.018106396097678758 -0.044864054694931266 -0.043120946155564568 -0.03520659350622253 -0.031443408566210744 -0.041317413871091224 -0.042864407122255331 0.06145958486374245 0.071791177317081165 -0.043086518023246069 0.035338208142308113 -0.036748942218714692 0.10070530906236486 0.007956804163105893 0.06780352096583131 0.037643024833156943 0.016853331626946241 0.037332296973265199 0.032990621009860534 0.13413948420278213
leaf_weight=282.1053980588913 96.911763161420822 20542.403667852283 1631.6208028495312 199.18601137399673 142.75749923288822 2168.6803159564734 1768.963969245553 193.19452199339867 842.03754681348801 4888.1349999010563 579.17325429618359 102.56196483969688 223.00533521175385 502.03628523647785 11314.609860241413 629.08249047398567 84.372313603758812 93.230206370353699 242.23409259319305 248.91218936443329 816.2095792889595 1988.09113240242 50.971059262752533 2466.9339339584112 66.199450105428696 28561.948672235012 1211.8263652324677 87.674493163824081 188.31160402297974 14.088982343673704
leaf_count=917 115 73630 1227 161 270 8254 6792 81 685 464 215 148 159 416 22415 625 318 85 90 906 870 1635 21 1701 17 7601 473 116 185 4
internal_value=-0.000215654 -0.0283472 -0.0213922 0.0378233 -0.0256768 -0.0162769 -0.00574991 -0.0229851 -0.036766 0.0388351 -0.0124375 -0.0229066 0.00108522 -0.00634657 -0.0305773 -0.0177171 0.0143807 -0.0172663 0.0229156 0.012616 0.0280117 -0.0313515 0.0200082 0.00212261 -0.0232059 0.0391533 0.0118071 -0.0297965 0.00553908 -0.0330973
internal_weight=82227.5 47269.5 25885 34958 17508 5999.67 3830.99 2063.92 21384.4 33649.3 8377.02 3081.14 802.179 5295.87 11508.3 2260.7 1767.06 375.336 1391.73 1149.49 900.582 2278.96 193.729 3035.17 568.236 33450.1 1308.74 1870.73 290.874 1783.05
internal_count=130596 121782 47467 8814 41139 18433 10179 6993 74315 8226 6328 2342 374 3986 22706 1852 3186 1002 2184 2094 1188 1968 291 2134 433 8065 588 6912 333 6796
cat_boundaries=0 1
cat_threshold=4
is_linear=0
shrinkage=0.05


Tree=39
num_leaves=31
num_cat=2
split_feature=3 4 0 8 5 4 6 2 1 11 5 3 0 7 6 2 2 3 7 3 2 4 1 2 2 3 1 2 11 3
split_gain=32716.3 1078.91 438.336 381.851 330.478 281.694 279.533 222.143 192.987 162.349 161.874 160.312 125.618 137.314 119.857 137.411 138.156 185.099 155.514 190.363 123.5 115.195 117.856 108.593 106.308 223.877 96.87 130.235 111.575 103.163
threshold=-8.1184156488641683 42.7426932216746 2.3970089699074086 -0.071909147670538673 0 15.728093583246443 -6.1659928052803119 15222.500000000002 31075.500000000004 -385498.41272407508 1 -9.5353615431252994 6.4576120775462966 50409.500000000007 -6.8396815879612243 12410.500000000002 14356.500000000002 -8.9815075964536124 2739.5000000000005 -29.058240367910376 9280.5000000000018 3.5327068242902757 35730.500000000007 14738.500000000002 14163.500000000002 -23.884889763249674 28341.500000000004 14838.500000000002 -80790.136953588531 -4.0029633089292487
decision_type=2 2 2 2 1 2 2 2 2 2 1 2 2 2 2 2 2 2 2 2 2 2 2 2 2 2 2 2 2 2
left_child=1 4 -2 26 -1 9 10 8 14 -6 -5 12 -3 -14 15 -7 18 -18 19 -17 -16 -12 -23 -19 25 -21 27 28 -4 -30
right_child=2 11 3 6 5 7 -8 -9 -10 -11 21 -13 13 -15 20 16 17 23 -20 24 -22 22 -24 -25 -26 -27 -28 -29 29 -31
leaf_value=0.044489043147056873 -0.035598533415106041 0.04428627877556273 0.011092409084388006 -0.026113097921422475 -0.014264970704948941 0.042384340997715007 -0.030434962664151539 -0.021193073771401009 0.002199537678664812 0.016135695056234547 -0.032544290570550666 0.027793946245060781 0.030075856701099968 -0.044692083676141484 -0.032488764714717414 0.040785140092372579 0.044608442089020435 0.05435263597283338 0.031703154644877878 -0.065336187983604993 0.039993833725410988 -0.011195690490764763 -0.030084029236018064 -0.034316350324388033 -0.05627086314195006 0.030825688761266797 -0.026643926486181614 -0.026920198948556337 -0.010446439749520878 0.090448012710688558
leaf_weight=1829.0263743102551 10686.014598339796 20397.410818755627 916.24933904409409 8453.2569053769112 479.82189506292343 2869.2996154129505 17521.36818434298 214.09709298610687 544.85323578119278 5182.2215428650379 937.83853247761726 1745.2226991653442 652.23286414146423 67.790304511785507 136.30484792590141 165.21192109584808 1162.7727457582951 47.236118048429489 602.50323548913002 94.224557489156723 103.30940806865692 5864.552422195673 961.21119025349617 128.3694324195385 150.22731322050095 169.23923215270042 837.70601865649223 742.75960338115692 2403.9255087971687 25.605255961418152
leaf_count=5636 3582 65791 1277 5550 394 8285 6197 164 951 10281 484 4223 1815 74 123 473 3380 133 1586 80 267 5505 566 123 108 436 511 423 2106 72
internal_value=-3.98744e-05 0.0356824 -0.0266351 -0.0241578 0.0246854 0.0216794 -0.0260565 0.028877 0.0306134 0.0135594 -0.0213258 0.0423581 0.0435617 0.0230364 0.0333639 0.0349024 0.0263826 0.0373823 0.0139213 -0.00458555 -0.00123798 -0.0161132 -0.0138556 -0.0104653 -0.0227048 -0.00356541 -0.0111542 -0.00798044 -0.00377583 -0.0093831
internal_weight=86091.9 36741.4 49350.5 38664.5 13878.7 12049.7 33738.2 6387.65 6173.55 5662.04 16216.9 22862.7 21117.4 720.023 5628.7 5389.08 2519.78 1338.38 1181.41 578.903 239.614 7763.6 6825.76 175.606 413.691 263.464 4926.25 4088.54 3345.78 2429.53
internal_count=130596 104323 26273 22691 32420 26784 18302 16109 15945 10675 12105 71903 67680 1889 14994 14604 6319 3636 2683 1097 390 6555 6071 256 624 516 4389 3878 3455 2178
cat_boundaries=0 1 2
cat_threshold=1 8
is_linear=0
shrinkage=0.05


Tree=40
num_leaves=31
num_cat=1
split_feature=3 3 3 4 3 2 2 0 1 4 3 0 0 3 7 2 3 2 4 1 2 6 7 6 7 2 5 7 4 4
split_gain=8355.53 15092.1 880.029 368.557 301.246 265.803 198.977 191.864 219.507 251.37 186.192 174.786 147.147 146.133 149.37 145.68 139.637 137.502 167.802 424.76 270.638 442.896 135.187 132.235 147.657 129.006 595.666 378.02 241.577 125.632
threshold=-8.9815075964536124 -6.00910642487516 -8.199179859084337 65.053736679763801 -6.225957734494636 722.50000000000011 12041.000000000002 1.2874747337962966 22158.000000000004 22.923179279297461 -5.5265860328747483 6.4870321875000014 2.3439051331018526 -12.459983534769718 564.50000000000011 14974.500000000002 -7.9937480013767246 14821.500000000002 3.0725797804206416 517.50000000000011 14878.500000000002 -5.9361040023224918 297.50000000000006 -5.9361040023224918 16807.500000000004 3730.0000000000005 0 564.50000000000011 10.178710220534201 41.962149322402198
decision_type=2 2 2 2 2 2 2 2 2 2 2 2 2 2 2 2 2 2 2 2 2 2 2 2 2 2 1 2 2 2
left_child=3 2 -2 13 7 -3 12 -4 9 -9 17 -10 -6 -1 22 -8 -11 23 -19 -20 21 -21 -15 24 -7 26 28 -28 -12 -22
right_child=1 5 4 -5 6 10 15 8 11 16 25 -13 -14 14 -16 -17 -18 18 19 20 29 -23 -24 -25 -26 -27 27 -29 -30 -31
leaf_value=-0.024735309320674682 -0.004449150416727745 0.029079079876671705 0.048148204790789857 -0.034773447351289039 0.060718277981327395 -0.019000932351523881 0.0017908250931446788 0.036259593072912391 0.043900398508261045 -0.0099411841668817502 0.00079543740427914116 0.019796000591405596 0.02418891287271303 -0.035427284649085809 -0.014957659832150822 0.047459967744649362 0.025370004080128766 -0.029982596313742949 0.15813657082500474 -0.024253127431441625 -0.021651301214255663 0.16248290822530476 0.042799685939260555 -0.027797790470168393 0.020171577581420436 -0.032410651270326933 0.13310274748123163 -0.036111882458909693 0.16632733286147114 0.052003611948027696
leaf_weight=6480.8018613010645 1609.5231425464153 216.5282381772995 2611.8458123654127 9802.7536478936672 341.88140481710434 1031.2543874830008 1474.8517610281706 9335.8674283325672 6492.4458660185337 291.09229391813278 34.694548606872559 850.59236580133438 1423.7039642632008 73.891622051596642 2229.5170807540417 198.07127898931503 7329.2449120283127 437.85222122073174 44.794743448495865 65.635878369212151 556.21409823000431 61.510187894105911 218.66060297191143 4357.3272566944361 313.75607405602932 9762.5517388135195 34.764788642525673 651.98843510448933 60.433852076530457 64.620747685432434
leaf_count=29791 4748 117 936 60092 138 501 708 5743 3599 556 53 573 829 197 8513 91 5466 98 26 22 142 52 390 1784 179 4665 30 393 80 84
internal_value=0.000318472 0.0110686 0.0315796 -0.0280654 0.0334903 -0.0259787 0.0195544 0.0352709 0.0338868 0.0307595 -0.0266609 0.0411082 0.0312623 -0.0207614 -0.0105499 0.00719797 0.0240211 -0.0202964 -0.00513886 0.0085824 -0.000374031 0.0660852 0.0230414 -0.0235675 -0.009863 -0.0308455 -0.0113033 -0.0275459 0.105956 -0.0139848
internal_weight=68458.7 49653 31959.1 18805.6 30349.6 17693.9 3438.51 26911.1 24299.2 16956.2 17477.4 7343.04 1765.59 9002.87 2522.07 1672.92 7620.34 6932.97 1230.63 792.776 747.981 127.146 292.552 5702.34 1345.01 10544.4 781.882 686.753 95.1284 620.835
internal_count=130596 31613 23387 98983 18639 8226 1766 16873 15937 11765 8109 4172 967 38891 9100 799 6022 2888 424 326 300 74 587 2464 680 5221 556 423 133 226
cat_boundaries=0 1
cat_threshold=8
is_linear=0
shrinkage=0.05


Tree=41
num_leaves=31
num_cat=1
split_feature=3 4 6 3 6 5 4 2 3 2 7 11 7 2 7 2 4 0 2 0 11 6 2 8 2 2 1 0 1 11
split_gain=32049.2 1084.01 381.299 339.611 317.771 447.958 491.004 342.526 240.604 209.343 197.43 192.11 222.93 227.073 216.128 236.419 369.226 177.547 175.255 288.764 254.178 367.901 172.429 167.125 161.495 160.166 341.484 159.565 159.132 172.698
threshold=-6.0867691321245561 50.667246900856171 -6.996754998668437 -6.00910642487516 -14.346691083528549 0 16.583014443101831 15222.500000000002 -6.3638131163992062 977.50000000000011 237.50000000000003 -57239.379690559108 1840.5000000000002 5438.0000000000009 5547.5000000000009 10884.500000000002 30.754137994823569 1.8590988773148156 7413.5000000000009 6.341646481481483 -108752.58127161059 -17.706097053281443 12263.000000000002 -0.49107891646721752 5223.0000000000009 14608.500000000002 7423.5000000000009 6.4297122685185197 27497.000000000004 -264645.84397915908
decision_type=2 2 2 2 2 1 2 2 2 2 2 2 2 2 2 2 2 2 2 2 2 2 2 2 2 2 2 2 2 2
left_child=1 2 4 -2 5 6 18 28 -3 -5 27 14 13 24 -4 -16 -17 -11 19 -1 21 22 -20 -14 -13 26 -18 -6 -8 -30
right_child=3 8 11 9 10 -7 7 -9 -10 17 -12 12 23 -15 15 16 25 -19 20 -21 -22 -23 -24 -25 -26 -27 -28 -29 29 -31
leaf_value=-0.042761121300297467 0.011240830988794625 -0.037263838343414492 -0.015146151055613892 -0.014078823998127963 -0.0078802107416630282 -0.034173263804579121 -0.03458784945237374 0.040817595289247562 -0.0098583147573672592 0.04502527516311286 -0.030947168651174486 0.0052493623321690401 0.0054778468928939504 -0.042651236040307905 0.033323719265369485 -0.023726064411055178 0.052595599291023448 0.03573619142774434 -0.042355950892306288 0.058224083429101653 0.06813976683944345 -0.042605718666478047 0.03381494923014839 -0.035082123476195069 0.076122193209749112 0.053696719953806954 -0.030078422939545293 0.094055199869989892 0.04620249135402299 -0.043546878641225195
leaf_weight=273.61882551014423 1306.6432968378067 19683.450486138463 3029.7462433278561 197.61298756301403 139.83587890863419 2091.7563934475183 1584.3243858516216 194.49037590622902 834.84547120332718 6382.006354033947 10794.0893881917 493.05367150902748 290.94772382080555 220.78736683726311 562.73060917854309 1011.7061378061771 220.412442907691 26519.817616462708 81.723359376192093 95.495510756969452 246.79628995060921 241.57030026614666 817.6063637137413 1998.3888283669949 96.034280002117157 264.81218859553337 288.24538630247116 52.919306755065918 134.60719953477383 89.065673366189003
leaf_count=917 588 73630 2548 161 265 8254 6447 81 685 711 22226 215 336 166 358 741 91 7354 318 85 90 906 870 1689 9 118 251 21 182 283
internal_value=-0.000228932 -0.0276077 -0.0206849 0.0362429 -0.0250389 -0.0156264 -0.00530657 -0.0222319 -0.0361488 0.0372298 -0.0300515 -0.0120363 -0.0219515 0.000594787 -0.00632213 0.00506442 -0.0038436 0.037538 0.0139856 -0.0166347 0.0221304 0.0121777 0.0268932 -0.0299274 0.0168032 0.0221629 0.00574602 0.0201053 -0.0290143 0.0104646
internal_weight=80239.1 45833.1 25314.8 34406.1 16837.9 5851.05 3759.3 2002.49 20518.3 33099.4 10986.8 8476.86 3099.21 809.875 5377.65 2347.91 1785.18 32901.8 1756.81 369.114 1387.7 1140.9 899.33 2289.34 589.088 773.47 508.658 192.755 1808 223.673
internal_count=130596 121782 47467 8814 40945 18433 10179 6993 74315 8226 22512 6522 2415 390 4107 1559 1201 8065 3186 1002 2184 2094 1188 2025 224 460 342 286 6912 465
cat_boundaries=0 1
cat_threshold=4
is_linear=0
shrinkage=0.05


Tree=42
num_leaves=31
num_cat=3
split_feature=3 4 0 5 8 6 8 11 1 2 3 1 0 0 2 2 2 6 2 1 2 2 6 4 3 0 7 11 5 5
split_gain=29726.3 1116.02 427.694 375.631 311.291 251.404 247.023 182.479 169.751 268.245 252.833 237.451 160.76 150.894 139.473 293.192 143.69 136.786 136.51 201.889 164.216 135.331 130.616 124.006 106.927 106.281 156.159 103.525 101.919 101.716
threshold=-8.0343750354346799 32.608050211366837 2.8853423263888893 0 -0.047816083265034941 -9.5178415167566062 0.037580956767278913 -456629.99999999994 1567.5000000000002 13826.500000000002 -12.305263218828225 22383.500000000004 3.7959116145833343 3.4390882581018527 14654.500000000002 15025.500000000002 15132.500000000002 -7.2071532416832271 14644.500000000002 1100.5000000000002 14184.000000000002 1446.5000000000002 -18.529736577936532 3.0725797804206416 -8.1569853686202034 6.517793680555557 50409.500000000007 -115800.22192473295 1 2
decision_type=2 2 2 1 2 2 2 2 2 2 2 2 2 2 2 2 2 2 2 2 2 2 2 2 2 2 2 2 1 1
left_child=1 3 -2 -1 -4 7 23 12 9 10 -5 17 -3 -13 18 -16 -17 -10 19 20 28 -12 -15 -6 -22 -9 -27 -24 -11 -23
right_child=2 5 4 8 6 -7 -8 25 11 14 21 13 -14 22 15 16 -18 -19 -20 -21 24 29 27 -25 -26 26 -28 -29 -30 -31
leaf_value=0.043495881351529049 -0.033674163925859681 0.046501431929669192 -0.012050788128746629 0.044473143059544945 -0.035802219327914726 0.026704926827111664 -0.017098834392155916 0.043294358558134197 0.029414245309152817 0.009272035932883808 -0.050929251322824248 0.035868544217506813 -0.035959412080437944 -0.028352481232109636 0.03300700557821578 -0.033524659244841208 0.055001649325149497 -0.0038768520796612013 -0.048094665608196661 -0.043611174498191935 0.048922961111350555 0.030649714292916443 0.035778705450057867 -0.02599045690690456 -0.054669410793753453 0.03141097801391101 -0.046828220465248337 -0.0048925418382438374 -0.059576722793136305 -0.011233577716302933
leaf_weight=1669.1509898006916 13068.152785181999 102.55688863992691 5417.8042716383934 783.07009693980217 3919.2849171757698 3007.8092798292637 7253.3466960340738 20426.101596444845 4982.655592083931 128.80796974897385 99.758905977010727 295.35922181606293 139.5006183385849 374.58311295509338 579.30403703451157 358.49766737222672 52.557571828365326 328.91692653298378 253.57827612757683 235.68576040863991 246.53031760454178 326.59239292144775 229.3993773162365 18054.375987708569 27.709735631942749 626.45144158601761 71.004974186420441 492.09554320573807 92.250490605831146 260.65139386057854
leaf_count=5296 4843 344 4658 2186 1132 7681 5237 67945 12408 223 62 782 105 373 1412 241 138 467 54 197 649 729 573 9811 12 1823 73 726 49 367
internal_value=-4.6693e-05 0.0341253 -0.0259664 0.0215154 -0.023059 0.040239 -0.0250995 0.0421444 0.0179001 0.00887965 0.025051 0.0225361 -0.00102173 0.00414949 -0.00315785 0.0100906 -0.0222057 0.0273527 -0.0164843 -0.0055187 0.0126074 0.00291304 -0.00439781 -0.0277405 0.0384558 0.042639 0.0234458 0.00803889 -0.0194594 0.0120596
internal_weight=83903.5 36190.6 47713 11817.2 34644.8 24373.4 29227 21365.6 10148 3444.99 1470.07 6703.01 242.058 1391.44 1974.92 990.359 411.055 5311.57 984.563 730.984 495.299 687.003 1096.08 21973.7 274.24 21123.6 697.456 721.495 221.058 587.244
internal_count=130596 104915 25681 26944 20838 77971 16180 70290 21648 6319 3344 15329 449 2454 2975 1791 379 12875 1184 1130 933 1158 1672 10943 661 69841 1896 1299 272 1096
cat_boundaries=0 1 2 3
cat_threshold=1 4 4
is_linear=0
shrinkage=0.05


Tree=43
num_leaves=31
num_cat=1
split_feature=3 3 3 4 3 2 3 0 1 4 11 7 8 8 6 4 2 4 1 2 6 6 7 2 5 2 7 0 8 4
split_gain=7641.76 13581.8 781.546 369.126 299.461 243.886 186.905 180.83 177.501 171.657 173.082 159.201 154.468 177.724 142.972 151.845 134.73 161.832 364.518 247.489 366.99 130.869 140.16 128.147 538.091 592.77 196.924 122.973 122.837 171.08
threshold=-8.9815075964536124 -6.00910642487516 -7.9937480013767246 65.053736679763801 -6.3304506924356714 722.50000000000011 -5.5265860328747483 0.95019500578703731 15083.500000000002 3.0725797804206416 -13969.208740483242 854.50000000000011 -0.41748473654720891 0.15803663919778546 -12.251540625459345 7.3365338571321503 14821.500000000002 3.0725797804206416 517.50000000000011 14878.500000000002 -5.9361040023224918 -5.9361040023224918 16807.500000000004 3730.0000000000005 0 3568.0000000000005 4397.5000000000009 2.2595479224537045 0.086036854539486299 161.92780881229552
decision_type=2 2 2 2 2 2 2 2 2 2 2 2 2 2 2 2 2 2 2 2 2 2 2 2 1 2 2 2 2 2
left_child=3 2 -2 14 7 -3 16 -4 9 10 -9 -12 -11 -14 -1 -16 21 -18 -19 20 -20 22 -7 24 26 -26 -8 -28 29 -24
right_child=1 5 4 -5 -6 6 23 8 -10 12 11 -13 13 -15 15 -17 17 18 19 -21 -22 -23 28 -25 25 -27 27 -29 -30 -31
leaf_value=-0.024404998217305934 0.0027234083824720211 0.027312589824009161 0.049833121915295098 -0.034329130084811005 0.020940255554131662 -0.018213079671925654 -0.041393155268429987 0.050600183111804323 0.038398836173896014 0.0039905199545129258 -0.04153058373895941 0.049340631443080353 0.031264094999006183 0.012504012095556537 0.011162921182227857 -0.016922130648763002 -0.029364478842884123 0.1419999271349032 -0.023470321154340397 -0.013166735979802538 0.14414248736001981 -0.027145050019793837 0.12075237707715265 -0.031879385682888735 -0.037385192878389491 0.18641531054146651 -0.0089801060542760124 0.15946206545373476 -0.0032490140101294925 -0.0028799978464530704
leaf_weight=5969.8346138596535 2442.7031061798334 217.3194514811039 1766.527342826128 9339.0680322349072 4950.5564111918211 1004.2982761859894 20.460418000817299 1438.488150537014 9584.1723381578922 669.6456341445446 104.72677898406982 89.294985234737396 9368.5210267305374 1459.0718543827534 618.53084427118301 2168.7791548967361 422.38164496421814 48.356877714395523 63.534005299210548 606.18811604380608 67.197702094912529 4211.8988480865955 58.879767179489136 9395.6468377709389 633.26071707904339 31.037366628646851 12.912172287702559 67.36998039484024 202.00723385810852 53.322229877114296
leaf_count=28003 6231 117 567 60092 2650 501 57 539 5490 780 14 43 5917 1156 1629 9259 98 26 22 226 52 1784 48 4665 384 39 4 72 115 16
internal_value=0.000351659 0.010608 0.0299002 -0.0274141 0.0321558 -0.0253181 -0.025995 0.0344239 0.0332254 0.0294491 0.044621 0.000291239 0.0272948 0.0287361 -0.0200396 -0.0106898 -0.0195377 -0.00440769 0.00901597 0.000289532 0.0626847 -0.0228416 -0.00909467 -0.0302771 -0.010599 -0.0269288 0.0970799 0.132371 0.0200503 0.061998
internal_weight=67086 48989.8 31873.7 18096.2 29431 17116.1 16898.8 24480.4 22713.9 13129.7 1632.51 194.022 11497.2 10827.6 8757.14 2787.31 6738.06 1207.66 785.277 736.92 130.732 5530.41 1318.51 10160.7 765.041 664.298 100.743 80.2822 314.209 112.202
internal_count=130596 31613 23387 98983 17156 8226 8109 14506 13939 8449 596 57 7853 7073 38891 10888 2888 424 326 300 74 2464 680 5221 556 423 133 76 179 64
cat_boundaries=0 1
cat_threshold=8
is_linear=0
shrinkage=0.05


Tree=44
num_leaves=31
num_cat=2
split_feature=3 4 6 3 6 5 4 2 3 2 7 11 7 2 7 6 2 2 2 5 0 6 2 2 7 2 2 2 2 0
split_gain=29157.6 1064.65 369.751 313.197 305.533 426.803 454.348 314.071 236.323 191.391 189.279 183.134 214.742 215.791 204.928 190.442 187.405 277.833 242.194 198.558 177.926 169.534 164.103 164.945 212.305 334.612 222.618 296.955 161.614 271.969
threshold=-6.0867691321245561 50.667246900856171 -6.996754998668437 -6.00910642487516 -14.346691083528549 0 16.583014443101831 15222.500000000002 -6.3638131163992062 977.50000000000011 237.50000000000003 -57239.379690559108 1840.5000000000002 5438.0000000000009 3247.5000000000005 -6.2653201596783097 10884.500000000002 13474.500000000002 13534.000000000002 1 1.441266354166667 -6.3642650009595618 14163.500000000002 14184.000000000002 10021.500000000002 14608.500000000002 14621.500000000002 14562.500000000002 7413.5000000000009 6.341646481481483
decision_type=2 2 2 2 2 1 2 2 2 2 2 2 2 2 2 2 2 2 2 1 2 2 2 2 2 2 2 2 2 2
left_child=1 2 4 -2 5 6 28 -8 -3 -5 -6 14 13 -13 15 -4 19 -18 -19 -16 -11 22 -20 -24 26 -26 27 -25 29 -1
right_child=3 8 11 9 10 -7 7 -9 -10 20 -12 12 -14 -15 16 -17 17 18 21 -21 -22 -23 23 24 25 -27 -28 -29 -30 -31
leaf_value=-0.042289284295190695 0.010737872973950929 -0.03670772659420965 -0.029182524225708363 -0.013551727115615156 0.019722176601127385 -0.033494906396464921 -0.028250836910106294 0.038595754320339792 -0.0094039709622774845 0.045058043179706957 -0.030235722198861888 0.016552504652469956 -0.029204399699525742 -0.042125028925210702 0.049484113354007452 0.00031967599651569305 -0.027266752004604086 0.053991302728610302 -0.044793461964514086 -0.0046903184001299489 0.034483807263011375 -0.030626794848238686 0.092292780292087054 -0.044685844976996313 -0.026104433268318024 0.072947324955378021 -0.045211134727347141 0.093202927439854033 0.021413344758657277 0.055328318632308776
leaf_weight=265.60587567090988 1306.486722022295 18850.939631536603 1348.8526309728622 196.01379996538162 193.08830960094929 2016.9196611344814 1747.0276845693588 195.36488738656044 827.28119195997715 4646.5032359361649 10488.061620846391 589.32191906869411 2231.156696408987 213.43207870423794 384.03536805510521 920.17400585114956 834.58563324809074 246.42980772256851 117.01341482996941 302.25831706821918 27656.764687240124 336.32910022139549 69.31121951341629 70.476538300514221 130.61249516904354 245.56359371542931 232.41006705164909 87.550774604082108 1383.050126105547 97.559597253799438
leaf_count=917 588 73630 1131 161 286 8254 6912 81 685 464 22226 224 2025 166 174 776 798 26 108 310 7601 350 5 73 78 64 200 14 2184 85
internal_value=-0.000251484 -0.0268798 -0.0199774 0.034741 -0.0243427 -0.0150012 -0.00488897 -0.0215274 -0.0355599 0.0357059 -0.0293326 -0.0114203 -0.0212253 0.000951626 -0.00583456 -0.0172183 0.00261606 -0.00404583 0.00857375 0.0256245 0.0360048 -0.000107339 0.0106642 0.0184272 0.0117488 0.0385555 -0.0140787 0.0317077 0.0136187 -0.0160656
internal_weight=78230.2 44424.4 24746.2 33805.8 16386.7 5705.53 3688.61 1942.39 19678.2 32499.3 10681.1 8359.51 3033.91 802.754 5325.6 2269.03 3056.58 2370.28 1535.7 686.294 32303.3 1289.27 952.938 835.925 766.613 376.176 390.437 158.027 1746.22 363.165
internal_count=130596 121782 47467 8814 40945 18433 10179 6993 74315 8226 22512 6522 2415 390 4107 1907 2200 1716 918 484 8065 892 542 434 429 142 287 87 3186 1002
cat_boundaries=0 1 2
cat_threshold=4 8
is_linear=0
shrinkage=0.05


Tree=45
num_leaves=31
num_cat=2
split_feature=3 4 0 8 5 6 4 2 1 3 5 6 0 0 6 6 4 1 2 7 6 2 2 3 7 3 2 4 2 11
split_gain=27015.4 1022.42 431.612 364.676 310.125 271.065 249.038 189.543 180.716 163.438 160.594 137.134 182.043 127.537 127.442 122.152 110.53 113.12 109.391 110.274 107.593 136.169 135.943 179.191 150.299 180.486 113.808 105.51 194.799 180.328
threshold=-8.1184156488641683 42.7426932216746 2.3970089699074086 -0.071909147670538673 0 -6.1659928052803119 15.728093583246443 15222.500000000002 31075.500000000004 -9.5353615431252994 1 -22.776895192938863 4.3253446527777788 6.4576120775462966 -18.7658626767609 -19.275560469717508 3.5327068242902757 35730.500000000007 14644.500000000002 947.50000000000011 -6.8396815879612243 12410.500000000002 14356.500000000002 -8.9815075964536124 2739.5000000000005 -29.058240367910376 9280.5000000000018 7.3365338571321503 7480.0000000000009 -107532.10273723418
decision_type=2 2 2 2 1 2 2 2 2 2 1 2 2 2 2 2 2 2 2 2 2 2 2 2 2 2 2 2 2 2
left_child=1 4 -2 -4 -1 10 11 8 20 13 -5 12 18 -3 15 -15 -12 -18 -6 -20 21 -8 24 -24 25 -23 -22 28 29 -13
right_child=2 9 3 5 6 -7 7 -9 -10 -11 16 27 -14 14 -16 -17 17 -19 19 -21 26 22 23 -25 -26 -27 -28 -29 -30 -31
leaf_value=0.04233594484299201 -0.034037282350417718 0.04218022854250731 -0.009452235134763981 -0.024386877479363491 0.037559981579688984 -0.028690918624481365 0.040113632315856206 -0.020033919530845039 0.00054872306572203349 0.025234898097853915 -0.030777877123511717 -0.055220004690683992 -0.024353685590748589 0.0067433489610328676 0.036373299572517934 -0.089624399039669442 -0.009396857664026181 -0.028300327123217187 -0.029785975755377989 0.057971013378620775 -0.031749811013855017 0.038403572847959977 0.042421739075859 -0.012175347184592226 0.02920511668524748 -0.024626720526615319 0.038219081649290026 0.022599575548747405 0.020032738046711476 0.0010186079519338192
leaf_weight=1722.8683539628983 9966.3050246536732 18977.524025768042 4796.7390491068363 8112.3946766406298 286.67188537120819 16545.778096631169 2737.8697834312916 210.85421547293663 537.20926970243454 1695.4849017858505 890.8183853328228 183.26861137151718 544.92319014668465 207.66432982683182 440.18614828586578 39.07029327750206 5705.7759194672108 918.84995007514954 160.24901419878006 46.094158828258514 136.39823803305626 157.51980885863304 1108.9421503245831 173.84580290317535 579.47165521979332 407.11188679933548 101.26288521289825 2496.777052372694 1209.9673827588558 641.37863323092461
leaf_count=5636 3582 65791 4389 5550 726 6197 8285 164 951 4223 484 16 506 515 1366 8 5505 566 92 133 123 473 3380 256 1586 624 267 5553 2583 1066
internal_value=-5.0636e-05 0.0333312 -0.0248026 -0.0223132 0.0225284 -0.0242306 0.0196166 0.0265523 0.0282061 0.0401299 -0.0195084 0.0119572 -0.00443624 0.0414141 0.0202494 -0.00851643 -0.0142424 -0.0120188 0.0175783 -0.0101823 0.0309563 0.03247 0.0238468 0.0350226 0.0113163 -0.00704266 -0.0019374 0.0157122 0.00726043 -0.0114798
internal_weight=81739.3 34802.6 46936.7 36970.4 13442.7 32173.6 11719.8 6150.49 5939.63 21359.9 15627.8 5569.33 1037.94 19664.4 686.921 246.735 7515.44 6624.63 493.015 206.343 5402.42 5164.76 2426.89 1282.79 1144.1 564.632 237.661 4531.39 2034.61 824.647
internal_count=130596 104323 26273 22691 32420 18302 26784 16109 15945 71903 12105 10675 1457 67680 1889 523 6555 6071 951 225 14994 14604 6319 3636 2683 1097 390 9218 3665 1082
cat_boundaries=0 1 2
cat_threshold=1 8
is_linear=0
shrinkage=0.05


Tree=46
num_leaves=31
num_cat=1
split_feature=3 3 3 4 6 2 0 1 4 3 6 1 4 0 6 4 1 3 2 4 1 2 6 3 6 7 2 5 2 7
split_gain=6981.53 12203.9 691.366 369.353 255.97 224 220.68 233.657 221.377 187.685 184.14 167.19 207.186 164.786 137.321 156.529 136.01 134.257 131.975 156.341 317.513 227.496 310.561 130.669 129.405 133.214 127.172 489.676 548.737 164.877
threshold=-8.9815075964536124 -6.00910642487516 -8.199179859084337 65.053736679763801 -6.0937457905877439 722.50000000000011 0.95019500578703731 26158.500000000004 8.8502927588511309 -5.5265860328747483 -15.378148932331955 8058.5000000000009 43.497254435887491 6.224872401620372 -11.815592607471363 7.3365338571321503 301.50000000000006 -7.9937480013767246 14821.500000000002 3.0725797804206416 517.50000000000011 14878.500000000002 -5.9361040023224918 -6.1297131749536229 -5.9361040023224918 16807.500000000004 3730.0000000000005 0 3644.5000000000005 4397.5000000000009
decision_type=2 2 2 2 2 2 2 2 2 2 2 2 2 2 2 2 2 2 2 2 2 2 2 2 2 2 2 1 2 2
left_child=3 2 -2 14 6 -3 -4 8 10 18 -8 13 17 -10 -1 -16 -12 -13 24 -20 -21 22 -22 -14 25 -7 27 29 -29 -11
right_child=1 5 4 -5 -6 9 7 -9 11 26 16 12 23 -15 15 -17 -18 -19 19 20 21 -23 -24 -25 -26 -27 -28 28 -30 -31
leaf_value=-0.02342362577037262 -0.003829746551298216 0.02570684502185951 0.047645977358213645 -0.033897747368586764 0.012240579326367134 -0.017423389548183347 -0.031666535001766083 0.038758206602837728 0.020978552524061084 -0.041107254011499922 0.0082397761222256019 -0.0097437464286932972 0.022012730988712512 -0.0025826471838596471 0.013159955838857346 -0.016393292407159806 0.038251957172076585 0.03825507246950488 -0.028752384344635423 0.12952669868368766 -0.022675171068045084 -0.012324706275764055 0.13027517356788343 -0.043462575746654762 -0.026486170700151197 0.019999747705753825 -0.031349589938068578 -0.037049353688448451 0.17263058023319092 0.11954092638132488
leaf_weight=6019.2804338037968 1589.7534243613482 217.89720615744591 1901.6685214787722 8895.3273189812899 1900.7219054102898 978.03866025805473 101.23267936706543 5917.38869535923 4707.15720936656 19.60424143075943 403.57826536893845 151.26642055809498 4316.69069249928 881.00200840830803 584.71596470475197 1916.9144106507301 5841.7657799124718 3948.6044239699841 407.45247100293636 51.440795868635178 61.467027649283409 591.9321406930685 72.139073401689529 77.569807142019272 4069.4089437276125 314.19191810488701 9037.4735607653856 609.50290082395077 32.886123329401016 86.195080503821373
leaf_count=29048 4748 117 660 60092 1342 501 44 3253 3536 57 236 170 3361 682 1488 8355 2941 2377 98 26 22 226 52 37 1784 179 4665 394 29 76
internal_value=0.000367573 0.0101558 0.0283069 -0.0267713 0.0300015 -0.0246537 0.0311966 0.0300092 0.027475 -0.0253256 0.0352282 0.0239808 0.0283997 0.017264 -0.0193316 -0.00948569 0.0363126 0.0364841 -0.0187721 -0.00366717 0.00948767 0.000976882 0.0599086 0.0208569 -0.0221089 -0.00832436 -0.0297096 -0.00989935 -0.0263151 0.0897734
internal_weight=65704.3 48288 31738.4 17416.2 30148.6 16549.6 28247.9 26346.3 20428.9 16331.7 6346.58 14082.3 8494.13 5588.16 8520.91 2501.63 6245.34 4099.87 6546.07 1184.43 776.979 725.538 133.606 4394.26 5361.64 1292.23 9785.66 748.188 642.389 105.799
internal_count=130596 31613 23387 98983 18639 8226 17297 16637 13384 8109 3221 10163 5945 4218 38891 9843 3177 2547 2888 424 326 300 74 3398 2464 680 5221 556 423 133
cat_boundaries=0 1
cat_threshold=8
is_linear=0
shrinkage=0.05


Tree=47
num_leaves=31
num_cat=2
split_feature=3 4 6 6 5 4 2 3 3 0 2 7 11 7 2 7 2 4 8 8 8 1 11 8 8 4 11 2 5 2
split_gain=26584.7 1042.71 353.175 294.491 405.904 418.67 291.792 288.286 232.487 189.891 235.863 180.982 175.615 203.053 203.154 194.735 204.839 332.293 163.74 155.044 203.549 152.9 162.714 152.609 152.468 151.832 150.078 899.367 147.426 146.803
threshold=-6.0867691321245561 50.667246900856171 -6.996754998668437 -14.346691083528549 0 16.583014443101831 15222.500000000002 -6.00910642487516 -6.4666728876018658 1.441266354166667 977.50000000000011 237.50000000000003 -57239.379690559108 1840.5000000000002 5438.0000000000009 5547.5000000000009 10884.500000000002 30.754137994823569 -0.49107891646721752 0.037580956767278913 -0.024592418596031781 27497.000000000004 -264645.84397915908 -0.68248027368755293 -0.061133783271088753 17.395043626706709 -74832.118257130627 10822.000000000002 1 5223.0000000000009
decision_type=2 2 2 2 1 2 2 2 2 2 2 2 2 2 2 2 2 2 2 2 2 2 2 2 2 2 2 2 1 2
left_child=1 2 3 4 5 23 21 24 26 -9 -11 28 15 14 29 -4 -17 -18 25 20 -12 -7 -23 -1 -2 -15 -3 -28 -5 -14
right_child=7 8 12 11 -6 6 -8 9 -10 10 19 -13 13 18 -16 16 17 -19 -20 -21 -22 22 -24 -25 -26 -27 27 -29 -30 -31
leaf_value=-0.033008333636194702 -0.05053492782893463 -0.038327945514248341 -0.013935103266545984 0.0670132099604034 -0.03281918688546917 -0.033315882507564537 0.036933932091868987 0.043753802658175335 -0.012794556028218454 -0.030000919392363875 0.025492576337447854 -0.029539828121300262 0.0048053876959425436 -0.043828827830460215 -0.041676107116655293 0.0314979932826146 -0.02238697385565161 0.021543668240980883 -0.033851875323517688 0.025913100099379541 0.037567641780002603 0.04547369994772979 -0.042867389110837248 0.017948521236107247 0.015139590007226597 0.032966919010566482 -0.031461353674765963 0.11476559575884895 -0.020495498817731321 0.071872757473708235
leaf_weight=162.02713403105736 95.328637287020683 15053.251277089119 2953.8853366822004 88.06237256526947 1942.7289862185717 1470.9664629250765 196.06696346402168 4561.1979087293148 1110.1395808160305 149.0110667347908 4400.9630441367626 10189.5176551193 492.20661590993404 97.761421397328377 206.72021141648293 568.60369941592216 978.07929417490959 768.806744530797 1892.0390901565552 5909.7430404126644 16861.607178926468 135.06331610679626 84.882482901215553 1577.0813184827566 1211.4205280840397 188.38812997937202 2592.6405796557665 109.5981630384922 106.13750740885735 97.806412369012833
leaf_count=510 115 67279 2548 66 8254 6447 81 472 985 153 1826 22226 215 149 166 358 741 460 1689 2109 3666 182 283 2676 473 187 6018 33 220 9
internal_value=-0.000262449 -0.026181 -0.0193109 -0.0236535 -0.014377 -0.00449627 -0.0208067 0.0333663 -0.0349924 0.0343098 0.0327331 -0.0286285 -0.0109081 -0.0206203 0.000978454 -0.00542496 0.00543149 -0.00305304 -0.0285206 0.0330771 0.0350683 -0.027502 0.0113807 0.013201 0.0103486 0.00673007 -0.0363803 -0.0255306 0.0191864 0.0159231
internal_weight=76251.7 43062.5 24196.8 15952.5 5568.82 3626.09 1886.98 33189.3 18865.6 31882.5 27321.3 10383.7 8244.3 2974.92 796.733 5269.38 2315.49 1746.89 2178.19 27172.3 21262.6 1690.91 219.946 1739.11 1306.75 286.15 17755.5 2702.24 194.2 590.013
internal_count=130596 121782 47467 40945 18433 10179 6993 8814 74315 8226 7754 22512 6522 2415 390 4107 1559 1201 2025 7601 5492 6912 465 3186 588 336 73330 6051 286 224
cat_boundaries=0 1 2
cat_threshold=4 8
is_linear=0
shrinkage=0.05


Tree=48
num_leaves=31
num_cat=3
split_feature=3 4 0 3 5 4 5 2 1 4 8 3 6 0 1 2 3 2 6 2 5 8 2 2 2 1 2 2 6 11
split_gain=24540.5 967.74 431.919 401.515 274.866 353.341 273.413 235.637 231.549 204.799 182.061 152.373 233.994 125.924 115.234 294.914 189.127 157.374 160.396 163.992 122.807 105.859 104.713 198.405 135.704 110.303 196.096 159.637 103.814 101.696
threshold=-8.2408989977791709 66.037702375559618 2.3970089699074086 -7.6196982991156821 0 20.882092430422869 1 15222.500000000002 31075.500000000004 3.0725797804206416 -0.25745281339588771 -4.9907616810571973 -6.1659928052803119 5.4150955034722239 1567.5000000000002 13826.500000000002 -12.305263218828225 14379.500000000002 -14.301334214804433 14334.500000000002 2 4.2429791741218539 14654.500000000002 15025.500000000002 15132.500000000002 1285.5000000000002 14644.500000000002 14184.000000000002 -7.356991718419378 -67660.292619632863
decision_type=2 2 2 2 1 2 1 2 2 2 2 2 2 2 2 2 2 2 2 2 1 2 2 2 2 2 2 2 2 2
left_child=1 4 -2 -4 -1 14 -5 8 21 -8 -11 12 -12 -3 15 16 -6 18 -16 28 -18 -7 25 -24 -25 26 27 -17 -20 -13
right_child=2 13 3 6 5 7 9 -9 -10 10 11 29 -14 -15 17 22 20 -19 19 -21 -22 -23 23 24 -26 -27 -28 -29 -30 -31
leaf_value=0.042190723155386467 -0.033015307530595533 0.042482281791974899 -0.0041653875746448079 -0.027525908331669419 0.043222450248811273 0.034561612109500088 -0.030732490342896768 -0.022986055672499339 0.0023668319591899365 0.0037610722325743876 -0.012470805456007527 0.058117305110490271 -0.026245654744762877 0.029045767116326296 0.0031123322464417214 -0.023772341473345657 0.024809698336312073 0.040521924862894937 0.031996751192281729 -0.063196902870897187 -0.021425184374519714 -0.0042779108228485473 0.026332460176995184 -0.034573367954338768 0.062602869678881207 -0.062277665560439469 -0.049049129704305444 0.035403380068256989 -0.0063477280553145892 -0.0046566811265077975
leaf_weight=1821.3597366213799 9690.8731838613749 15151.953921377659 3179.7242663502693 15825.201098173857 637.63768017292023 6391.5016348659992 2849.1226581484079 210.61274206638336 657.12891730666161 1071.3121157586575 6162.1055342108011 68.081003904342651 6169.8068294078112 1970.4866208434105 1630.6712076365948 221.32327312231064 315.32342854142189 695.46659150719643 1510.4313889443874 51.317891001701355 263.75834831595421 180.38779962062836 460.73183327913284 313.55692681670189 40.575299084186554 132.88439470529556 241.07812485098839 234.9604204595089 199.87683889269829 1233.0696321129799
leaf_count=6193 3719 55137 3795 7965 1815 19741 1057 193 1364 1256 5532 146 2642 6190 3105 238 685 1883 3862 17 329 394 1082 178 113 59 40 554 263 1049
internal_value=-5.88438e-05 0.0326465 -0.0236304 -0.0211426 0.0238907 0.0215743 -0.0227599 0.029147 0.0306659 -0.0184632 -0.0160859 -0.0176455 -0.0193625 0.040936 0.0134676 0.00577271 0.0244364 0.0188548 0.0144127 0.024873 0.00375078 0.0334955 -0.00803093 0.00470215 -0.0234392 -0.0205281 -0.0125726 0.00669982 0.0275156 -0.00137211
internal_weight=79582.3 33333 46249.3 36558.4 16210.6 14389.2 33378.7 7439.63 7229.02 17553.5 14704.4 13633.1 12331.9 17122.4 6949.59 2861.83 1216.72 4087.76 3392.3 1761.63 579.082 6571.89 1645.11 814.864 354.132 830.246 697.362 456.284 1710.31 1301.15
internal_count=130596 103435 27161 23442 42108 35915 19647 21692 21499 11682 10625 9369 8174 61327 14223 5093 2829 9130 7247 4142 1014 20135 2264 1373 291 891 832 792 4125 1195
cat_boundaries=0 1 2 3
cat_threshold=1 8 4
is_linear=0
shrinkage=0.05


Tree=49
num_leaves=31
num_cat=2
split_feature=3 3 3 4 3 2 3 0 8 8 6 4 2 4 1 2 6 6 2 5 2 7 7 4 8 5 2 6 2 2
split_gain=6380.35 10992 618.347 369.735 259.044 205.49 188.533 174.812 162.445 153.781 133.992 130.946 129.161 150.43 278.309 209.461 266.112 126.92 125.869 449.083 484.427 140.929 125.729 121.988 116.79 115.956 114.186 113.296 112.366 189.627
threshold=-8.9815075964536124 -6.00910642487516 -7.9937480013767246 65.053736679763801 -6.3304506924356714 722.50000000000011 -5.5265860328747483 6.1418282060185199 0.15803663919778546 -0.35248703404404175 -12.251540625459345 7.3365338571321503 14821.500000000002 3.0725797804206416 517.50000000000011 14878.500000000002 -5.9361040023224918 -5.9361040023224918 3730.0000000000005 0 3644.5000000000005 4397.5000000000009 16807.500000000004 41.962149322402198 -0.071909147670538673 1 192.50000000000003 -6.7476325534634922 14974.500000000002 14908.500000000002
decision_type=2 2 2 2 2 2 2 2 2 2 2 2 2 2 2 2 2 2 2 1 2 2 2 2 2 1 2 2 2 2
left_child=3 2 -2 10 7 26 12 8 9 -4 -1 25 17 -14 -15 16 -16 22 19 21 -21 -8 -7 -17 -19 -12 -3 -25 29 -6
right_child=1 5 4 -5 28 6 18 -9 -10 -11 11 -13 13 14 15 23 -18 24 -20 20 -22 -23 -24 27 -26 -27 -28 -29 -30 -31
leaf_value=-0.023026210688061852 0.0026496989146035429 -0.044838520164200014 0.017434610224677016 -0.033472886474218887 0.018996481044264209 -0.016684291044423667 -0.040873654697816397 0.021963330051559496 0.02076380299075016 0.035968327538950108 -0.012974645654431094 -0.015489167264810267 -0.028123435081821288 0.11910334613735783 -0.021889072603352142 -0.019564043846851994 0.11907201878879635 -0.0018658865855507177 -0.030832310626966494 -0.036728631356009983 0.15155271494205536 0.10952362612339678 0.019735235418975136 -0.039635059057139786 -0.028924024548608374 0.030425298422247105 0.043228592708201063 0.10161385390584801 0.047211121342988459 -0.024567139223357473
leaf_weight=5601.1876932829618 2433.8842379897833 46.920330017805099 1202.156740963459 8468.1437753140926 4382.9223246872425 954.15144395828247 18.781243607401848 4365.7394863665104 2380.0879354476929 16224.332221776247 282.23894035816193 2071.6055573523045 392.55891497433186 54.245747953653336 59.490218877792358 514.9098974019289 76.582948565483093 450.40680746734142 8696.0627548992634 584.72863334417343 36.282604068517685 91.274339899420738 315.2824045419693 21.437748789787292 3480.2730847299099 338.47768105566502 170.75331330299377 42.029314309358597 318.53377670049667 264.89780823886395
leaf_count=28003 6231 17 1164 60092 2421 501 57 3035 1679 8628 846 9259 98 26 22 142 52 397 4665 394 29 76 179 9 1387 783 100 75 136 93
internal_value=0.000403812 0.00974931 0.0268609 -0.0261238 0.0288832 -0.0240037 -0.0246689 0.0310201 0.0330164 0.0346898 -0.01862 -0.00945322 -0.0180176 -0.00294096 0.00991927 0.0016293 0.0574448 -0.0213844 -0.0291571 -0.00923105 -0.0257283 0.083858 -0.00763897 -0.0115023 -0.0258235 0.0106914 0.0242454 0.0539031 0.0184825 0.0165136
internal_weight=64340.4 47578.7 31572.6 16761.7 29138.7 16006.2 15788.5 24172.3 19806.6 17426.5 8293.51 2692.32 6361.37 1161.25 768.696 714.45 136.073 5200.11 9427.13 731.067 621.011 110.056 1269.43 578.377 3930.68 620.717 217.674 63.4671 4966.35 4647.82
internal_count=130596 31613 23387 98983 17156 8226 8109 14506 11471 9792 38891 10888 2888 424 326 300 74 2464 5221 556 423 133 680 226 1784 1629 117 84 2650 2514
cat_boundaries=0 1 2
cat_threshold=8 4
is_linear=0
shrinkage=0.05


Tree=50
num_leaves=31
num_cat=2
split_feature=3 4 6 6 5 4 3 2 3 0 2 7 11 7 11 7 1 0 11 11 2 8 6 2 7 5 11 6 11 11
split_gain=24202.9 1026.38 342.962 280.585 383.986 380.382 267.755 267.442 230.635 189.596 216.968 173.826 167.703 195.14 194.057 186.423 184.363 160.843 221.642 157.626 797.591 156.339 154.911 154.464 214.429 158.284 482.469 326.013 148.245 284.266
threshold=-6.0867691321245561 50.667246900856171 -6.996754998668437 -14.346691083528549 0 16.583014443101831 -6.00910642487516 15222.500000000002 -6.3638131163992062 1.441266354166667 977.50000000000011 237.50000000000003 -57239.379690559108 1840.5000000000002 -34040.089458393915 3247.5000000000005 1976.5000000000002 3.6024492881944457 -62201.453070660224 -74832.118257130627 10822.000000000002 -0.49107891646721752 -6.2653201596783097 15187.500000000002 11582.500000000002 1 -13969.208740483242 -6.0596080446663345 -77905.717509966882 -84701.226795319861
decision_type=2 2 2 2 1 2 2 2 2 2 2 2 2 2 2 2 2 2 2 2 2 2 2 2 2 1 2 2 2 2
left_child=1 2 3 4 5 -1 -2 -7 19 -8 -11 -5 15 14 -14 16 22 18 -17 -3 -21 -15 -4 25 -25 26 28 -28 29 -12
right_child=6 8 12 11 -6 7 9 -9 -10 10 23 -13 13 21 -16 17 -18 -19 -20 20 -22 -23 -24 24 -26 -27 27 -29 -30 -31
leaf_value=0.012519982513109408 0.0098605948890687026 -0.037763954584105391 -0.021140446921271448 0.018881516180016423 -0.032178164451493574 -0.026765224401060231 0.042557406777021134 0.035001389351746216 -0.008419723155759111 -0.029328946769960725 0.038759958699591091 -0.028844110061744799 -0.041614016775326085 0.0065428599213819359 0.015610761821454849 -0.033557517835760067 -0.039686627937124477 0.0085654004055147268 0.06255682493269242 -0.030395824985700121 0.10273978257424504 -0.033193913137862067 0.010036804008315765 -0.074566776115595215 0.036345923800006334 0.028545561185887126 0.049978709465150255 -0.082921701637246617 0.039645072540800096 -0.010800793784362496
leaf_weight=1739.8428915143013 1305.8211390376091 14506.879811555147 890.04182617366314 194.53884109854698 1871.8277767151594 1632.9423579275608 4425.946153908968 196.32098340988159 812.3634829223156 146.33631134033203 835.58808729052544 9894.3017859756947 197.61159567534924 286.13375863432884 591.89533326029778 476.20109578967094 598.28421039879322 2467.7337847352028 68.625258386135101 2640.8437815904617 117.49981345236301 1834.5004449635744 721.32063925266266 81.232713520526886 94.007739394903183 14610.185286998749 68.890418022871017 139.76020830869675 10383.082164883614 442.57003718614578
leaf_count=3186 588 67430 746 286 8254 6912 472 81 685 153 160 22226 173 336 217 425 645 1758 17 6158 42 1689 516 105 33 4881 6 109 2091 216
internal_value=-0.000286759 -0.0254854 -0.0186322 -0.0229883 -0.0138365 -0.00421723 0.0320426 -0.0201363 -0.0344557 0.0329702 0.031387 -0.0279238 -0.0103138 -0.0199322 0.00128754 -0.00495385 -0.0159845 0.00313686 -0.0214511 -0.0356807 -0.0247245 -0.0278323 -0.00718406 0.0317203 -0.0150677 0.0320299 0.0363187 -0.0390418 0.0376671 0.0215992
internal_weight=74273.1 41739.7 23662.1 15529.8 5440.93 3569.11 32533.4 1829.26 18077.6 31227.6 26801.7 10088.8 8132.35 2910.14 789.507 5222.21 2209.65 3012.56 544.826 17265.2 2758.34 2120.63 1611.36 26655.3 175.24 26480.1 11869.9 208.651 11661.2 1278.16
internal_count=130596 121782 47467 40945 18433 10179 8814 6993 74315 8226 7754 22512 6522 2415 390 4107 1907 2200 442 73630 6200 2025 1262 7601 138 7463 2582 115 2467 376
cat_boundaries=0 1 2
cat_threshold=4 8
is_linear=0
shrinkage=0.05


Tree=51
num_leaves=31
num_cat=2
split_feature=3 4 0 3 5 4 5 2 1 4 8 3 6 0 1 2 3 2 6 2 2 8 11 11 1 4 2 2 2 1
split_gain=22290.8 949.985 426.895 376.906 269.223 332.836 264.898 219.055 226.221 201.065 172.779 147.328 227.945 129.891 105.993 275.423 181.284 151.387 150.36 153.39 120.897 103.273 102.876 115.706 98.8333 125.693 98.6837 183.986 126.74 103.046
threshold=-8.2408989977791709 66.037702375559618 2.3970089699074086 -7.6196982991156821 0 20.882092430422869 1 15222.500000000002 31075.500000000004 3.0725797804206416 -0.25745281339588771 -4.9907616810571973 -6.1659928052803119 4.3545591261574081 1567.5000000000002 13826.500000000002 -12.305263218828225 14379.500000000002 -14.301334214804433 14334.500000000002 6986.0000000000009 4.2429791741218539 -71731.711067572483 -13969.208740483242 35275.500000000007 47.373243932234836 14654.500000000002 15025.500000000002 15132.500000000002 1285.5000000000002
decision_type=2 2 2 2 1 2 1 2 2 2 2 2 2 2 2 2 2 2 2 2 2 2 2 2 2 2 2 2 2 2
left_child=1 4 -2 -4 -1 14 -5 8 21 -8 -11 12 24 -3 15 16 -6 18 -16 -20 22 -7 -18 -24 25 -12 29 -28 -29 -17
right_child=2 13 3 6 5 7 9 -9 -10 10 11 -13 -14 -15 17 26 20 -19 19 -21 -22 -23 23 -25 -26 -27 27 28 -30 -31
leaf_value=0.041326315958671096 -0.032284274617805468 0.042400137596851357 -0.0037957943941658531 -0.026649848475297645 0.04211012987094799 0.033491985532513056 -0.029971311686502657 -0.022369796589766271 0.0014979742987460364 0.0041111479149350868 -0.013754485041361831 -0.00071598872813625938 -0.025420131138082842 0.031687414138440138 0.0026038627426746824 -0.012478543258921808 -0.071700361541991192 0.039359888743170972 0.026358416532459118 -0.061310084026256297 0.026607106346087928 -0.0050469262874230257 0.025518566945717875 -0.048634877357649604 -0.028116055849215907 0.0038823056085560367 0.025284315594862373 -0.033690844772058207 0.060716828107081157 -0.060451480623772237
leaf_weight=1762.0591660141945 9354.7295714765787 12816.319081217051 3158.5998679250479 15395.403622731566 625.19986408948898 6224.4494168758392 2766.2853636294603 209.10366776585579 651.87164065241814 1066.4576109051704 3925.1795902848244 1286.6378302276134 6008.2857759296894 3631.2751397192478 1622.8214473128319 690.29845875501633 70.802299827337265 683.66812089085579 1687.2490649819374 51.414449691772461 282.6252955198288 178.82519790530205 139.00483843684196 84.635629713535309 795.78571960330009 1360.3161232322454 456.01988750696182 310.56242805719376 40.145450294017792 133.60299363732338
leaf_count=6193 3719 49011 3795 7965 1815 19741 1057 193 1364 1256 3379 1195 2642 12316 3105 832 32 1883 4125 17 621 394 304 57 478 1675 1082 178 113 59
internal_value=-6.33672e-05 0.0316097 -0.0227748 -0.0202873 0.0228966 0.0206004 -0.021885 0.0280642 0.029559 -0.0176222 -0.0152569 -0.0168011 -0.0185129 0.040035 0.0127175 0.00530045 0.0234569 0.0179117 0.0135495 0.0237659 0.00324789 0.0324157 -0.0191738 -0.00254444 -0.0116887 -0.00921534 -0.00808637 0.00434415 -0.022884 -0.0202578
internal_weight=77469.6 32352 45117.7 35763 15904.4 14142.3 32604.4 7264.25 7055.15 17208.9 14442.7 13376.2 12089.6 16447.6 6878.05 2832.9 1202.27 4045.15 3361.48 1738.66 577.068 6403.27 294.443 223.64 6081.28 5285.5 1630.63 806.728 350.708 823.901
internal_count=130596 103435 27161 23442 42108 35915 19647 21692 21499 11682 10625 9369 8174 61327 14223 5093 2829 9130 7247 4142 1014 20135 393 361 5532 5054 2264 1373 291 891
cat_boundaries=0 1 2
cat_threshold=1 8
is_linear=0
shrinkage=0.05


Tree=52
num_leaves=31
num_cat=2
split_feature=3 3 3 4 3 2 3 0 1 11 2 5 4 7 3 4 2 4 1 2 6 6 2 2 5 2 7 7 8 4
split_gain=5829.06 9900.86 548.25 367.63 238.465 188.447 188.213 176.578 166.832 170.023 291.707 132.741 153.701 131.777 129.994 133.664 124.294 143.294 244.829 191.38 226.531 124.587 123.104 121.412 389.953 435.322 117.848 115.724 115.385 112.935
threshold=-8.9815075964536124 -6.00910642487516 -7.9937480013767246 65.053736679763801 -6.3304506924356714 722.50000000000011 -5.5265860328747483 0.95019500578703731 15083.500000000002 -95068.305367675799 13686.500000000002 0 8.5395426052325742 4738.5000000000009 -12.168482182683231 6.2376527853301784 14821.500000000002 3.0725797804206416 517.50000000000011 14878.500000000002 -5.9361040023224918 -5.9361040023224918 14757.500000000002 3730.0000000000005 1 3644.5000000000005 16807.500000000004 4397.5000000000009 -0.071909147670538673 41.962149322402198
decision_type=2 2 2 2 2 2 2 2 2 2 2 1 2 2 2 2 2 2 2 2 2 2 2 2 1 2 2 2 2 2
left_child=3 2 -2 14 7 -3 16 -4 9 11 -11 12 -9 -14 -1 -16 21 -18 -19 20 -20 26 -15 24 27 -26 -7 -8 -23 -21
right_child=1 5 4 -5 -6 6 23 8 -10 10 -12 -13 13 22 15 -17 17 18 19 29 -22 28 -24 -25 25 -27 -28 -29 -30 -31
leaf_value=-0.021777441812493633 0.0026766763084215815 0.023087387408681381 0.045193159327283239 -0.033048115877125327 0.017439690183955397 -0.015925043378883869 -0.040807995728544523 0.040710578959267711 0.033402372845744883 0.022521924730213392 -0.01920236226610153 0.039626841090901858 -0.0092982445078522089 0.0077247313816287567 0.018034142426006448 -0.013525293411789492 -0.027529031782246405 0.11003388230271004 -0.021120650236555093 -0.01887158686794671 0.10851773172700263 -0.0012077574115185821 0.044686175726801253 -0.030304814608613569 -0.03642966400581963 0.13579694604162282 0.019387540046457121 0.095767247937815769 -0.028340367139633824 0.051147069084548302
leaf_weight=5928.306632399559 2428.1424907147884 215.24804139137268 1663.2126006782055 8053.5021990835667 4966.7469396591187 930.32847987115383 18.386358201503754 772.60860311985016 9338.3530446887016 7755.5487302541733 442.81575748324394 2642.7726627290249 451.45119446516037 521.35626536607742 415.67895989120007 1739.4614027738571 378.78066168725491 56.724847674369812 57.627880588173866 501.43158681690693 81.149564743041992 443.65382941067219 396.68097853660583 8357.4119720757008 561.59525667130947 39.254815191030502 316.69531257450581 99.15522101521492 3354.9344371855259 65.061472907662392
leaf_count=30508 6231 117 567 60092 2650 501 57 419 5490 4968 302 1506 531 475 976 7407 98 26 22 142 52 397 248 4665 394 29 179 76 1387 84
internal_value=0.00043043 0.00935613 0.0254976 -0.0254873 0.0274116 -0.0233699 -0.0240251 0.0294766 0.0283055 0.0246395 0.0202683 0.0321292 0.022879 0.0128192 -0.0179544 -0.00743818 -0.0172998 -0.00239476 0.0100992 0.00206151 0.0546849 -0.0206697 0.0236957 -0.0286093 -0.00888447 -0.0251777 -0.00695703 0.0744036 -0.0251714 -0.01083
internal_weight=62994.1 46857.1 31379.7 16136.9 28951.5 15477.4 15262.2 23984.8 22321.6 12983.2 8198.36 4784.87 2142.1 1369.49 8083.45 2155.14 6186.39 1140.78 761.995 705.271 138.777 5045.61 918.037 9075.8 718.392 600.85 1247.02 117.542 3798.59 566.493
internal_count=130596 31613 23387 98983 17156 8226 8109 14506 13939 8449 5270 3179 1673 1254 38891 8383 2888 424 326 300 74 2464 723 5221 556 423 680 133 1784 226
cat_boundaries=0 1 2
cat_threshold=4 8
is_linear=0
shrinkage=0.05


Tree=53
num_leaves=31
num_cat=1
split_feature=3 4 6 3 8 7 11 0 2 0 2 2 3 11 2 2 3 0 5 8 0 8 8 1 11 8 0 6 8 1
split_gain=22053.9 1010.13 425.136 248.338 220.819 185.685 242.254 160.041 230.534 158.089 157.727 190.153 211.036 151.204 254.17 199.128 192.751 225.664 147.916 144.339 144.193 137.23 161.863 137.05 192.415 171.306 133.995 132.364 132.002 140.254
threshold=-6.0867691321245561 62.831686958412341 -6.9679860126858228 -5.9170352432702478 -1.0000000180025095e-35 947.50000000000011 -438023.58254254801 1.441266354166667 977.50000000000011 2.940319380787038 10751.500000000002 5667.5000000000009 -5.9689959068912115 -71731.711067572483 10965.500000000002 10822.000000000002 -6.225957734494636 4.3545591261574081 0 -0.067922344013896727 5.2984948553240754 0.057661769088875221 -0.024592418596031781 2044.5000000000002 -34040.089458393915 -0.28627561653390993 6.8842725057870382 -3.9911870430755854 9.9284542231536914 40864.500000000007
decision_type=2 2 2 2 2 2 2 2 2 2 2 2 2 2 2 2 2 2 1 2 2 2 2 2 2 2 2 2 2 2
left_child=1 2 4 10 -1 6 9 -5 -9 -6 11 -2 -13 14 15 -4 20 -18 -19 -12 27 22 -10 24 -15 -25 -3 -16 29 -7
right_child=3 26 13 7 5 28 -8 8 21 -11 19 12 -14 23 16 -17 17 18 -20 -21 -22 -23 -24 25 -26 -27 -28 -29 -30 -31
leaf_value=-0.03113860766154309 0.024295269614974788 -0.03532628193081748 -0.0009547801368148649 0.041702531032842237 -0.041288942952456546 -0.024855372454288552 -0.013450198951444635 -0.041921026099830339 0.024007361718064179 0.048670563484068639 -0.02310966356875116 -0.039382817141581948 0.018360413987350738 -0.033643057732932684 -0.023198748412408165 0.067656226948198853 0.0379894356947173 0.012616852295462208 -0.047841886599944435 0.029401411722281823 -0.00086969903093708561 0.023329120807127065 0.035252323949299134 0.0056751462235979542 0.016364646802450502 -0.028482168823859066 0.015915194617729164 0.06486320101764774 0.0046019127211777439 0.00043225714794744462
leaf_weight=5772.7667455971241 597.02484165132046 15245.126947984099 211.43111909925938 3943.6298803091049 58.791476294398308 8236.7931449711323 1333.067887827754 108.35741201043129 4014.9484136402607 288.42805014550686 139.54089245200157 372.08448919653893 275.31010317802429 286.33980359137058 1952.8654196113348 211.57339070737362 458.47163954377174 239.58791440725327 175.1050551533699 2104.6537343561649 1528.7640229165554 4537.3832208812237 15768.985115706921 439.20751237869263 586.05083958804607 2234.7973181009293 128.65759135782719 43.624136731028557 449.60310682654381 587.43143111467361
leaf_count=17447 207 67715 324 436 306 23567 2739 136 1699 88 119 222 72 289 1821 40 122 141 117 559 1290 1700 3664 545 214 1998 316 28 1040 1635
internal_value=-0.000307001 -0.0248049 -0.0186219 0.0308083 -0.023225 -0.0190545 -0.00376097 0.0323562 0.0308474 0.0334386 0.0182196 0.00394236 -0.014827 -0.00942076 -0.0036564 0.0333623 -0.00721656 0.0138148 -0.012912 0.0261363 -0.0124258 0.0311716 0.0329703 -0.0172576 -4.90968e-05 -0.0228718 -0.0348975 -0.0212746 -0.0218255 -0.023172
internal_weight=72330.4 40468.5 25094.7 31861.9 16726.9 10954.1 1680.29 28373.3 24429.7 347.22 3488.61 1244.42 647.395 8367.82 4821.42 423.005 4398.42 873.165 414.693 2244.19 3525.25 24321.3 19783.9 3546.4 872.391 2674 15373.8 1996.49 9273.83 8824.22
internal_count=130596 121782 53751 8814 46822 29375 3133 7635 7199 394 1179 501 294 6929 3883 364 3519 380 258 678 3139 7063 5363 3046 503 2543 68031 1849 26242 25202
cat_boundaries=0 1
cat_threshold=4
is_linear=0
shrinkage=0.05


Tree=54
num_leaves=31
num_cat=4
split_feature=3 4 0 8 6 5 4 2 1 4 5 3 6 0 11 11 5 2 3 1 0 1 2 3 2 6 2 5 2 2
split_gain=20243.5 939.61 422.558 364.175 310.094 267.379 320.205 210.455 218.796 175.533 162.532 195.509 207.991 133.575 133.131 108.286 105.729 123.828 105.124 100.144 98.0533 100.429 237.889 161.11 140.413 156.887 141.433 120.303 102.69 141.864
threshold=-8.2408989977791709 66.037702375559618 2.1262528993055567 -0.071909147670538673 -7.8295916130419156 0 20.882092430422869 15222.500000000002 31075.500000000004 3.0725797804206416 1 -4.9907616810571973 -6.1659928052803119 4.3545591261574081 -67660.292619632863 -108752.58127161059 2 14838.500000000002 -10.421475409850343 6838.5000000000009 0.82271440972222243 1567.5000000000002 13826.500000000002 -12.305263218828225 14379.500000000002 -14.301334214804433 14334.500000000002 3 14654.500000000002 15025.500000000002
decision_type=2 2 2 2 2 1 2 2 2 2 1 2 2 2 2 2 1 2 2 2 2 2 2 2 2 2 2 1 2 2
left_child=1 5 -2 16 15 -1 20 8 18 -6 -11 12 -12 -3 -13 -5 -4 19 -8 -18 -7 22 23 -22 25 -23 -27 -25 -24 -30
right_child=2 13 3 4 9 6 7 -9 -10 10 11 14 -14 -15 -16 -17 17 -19 -20 -21 21 24 28 27 -26 26 -28 -29 29 -31
leaf_value=0.040578869502508622 -0.032471238301650752 0.041666407662272198 -0.016230174791477991 0.017839837964286006 -0.032055614149852599 0.035804494041694633 0.03467240552838341 -0.022383842196978407 0.0008826164093405864 -0.025537242607164203 -0.012372461398383702 0.090706915980966835 -0.026134567661461047 0.030609175170406025 -0.00027551317394006978 -0.0096573777417901865 0.015570971090033789 -0.022801808563351681 0.018487566494053788 -0.0049047850737974179 0.039912608284052402 -0.00031684968204311688 -0.022574946318782447 0.023558178558044832 0.037216220723782015 0.024467251939564422 -0.059745922638944127 -0.02359414544245076 0.023253022004317093 -0.021605453661086644
leaf_weight=1707.7702408283949 7834.0251638889313 12276.005486503243 1888.3725074231625 428.33414715528488 4634.8377269804478 402.51053005456924 4985.3211526572704 209.00388059020042 647.63098436594009 12033.397342532873 5468.7147630006075 41.891860067844391 5513.2737218886614 3512.9288578033447 999.88639312982559 2181.8472966998816 1025.1615911871195 539.97499822080135 1256.0678437948227 1430.2734603285789 541.31549462676048 1524.3353286981583 787.53793120384216 287.41207453608513 623.74419754743576 1617.4585517048836 51.443185329437256 255.55014887452126 402.08260348439217 313.7946996986866
leaf_count=6193 3071 49011 1492 726 1593 1089 16899 193 1364 6586 4904 117 2288 12316 929 2224 1423 337 3236 1471 1594 2847 806 637 1727 3978 17 305 953 270
internal_value=-6.42543e-05 0.0306056 -0.0219428 -0.0196634 -0.0216447 0.021908 0.0196149 0.0270453 0.0285449 -0.0231457 -0.0214291 -0.0173177 -0.0192814 0.0392062 0.00338306 -0.00514505 -0.00696457 -0.00112333 0.0314152 0.00364399 0.0118671 0.0103627 0.00275847 0.0206098 0.0155179 0.0112795 0.0218714 0.0013655 -0.0101161 0.00358994
internal_weight=75421.9 31401.9 44020 36186 31302.2 15613 13905.2 7098.02 6889.02 28692 24057.2 12023.8 10982 15788.9 1041.78 2610.18 4883.78 2995.41 6241.39 2455.44 6807.18 6404.67 2587.69 1084.28 3816.98 3193.24 1668.9 542.962 1503.42 715.877
internal_count=130596 103435 27161 24090 19367 42108 35915 21692 21499 16417 14824 8238 7192 61327 1046 2950 4723 3231 20135 2894 14223 13134 4565 2536 8569 6842 3995 942 2029 1223
cat_boundaries=0 1 2 3 4
cat_threshold=1 8 8 4
is_linear=0
shrinkage=0.05


Tree=55
num_leaves=31
num_cat=2
split_feature=3 3 3 4 0 1 6 2 5 2 6 4 2 0 8 6 11 2 2 7 4 5 2 2 4 2 1 4 6 4
split_gain=5324.01 8898.61 508.301 362.193 228.798 257.658 185.847 194.92 344.361 236.788 180.29 204.953 169.341 135.502 133.057 171.818 134.244 538.331 152.109 288.617 183.892 171.484 224.346 131.819 233.711 185.843 182.406 253.195 129.393 138.618
threshold=-9.0388875314224375 -6.00910642487516 -7.9937480013767246 65.053736679763801 0.87142094328703734 20383.500000000004 -5.545536273944113 3874.0000000000005 0 3644.5000000000005 -6.0937457905877439 2.5892505814121369 722.50000000000011 6.4870321875000014 0.11423180959039404 -6.9679860126858228 -72869.081003135769 11223.000000000002 14722.500000000002 13470.500000000002 62.831686958412341 1 13474.500000000002 14821.500000000002 20.882092430422869 15000.500000000002 764.50000000000011 3.0725797804206416 -11.815592607471363 7.3365338571321503
decision_type=2 2 2 2 2 2 2 2 1 2 2 2 2 2 2 2 2 2 2 2 2 1 2 2 2 2 2 2 2 2
left_child=3 2 -2 28 -4 10 23 8 -8 12 11 -6 -10 -7 15 -13 17 -17 21 -20 -21 -19 -23 -3 26 -26 27 -25 -1 -30
right_child=1 6 4 -5 5 13 7 -9 9 -11 -12 14 -14 -15 -16 16 -18 18 19 20 -22 22 -24 24 25 -27 -28 -29 29 -31
leaf_value=-0.02156298290741893 0.0024575951911262432 -0.019544114126935453 0.043436551728720837 -0.032678620539190781 0.040180381406694277 0.034833369983620792 0.072668103017398664 -0.029895171464717249 0.031440699329075172 0.078597222710700354 0.0050147489314244899 0.029875183191549595 -0.038015251234970147 0.014618221983320271 0.010976710502813257 -0.052056687875697838 0.026623791778157664 0.024682471266389807 0.038733649917760217 -0.048074320004455315 0.04507229182824838 0.022328723584697362 -0.017353031387208739 -0.029623436164711272 0.089145696474426758 -0.039260767451871965 -0.023320729838886584 0.067589584722570026 0.013879826182670972 -0.014452318206219394
leaf_weight=5507.3641035854816 2484.3439371436834 5169.4738890528679 1771.7574143409729 7635.8060853630304 1603.8931839168072 7013.2412223517895 123.4464777559042 7864.8585966229439 104.89903602004051 58.276097565889359 1487.6987107694149 5826.2465422749519 537.02657790482044 940.07242351770401 2556.2721593677998 297.13905957341194 3008.908608943224 1140.33345246315 1360.3891956210136 173.95959755778313 76.19580489397049 602.25422176718712 871.76788187026978 119.16557057201862 113.48445641994476 37.485991567373276 690.11054812371731 152.94902236759663 571.58775401115417 1764.2787626832724
leaf_count=29036 6527 2592 588 59979 585 3874 164 4533 52 56 1073 3875 392 617 1983 89 1886 752 673 46 45 512 558 43 107 55 169 63 1436 8236
internal_value=0.000450641 0.00895594 0.0241554 -0.0249271 0.0260316 0.0248877 -0.0227345 -0.0274716 -0.00432969 -0.0179045 0.0217256 0.0231448 -0.0266652 0.032444 0.0214278 0.0234279 0.01844 0.0129946 0.0175697 0.0296572 -0.0197024 0.0101233 -0.00113991 -0.0161833 -0.000576082 0.0572623 -0.00965077 0.0250176 -0.0173805 -0.00751943
internal_weight=61664.7 46185.6 31214.5 15479 28730.1 26958.4 14971.2 8688.51 823.648 700.202 19005.1 17517.4 641.926 7953.31 15913.5 13357.2 7530.95 4522.04 4224.9 1610.54 250.155 2614.36 1474.02 6282.67 1113.2 150.97 962.225 272.115 7843.23 2335.87
internal_count=130596 31909 23683 98687 17156 16568 8226 5197 664 500 12077 11004 444 4491 10419 8436 4561 2675 2586 764 91 1822 1070 3029 437 162 275 106 38708 9672
cat_boundaries=0 1 2
cat_threshold=8 8
is_linear=0
shrinkage=0.05


Tree=56
num_leaves=31
num_cat=1
split_feature=3 4 6 3 8 7 11 0 2 2 2 3 0 11 2 2 3 0 5 0 8 8 8 11 0 1 11 8 6 6
split_gain=20092.2 991.788 406.887 233.035 216.88 174.107 224.312 160.405 213.978 147.275 179.43 194.536 146.31 143.251 239.022 181.69 177.576 208.793 141.087 136.854 135.447 133.115 164.816 132.548 131.201 130.212 181.909 166.108 127.212 148.579
threshold=-6.0867691321245561 62.831686958412341 -6.9679860126858228 -5.9170352432702478 -1.0000000180025095e-35 947.50000000000011 -438023.58254254801 1.441266354166667 977.50000000000011 10751.500000000002 5667.5000000000009 -5.9689959068912115 2.940319380787038 -71731.711067572483 10965.500000000002 10822.000000000002 -6.225957734494636 4.3545591261574081 0 5.2984948553240754 -0.067922344013896727 0.037580956767278913 -0.024592418596031781 -87316.076978756479 6.8842725057870382 2044.5000000000002 -34040.089458393915 -0.49107891646721752 -7.3324536705268164 -7.3039495623931145
decision_type=2 2 2 2 2 2 2 2 2 2 2 2 2 2 2 2 2 2 1 2 2 2 2 2 2 2 2 2 2 2
left_child=1 2 4 9 -1 6 12 -5 -9 10 -2 -12 -6 14 15 -4 19 -18 -19 23 -11 22 -10 -16 28 26 -15 -27 -3 -30
right_child=3 24 13 7 5 -7 -8 8 21 20 11 -13 -14 25 16 -17 17 18 -20 -21 -22 -23 -24 -25 -26 27 -28 -29 29 -31
leaf_value=-0.030539765614456857 0.023351167303568968 -0.037277776820674423 -0.00039624739181778353 0.040682961573295866 -0.040894762262251028 -0.021115600744263181 -0.01283750156062307 -0.041538037259670181 0.0228705178357488 -0.022605434122563866 -0.03837674508732708 0.017341263793970989 0.047375366782120364 -0.033065197858990335 -0.012887314971668618 0.065192217376792774 0.03649050676656914 0.012230813037581495 -0.047178281380644276 -0.00060408308656052703 0.028294429762044666 0.022869970352247488 0.034370883950111855 -0.042544491115600422 0.015902602895954809 0.0090885429918699419 0.015959468960914252 -0.027269495660762227 0.032996756104110923 -0.02790312039668005
leaf_weight=5593.8802600651979 594.39908482134342 11459.293367445469 209.90660665929317 3814.3521775603294 56.265737608075142 9050.8483086526394 1312.1901208460331 105.11823828518391 3955.367740213871 139.46696591377258 369.86654609441757 271.75994253158569 283.37768970429897 279.2135801166296 1450.8747779279947 212.46266697347164 460.80099162459373 239.84956541657448 171.31745482981205 1521.9954598546028 2079.2847483456135 5184.1053650975227 14670.587907940149 508.89537645876408 128.4910040050745 365.00253754854202 587.06648842990398 2254.6112103760242 103.60604605078697 3004.9560339599848
leaf_count=17447 207 63659 324 436 306 26242 2739 136 1699 119 222 72 88 289 1388 40 122 141 117 1290 559 1953 3411 461 316 450 214 2093 108 3948
internal_value=-0.000325705 -0.0241268 -0.0179788 0.0296352 -0.0225613 -0.0183912 -0.00346348 0.0311608 0.0296421 0.0173898 0.00355842 -0.0147775 0.0327524 -0.00893998 -0.00331532 0.0325964 -0.00679923 0.0133789 -0.0125227 -0.0118526 0.025095 0.0299564 0.0319287 -0.0205884 -0.0344006 -0.0166464 0.000158167 -0.0222036 -0.0348442 -0.0258734
internal_weight=70439.2 39254.9 24558.6 31184.3 16296.6 10702.7 1651.83 27729.5 23915.2 3454.78 1236.03 641.626 339.643 8262 4776.1 422.369 4353.73 871.968 411.167 3481.77 2218.75 23810.1 18626 1959.77 14696.3 3485.89 866.28 2619.61 14567.9 3108.56
internal_count=130596 121782 53751 8814 46822 29375 3133 7635 7199 1179 501 294 394 6929 3883 364 3519 380 258 3139 678 7063 5110 1849 68031 3046 503 2543 67715 4056
cat_boundaries=0 1
cat_threshold=4
is_linear=0
shrinkage=0.05


Tree=57
num_leaves=31
num_cat=3
split_feature=3 4 0 3 5 4 5 2 1 1 4 0 5 3 7 1 8 2 3 2 3 4 7 3 4 6 1 11 2 2
split_gain=18363.1 928.527 418.195 348.024 264.759 308.284 209.332 202.567 213.357 155.268 161.223 137.694 119.653 132.444 202.765 381.382 117.42 114.925 496.226 130.741 106.447 154.457 105.817 102.988 102.232 99.9729 106.864 94.5578 97.1012 116.596
threshold=-8.2408989977791709 66.037702375559618 2.6129846585648155 -6.1923635144265097 0 20.882092430422869 1 15222.500000000002 31075.500000000004 36647.000000000007 3.5327068242902757 4.3545591261574081 2 -4.9907616810571973 1424.5000000000002 2897.5000000000005 -0.08883508125705751 14574.500000000002 -4.269622801651094 11223.000000000002 -7.8631209890270393 70.186859224437583 20582.500000000004 -10.421475409850343 3.5327068242902757 -4.2499165748214489 9365.5000000000018 -11965.30626628051 14738.500000000002 14747.500000000002
decision_type=2 2 2 2 1 2 1 2 2 2 2 2 1 2 2 2 2 2 2 2 2 2 2 2 2 2 2 2 2 2
left_child=1 4 -2 6 -1 -6 20 8 23 10 -8 -3 -5 -14 17 22 -12 18 19 -15 21 -4 -16 -7 -21 -17 -27 28 -25 -30
right_child=2 11 3 12 5 7 9 -9 -10 -11 16 -13 13 14 15 25 -18 -19 -20 24 -22 -23 -24 27 -26 26 -28 -29 29 -31
leaf_value=0.039857607105262621 -0.030220939786505446 0.040981407115316643 -0.012568675694976959 -0.028031446417425374 0.011051505051545724 0.033765289635269168 -0.027675929678356942 -0.022408811447311206 0.00019104048286837629 -0.026807716796414249 0.011778029768020802 0.029547138002209185 -0.022647774322035734 -0.030576718359751915 0.10545015982260829 -0.009075701209724639 -0.0055750608558915215 -0.033302547633705264 0.14857854435767093 0.0042594825109599065 -0.020557726127198694 0.044910870892689067 -0.040280826801303959 0.027746539946217182 0.1401816445475704 0.13331391241871585 -0.026261753079848918 -0.04034735732693704 -0.087277886151615802 0.007939423708572254
leaf_weight=1652.5085480958223 9770.4899354428053 11735.003591224551 528.09761813282967 7621.3359931111336 6736.8305929899216 4841.8497364521027 690.84324736893177 208.98481544852257 643.20302307605743 901.77320623397827 1208.2506965994835 3394.5367956459522 7723.7761069387197 368.09611934423447 115.94348174333572 618.16012071073055 5045.8858348727226 744.91035927832127 49.154188632965088 44.422846868634224 7288.5352977365255 150.09182685613632 13.955700516700743 956.81816878914833 20.090505242347717 26.119334012269974 17.534964621067047 66.584322094917297 39.275566160678864 177.22922325134277
leaf_count=6193 4313 49011 572 2861 14223 16899 445 193 1364 624 1730 12316 3807 113 351 469 5369 197 189 44 5558 342 2 2745 74 93 8 70 14 407
internal_value=-7.00516e-05 0.0296294 -0.0211291 -0.0184516 0.020954 0.018669 -0.0130855 0.0260699 0.0275764 -0.00728894 -0.00475452 0.038416 -0.0233387 -0.0196676 -0.0082632 0.011463 -0.00222258 -0.0209948 -0.0019644 -0.0190695 -0.0187947 0.000152269 0.0897936 0.0304727 0.0465879 -0.00391147 0.0692159 0.0176151 0.0209044 -0.0093337
internal_weight=73400.3 30452.8 42947.5 33177 15323.3 13670.8 15813.5 6933.94 6724.96 7846.75 6944.98 15129.5 17363.5 9742.16 2018.39 791.714 6254.14 1226.67 481.764 432.609 7966.72 678.189 129.899 6081.76 64.5134 661.814 43.6543 1239.91 1173.32 216.505
internal_count=130596 103435 27161 22848 42108 35915 14640 21692 21499 8168 7544 61327 8208 5347 1540 923 7099 617 420 231 6472 914 353 20135 118 570 101 3236 3166 421
cat_boundaries=0 1 2 3
cat_threshold=1 8 8
is_linear=0
shrinkage=0.05


Tree=58
num_leaves=31
num_cat=2
split_feature=3 3 3 4 0 1 6 2 5 2 6 4 2 0 2 4 1 4 2 8 6 6 1 11 2 2 7 4 5 2
split_gain=4861.97 8017.75 453.843 358.756 221.265 243.397 185.028 190.083 317.36 221.778 161.542 193.602 159.638 129.635 128.5 214.412 173.394 230.118 165.238 126.529 159.188 125.011 124.444 122.485 498.517 143.541 271.13 171.045 156.089 206.945
threshold=-9.0388875314224375 -6.00910642487516 -7.9937480013767246 65.053736679763801 0.87142094328703734 20383.500000000004 -5.545536273944113 3874.0000000000005 0 3644.5000000000005 -6.0937457905877439 2.5892505814121369 722.50000000000011 6.4870321875000014 14821.500000000002 20.882092430422869 764.50000000000011 3.0725797804206416 15000.500000000002 0.11423180959039404 -6.9679860126858228 -12.251540625459345 670.50000000000011 -72869.081003135769 11223.000000000002 14722.500000000002 13470.500000000002 62.831686958412341 1 13474.500000000002
decision_type=2 2 2 2 2 2 2 2 1 2 2 2 2 2 2 2 2 2 2 2 2 2 2 2 2 2 2 2 1 2
left_child=3 2 -2 21 -4 10 14 8 -8 12 11 -6 -10 -7 -3 16 17 -16 -17 20 -13 -1 -11 24 -22 28 -27 -28 -26 -30
right_child=1 6 4 -5 5 13 7 -9 9 22 -12 19 -14 -15 15 18 -18 -19 -20 -21 23 -23 -24 -25 25 26 27 -29 29 -31
leaf_value=-0.021226491612136553 0.0024612614238104119 -0.018863364463089324 0.04208911396059941 -0.03226345614191372 0.03856410649347379 0.033400350727176308 0.068705593626855924 -0.029380684648438696 0.030089597836369372 0.14055000762703079 0.0047472293111054595 0.028454996319724202 -0.03779638466367622 0.013568144625868347 -0.029088299600478165 0.083305745279759397 -0.022618974736915778 0.064000246962644253 -0.038959865000330773 0.010057988156031095 -0.051119759832758828 -0.0076322978560488964 -0.0035670394651787724 0.025247792988865755 0.023238029314497703 0.037173692123317392 -0.047025086736252206 0.043072333186379097 0.02111365764710077 -0.017049288159222659
leaf_weight=5131.6807063147426 2479.536017626524 5028.9154221564531 1730.978020876646 7256.5779079496861 1587.3560638129711 6920.4750480651855 127.02444848418236 7561.9548740535975 104.16760924458504 32.499131441116333 1486.8192318975925 5765.910100787878 513.47941206395626 935.35371240973473 114.85003674030304 118.0933815985918 668.36687055230141 157.34072384238243 36.07556563615799 2554.7376212477684 290.84671792387962 2522.3979438245296 27.785690888762474 2988.5609172284603 1136.8429507613182 1352.3504512012005 173.15028178691864 75.71092700958252 601.19284847378731 868.27355408668518
leaf_count=27991 6527 2592 588 59979 585 3874 164 4533 52 12 1073 3875 392 617 43 107 169 63 55 1983 89 10717 44 1886 752 673 46 45 512 558
internal_value=0.000476313 0.00860604 0.0229778 -0.0242982 0.0247647 0.0236431 -0.0220883 -0.0269219 -0.00382303 -0.0174128 0.020566 0.0219181 -0.0263473 0.031039 -0.015484 3.98616e-05 -0.00891888 0.0247218 0.0546956 0.0202466 0.0222106 -0.0167465 0.0741255 0.0174017 0.012189 0.0165652 0.0283476 -0.0196148 0.00932657 -0.00143594
internal_weight=60349.3 45438.6 30948.1 14910.7 28468.6 26737.6 14490.6 8366.91 804.956 677.932 18881.8 17394.9 617.647 7855.83 6123.64 1094.73 940.558 272.191 154.169 15807.6 13252.8 7654.08 60.2848 7486.93 4498.37 4207.52 1601.21 248.861 2606.31 1469.47
internal_count=130596 31909 23683 98687 17156 16568 8226 5197 664 500 12077 11004 444 4491 3029 437 275 106 162 10419 8436 38708 56 4561 2675 2586 764 91 1822 1070
cat_boundaries=0 1 2
cat_threshold=8 8
is_linear=0
shrinkage=0.05


Tree=59
num_leaves=31
num_cat=2
split_feature=3 4 6 8 0 2 2 5 11 6 5 6 4 7 1 4 3 3 2 2 11 11 0 7 0 8 3 6 6 0
split_gain=18312.9 1053.12 436.854 218.022 193.359 184.742 181.27 177.368 455.009 266.444 162.501 179.507 503.034 199.599 174.573 193.535 184.306 166.398 153.372 328.006 143.312 264.412 234.142 215.359 141.331 140.159 172.283 134.427 139.9 360.767
threshold=-6.0523948069364035 61.86477065305386 -6.9679860126858228 -1.0000000180025095e-35 1.0784425868055558 977.50000000000011 15266.500000000002 0 -13969.208740483242 -6.0596080446663345 1 -12.326196062560102 18.655998893886856 237.50000000000003 40864.500000000007 4.6388387182848723 -6.8493970753394056 -6.659853460385337 13474.500000000002 13534.000000000002 -77905.717509966882 -84701.226795319861 3.1610740277777785 3154.5000000000005 6.1965827719907418 1.0000000180025095e-35 -12.305263218828225 -7.3324536705268164 -7.3039495623931145 2.6975830381944452
decision_type=2 2 2 2 2 2 2 1 2 2 1 2 2 2 2 2 2 2 2 2 2 2 2 2 2 2 2 2 2 2
left_child=1 2 3 -1 -2 -6 7 8 20 -10 -5 12 25 -13 16 -16 -15 -18 -4 -20 21 -7 -23 -24 -19 -12 -27 -3 29 -29
right_child=4 27 18 10 5 6 -8 -9 9 -11 11 13 -14 14 15 -17 17 24 19 -21 -22 22 23 -25 -26 26 -28 28 -30 -31
leaf_value=-0.029883108387928688 0.040833308501520518 -0.036509528647818916 -0.012885474027349176 -0.038297888970570591 -0.02895327629545032 0.034132534373237711 -0.048183621566430884 0.024483721761349872 0.040893879450974571 -0.07854158745252475 0.01929498053514847 0.044265007646206556 -0.02543668358329438 -0.028021738213011058 0.15045487856821282 0.0035705523943989517 0.045219545214517244 -0.043520212748587112 0.05192276104654299 -0.0040507399586499522 0.0360248504280321 0.031788197657185324 -0.091336199240297997 -0.0015815861859190799 0.053601586389880697 -0.021340971125383891 0.023402584662745612 0.15208514959126324 -0.026804330285049079 -0.039504040285760315
leaf_weight=5379.6143688857555 3084.0171424150467 11062.637391507626 5307.8582279235125 860.9934840798378 143.55917723476887 921.27788507938385 78.018799155950546 14779.272662132978 69.159446239471436 143.76496890187263 1276.703867033124 111.50653198361397 2148.460616350174 4507.9362832009792 25.918258145451546 166.43113325536251 168.91158913075924 163.6286932528019 287.41569952666759 2928.9725234806538 10311.917940109968 178.20288303494453 121.72965520620346 148.1969518661499 48.57840721309185 628.52087694406509 327.10852180421352 39.150929406285286 3099.9748239815235 65.980201363563538
leaf_count=17277 314 64353 4769 4932 157 204 38 5256 8 115 2527 106 10088 8530 5 193 113 177 36 2285 2197 33 102 96 23 1978 451 16 4123 94
internal_value=-0.000344145 -0.0231115 -0.0167887 -0.0217068 0.028975 0.0276153 0.0279188 0.0281414 0.0326863 -0.0397481 -0.0174914 -0.0156202 -0.00816605 -0.0219087 -0.0233608 0.0233626 -0.025199 0.0081886 -0.00766465 0.000951039 0.0340067 0.0188093 -0.0126927 -0.0420585 -0.0212871 0.00845569 -0.00602541 -0.0338972 -0.0248806 0.0318439
internal_weight=68585.4 38606.3 24338.6 15814.3 29979.1 26895.1 26751.5 26673.5 11894.2 212.924 10434.7 9573.7 4380.79 5192.91 5081.4 192.349 4889.05 381.119 8524.25 3216.39 11681.3 1369.41 448.129 269.927 212.207 2232.33 955.629 14267.7 3205.11 105.131
internal_count=130596 122076 53490 46400 8520 8206 8049 8011 2755 123 29123 24191 15044 9147 9041 198 8843 313 7090 2321 2632 435 231 198 200 4956 2429 68586 4233 110
cat_boundaries=0 1 2
cat_threshold=8 1
is_linear=0
shrinkage=0.05


Tree=60
num_leaves=31
num_cat=2
split_feature=3 4 0 4 5 4 5 1 2 3 6 2 6 2 0 3 2 7 2 2 1 1 8 1 11 4 6 7 7 1
split_gain=16649.9 1003.92 415.113 282.581 272.691 286.51 264.359 255.967 254.621 194.573 233.875 162.919 347.361 155.939 149.325 139.735 145.579 126.16 164.699 434.16 167.846 118.699 223.052 118.316 117.568 116.313 111.321 102.559 111.156 99.6316
threshold=-8.0343750354346799 66.037702375559618 2.8853423263888893 3.0725797804206416 0 15.728093583246443 1 31075.500000000004 15222.500000000002 -6.6906892972757257 -4.9700078719056959 14574.500000000002 -4.2499165748214489 13896.500000000002 4.3545591261574081 -9.0388875314224375 14738.500000000002 2820.5000000000005 14356.500000000002 13140.500000000002 1158.5000000000002 41393.500000000007 2.359766567492684 30740.500000000004 -79925.315404900248 106.36150112003524 -7.1777011336598031 4023.5000000000005 2577.5000000000005 1567.5000000000002
decision_type=2 2 2 2 1 2 1 2 2 2 2 2 2 2 2 2 2 2 2 2 2 2 2 2 2 2 2 2 2 2
left_child=1 4 -2 -4 -1 29 24 8 15 23 -11 12 13 -12 -3 17 -17 18 19 -7 -21 -16 -23 -8 -5 -14 -19 28 -18 -6
right_child=2 14 3 6 5 7 9 -9 -10 10 11 -13 25 -15 21 16 27 26 -20 20 -22 22 -24 -25 -26 -27 -28 -29 -30 -31
leaf_value=0.038656296015333845 -0.029328862774502321 0.040084595446042814 -0.029851975163640722 -0.013676765609088199 0.00078821359558013465 0.035076066853399181 0.0014867422093049283 -0.0033072030905373488 -0.023347400975744503 -0.018227168965094364 -0.00068973569557283221 -0.019062811261551935 0.11991796911760869 0.1114401477025689 0.032620010561612955 0.019199343822133706 0.039351388562175876 0.035967440836107971 0.038061372824009114 0.028484186547325447 -0.039651222630688758 0.016919601798851516 -0.0976091782753995 -0.01897653890994435 -0.024394710241092996 -0.033037281093724828 -0.0037490152908544942 0.041855310560281855 -0.067618560774921163 0.014315345557264004
leaf_weight=1608.0151432603598 10702.297047972679 11325.507566735148 4236.5878498405218 3623.2320318818092 2564.9150843918324 658.64127033948898 3568.7583847790956 858.36553363502026 258.24735268950462 8171.5819629728794 574.46231737732887 411.94749431312084 99.081952109932899 32.775430887937546 2771.4930803328753 818.6883816421032 30.060981959104538 4383.130557641387 716.75542332231998 114.51179088652134 429.0261545330286 590.9342318624258 45.808052510023117 880.69183866679668 8707.9427033811808 14.211826950311659 183.83075708150864 40.901958525180817 126.40667688846588 2900.5414797365665
leaf_count=6225 4843 49248 1652 3152 4419 2299 4233 1663 214 5163 533 238 330 104 10549 1894 77 15722 2508 362 743 2001 46 709 4720 4 394 109 47 6395
internal_value=-7.65157e-05 0.0279502 -0.020863 -0.0178749 0.0191496 0.0169224 -0.0159296 0.0226014 0.0254672 -0.0111634 -0.015276 0.00601828 0.0203578 0.00536243 0.0373233 0.0271476 0.00990667 0.0298485 0.0190906 0.00777996 -0.0252966 0.0281475 0.00868026 -0.00256361 -0.0212455 0.100731 0.0343688 -0.0286393 -0.0470672 0.00796712
internal_weight=71449.4 30425.8 41023.6 30321.3 15692 14084 26084.7 8618.57 7760.2 13753.5 9304.06 1132.48 720.532 607.238 14733.7 7501.95 1016.06 6485.9 1918.93 1202.18 543.538 3408.24 636.742 4449.45 12331.2 113.294 4566.96 197.37 156.468 5465.46
internal_count=130596 104915 25681 20838 43071 36846 19186 26032 24369 11314 6372 1209 971 637 61844 24155 2127 22028 5912 3404 1105 12596 2047 4942 7872 334 16116 233 124 10814
cat_boundaries=0 1 2
cat_threshold=1 8
is_linear=0
shrinkage=0.05


Tree=61
num_leaves=31
num_cat=1
split_feature=3 3 3 4 0 1 6 2 5 2 3 4 2 7 2 8 8 0 2 4 1 4 2 6 4 0 6 8 0 6
split_gain=4436.63 7237.52 409.393 355.624 214.372 230.58 184.318 180.887 275.256 208.099 151.457 170.735 151.322 142.957 194.209 132.498 134.193 123.626 122.003 188.087 163.286 208.915 141.911 120.207 136.445 115.661 115.374 126.682 115.04 110.531
threshold=-9.0388875314224375 -6.00910642487516 -7.9937480013767246 65.053736679763801 0.87142094328703734 20383.500000000004 -5.545536273944113 3874.0000000000005 0 3644.5000000000005 -6.225957734494636 3.0725797804206416 722.50000000000011 461.50000000000006 6169.5000000000009 -0.41748473654720891 0.068870923253177022 6.4870321875000014 14821.500000000002 20.882092430422869 764.50000000000011 3.0725797804206416 15000.500000000002 -11.520352774889581 7.3365338571321503 6.5758721585648159 -5.9361040023224918 -0.12108579592054357 4.3545591261574081 -4.9700078719056959
decision_type=2 2 2 2 2 2 2 2 1 2 2 2 2 2 2 2 2 2 2 2 2 2 2 2 2 2 2 2 2 2
left_child=3 2 -2 23 -4 10 18 8 29 12 11 13 -10 14 -6 -13 25 -7 26 20 21 -20 -21 -1 -25 -17 -3 -28 -5 -8
right_child=1 6 4 28 5 17 7 -9 9 -11 -12 15 -14 -15 -16 16 -18 -19 19 22 -22 -23 -24 24 -26 -27 27 -29 -30 -31
leaf_value=-0.020117781304762772 0.0023926137945880603 -0.0065455500857841062 0.040858694547411201 -0.035243181296022219 -0.035776718537384553 0.032075537444437724 0.093949197198278434 -0.02886876362882454 0.028919596692302943 0.070275486958370867 0.0087186402788689606 -2.3623318662046105e-05 -0.037599681342883259 0.042860228762544084 0.045924129175024739 0.024987343317438127 0.010707296258172121 0.012647471310549786 -0.028617896498963753 0.075550697934811284 -0.021939151671237594 0.060451578102838646 -0.038687293077596566 0.015477975826357774 -0.013486459642632396 0.0078919359570761641 0.043446246427497219 -0.024636560554032776 -0.019556748666637223 -0.0024507186616107117
leaf_weight=5339.4029870256782 2477.0939858406782 1486.6274085491896 1690.1200162172318 5403.0154165104032 147.96139994263649 6824.5125303566456 88.958797708153725 7271.6879412531853 103.45802393555641 61.891902074217796 2777.9556288272142 812.88465744256973 492.45041427016258 1417.27438595891 143.06892186403275 9694.157636731863 2661.3187043964863 930.46267002820969 111.06124745309353 124.40315507352352 647.74908222258091 161.66549609601498 34.787172123789787 546.11456874012947 1591.6121024265885 1101.8412684202194 69.754184171557426 3334.2855546623468 1491.428073130548 44.664636641740799
leaf_count=29758 6527 932 588 48477 24 3874 92 4533 52 56 1431 918 392 577 64 6057 2164 617 43 107 169 63 55 1346 7604 842 94 1566 11502 72
internal_value=0.000508075 0.00827595 0.0218815 -0.023659 0.0235933 0.0224927 -0.0214673 -0.0263981 -0.00369762 -0.0169877 0.0194943 0.0213677 -0.026051 0.0363058 0.00438697 0.0195795 0.0207636 0.0297445 -0.0148081 0.000404248 -0.00827449 0.0241802 0.0505868 -0.0161064 -0.00608706 0.0232426 -0.0181663 -0.0232414 -0.0318498 0.0617268
internal_weight=59083.7 44712.1 30678.7 14371.6 28201.6 26511.4 14033.4 8063.11 791.424 657.8 18756.5 15978.5 595.908 1708.3 291.03 14270.2 13457.3 7754.98 5970.33 1079.67 920.476 272.727 159.19 7477.13 2137.73 10796 4890.67 3404.04 6894.44 133.623
internal_count=130596 31909 23683 98687 17156 16568 8226 5197 664 500 12077 10646 444 665 88 9981 9063 4491 3029 437 275 106 162 38708 8950 6899 2592 1660 59979 164
cat_boundaries=0 1
cat_threshold=8
is_linear=0
shrinkage=0.05


Tree=62
num_leaves=31
num_cat=0
split_feature=3 4 6 3 8 0 2 7 11 2 2 3 6 8 8 8 6 0 0 8 0 8 7 7 8 2 8 8 4 4
split_gain=16668.8 956.961 371.169 219.005 207.898 161.433 189.176 158.178 202.07 135.222 174.293 173.921 134.735 134.356 138.166 134.13 133.838 309.636 131.219 128.967 273.664 127.992 126.016 178.667 136.052 122.946 196.461 180.596 158.269 209.482
threshold=-6.0867691321245561 62.831686958412341 -6.9679860126858228 -5.9170352432702478 -1.0000000180025095e-35 1.441266354166667 977.50000000000011 947.50000000000011 -438023.58254254801 10751.500000000002 5667.5000000000009 -5.9689959068912115 -7.3324536705268164 -0.95732585249742053 0.037580956767278913 -0.024592418596031781 -7.3039495623931145 2.6975830381944452 2.940319380787038 0.2489780234811976 2.4781354976851855 -0.067922344013896727 31029.000000000004 31427.000000000004 21.312851158822024 14163.500000000002 -0.14007729189092674 -0.95732585249742053 28.39612656434981 9.1893487371359424
decision_type=2 2 2 2 2 2 2 2 2 2 2 2 2 2 2 2 2 2 2 2 2 2 2 2 2 2 2 2 2 2
left_child=1 2 4 9 25 -5 -7 8 18 10 -2 -12 -3 -8 15 -15 17 -14 -6 -18 -21 -11 -9 -24 -25 -1 27 -27 29 -29
right_child=3 12 -4 5 7 6 13 22 -10 21 11 -13 16 14 -16 -17 19 -19 -20 20 -22 -23 23 24 -26 26 -28 28 -30 -31
leaf_value=-0.034070029737418024 0.021703878850943201 -0.03614440743590306 -0.0080345693475441272 0.038869568483640739 -0.040471894754819833 -0.041038596023467939 -0.050879020344788778 -0.022448295862139332 -0.011685558422437979 -0.023572433587827974 -0.038528652164263433 0.014811608402193602 0.13496631090162889 0.021618086036342785 0.020573301847638767 0.032243880430527193 -0.028226528310414972 -0.039180536032073249 0.046115055321074933 0.11835384187001795 -0.04178804588895399 0.026131271462985484 0.06228022102382489 -0.013543702709447492 0.081438618351759098 -0.026069910775022867 -0.039434922836660419 -0.039993639511483665 -0.038772708304113397 0.053646722551023186
leaf_weight=3803.8990517556667 585.82392509281635 10430.864914000034 8064.0854889303446 3561.8390686810017 52.020452678203583 100.45087915658951 54.229391783475876 7229.131564155221 1272.6467232108116 138.39277938008308 365.26539531350136 262.75011137127876 42.779384285211563 3771.806982010603 4998.3395242094994 13969.145124077797 2772.3443535119295 63.283159032464027 275.39953275024891 46.9076818972826 61.857782900333405 2020.6836474537849 89.52502629160881 1271.6086106598377 38.853604957461357 407.83633399009705 581.38439221680164 75.150987043976784 92.502859026193619 290.97901257872581
leaf_count=13097 207 63934 6929 436 306 136 67 22459 2739 119 222 72 16 1632 1953 3411 3886 93 88 17 85 559 81 3688 14 1775 1424 207 489 455
internal_value=-0.000367589 -0.0228061 -0.0167327 0.0274377 -0.0212636 0.0289674 0.0274269 -0.0171119 -0.00267294 0.0154389 0.00208695 -0.0162121 -0.0334632 0.0277286 0.027916 0.0299848 -0.0241006 0.03106 0.0323581 -0.0261312 0.0272769 0.0229454 -0.0197893 -0.00605896 -0.0107276 -0.0293502 -0.01695 -0.00186312 0.0196626 0.0344263
internal_weight=66791.8 36963.1 23545 29828.7 15480.9 26455.8 22894 10229.2 1600.07 3372.92 1213.84 628.016 13418 22793.5 22739.3 17741 2987.17 106.063 327.42 2881.11 108.765 2159.08 8629.12 1399.99 1310.46 5251.75 1447.85 866.469 458.633 366.13
internal_count=130596 121782 53751 8814 46822 7635 7199 29375 3133 1179 501 294 68031 7063 6996 5043 4097 109 394 3988 102 678 26242 3783 3702 17447 4350 2926 1151 662
is_linear=0
shrinkage=0.05


Tree=63
num_leaves=31
num_cat=3
split_feature=3 4 0 8 6 5 4 11 1 4 5 3 6 0 7 4 8 6 0 1 2 11 2 5 2 2 3 11 6 2
split_gain=15110.3 907.744 407.827 340.152 269.255 255.914 281.464 190.691 196.998 156.928 147.913 201.176 180.809 146.326 124.24 288.924 123.657 96.5383 93.4106 92.3814 125.95 108.941 108.705 119.476 97.3308 91.6321 127.447 85.5699 86.078 84.1811
threshold=-8.2408989977791709 66.037702375559618 2.1262528993055567 -0.047816083265034941 -7.7892803048899752 0 20.882092430422869 -456629.99999999994 31075.500000000004 3.0725797804206416 1 -4.9907616810571973 -6.1954857512529751 5.4150955034722239 10305.500000000002 20.395434636322801 4.2429791741218539 -9.0271263298581115 0.82271440972222243 28341.500000000004 14838.500000000002 -80790.136953588531 12521.500000000002 2 15132.500000000002 14868.500000000002 -3.6665527722616669 -50369.803326607762 -3.9911870430755854 1976.5000000000002
decision_type=2 2 2 2 2 1 2 2 2 2 1 2 2 2 2 2 2 2 2 2 2 2 2 1 2 2 2 2 2 2
left_child=1 5 -2 19 -5 -1 18 -8 16 -6 -11 12 -12 -3 15 25 17 -9 -7 20 21 -4 23 -23 -22 26 29 -25 -29 -13
right_child=2 13 3 4 9 6 7 8 -10 10 11 14 -14 -15 -16 -17 -18 -19 -20 -21 24 22 -24 27 -26 -27 -28 28 -30 -31
leaf_value=0.038459638217291037 -0.030549141438389972 0.038879829079456148 0.013652539864708388 -0.004469023467330766 -0.030087631438583159 0.033426988961777891 -0.03534426299513331 0.032579325283196403 -0.00080041313374831335 -0.023599739057206529 -0.010474227706103867 -0.031485329095526947 -0.024009951583608802 0.023137948629524258 -0.025123901751748896 0.10404971173867364 -0.011678224848835288 0.015037305161019063 0.0081550500483387311 -0.020453888123296463 -0.025872395937745953 -0.012616265748929312 -0.020806954142101111 0.034544619516766469 0.050796762583466708 -0.026900689067135049 0.12587797921160074 0.0011836033659400422 0.10328589590783746 0.022153556730234253
leaf_weight=1538.2177184224129 7018.1608895808458 12175.22242487967 1107.6651072800159 2678.5526548475027 4105.5098676234484 388.3943504691124 131.70404252409935 4702.3518435359001 644.61706453561783 10648.0220297575 4828.7432660013437 93.390586778521538 5044.5919211953878 1679.8873979747295 228.12047952413559 84.52237968146801 186.95838251709938 941.29319044947624 6242.3771752417088 938.9522303044796 740.31678648293018 892.45103539526463 774.65284734964371 303.04212045669556 43.846802368760109 161.36495125293732 25.354707583785057 845.31514266133308 21.159146025776863 337.44727458059788
leaf_count=6193 3071 55137 1607 3058 1550 1089 88 17374 1380 6190 4489 29 2280 6190 95 257 407 2443 13134 690 419 758 410 545 92 71 87 940 65 458
internal_value=-8.45033e-05 0.0277772 -0.0195783 -0.0173072 -0.019551 0.0191561 0.016913 0.024217 0.0254284 -0.0211317 -0.0194177 -0.0152958 -0.01739 0.0369712 0.00693318 0.0173492 0.0283282 0.0296535 0.00963534 -0.00612845 -0.00328378 0.000354769 -0.00483785 0.00116153 -0.0215854 0.00548288 0.0169376 0.0116753 0.00367692 0.0105265
internal_weight=69552.2 28631 40921.2 33903 28235.6 14775.9 13237.7 6606.92 6475.22 25557.1 21451.6 10803.5 9873.34 13855.1 930.2 702.08 5830.6 5643.65 6630.77 5667.4 4728.45 3944.29 2836.62 2061.97 784.164 617.558 456.193 1169.52 866.474 430.838
internal_count=130596 103435 27161 24090 18564 42108 35915 21692 21604 15506 13956 7766 6769 61327 997 902 20224 19817 14223 5526 4836 4325 2718 2308 511 645 574 1550 1005 487
cat_boundaries=0 1 2 3
cat_threshold=1 8 8
is_linear=0
shrinkage=0.05


Tree=64
num_leaves=31
num_cat=1
split_feature=3 3 3 4 0 1 6 2 5 2 3 4 2 2 6 4 8 0 6 8 8 1 6 8 2 2 4 2 6 8
split_gain=4045.02 6516.77 361.524 351.739 208.661 219.797 183.22 175.743 255.589 196.092 170.34 148.945 142.232 118.798 179.134 191.8 117.193 117.049 115.877 115.726 114.195 112.459 111.223 117.806 107.132 320.324 105.252 103.154 121.863 125.405
threshold=-9.0388875314224375 -6.00910642487516 -7.9937480013767246 65.053736679763801 0.87142094328703734 24970.500000000004 -5.545536273944113 3874.0000000000005 0 3644.5000000000005 -6.225957734494636 21.90298407537491 722.50000000000011 14821.500000000002 -5.692183186491655 4.6388387182848723 0.14908073683340065 4.3545591261574081 -12.251540625459345 -0.19019742496516565 -22.752390131767402 764.50000000000011 -5.9361040023224918 -0.12108579592054357 10751.500000000002 10210.500000000002 7.3365338571321503 14916.500000000002 -6.9057036377588963 0.3831841369750873
decision_type=2 2 2 2 2 2 2 2 1 2 2 2 2 2 2 2 2 2 2 2 2 2 2 2 2 2 2 2 2 2
left_child=3 2 -2 18 -4 10 13 8 -8 12 11 27 -10 22 21 -16 19 -5 -1 -13 -19 -15 24 -24 25 -3 -20 28 29 -6
right_child=1 6 4 17 5 -7 7 -9 9 -11 -12 16 -14 14 15 -17 -18 20 26 -21 -22 -23 23 -25 -26 -27 -28 -29 -30 -31
leaf_value=-0.019965277958498534 0.0024785263227776922 0.0006579244872892627 0.039690554667820122 -0.034994855032940794 0.031835012871453384 0.029882567677519609 0.058923521359028522 -0.028360005665093859 0.027596226004079866 0.066754854638587713 0.0077731143468408453 -0.00040354810571144474 -0.037409103126399244 0.02680121169540875 -0.012614996147325686 0.083465879294338408 -0.00021650315682793448 0.13851295805920763 0.011489338353018998 0.020238497095797676 -0.020127321957163619 -0.018434112575293437 0.040826713213993684 -0.02401179747308883 -0.019035822086210828 0.16266185968108124 -0.012547015013887948 0.041917948000530829 0.016392321633088191 0.0078504607663124944
leaf_weight=4848.3492868170142 2469.9600969851017 672.45899848639965 1648.6161008477211 5106.7173307389021 4155.511822104454 5867.5983093976974 136.23216933012009 6994.7330153360963 102.47626653313637 63.604346349835396 2942.5179773718119 756.36415287852287 470.46614777296782 172.35351178050041 91.166845619678497 120.72184981405735 986.95079210400581 11.434365525841711 604.05987995862961 6637.5306092202663 1432.3430840671062 677.45243412256241 71.612359806895256 3221.7130116671324 762.62093959748745 31.962869614362717 1851.1279068812728 838.199955701828 3480.9657018780708 627.25579664111137
leaf_count=27991 6527 395 588 48477 2415 3347 164 4533 52 56 1508 914 392 72 34 67 922 63 1577 4445 11439 264 94 1566 505 32 9140 429 2165 423
internal_value=0.000532925 0.00795143 0.0208143 -0.0230286 0.0224352 0.0213532 -0.0208338 -0.0258602 -0.00323324 -0.0165359 0.018903 0.0207762 -0.0257823 -0.014128 0.000995705 0.0421263 0.0159667 -0.031441 -0.0154835 0.0181269 -0.0188709 -0.0092597 -0.017501 -0.0226019 -0.00604996 0.00800879 -0.00663325 0.0252047 0.0235095 0.0286895
internal_weight=57855.1 44001 30411.5 13854 27941.5 26292.9 13589.6 7767.51 772.779 636.547 20425.3 17482.8 572.942 5822.06 1061.69 211.889 8380.85 6550.49 7303.54 7393.89 1443.78 849.806 4760.37 3293.33 1467.04 704.422 2455.19 9101.93 8263.73 4782.77
internal_count=130596 31909 23683 98687 17156 16568 8226 5197 664 500 13221 11713 444 3029 437 101 6281 59979 38708 5359 11502 336 2592 1660 932 427 10717 5432 5003 2838
cat_boundaries=0 1
cat_threshold=8
is_linear=0
shrinkage=0.05


Tree=65
num_leaves=31
num_cat=1
split_feature=3 4 6 3 1 7 2 6 4 1 5 2 0 2 2 2 6 3 1 2 6 1 2 4 2 6 0 2 2 3
split_gain=15180 940.323 357.562 206.755 203.193 206.254 245.425 360.431 272.729 227.045 194.183 304.965 162.114 177.234 145.763 295.584 137.416 136.324 136.078 165.555 160.674 128.642 237.578 217.894 128.342 128.028 270.018 127.097 164.371 159.856
threshold=-6.0867691321245561 62.831686958412341 -6.996754998668437 -5.9170352432702478 2044.5000000000002 21684.500000000004 13474.500000000002 -8.5635988024253837 25.591551032101616 568.50000000000011 0 13534.000000000002 1.441266354166667 977.50000000000011 14163.500000000002 14356.500000000002 -7.3324536705268164 -15.65965515238895 30740.500000000004 15222.500000000002 -14.991187043075584 9365.5000000000018 15132.500000000002 3.0725797804206416 14644.500000000002 -7.3039495623931145 2.6975830381944452 10751.500000000002 5667.5000000000009 -5.9689959068912115
decision_type=2 2 2 2 2 2 2 2 2 2 1 2 2 2 2 2 2 2 2 2 2 2 2 2 2 2 2 2 2 2
left_child=1 2 4 27 5 6 -1 8 9 -8 14 -12 -5 -14 -11 17 -3 -16 19 -6 -21 22 23 -15 -17 26 -18 28 -2 -30
right_child=3 16 -4 12 18 -7 7 -9 -10 10 11 -13 13 21 15 24 25 -19 -20 20 -22 -23 -24 -25 -26 -27 -28 -29 29 -31
leaf_value=-0.027283011943159532 0.020803925015287366 -0.035811496004448579 -0.007717454141922396 0.038039234008809042 -0.028244756403404233 0.08047181915317797 -0.013991781095192078 -0.035666281662996978 -0.038391525806541489 -0.019425917767276542 0.15191728380055602 -0.030253958606488864 -0.040771619754316445 0.03422774973954628 0.03553747134189654 -0.042030301271759066 0.12156615608543833 0.13747837557997045 -0.011293718793705547 0.029836988177253831 -0.039986461409189801 0.032413017924068671 -0.055430904019774574 0.020952206693353227 0.037785178031345366 -0.025499021466327022 -0.038879587057894009 0.022036242085722357 -0.037579782910140434 0.013839731431104816
leaf_weight=1722.1464519798756 582.58686822652817 9911.6539236307144 8177.4254379123449 3437.2363243997097 8625.3980142623186 60.121382117271423 444.47809901833534 619.94163998961449 266.43880294263363 95.188468128442764 25.656309127807617 219.71869394183159 97.839513525366783 4279.5272350311279 46.546598479151726 55.147335857152939 46.071626871824265 111.0117874443531 1667.37330506742 241.87023539841175 124.95764043927193 6785.4422987699509 93.201001226902008 11128.128705888987 580.85685555636883 2799.6903847455978 60.865736022591591 2133.3849691301584 362.79801347851753 259.09876593947411
leaf_count=5236 207 63934 7147 436 30323 51 1061 915 1578 265 2 759 136 921 38 238 16 46 4966 169 204 1661 118 4363 753 3988 93 678 222 72
internal_value=-0.000383559 -0.022149 -0.0161193 0.0264154 -0.0207282 -0.0114802 -0.0128005 -0.00268241 0.0084003 0.0162979 0.0281688 -0.0112062 0.0279291 0.0263767 0.0390398 0.0460528 -0.033008 0.107363 -0.024413 -0.0268457 0.00605206 0.0266714 0.0241581 0.0246395 0.0308645 -0.0234482 0.030245 0.0147052 0.00172031 -0.016157
internal_weight=65061.8 35902.6 23084.3 29159.2 14906.9 4247.25 4187.13 2464.98 1845.04 1578.6 1134.13 245.375 25821.4 22384.1 888.751 793.563 12818.3 157.558 10659.6 8992.23 366.828 22286.3 15500.9 15407.7 636.004 2906.63 106.937 3337.87 1204.48 621.897
internal_count=130596 121782 53751 8814 46604 10942 10891 5655 4740 3162 2101 761 7635 7199 1340 1075 68031 84 35662 30696 373 7063 5402 5284 991 4097 109 1179 501 294
cat_boundaries=0 1
cat_threshold=4
is_linear=0
shrinkage=0.05


Tree=66
num_leaves=31
num_cat=2
split_feature=3 4 0 8 5 4 6 7 11 4 0 5 3 6 3 11 1 2 2 11 11 2 3 7 7 0 1 8 8 2
split_gain=13703 895.007 400.289 327.611 252.532 267.91 250.745 185.555 170.978 166.313 150.033 144.116 176.573 185.113 121.851 117.038 93.4546 118.89 101.316 94.2662 92.1604 91.8353 144.969 105.301 187.14 88.6963 84.391 223.593 82.7078 151.037
threshold=-8.2408989977791709 66.037702375559618 2.1262528993055567 -0.071909147670538673 0 20.882092430422869 -7.8295916130419156 39036.500000000007 -456629.99999999994 3.0725797804206416 4.3545591261574081 1 -4.9907616810571973 -6.1954857512529751 -10.421475409850343 -67660.292619632863 28341.500000000004 14838.500000000002 15132.500000000002 -80790.136953588531 -108752.58127161059 14868.500000000002 -3.6665527722616669 6390.5000000000009 3838.5000000000005 0.82271440972222243 39096.500000000007 1.3084944083940446 0.014878748900527762 12864.500000000002
decision_type=2 2 2 2 1 2 2 2 2 2 2 1 2 2 2 2 2 2 2 2 2 2 2 2 2 2 2 2 2 2
left_child=1 4 -2 16 -1 25 20 8 -7 -8 -3 -11 13 -13 -10 -14 17 19 -19 -4 -5 22 23 24 28 -6 -12 -28 -17 -30
right_child=2 10 3 6 5 7 9 -9 14 11 26 12 15 -15 -16 21 -18 18 -20 -21 -22 -23 -24 -25 -26 -27 27 -29 29 -31
leaf_value=0.03785419786362252 -0.029917478092265901 0.03922250906088063 0.016353550108622019 0.017788592777118091 0.032401594594411325 -0.033235371515511224 -0.029333030180196503 -0.013566893787196728 0.030229491774461933 -0.022422711215525849 0.030915170756598151 -0.0095337600095819139 0.086510791528642175 -0.023037502537685745 0.012928482522220461 -0.0037148033361325177 -0.020125237472144449 -0.025311933430186281 0.05630309397139014 -0.0025611332840100739 -0.0078077512608312905 -0.033283165453681714 0.11539772414650018 -0.017235144717222046 0.12197028988984722 0.0075603541210626044 0.019372129124697227 -0.087574395004631253 0.12170862912819734 0.0015551493923232319
leaf_weight=1485.8344029784203 6763.1743929088116 10176.02220967412 926.27439332008362 422.43082845211029 381.44559708237648 122.29368710517883 4057.6513797342777 323.44102750718594 4701.6659944057465 10833.672615781426 2414.0486246198416 5065.9568269401789 42.917974025011063 5085.5643519759178 1298.8650171756744 297.79269763827324 773.26841340959072 623.8522049933672 40.493839308619499 2280.4403185993433 2099.2128579765558 153.79556213319302 30.728216797113419 320.86507892608643 41.089303612709045 6199.005965039134 598.50130017101765 53.21819095313549 41.942488819360733 69.483558744192123
leaf_count=6193 3071 49011 1401 726 1089 83 1593 608 17578 6586 9971 4804 117 2388 3423 254 568 358 89 2307 2224 45 100 184 138 13134 2276 69 141 67
internal_value=-8.88423e-05 0.0269015 -0.0188301 -0.016572 0.0183248 0.0160973 -0.0185746 0.023342 0.0252917 -0.0200324 0.0363013 -0.0183157 -0.0143252 -0.0162987 0.0264845 0.00573607 -0.00425591 -0.00108591 -0.0203373 0.00290246 -0.0035198 0.00210868 0.00889644 0.00465278 0.0202489 0.00900031 0.0266049 0.0106391 0.0100352 0.0467828
internal_weight=67724.9 27754.3 39970.6 33207.4 14512.6 13026.7 28563.1 6446.27 6122.82 26041.5 13241.8 21983.8 11150.1 10151.5 6000.53 998.615 4644.33 3871.06 664.346 3206.71 2521.64 955.697 801.901 771.173 450.308 6580.45 3065.77 651.719 409.219 111.426
internal_count=130596 103435 27161 24090 42108 35915 19367 21692 21084 16417 61327 14824 8238 7192 21001 1046 4723 4155 447 3708 2950 929 884 784 600 14223 12316 2345 462 208
cat_boundaries=0 1 2
cat_threshold=1 8
is_linear=0
shrinkage=0.05


Tree=67
num_leaves=31
num_cat=1
split_feature=3 3 3 4 1 0 4 6 2 5 2 2 3 4 2 2 0 2 8 2 6 4 2 4 4 0 8 6 8 7
split_gain=3697.1 5399.19 998.161 229.53 208.352 222.763 182.374 181.844 170.519 237.254 185.748 155.01 154.106 156.893 145.559 133.883 119.053 115.167 119.105 114.746 165.608 168.966 110.24 197.12 127.144 109.474 120.502 107.496 111.451 105.964
threshold=-11.793309207584175 -6.00910642487516 -8.199179859084337 65.053736679763801 26158.500000000004 0.87142094328703734 6.2376527853301784 -5.545536273944113 3874.0000000000005 0 3644.5000000000005 14974.500000000002 -6.225957734494636 21.90298407537491 12590.500000000002 722.50000000000011 3.1081823611111115 14946.500000000002 0.042493900718347362 14821.500000000002 -5.692183186491655 4.6388387182848723 5860.5000000000009 2.095937416300369 3.8867423158524548 6.8186053703703715 -0.37337744894985553 -5.9361040023224918 -0.12108579592054357 6498.5000000000009
decision_type=2 2 2 2 2 2 2 2 2 1 2 2 2 2 2 2 2 2 2 2 2 2 2 2 2 2 2 2 2 2
left_child=3 2 6 -1 5 -4 -2 19 9 -9 15 12 13 -7 22 -11 -16 18 25 27 -21 -22 24 -24 -14 26 -15 -3 -29 -26
right_child=1 7 4 -5 -6 11 -8 8 -10 10 -12 -13 14 17 16 -17 -18 -19 -20 20 21 -23 23 -25 29 -27 -28 28 -30 -31
leaf_value=-0.018109582395202741 0.018315954322751373 -0.0055293657390936687 0.0376143716104178 -0.032587047687568267 0.02946574012851021 0.023057979878960088 -0.010444695889830276 0.056246613326468214 -0.027853490004706861 0.026361232748366464 0.063758024921571108 0.037153186393338637 0.046802204427049278 -0.0053483718049361683 -0.034518498797912668 -0.037236874061968274 0.0016861318838455167 -0.069508587764636906 0.0029929267608184147 -0.0085957330239913431 -0.01193309331743031 0.078179613069093545 -0.038360993105934514 0.035421134150689947 -0.033599095692061653 -0.01879189174906392 0.020205427656677082 0.039220173009831084 -0.023395928190178605 0.011124802242171885
leaf_weight=5342.3682218939066 660.53318068385124 1445.4483150616288 1479.5592615306377 5615.4767646640539 5807.9540709108114 8817.0054060518742 3329.8659057915211 138.85768692195415 6730.930407114327 101.41100171208382 65.12244775891304 962.73542065918446 119.21695503592491 499.55242748558521 300.32014527916908 449.74974424391985 930.900789052248 41.493427455425262 1916.527266561985 832.77512480318546 89.054051280021667 125.08743123710155 101.99505430459976 804.98438361287117 254.66778093576431 205.73679400980473 6031.6275598406792 72.723399743437767 3115.3777893781662 275.94375601410866
leaf_count=31353 1447 932 574 54898 3466 5634 16033 164 4533 52 56 546 60 691 66 392 525 66 1815 336 34 67 18 533 87 181 4227 94 1566 150
internal_value=0.000555193 0.00680856 0.0177397 -0.0255287 0.0210136 0.018855 -0.00568393 -0.0202073 -0.0253259 -0.0027963 -0.0160995 0.0175497 0.01662 0.0183582 0.00570176 -0.0255351 -0.00714492 0.0135925 0.0139909 -0.0134618 0.00148845 0.0407048 0.0158617 0.0271239 0.000142851 0.0171196 0.0182509 -0.0168396 -0.0219676 -0.0103405
internal_weight=56665 45707.2 32540.6 10957.8 28550.2 22742.3 3990.4 13166.5 7486.07 755.141 616.283 21262.7 20300 17511.9 2788.03 551.161 1231.22 8694.94 8653.44 5680.47 1046.92 214.141 1556.81 906.979 649.828 6736.92 6531.18 4633.55 3188.1 530.612
internal_count=130596 44345 36119 86251 18639 15173 17480 8226 5197 664 500 14599 14053 12614 1439 444 591 6980 6914 3029 437 101 848 551 297 5099 4918 2592 1660 237
cat_boundaries=0 1
cat_threshold=8
is_linear=0
shrinkage=0.05


Tree=68
num_leaves=31
num_cat=3
split_feature=3 4 3 2 2 5 2 4 7 2 2 4 2 3 6 7 7 2 11 0 7 11 11 0 5 3 2 2 4 5
split_gain=13816.5 914.896 416.121 283.996 849.603 242.804 427.825 519.713 453.051 352.381 379.289 332.827 382.229 286.851 280.719 296.489 229.015 227.72 358.805 195.8 193.653 188.339 536.478 215.391 274.471 175.144 174.703 265.93 173.57 173.378
threshold=-6.1618438335499954 50.667246900856171 -6.00910642487516 6305.5000000000009 6381.5000000000009 0 13717.500000000002 0.0004979401466143501 41348.000000000007 6897.5000000000009 6598.5000000000009 8.8502927588511309 13752.500000000002 -6.3304506924356714 -6.9679860126858228 237.50000000000003 461.50000000000006 11981.500000000002 -58622.15313841981 1.0784425868055558 7665.5000000000009 -74832.118257130627 -73898.416965999626 2.8853423263888893 1 -8.1184156488641683 12263.000000000002 5343.5000000000009 3.5327068242902757 2
decision_type=2 2 2 2 2 1 2 2 2 2 2 2 2 2 2 2 2 2 2 2 2 2 2 2 1 2 2 2 2 1
left_child=1 3 26 16 25 6 7 -6 13 10 -7 12 -8 -9 15 -11 28 18 -16 -4 -15 -3 -23 24 -24 -5 27 -2 -1 -21
right_child=2 21 19 4 5 9 11 8 -10 14 -12 -13 -14 20 17 -17 -18 -19 -20 29 -22 22 23 -25 -26 -27 -28 -29 -30 -31
leaf_value=0.043619708839606496 0.016085831647198318 -0.034984750699181562 0.039063600153763083 -0.039025293956290986 0.053851393749316592 -0.039906008397238631 0.12049447261697439 -0.033260235346134072 0.034591184662768629 0.054293522872666894 0.098833268794123422 0.012351585691500687 -0.028520093415384418 -0.01453298266477614 0.029264480043394322 -0.033172348166371345 -0.027934487698276202 -0.021816319648704952 -0.040060968117586047 0.029600566075090512 0.060148535231651902 0.072287466160439282 0.016007140113084867 -0.0384810527491923 -0.037966956552634511 0.10350851700916544 0.016587182398540238 -0.034083692123491625 -0.027303645962936857 0.021133923301286644
leaf_weight=204.33905147016048 496.76819558441639 11214.597086682916 2702.4157947748899 24.329381301999092 231.53600370883942 81.6609937697649 45.162886932492256 3161.4137318730354 310.82609336078167 99.43496335297823 124.16377943754196 3005.2425422221422 912.70899030566216 234.15647414326668 676.30571812391281 3782.9062424749136 5085.4093772172928 1384.3177342116833 257.78626994788647 10850.446500346065 137.93911123275757 148.88501986861229 540.90921501815319 1352.7533018440008 417.22116184234619 188.83755259215832 1336.2021615505219 564.04143625497818 149.2917665541172 13657.548074543476
leaf_count=43 220 67716 302 98 222 209 7 9205 404 142 141 6375 1651 211 409 12811 13302 1115 237 2712 75 168 882 3708 1685 75 507 450 302 5212
internal_value=-0.000401441 -0.0222597 0.0245315 -0.0154714 -0.011851 -0.0133132 -0.00752636 -0.0189003 -0.023282 -0.0205746 0.0437885 0.00417117 -0.0214942 -0.0283728 -0.022711 -0.0309322 -0.025229 -0.00894413 0.0101324 0.0262908 0.0131521 -0.0322366 -0.0197072 -0.0256342 -0.00749607 0.0872407 0.0045599 -0.0105897 0.0136781 0.0248824
internal_weight=63379.6 33772.1 29607.4 20097.8 14658.7 14445.6 8038.99 4075.87 3844.34 6406.58 205.825 3963.11 957.872 3533.51 6200.75 3882.34 5439.04 2318.41 934.092 27210.4 372.096 13674.4 2459.77 2310.88 958.13 213.167 2397.01 1060.81 353.631 24508
internal_count=130596 121193 9403 47034 33387 33214 18150 10117 9895 15064 350 8033 1658 9491 14714 12953 13647 1761 646 8226 286 74159 6443 6275 2567 173 1177 670 345 7924
cat_boundaries=0 1 2 3
cat_threshold=4 8 8
is_linear=0
shrinkage=0.05


Tree=69
num_leaves=31
num_cat=3
split_feature=3 4 0 3 5 4 7 11 5 0 1 4 3 5 3 4 7 2 6 8 4 7 6 8 1 7 0 11 8 0
split_gain=12414 882.837 393.565 286.167 247.277 253.945 175.957 161.368 159.664 155.374 136.203 129.006 119.619 110.578 115.058 166.576 113.292 191.526 173.998 107.716 124.235 110.437 98.6126 99.4006 92.1371 91.2816 95.72 88.5878 84.6256 84.2412
threshold=-8.2408989977791709 66.037702375559618 2.8853423263888893 -6.1923635144265097 0 20.882092430422869 39036.500000000007 -456629.99999999994 1 4.3545591261574081 36647.000000000007 3.5327068242902757 -10.421475409850343 2 -4.9907616810571973 3.0725797804206416 9875.5000000000018 14589.500000000002 -4.2499165748214489 0.096515767037753455 20.882092430422869 3838.5000000000005 -7.9984826770852893 -0.43981275245684243 9365.5000000000018 1424.5000000000002 5.099215462962964 -115800.22192473295 -0.08883508125705751 0.41693580439814815
decision_type=2 2 2 2 1 2 2 2 1 2 2 2 2 1 2 2 2 2 2 2 2 2 2 2 2 2 2 2 2 2
left_child=1 4 22 8 -1 29 7 -7 27 -3 11 -10 -9 -5 -15 -16 17 18 19 20 -17 -22 -2 -24 -20 -19 -27 -4 -13 -6
right_child=2 9 3 13 5 6 -8 12 10 -11 -12 28 -14 14 15 16 -18 25 24 -21 21 -23 23 -25 -26 26 -28 -29 -30 -31
leaf_value=0.037233235808865846 -0.0050740856281912255 0.038724616876949586 0.022852634620544054 -0.024961039149541637 0.043013607651071067 -0.032609747204468423 -0.013440261984370866 0.02940188602525623 -0.024522154126357863 0.025634898766970463 -0.024159834163708732 0.011884186170845704 0.012124946514040927 -0.019298822750948116 -0.024885767572538419 -0.0038464682706227087 -0.02207333874256745 -0.026515098607787359 0.10556985727349762 0.090180173207163775 0.0090147860698096879 0.13958501930922837 -0.0031304629644168373 -0.028952307861840873 -0.034956656624836373 -0.0025632492788172745 0.12225707275747999 -0.016309574062350011 -0.0032134675516990209 0.0074755385251170942
leaf_weight=1430.5323240160942 499.28510265052319 9691.0914385616779 147.48876546323299 6444.6369229406118 171.24570587277412 121.48341596126556 323.38276056945324 4566.7883184403181 602.85340060293674 2959.2900977283716 817.5792982429266 1156.656984820962 1283.4173291921616 6630.8549772650003 664.52757202088833 294.6877047419548 263.01748156547546 274.67423397302628 100.44801843166351 47.330144122242928 33.250041753053665 31.571034580469131 388.84629517793655 8973.2721361368895 13.196718275547026 48.264435485005379 22.528708428144455 6904.4387437403202 4698.3791392892599 6357.8085607588291
leaf_count=6193 540 49011 265 2761 549 83 608 17578 431 12316 611 1662 3423 3650 266 252 124 115 311 132 40 116 399 4193 3 42 76 5974 5198 13674
internal_value=-8.62508e-05 0.0260482 -0.018089 -0.0151721 0.0175159 0.0153164 0.022482 0.0244273 -0.0101293 0.0356626 -0.00493274 -0.00249856 0.0256117 -0.0200312 -0.0162599 -0.00502432 0.00666642 0.0153956 0.034553 0.0192738 0.00993878 0.0726089 -0.0267252 -0.0278798 0.0892516 -0.0134671 0.0371587 -0.0154905 -0.00023094 0.00840764
internal_weight=65962.8 26905 39057.8 29196.4 14254.7 12824.1 6295.07 5971.69 14327.4 12650.4 7275.47 6457.89 5850.21 14869 8424.35 1793.5 1128.97 865.951 520.484 406.839 359.509 64.8211 9861.4 9362.12 113.645 345.467 70.7931 7051.93 5855.04 6529.05
internal_count=130596 103435 27161 22029 42108 35915 21692 21084 14141 61327 7902 7291 21001 7888 5127 1477 1211 1087 854 540 408 156 5132 4592 314 233 118 6239 6860 14223
cat_boundaries=0 1 2 3
cat_threshold=1 8 8
is_linear=0
shrinkage=0.05


Tree=70
num_leaves=31
num_cat=0
split_feature=3 3 3 6 4 8 0 11 1 4 3 4 2 1 8 0 4 1 1 2 8 11 1 11 2 0 3 4 1 6
split_gain=3381 4866.1 849.44 230.314 230.101 188.728 204.378 181.621 178.009 178.607 304.911 168.185 162.487 152.37 139.371 126.745 137.242 117.578 111.081 168.662 117.529 93.8455 169.116 143.399 116.771 114.217 103.91 102.209 133.343 91.6526
threshold=-11.793309207584175 -5.9689959068912115 -8.199179859084337 -6.0937457905877439 65.053736679763801 0.12082998576925875 6.4870321875000014 -82780.460771725615 1976.5000000000002 3.0725797804206416 -5.7241130549365069 6.2376527853301784 722.50000000000011 22158.000000000004 -0.41748473654720891 1.2874747337962966 31.986322361260296 32609.500000000004 1706.5000000000002 14974.500000000002 -0.37337744894985553 -95068.305367675799 7816.5000000000009 -90225.746360366771 14738.500000000002 2.8853423263888893 -6.8182993190962202 10.499534748920409 1771.5000000000002 -10.869827140916543
decision_type=2 2 2 2 2 2 2 2 2 2 2 2 2 2 2 2 2 2 2 2 2 2 2 2 2 2 2 2 2 2
left_child=4 2 11 5 -1 6 13 8 9 -3 -11 29 -9 14 -4 -16 21 -7 19 20 -5 -17 23 24 26 -26 -23 -25 -29 -2
right_child=1 7 3 18 -6 17 -8 12 -10 10 -12 -13 -14 -15 15 16 -18 -19 -20 -21 -22 22 -24 27 25 -27 -28 28 -30 -31
leaf_value=-0.017460181309748878 0.049991667070007094 -0.018882367593390875 -0.0028984308706372975 0.021319396522721218 -0.032246364101573527 0.0075534296266619796 0.0096631833438778 0.023353692100116601 -0.024691138417294652 -0.0024273136564029064 0.07908702859126282 -0.0098589634603944119 -0.023345980022620214 0.031493352831183812 0.036149828002080699 0.033683384445830272 0.013839084925849357 0.035656777911285992 0.011808496919307979 0.066240516909302161 -0.030014196395664827 0.018722324638394825 0.0336631927081305 0.025412278090745196 -0.022272569169266419 0.050365918314516471 -0.055500561532438111 -0.033316938308456424 0.014114186625499568 0.0070404299851963186
leaf_weight=5202.6144820600748 165.36981078982353 274.62051647156477 554.36491249501705 141.77863578498363 5323.4071338400245 3409.655484482646 2680.120246514678 189.5609318614006 532.39435949921608 272.76476249098778 197.99670445919037 3275.7314110770822 10712.276133142412 5452.8035608977079 1548.9353328645229 2190.6360258311033 4360.2928265482187 417.77841463685036 1668.1269159466028 63.504769504070282 522.14147555828094 64.983182191848755 1927.1992068588734 2226.9113113284111 103.67882931232452 113.20940187573433 171.86776039004326 172.54918617010117 1049.0926842540503 498.93732935190201
leaf_count=31353 273 89 606 159 54898 2692 1976 114 330 151 94 16033 7152 3224 651 1296 3192 273 1206 32 183 61 1119 1244 15 56 69 66 815 1174
internal_value=0.000570152 0.00654223 0.0165691 0.0195441 -0.0249381 0.020889 0.0226266 -0.0204436 -0.00260924 0.0131629 0.0318567 -0.00520692 -0.022534 0.0243693 0.0216873 0.0226658 0.0209788 0.010621 0.00469856 -0.0116059 -0.019052 0.0248604 0.0215448 0.01556 -0.010864 0.0156426 -0.0351365 0.0190367 0.00741484 0.0177325
internal_weight=55485.3 44959.3 32779.7 28839.6 10526 26444.1 22616.6 12179.6 1277.78 745.382 470.761 3940.04 10901.8 19936.5 14483.7 13929.4 12380.4 3827.43 2395.55 727.425 663.92 8020.13 5829.49 3902.29 453.739 216.888 236.851 3448.55 1221.64 664.307
internal_count=130596 44345 36415 18935 86251 17355 14390 7930 664 334 245 17480 7266 12414 9190 8584 7933 2965 1580 374 342 4741 3445 2326 201 71 130 2125 881 1447
is_linear=0
shrinkage=0.05


Tree=71
num_leaves=31
num_cat=3
split_feature=3 4 3 2 2 5 2 4 7 2 2 4 2 3 6 7 7 2 11 0 0 11 11 0 5 7 4 5 11 6
split_gain=12575.8 899.595 385.289 275.344 766.898 232.287 406.826 485.038 427.984 331.074 335.743 312.219 348.158 278.401 274.959 282.038 219.51 216.084 337.616 214.72 196.082 189.83 497.132 215.183 264.213 177.701 170.862 169.828 357.386 290.985
threshold=-6.1618438335499954 50.667246900856171 -6.00910642487516 6305.5000000000009 6381.5000000000009 0 13717.500000000002 0.0004979401466143501 41348.000000000007 6897.5000000000009 6598.5000000000009 8.8502927588511309 13752.500000000002 -6.3304506924356714 -6.9679860126858228 237.50000000000003 461.50000000000006 11981.500000000002 -58622.15313841981 4.7796720601851872 1.0784425868055558 -74832.118257130627 -73898.416965999626 2.8853423263888893 1 7665.5000000000009 61.86477065305386 2 -13969.208740483242 -6.0596080446663345
decision_type=2 2 2 2 2 1 2 2 2 2 2 2 2 2 2 2 2 2 2 2 2 2 2 2 1 2 2 1 2 2
left_child=1 3 -2 16 -5 6 7 -6 13 10 -7 12 -8 -9 15 -11 -1 18 -16 -12 -4 -3 -23 24 26 -15 -24 28 -22 -30
right_child=2 21 20 4 5 9 11 8 -10 14 19 -13 -14 25 17 -17 -18 -19 -20 -21 27 22 23 -25 -26 -27 -28 -29 29 -31
leaf_value=0.013591889603113819 0.0043275414516600868 -0.03464795137290707 0.03835136011882042 0.080680036450590006 0.051447601664049748 -0.039608294705184524 0.11114237487458384 -0.032752073987677342 0.03307225377297604 0.051876015442362228 0.12241575864404185 0.012190549347010108 -0.027891784460651537 -0.013895227628694263 0.028367696019423766 -0.03270861591500801 -0.027344145793067123 -0.021141895366665289 -0.039715785336638935 -0.03975182297906095 0.030015821707510305 0.068003457434335682 0.062393630771544341 -0.038219813729860351 -0.037717172672185016 0.057405486202029246 -0.0010502350360299098 0.020160292033341822 0.041824567854876107 -0.074477973683323304
leaf_weight=350.70869988203049 2382.9323088526726 10687.409847937524 2601.9410616308451 223.11333522200584 234.4384663850069 78.919172421097755 47.425781682133675 3065.6036433577538 315.26015272736549 101.2853637561202 105.3664078861475 3003.7436748892069 890.22457611560822 231.01485720276833 680.4505690485239 3651.6630507558584 4944.064739741385 1358.5169498175383 248.61665938794613 25.316372558474541 10344.637101113796 153.42765285074711 144.95037031173706 1298.5286548286676 398.17343777418137 140.55311089754105 396.16486985236406 13396.039283484221 84.08754625916481 149.22251434624195
leaf_count=345 1177 67716 302 173 222 209 7 9205 404 142 67 6375 1651 211 409 12811 13302 1115 237 74 2560 168 144 3708 1685 75 738 5212 13 139
internal_value=-0.000420284 -0.021633 0.0235877 -0.0148829 -0.0112983 -0.0127457 -0.00706338 -0.0183248 -0.022684 -0.0199537 0.0418235 0.004328 -0.0208595 -0.027798 -0.0220973 -0.0304258 -0.0246327 -0.00843371 0.0101487 0.091 0.0253147 -0.0317986 -0.0190637 -0.0250331 -0.00680309 0.0130757 0.0159447 0.0238998 0.0286356 -0.0325612
internal_weight=61733.8 32774.9 28958.9 19696.3 14401.5 14178.4 7928.26 3986.87 3752.43 6250.13 209.602 3941.39 937.65 3437.17 6040.53 3752.95 5294.77 2287.58 929.067 130.683 26575.9 13078.7 2391.24 2237.82 939.289 371.568 541.115 23974 10577.9 233.31
internal_count=130596 121193 9403 47034 33387 33214 18150 10117 9895 15064 350 8033 1658 9491 14714 12953 13647 1761 646 141 8226 74159 6443 6275 2567 286 882 7924 2712 152
cat_boundaries=0 1 2 3
cat_threshold=4 8 8
is_linear=0
shrinkage=0.05


Tree=72
num_leaves=31
num_cat=2
split_feature=3 4 0 8 8 5 4 1 2 0 4 0 8 6 7 2 1 8 2 1 3 2 4 0 1 3 5 2 1 2
split_gain=11243.2 868.228 387.055 311.514 253.913 241.755 240.121 170.452 177.775 161.097 135.122 120.388 103.983 92.1497 91.9246 90.685 87.1891 213.028 85.7271 113.041 97.1971 92.9938 83.5199 81.1876 79.4674 86.6433 86.8855 168.804 75.4938 200.321
threshold=-8.2408989977791709 66.037702375559618 2.1262528993055567 -0.047816083265034941 0.037580956767278913 0 20.882092430422869 31075.500000000004 15222.500000000002 4.3545591261574081 3.5327068242902757 6.5453951678240765 4.2429791741218539 -10.519131289744662 3447.5000000000005 1446.5000000000002 39096.500000000007 1.3084944083940446 14838.500000000002 7672.5000000000009 -5.9689959068912115 15132.500000000002 37.818943450741394 0.82271440972222243 31846.500000000004 -7.6196982991156821 1 12263.000000000002 1567.5000000000002 13826.500000000002
decision_type=2 2 2 2 2 1 2 2 2 2 2 2 2 2 2 2 2 2 2 2 2 2 2 2 2 2 1 2 2 2
left_child=1 5 -2 18 10 -1 23 8 12 -3 -5 -12 13 -8 -14 -15 -11 -18 19 22 -21 -20 -4 -7 25 -6 27 -27 29 -25
right_child=2 9 3 4 24 6 7 -9 -10 16 11 -13 14 15 -16 -17 17 -19 21 20 -22 -23 -24 28 -26 26 -28 -29 -30 -31
leaf_value=0.036645785682454607 -0.028699722452202921 0.03826044475311538 0.0037943390006585764 -0.029024145629355059 0.010833097887105771 0.030649540402638665 0.031669319694948267 -0.0028568728274692883 -0.022806719409803944 0.029243955419630086 -0.020233419837554809 -0.0082881143702165389 -0.059359081616363489 -0.03554899135215249 0.017655455819389029 0.019819507042959938 0.01704844555111016 -0.087648056601147606 -0.023799743874930356 -0.0021390851628054885 -0.02280853388133643 0.049475134520244851 0.036033414553695665 0.016726918839921664 -0.02362623568978198 0.15973338245628965 -0.010052090646393985 0.0021497517571113299 0.011107177487404711 -0.012060291637602832
leaf_weight=1376.9812638908625 6290.3196168243885 9221.8084265589714 1696.1301004886627 3634.5874623209238 595.23070907592773 368.74408939480782 3677.2284882962704 635.65901048481464 191.79341080784798 2242.5872603207827 13219.841511905193 2509.6840249150991 64.886341467499733 78.060278803110123 96.17610889673233 1405.1497458964586 561.17091298103333 53.191361784934998 741.10439175367355 1942.4678563475609 804.26276779174805 45.98635695874691 227.88391047716141 1027.735917776823 847.70532916486263 21.916574046015739 5529.7952687591314 75.665630131959915 3615.5075568258762 1466.8416221439838
leaf_count=6193 3071 49011 1942 1492 892 1089 15253 1386 171 9971 8672 2237 75 109 319 4379 2276 69 448 2245 378 96 417 2536 554 89 4543 85 8569 2029
internal_value=-7.93165e-05 0.0252238 -0.0173645 -0.0151288 -0.0173742 0.0167519 0.0145826 0.0216599 0.0244866 0.0350464 -0.0203352 -0.0183275 0.0261911 0.0274259 -0.013371 0.0169055 0.0246722 0.00798384 -0.00425351 -0.00168111 -0.00819125 -0.0195186 0.0076128 0.00786566 -0.00926443 -0.00730792 -0.00922677 0.0375424 0.00649065 -0.000200307
internal_weight=64266.1 26083.5 38182.6 31892.3 26434.4 14004.8 12627.8 6148.95 5513.29 12078.8 19364.1 15729.5 5321.5 5160.44 161.062 1483.21 2856.95 614.362 5457.84 4670.74 2746.73 787.091 1924.01 6478.83 7070.31 6222.61 5627.38 97.5822 6110.09 2494.58
internal_count=130596 103435 27161 24090 18564 42108 35915 21692 20306 61327 12401 10909 20135 19741 394 4488 12316 2345 5526 4982 2623 544 2359 14223 6163 5609 4717 174 13134 4565
cat_boundaries=0 1 2
cat_threshold=1 1
is_linear=0
shrinkage=0.05


Tree=73
num_leaves=31
num_cat=0
split_feature=3 3 3 4 6 8 0 11 1 0 1 0 4 2 1 0 4 0 8 1 1 2 8 7 2 2 2 7 1 6
split_gain=3089.64 4392.34 746.61 230.288 207.12 179.138 194.401 178.487 170.96 169.173 239.054 188.894 155.19 153.543 145.291 133.834 129.282 129.073 118.584 110.877 103.239 157.598 110.792 94.3243 106.121 93.1938 288.608 1231.08 113.697 98.4181
threshold=-11.793309207584175 -5.9689959068912115 -8.199179859084337 65.053736679763801 -6.0937457905877439 0.12082998576925875 6.4870321875000014 -82780.460771725615 1976.5000000000002 1.5705645949074076 1219.5000000000002 3.6310336226851865 6.2376527853301784 722.50000000000011 22158.000000000004 0.61660126157407424 2.5892505814121369 2.2595479224537045 -0.41748473654720891 32609.500000000004 1706.5000000000002 14974.500000000002 -0.37337744894985553 461.50000000000006 4901.5000000000009 8466.0000000000018 7480.0000000000009 19960.500000000004 240.50000000000003 -5.692183186491655
decision_type=2 2 2 2 2 2 2 2 2 2 2 2 2 2 2 2 2 2 2 2 2 2 2 2 2 2 2 2 2 2
left_child=3 2 12 -1 5 6 14 8 9 -3 11 17 -2 -9 15 -4 23 -11 -18 -7 21 22 -6 24 -17 26 28 -28 -15 -29
right_child=1 7 4 -5 20 19 -8 13 -10 10 -12 -13 -14 25 -16 16 18 -19 -20 -21 -22 -23 -24 -25 -26 -27 27 29 -30 -31
leaf_value=-0.016815651502571735 0.017206280974220316 -0.028986391107483328 0.041770662273780186 -0.031904464455777437 0.020401165582549063 0.0069012629577378005 0.0089260609832768917 0.022757986265627979 -0.024087108832115321 0.010762097728224491 0.10151875886919653 -0.0045889462127246599 -0.0092902072797336026 0.054512660478125488 0.030341306840660304 -0.027889567026010111 -0.0050770722779430628 0.12097514351351968 0.019044832526195779 0.034404276961240869 0.011312807393432787 0.063759057041495412 -0.029533240039458338 0.041863255383708886 0.034445653249347154 -0.025865060612470278 -0.018342258496458218 0.17457768485637012 -0.021178414381096512 0.32799810514594518
leaf_weight=5069.14072021842 666.92977839708328 178.30301700532436 714.97108328342438 5045.799726113677 141.90596954524517 3399.9467467218637 2666.5837309807539 188.68049225211143 515.4992328286171 48.639006569981575 90.142582640051842 362.99960984289646 3224.2627335041761 50.497791819274426 5351.5941602885723 114.78522628545761 532.52088412642479 58.53485219180584 11784.349890366197 410.72614012658596 1669.2174320816994 63.605780750513077 511.41771399974823 1002.4358422756195 168.51033994555473 7246.8487261012197 188.06433516740799 16.414680771529675 2833.4422125220299 28.78230369836092
leaf_count=31353 1447 38 298 54898 159 2692 1976 114 330 21 92 140 16033 53 3224 17 597 43 7806 273 1206 32 183 416 56 4838 297 33 1895 36
internal_value=0.000587333 0.00628848 0.0157965 -0.0243426 0.0185985 0.0198854 0.0215948 -0.0198224 -0.00198956 0.0134328 0.0269314 0.0126314 -0.00474885 -0.0219417 0.0233124 0.0206851 0.0195768 0.0709569 0.0180019 0.00986562 0.00449688 -0.0113726 -0.0186872 0.0346638 0.00918877 -0.0227554 -0.0155262 0.0379688 -0.0198531 0.272279
internal_weight=54345.6 44230.6 32423.8 10114.9 28532.6 26146.4 22335.8 11806.8 1254.12 738.619 560.316 470.173 3891.19 10552.7 19669.2 14317.6 13602.6 107.174 12316.9 3810.67 2386.15 716.929 653.324 1285.73 283.296 10364.1 3117.2 233.261 2883.94 45.197
internal_count=130596 44345 36415 86251 18935 17355 14390 7930 664 334 296 204 17480 7266 12414 9190 8892 64 8403 2965 1580 374 342 489 73 7152 2314 366 1948 69
is_linear=0
shrinkage=0.05


Tree=74
num_leaves=31
num_cat=3
split_feature=3 4 3 2 2 2 2 5 2 2 4 7 4 2 11 2 2 11 2 0 5 7 2 0 7 4 5 11 6 11
split_gain=11446.9 834.078 497.783 253.489 709.057 244.942 270.43 216.727 324.978 323.317 472.669 482.953 360.25 293.967 260.181 272.438 228.09 211.177 530.318 212.56 250.6 204.394 199.03 197.343 179.672 245.516 164.266 341.409 272.399 193.204
threshold=-6.225957734494636 50.667246900856171 -6.00910642487516 6305.5000000000009 6381.5000000000009 12263.000000000002 5343.5000000000009 0 6897.5000000000009 13474.500000000002 0.0004979401466143501 41348.000000000007 8.8502927588511309 6598.5000000000009 -78928.873914772601 10822.000000000002 13752.500000000002 -74832.118257130627 10822.000000000002 2.8853423263888893 1 237.50000000000003 5223.0000000000009 1.0784425868055558 461.50000000000006 3.5327068242902757 2 -13969.208740483242 -6.0596080446663345 -77905.717509966882
decision_type=2 2 2 2 2 2 2 1 2 2 2 2 2 2 2 2 2 2 2 2 1 2 2 2 2 2 1 2 2 2
left_child=1 3 5 24 -5 6 22 9 13 10 -6 -12 16 -9 21 -16 -11 -3 19 20 -19 -10 -2 -4 25 -1 27 29 -29 -25
right_child=2 17 23 4 7 -7 -8 8 14 12 11 -13 -14 -15 15 -17 -18 18 -20 -21 -22 -23 -24 26 -26 -27 -28 28 -30 -31
leaf_value=0.046998708239906289 -0.0033721530606565841 -0.03472646172125609 0.037699628043053983 0.07536616155875514 0.050356106065502143 0.015527626277014079 -0.032403313249920657 -0.039285602855956198 0.036139055521937226 0.060084969123237346 -0.029202332810045889 0.037861716664467852 0.010308878356052386 0.084613761665191467 -0.016482822698495211 0.035618815076963115 -0.034072076125603805 0.015849532463441448 0.075976068812998954 -0.037833405898304417 -0.037379292617011978 -0.02986193517207757 0.064572858071211159 0.010513321476558238 -0.026943613156242125 -0.042602498715486832 0.019233213541231465 0.040710145646748255 -0.072466301703345504 0.031639619051106141
leaf_weight=194.34824465215206 466.21700669825077 10108.148381173611 2506.000704690814 231.71137528121471 234.11479876935482 1785.5836125165224 762.48020304739475 73.842108950018883 120.6067665964365 70.079591736197472 2988.5359748750925 294.94497193396091 3146.7914541214705 136.13393741846085 926.03050080686808 344.14687572419643 782.47684434056282 541.30658608675003 141.2512579113245 1209.2559290900826 373.82350065559149 4281.6687541827559 140.19080701470375 1233.3748746961355 4714.4409318193793 126.03033956885338 13144.546480029821 82.439535111188889 149.72492212057114 8829.478983014822
leaf_count=39 279 67637 302 169 210 776 692 207 167 79 8820 385 6819 141 989 133 1625 881 77 3690 1717 13300 19 412 13219 300 5212 13 139 2148
internal_value=-0.000445988 -0.0215673 0.0220832 -0.014894 -0.0113528 0.0033284 -0.0125843 -0.0128524 -0.0200407 -0.00722714 -0.0182841 -0.0231782 0.00249791 0.0410422 -0.0223018 -0.0023662 -0.0263324 -0.031634 -0.0178371 -0.0240748 -0.00589403 -0.0280537 0.0123355 0.0243634 -0.0244813 0.0117514 0.0229376 0.0276672 -0.0322784 0.0290502
internal_weight=60139.7 31039.7 29100 18665.9 13631.1 3154.47 1368.89 13399.4 5882.43 7516.94 3517.6 3283.48 3999.35 209.976 5672.45 1270.18 852.556 12373.8 2265.64 2124.39 915.13 4402.28 606.408 25945.6 5034.82 320.379 23439.6 10295 232.164 10062.9
internal_count=130596 120604 9992 46602 33044 1766 990 32875 14937 17938 9415 9205 8523 348 14589 1122 1704 74002 6365 6288 2598 13467 298 8226 13558 339 7924 2712 152 2560
cat_boundaries=0 1 2 3
cat_threshold=4 8 8
is_linear=0
shrinkage=0.05


Tree=75
num_leaves=31
num_cat=2
split_feature=3 4 0 4 5 5 4 1 2 0 3 6 2 6 2 1 0 6 1 8 11 11 2 2 11 2 11 1 6 0
split_gain=10186.5 916.024 389.584 260.8 244.685 224.06 223.072 217.67 202.57 171.411 163.989 209.021 141.516 253.522 131.844 127.939 182.126 140.242 122.873 184.675 106.829 94.6843 139.921 166.172 135.854 105.135 143.357 93.5769 93.1766 150.641
threshold=-8.0343750354346799 66.037702375559618 2.8853423263888893 3.0725797804206416 0 1 15.728093583246443 31075.500000000004 15222.500000000002 4.3545591261574081 -6.6906892972757257 -4.9700078719056959 14574.500000000002 -4.2499165748214489 13896.500000000002 4394.5000000000009 3.6853036342592604 -8.1203594512107227 41393.500000000007 2.359766567492684 -79925.315404900248 -133134.50914920121 14356.500000000002 13293.500000000002 -450494.99999999994 14738.500000000002 -94098.962215626205 37103.500000000007 -22.776895192938863 4.3253446527777788
decision_type=2 2 2 2 1 1 2 2 2 2 2 2 2 2 2 2 2 2 2 2 2 2 2 2 2 2 2 2 2 2
left_child=1 4 -2 -4 -1 20 28 8 15 -3 27 -12 13 14 -13 16 -8 -17 -11 -20 -5 22 23 -18 -24 26 -23 -7 29 -6
right_child=2 9 3 5 6 10 7 -9 -10 18 11 12 -14 -15 -16 17 21 -19 19 -21 -22 25 24 -25 -26 -27 -28 -29 -30 -31
leaf_value=0.035599344782438806 -0.026121483852362865 0.037518200328925444 -0.026646771089549267 -0.010010884118998878 0.012238159462756942 0.0030086838254411918 0.024825891080907676 -0.0055340546831371597 -0.022356023679310992 0.028560386875413388 -0.014743839036825452 0.002362216453153355 -0.015829513726486132 0.087840133659614072 0.10363601587519942 0.032072107188517794 0.034448993516211376 0.0015424820716404652 0.011210453082468435 -0.09188365703050895 -0.020739259912827164 0.043114844498046062 -0.055573890768921469 -0.037858089470745905 0.042823944386050132 -0.059217581830732814 -0.044105949118424803 -0.0198546319257989 0.0083812628464694262 -0.0274886914906751
leaf_weight=1342.5493967682123 9085.1928132325411 8886.726152330637 3634.196771517396 3326.7162776440382 449.48523752391338 3737.5931457281113 1682.5199963748455 835.53883728384972 253.87722679972649 2325.5497852861881 7430.1557238996029 543.58334250748158 377.80689074099064 121.37888163328171 34.156287640333176 3559.0574082285166 119.67415243387222 420.61666485667229 513.48040741682053 47.453562363982201 7670.665054127574 93.695133164525032 39.72896009683609 236.4456607401371 299.67634128034115 129.80684158205986 94.753505453467369 508.41607035696507 4323.405384644866 508.671013712883
leaf_count=6225 4843 49248 1652 3152 952 4538 6367 1663 214 10549 5163 533 238 334 104 14184 461 955 2001 46 4720 304 32 413 1208 67 164 404 9356 506
internal_value=-7.06676e-05 0.0237365 -0.0171495 -0.0141729 0.0152739 -0.0122642 0.0131824 0.0185742 0.021481 0.0340798 -0.00775442 -0.01176 0.00882635 0.0221505 0.00834958 0.023148 0.0147389 0.0288454 0.0234939 0.00248896 -0.0174939 -0.0020021 0.00833428 -0.0135593 0.031306 -0.0245915 -0.000740479 0.000271036 0.00525484 -0.00885224
internal_weight=62632.6 26162.7 36469.9 27384.7 14389.5 23750.5 13047 7765.39 6929.85 11773.2 12753.1 8507.08 1076.93 699.119 577.74 6675.97 2696.3 3979.67 2886.48 560.934 10997.4 1013.78 695.525 356.12 339.405 318.255 188.449 4246.01 5281.56 958.156
internal_count=130596 104915 25681 20838 43071 19186 36846 26032 24369 61844 11314 6372 1209 971 637 24155 9016 15139 12596 2047 7872 2649 2114 874 1240 535 468 4942 10814 1458
cat_boundaries=0 1 2
cat_threshold=1 8
is_linear=0
shrinkage=0.05


Tree=76
num_leaves=31
num_cat=1
split_feature=3 3 3 0 3 8 11 1 4 3 0 1 7 2 5 2 11 8 0 8 8 7 2 4 2 2 2 2 7 2
split_gain=2817.94 3956.41 653.412 232.19 189.959 179.466 172.554 163.583 160.598 255.696 159.955 163.818 157.93 145.254 144.745 174.081 120.198 118.153 118.06 131.022 144.526 112.703 112.607 106.847 103.044 108.884 115.277 108.374 108.16 103.548
threshold=-11.793309207584175 -5.9689959068912115 -8.199179859084337 3.7402859027777784 -6.3304506924356714 -22.752390131767402 -82780.460771725615 1976.5000000000002 3.0725797804206416 -5.7241130549365069 0.95019500578703731 44121.500000000007 2820.5000000000005 722.50000000000011 0 15062.500000000002 -7025.4810305574301 0.14908073683340065 6.7875911747685196 0.068870923253177022 -0.19019742496516565 15854.500000000002 507.50000000000006 14.891940818146713 9280.5000000000018 14974.500000000002 14908.500000000002 9687.0000000000018 1570.5000000000002 7251.5000000000009
decision_type=2 2 2 2 2 2 2 2 2 2 2 2 2 2 1 2 2 2 2 2 2 2 2 2 2 2 2 2 2 2
left_child=3 2 14 12 10 -5 7 8 -3 -10 -4 18 17 -8 16 23 -2 -1 19 20 -12 -17 -18 -16 29 26 27 -26 -27 -6
right_child=1 6 4 5 24 -7 13 -9 9 -11 11 -13 -14 -15 15 21 22 -19 -20 -21 -22 -23 -24 -25 25 28 -28 -29 -30 -31
leaf_value=-0.01928448779063216 -0.015018609380294607 -0.017854826606565923 0.03620740071814145 0.10413942201910063 0.011299490450779711 -0.014978887777826484 0.022222442910233911 -0.023562713283954748 -0.0014359573606014112 0.072859067725366586 0.0076032443896018962 0.03761766007994758 -0.033870940459587121 -0.022158920619032935 0.018190553136227371 0.041859368182462865 -0.042387534741863429 0.029509407219476709 -0.0019867175759346292 0.0096415299166158035 0.022036797736437894 0.16778116303193538 0.10550402441824523 -0.0082476610554279555 -0.040053937480203021 0.058983363869676501 -0.028205273383508856 0.0063568096125992722 0.0044171575059208587 0.036834933221474665
leaf_weight=1040.1758878529072 2069.3593319281936 262.34099486470222 1373.6275125741959 31.892621204257011 1463.3458161503077 3703.0929448828101 187.81374582648277 501.37540318071842 265.58376602828503 205.35650444030762 1977.682080745697 1076.3134693205357 4808.1020811200142 10023.997153319418 631.70046473294497 94.937095604836941 19.052494816482067 140.86861748248339 741.17762225866318 3545.1204146742821 14096.810094967484 21.861289456486702 39.672290101647377 967.37498553097248 132.18527337908745 169.46057856082916 307.02258083224297 2597.6065502166748 195.68367795646191 544.81089490652084
leaf_count=7583 10182 89 626 175 744 26585 114 330 151 94 2073 543 51238 7152 1619 129 89 670 568 2999 9180 72 31 5358 49 60 104 1561 93 335
internal_value=0.000588389 0.00602665 0.0150349 -0.0237455 0.0176691 -0.0139617 -0.0192081 -0.00155274 0.0134964 0.0309609 0.0196669 0.0186071 -0.0298469 -0.0213427 -0.00430457 0.00650066 -0.0130168 -0.0134646 0.0176021 0.0183421 0.020261 0.0654283 0.0575225 0.00219652 0.00924586 0.0039442 0.000842427 0.00410945 0.0297409 0.0182272
internal_weight=53235.4 43511.3 32064.8 9724.13 28220.8 3734.99 11446.5 1234.66 733.281 470.94 22810.7 21437.1 5989.15 10211.8 3843.96 1715.87 2128.08 1181.04 20360.8 19619.6 16074.5 116.798 58.7248 1599.08 5410.12 3401.96 3036.81 2729.79 365.144 2008.16
internal_count=130596 44345 36415 86251 18935 26760 7930 664 334 245 15989 15363 59491 7266 17480 7178 10302 8253 14820 14252 11253 201 120 6977 2946 1867 1714 1610 153 1079
cat_boundaries=0 1
cat_threshold=4
is_linear=0
shrinkage=0.05


Tree=77
num_leaves=31
num_cat=2
split_feature=3 4 3 2 2 2 2 11 2 0 5 5 2 2 2 4 7 4 2 6 2 11 2 2 0 2 0 7 4 2
split_gain=10442 816.51 453.682 245.086 645.374 225.533 257.015 212.672 491.036 212.33 241.296 205.106 319.166 420.832 303.465 443.55 456.098 339.786 247.478 270.393 263.556 229.604 290.938 217.924 196.267 183.779 174.103 168.591 227.9 163.41
threshold=-6.225957734494636 50.667246900856171 -6.00910642487516 6305.5000000000009 6381.5000000000009 12263.000000000002 5343.5000000000009 -74832.118257130627 10822.000000000002 2.8853423263888893 0 1 11981.500000000002 11863.500000000002 13474.500000000002 0.0004979401466143501 41348.000000000007 8.8502927588511309 6897.5000000000009 -7.3864224311105522 6598.5000000000009 -58622.15313841981 10884.500000000002 14018.500000000002 1.0784425868055558 5223.0000000000009 3.8767472627314823 461.50000000000006 3.5327068242902757 9280.5000000000018
decision_type=2 2 2 2 2 2 2 2 2 2 1 1 2 2 2 2 2 2 2 2 2 2 2 2 2 2 2 2 2 2
left_child=1 3 5 27 -5 6 25 -3 9 10 29 14 13 18 15 -6 -17 23 20 -20 -13 22 -21 -16 -4 -2 -15 28 -1 -9
right_child=2 7 24 4 11 -7 -8 8 -10 -11 -12 12 -14 26 17 16 -18 -19 19 21 -22 -23 -24 -25 -26 -27 -28 -29 -30 -31
leaf_value=0.045043374004467396 -0.00306963750993486 -0.034425005230094716 0.037047756302221381 0.070311010812850586 0.048401301270688042 0.014983275962029904 -0.03172620345425884 0.029715528131480509 0.071716818451980954 -0.037605987168093331 -0.037163166837527559 -0.039026789467438455 -0.028997060055214654 -0.040177053771403543 0.036163667432008599 -0.028655227059423673 0.03617054621989603 0.010065140474354504 -0.038315916894909569 0.031907009010430656 0.078823526783036391 -0.039133749397623499 -0.042794585397560397 -0.036397757211892215 0.022042988633647956 0.062109684765181833 0.083212597770734031 -0.026367623559865463 -0.042170803097061525 -0.038531072669543448
leaf_weight=194.10303169488907 464.04756876826286 9624.4476810395718 2408.1947654783726 240.46492655575275 236.15925648808479 1782.5346015691757 746.62146924436092 431.00308206677437 145.04357700049877 1159.1491538658738 356.27884996682405 71.343722715973854 3465.125586360693 34.219892956316471 121.07465685904026 2905.6889115199447 299.27957706153393 3146.1778254956007 850.74280446022749 562.1876082867384 141.59783594310284 273.11824624240398 169.68067622184753 711.82581189274788 22934.872121989727 141.01013439893723 173.71694869548082 4582.9544450938702 121.97596795111895 110.12206441164017
leaf_count=39 279 67637 302 169 210 776 692 811 77 3690 1717 207 9799 57 184 8820 385 6819 3819 331 141 269 240 1520 7924 19 74 13219 300 70
internal_value=-0.000458956 -0.0209783 0.0212494 -0.0143615 -0.0108633 0.00330366 -0.0120989 -0.0312181 -0.0171989 -0.0234699 -0.00521068 -0.0123463 -0.0194418 -0.00489821 -0.00685578 -0.017729 -0.0226018 0.00254741 -0.0117138 -0.017572 0.0393391 -1.17714e-05 0.0145877 -0.0258499 0.0234688 0.0121206 0.0629065 -0.0239317 0.0113871 0.015827
internal_weight=58604.8 30127.5 28477.3 18301.4 13402.4 3134.21 1351.68 11826 2201.6 2056.55 897.404 13161.9 5741.73 2276.61 7420.21 3441.13 3204.97 3979.08 2068.67 1855.73 212.942 1004.99 731.868 832.9 25343.1 605.058 207.937 4899.03 316.079 541.125
internal_count=130596 120604 9992 46602 33044 1766 990 74002 6365 6288 2598 32875 14937 5138 17938 9415 9205 8523 5007 4659 348 840 571 1704 8226 298 131 13558 339 881
cat_boundaries=0 1 2
cat_threshold=8 4
is_linear=0
shrinkage=0.05


Tree=78
num_leaves=31
num_cat=2
split_feature=3 4 3 0 5 4 4 5 1 11 6 3 0 2 6 8 2 7 6 2 2 2 11 1 2 2 2 7 2 2
split_gain=9219.04 795.646 403.98 325.697 228.892 218.855 208.573 195.409 173.982 160.528 159.754 165.862 142.438 122.52 273.926 116.513 113.147 99.2617 98.3908 89.9403 232.205 204.145 127.451 103.248 101.141 183.819 167.494 102.209 99.9443 98.3583
threshold=-8.5236756886338156 66.037702375559618 -7.6196982991156821 3.1610740277777785 0 20.882092430422869 3.0725797804206416 1 31075.500000000004 -456629.99999999994 -4.9700078719056959 -5.9170352432702478 5.4150955034722239 14574.500000000002 -4.2499165748214489 4.2429791741218539 13212.500000000002 354.50000000000006 -8.1203594512107227 6464.0000000000009 7480.0000000000009 12263.000000000002 -96766.998372611866 26696.500000000004 14654.500000000002 15025.500000000002 14644.500000000002 1161.5000000000002 14430.500000000002 15132.500000000002
decision_type=2 2 2 2 1 2 2 1 2 2 2 2 2 2 2 2 2 2 2 2 2 2 2 2 2 2 2 2 2 2
left_child=1 4 18 -4 -1 19 -5 -8 9 -7 11 -9 -3 14 16 -11 -12 -18 -2 23 -21 22 -22 -6 26 -26 28 29 -23 -27
right_child=2 12 3 6 5 8 7 10 -10 15 13 -13 -14 -15 -16 -17 17 -19 -20 20 21 24 -24 -25 25 27 -28 -29 -30 -31
leaf_value=0.036221740318731314 0.010828117634023172 0.036510445851997503 -0.025345553238793513 -0.025894238739401665 0.022611426145777457 -0.032624091318952816 -0.017725467679043792 -0.0045289076465476578 -0.0045226581523215908 0.026858109461569558 0.0017790685891835929 -0.017670705485036891 0.019138446613281679 -0.013277153791071521 0.097290862313843415 -0.015378745775587453 -0.031053415156875736 0.11679955700065557 -0.0059154743925975565 -0.025646682124832995 0.037624998797018049 -0.0047329334522232362 -0.0083910122275628173 -0.018710076293799553 0.028245234106370611 -0.036603161221022369 -0.046062579609201397 0.020342503634355767 0.033434707878459091 0.055932807470824575
leaf_weight=1256.7769845873117 1221.9412912130356 9442.1582112163305 9326.9049692600965 3340.1699968576431 1318.5740647166967 122.23852369189262 9351.6341166496277 6007.2653330862522 600.36819912493229 4695.8837708830833 485.36111752688885 3999.3233536332846 1348.471399590373 333.64816282689571 106.57023461163044 169.16066275537014 15.643667325377463 41.375748872756958 3111.7563197463751 586.57893034815788 752.06935735046864 1392.0129587650299 188.11397844552994 170.74653714895248 755.06130264699459 291.6765024960041 225.70385050773621 170.52789494395256 195.62059278786182 31.85233399271965
leaf_count=6150 2574 54707 4997 1540 3769 82 6573 6237 1317 19309 470 2208 5972 227 317 393 6 136 3653 757 2407 2664 390 286 2221 152 55 388 545 94
internal_value=-6.41464e-05 0.0243167 -0.0155471 -0.0174315 0.0159477 0.0137636 -0.0143145 -0.012413 0.0209064 0.0239676 -0.00789216 -0.00978128 0.0343395 0.0113462 0.024006 0.0253895 0.00960649 0.0762351 -0.00119441 0.00719768 0.00373293 0.00803845 0.028418 0.017874 0.00178186 0.0127299 -0.00575971 -0.010982 -3.00997e-05 -0.0274927
internal_weight=61055.2 23713.6 37341.6 33007.9 12923 11666.2 23681 20340.8 5587.65 4987.28 10989.2 10006.6 10790.6 982.599 648.951 4865.04 542.381 57.0194 4333.7 6078.54 4589.22 4002.64 940.183 1489.32 3062.46 1249.12 1813.34 494.057 1587.63 323.529
internal_count=130596 101658 28938 22711 40979 34829 17714 16174 21101 19784 9601 8445 60679 1156 929 19702 612 142 6227 13728 9673 8916 2797 4055 6119 2855 3264 634 3209 246
cat_boundaries=0 1 2
cat_threshold=1 8
is_linear=0
shrinkage=0.05


Tree=79
num_leaves=31
num_cat=0
split_feature=3 3 3 3 0 8 1 0 7 2 2 4 2 2 6 1 2 2 2 4 2 7 4 2 11 4 1 4 2 11
split_gain=2577.39 3543.08 604.302 219.561 212.203 173.176 159.176 159.738 155.22 147.811 139.184 129.112 124.833 122.469 122.21 120.83 162.112 713.815 262.255 318.718 105.171 111.536 117.793 105.072 184.099 120.479 144.768 104.206 164.931 104.053
threshold=-12.237997037122414 -5.9170352432702478 -8.199179859084337 -6.225957734494636 4.0193969039351858 -22.752390131767402 44121.500000000007 3.6024492881944457 2820.5000000000005 10751.500000000002 15489.500000000002 6.2376527853301784 5860.5000000000009 722.50000000000011 -6.1954857512529751 2117.5000000000005 13862.500000000002 13826.500000000002 12544.500000000002 28.39612656434981 5055.5000000000009 19557.500000000004 4.9569986769654344 1826.5000000000002 -13969.208740483242 3.0725797804206416 7934.5000000000009 14.891940818146713 14409.500000000002 -97692.290961821433
decision_type=2 2 2 2 2 2 2 2 2 2 2 2 2 2 2 2 2 2 2 2 2 2 2 2 2 2 2 2 2 2
left_child=4 2 11 6 8 -6 7 29 15 12 13 -2 20 -3 -14 -1 17 18 -17 -20 21 22 -5 -9 25 -25 27 28 -27 -4
right_child=1 10 3 9 5 -7 -8 23 -10 -11 -12 -13 14 -15 -16 16 -18 -19 19 -21 -22 -23 -24 24 -26 26 -28 -29 -30 -31
leaf_value=-0.021985697843981088 0.015622139986770728 0.021466246948675841 0.033214411337497168 0.036863355363700757 0.10239736757352094 -0.014171897327990039 0.036942643663449265 0.031647008135186387 -0.033122318054935498 -0.0014713126656468486 0.056342872746451257 -0.0081465567269136726 -0.0020537996979025559 -0.020494960549950095 0.039666952530725996 -0.024325154193764568 -0.035995848614402387 0.41044522617774676 0.22215249492235128 -0.017345359124983372 -0.027716638169770814 0.05833240870760649 -0.011109972474458404 0.030619028084194325 -0.041432998977260604 0.0039052983887828902 0.016687861020482912 -0.0019964887209959277 0.032034774746464691 0.019939809897152508
leaf_weight=914.9173818603158 687.69555167853832 176.84933671355247 1957.3650136291981 187.85627050697803 32.196224093437195 3059.9182652533054 1101.9639098644257 836.31212088465691 4788.9031336605549 2579.6565771475434 60.371600151062012 3376.900933265686 231.41725760698318 10385.940585337579 726.7659894824028 121.8946725204587 101.58524458110332 12.310669064521788 28.812231384217739 26.824087202548981 205.7747792750597 113.42063881456852 401.29199267923832 1011.4073980152607 151.40185439586639 1619.4850014448166 8225.2578592300415 2275.4645040631294 768.31724920868874 6005.5916525870562
leaf_count=6088 1510 103 1228 85 156 22368 567 556 53458 1336 17 17746 140 7515 434 1041 1046 11 44 263 86 63 213 471 51 1400 6588 2086 516 3410
internal_value=0.000601137 0.0057048 0.0139068 0.0164876 -0.0235972 -0.0129581 0.0183818 0.0174867 -0.0290844 0.00628341 -0.0193597 -0.00412509 0.0170009 -0.0197924 0.0295907 -0.0130548 0.0149833 0.0422625 0.0167313 0.106683 0.00372038 0.0129279 0.00418684 0.0144293 0.0134045 0.0140019 0.0126978 0.00566009 0.0129565 0.0232028
internal_weight=52173.9 43086.5 32463.3 28398.8 9087.36 3092.11 23952.6 22850.6 5995.25 4446.18 10623.2 4064.6 1866.53 10562.8 958.183 1206.34 291.427 189.842 177.531 55.6363 908.344 702.569 589.148 14887.6 14051.3 13899.9 12888.5 4663.27 2387.8 7962.96
internal_count=130596 46121 38486 19230 84475 22524 16873 16306 61951 2357 7635 19256 1021 7618 574 8493 2405 1359 1348 307 447 361 298 11668 11112 11061 10590 4002 1916 4638
is_linear=0
shrinkage=0.05


Tree=80
num_leaves=31
num_cat=3
split_feature=3 4 3 2 2 11 2 0 5 2 2 0 5 2 2 2 4 7 4 2 6 2 11 2 2 2 5 11 6 11
split_gain=9513.74 797.415 417.107 236.28 590.691 213.548 455.695 211.875 232.017 206.883 243.755 197.117 193.398 308.171 386.071 285.95 414.572 429.238 318.775 229.849 263.458 235.281 218.861 272.132 208.329 170.588 163.221 332.426 256.007 184.918
threshold=-6.225957734494636 50.667246900856171 -6.00910642487516 6305.5000000000009 6381.5000000000009 -74832.118257130627 10822.000000000002 2.8853423263888893 0 12263.000000000002 5343.5000000000009 1.0784425868055558 1 11981.500000000002 11863.500000000002 13474.500000000002 0.0004979401466143501 41348.000000000007 8.8502927588511309 6897.5000000000009 -7.3864224311105522 6598.5000000000009 -58622.15313841981 10884.500000000002 14018.500000000002 5223.0000000000009 2 -13969.208740483242 -6.0596080446663345 -77905.717509966882
decision_type=2 2 2 2 2 2 2 2 1 2 2 2 1 2 2 2 2 2 2 2 2 2 2 2 2 2 1 2 2 2
left_child=1 3 9 -1 -5 -3 7 8 -7 10 25 -4 15 14 19 16 -6 -18 24 21 -21 -14 23 -22 -17 -2 27 29 -29 -13
right_child=2 5 11 4 12 6 -8 -9 -10 -11 -12 26 13 -15 -16 18 17 -19 -20 20 22 -23 -24 -25 -26 -27 -28 28 -30 -31
leaf_value=-0.023384067372156578 -0.0028907927454597505 -0.03412844377175913 0.036466670182007103 0.065993235587047283 0.046368592652430249 0.015773258259981774 0.067904663420139455 -0.037395918244206086 -0.03696050090389686 0.014333575399097135 -0.031114829567650961 0.0090412327362553169 -0.038770461744884965 -0.028432680200678156 0.059586574055987024 0.034712788546007754 -0.028133124497320902 0.034425811068454736 0.0098112997805152452 -0.038082345857796934 0.030729109428829501 0.073240444757385698 -0.038852240672754702 -0.042337834300704411 -0.036008378417571672 0.059829400723254413 0.017399853477965816 0.039009210816218116 -0.07200147006373693 0.030050038382801542
leaf_weight=4771.4327333420515 462.97416920959949 9161.1552567481995 2318.2952538281679 248.28473252058029 238.15993462502956 540.89255760610104 148.50802236795425 1111.8743768855929 339.51112234592438 1781.4675508439541 731.29438331723213 1197.1741696149111 68.810052432119846 3361.394536934793 212.73767939209938 122.65849779546261 2826.1696740090847 303.65545777976513 3144.2467134892941 816.30035755038261 567.18946274369955 147.11501301825047 263.23169414699078 164.35895127058029 689.49138157069683 141.55890280008316 12648.286094933748 79.509667381644249 149.75387685000896 8372.8254368305206
leaf_count=13558 279 67637 302 169 210 881 77 3690 1717 776 692 412 207 9799 131 184 8820 385 6819 3819 331 141 269 240 1520 19 5212 13 139 2148
internal_value=-0.000480431 -0.0204028 0.0204165 -0.0138508 -0.010398 -0.030806 -0.0165883 -0.0228866 -0.00456252 0.00317959 -0.0116954 0.0225862 -0.0118654 -0.0188593 -0.00449153 -0.00651697 -0.0172246 -0.0220637 0.0025982 -0.0112166 -0.0170302 0.0375453 0.000244762 0.014313 -0.0253274 0.0117959 0.0211526 0.0259965 -0.0335024 0.0274219
internal_weight=57130.3 29247.2 27883.1 17945.2 13173.8 11301.9 2140.79 1992.28 880.404 3117.3 1335.83 24765.8 12925.5 5601.14 2239.74 7324.38 3367.99 3129.83 3956.4 2027.01 1811.08 215.925 994.78 731.548 812.15 604.533 22447.5 9799.26 229.264 9570
internal_count=130596 120604 9992 46602 33044 74002 6365 6288 2598 1766 990 8226 32875 14937 5138 17938 9415 9205 8523 5007 4659 348 840 571 1704 298 7924 2712 152 2560
cat_boundaries=0 1 2 3
cat_threshold=8 4 8
is_linear=0
shrinkage=0.05


Tree=81
num_leaves=31
num_cat=1
split_feature=3 4 3 0 5 8 8 4 1 11 0 0 8 6 8 1 6 2 2 2 11 2 2 6 7 2 2 2 7 2
split_gain=8347.32 781.321 379.223 316.611 222.451 218.385 210.472 206.138 167.163 151.854 145.353 111.38 111.212 87.449 82.0285 149.325 83.292 81.4005 210.28 191.305 122.698 103.461 158.683 136.994 100.236 94.3081 171.766 157.339 95.4847 93.5502
threshold=-8.5236756886338156 66.037702375559618 -7.6196982991156821 2.1262528993055567 0 -0.028536827442102727 0.037580956767278913 20.882092430422869 31075.500000000004 -456629.99999999994 5.4150955034722239 6.5453951678240765 4.2429791741218539 -8.1203594512107227 2.359766567492684 41936.000000000007 -7.0248670305632173 6464.0000000000009 7480.0000000000009 12263.000000000002 -96766.998372611866 4645.5000000000009 4397.5000000000009 -15.230622830938382 10021.500000000002 14654.500000000002 15025.500000000002 14644.500000000002 1161.5000000000002 14430.500000000002
decision_type=2 2 2 2 1 2 2 2 2 2 2 2 2 2 2 2 2 2 2 2 2 2 2 2 2 2 2 2 2 2
left_child=1 4 13 -4 -1 -5 11 17 9 -9 -3 -7 -11 -2 16 -16 -12 21 -19 20 -20 22 24 -24 -6 27 -27 29 -28 -21
right_child=2 10 3 5 7 6 -8 8 -10 12 14 -13 -14 -15 15 -17 -18 18 19 25 -22 -23 23 -25 -26 26 28 -29 -30 -31
leaf_value=0.035698372049222979 0.01042158773587726 0.036081330030001225 -0.028151012389184184 -0.0056202996860823277 0.029414212962672711 -0.021722325361857173 -0.0088901002460594521 -0.032012494833283271 -0.00479909588637039 0.026112825283410829 0.023286141412569124 -0.010244257130053981 -0.015173161074693579 -0.00541366379677387 0.039724021467303146 -0.10428378805954963 -0.062285634021651264 -0.02453636650171076 0.036745404135801039 -0.004779044554744552 -0.0085572458577606158 0.040936381979705429 -0.079729217576962275 0.021631916969162012 -0.0033749254849010646 0.027337852478824483 -0.026916579252751056 -0.045237577672291251 0.019534539752766294 0.032412732932051221
leaf_weight=1205.1568697690964 1215.4308770745993 8980.8406830132008 5118.8274747878313 5424.8213518857956 601.62319329380989 13187.734178230166 6024.8731662929058 121.32299736142159 597.69248315691948 4566.6029034405947 1210.0492097586393 2516.911615088582 169.15391282737255 3084.2789636850357 35.348575875163078 36.680667132139206 29.121275439858437 585.88153898715973 733.58183674514294 1389.4093113690615 187.70506924390793 344.48037485778332 85.418443396687508 54.670267030596733 380.48419293761253 741.72312113642693 319.62289178371429 221.61067062616348 169.19688677787781 192.50578761100769
leaf_count=6150 2574 54707 2508 5149 1846 7860 5134 82 1317 19309 5691 2060 393 3653 179 22 80 757 2407 2664 390 1150 62 148 849 2221 246 55 388 545
internal_value=-5.18426e-05 0.023578 -0.0148863 -0.0167447 0.0152642 -0.0145945 -0.0168349 0.0131158 0.0201526 0.0232231 0.0338109 -0.0198828 0.0246382 -0.000937396 0.01826 -0.0336115 0.0212752 0.00672679 0.00341927 0.00756016 0.0275153 0.0169678 0.00961012 -0.0401726 0.0167112 0.00150082 0.0121728 -0.00578064 -0.0108383 -0.000253117
internal_weight=59532.8 22959.9 36572.9 32273.2 12667.8 27154.3 21729.5 11462.7 5454.77 4857.08 10292 15704.6 4735.76 4299.71 1311.2 72.0292 1239.17 6007.91 4541.24 3955.36 921.287 1466.68 1122.2 140.089 982.107 3034.07 1230.54 1803.53 488.82 1581.92
internal_count=130596 101658 28938 22711 40979 20203 15054 34829 21101 19784 60679 9920 19702 6227 5972 201 5771 13728 9673 8916 2797 4055 2905 210 2695 6119 2855 3264 634 3209
cat_boundaries=0 1
cat_threshold=1
is_linear=0
shrinkage=0.05


Tree=82
num_leaves=31
num_cat=0
split_feature=3 3 3 0 3 0 7 8 1 11 7 4 3 2 2 7 0 4 8 1 2 2 2 4 2 2 4 3 3 2
split_gain=2350.28 3198.16 526.031 211.765 198.373 163.655 147.272 143.759 135.303 131.076 210.776 194.64 168.957 139.375 359.257 555.921 130.526 117.551 111.281 109.222 140.01 439.479 182.304 215.595 103.427 167.828 149.026 236.826 255.932 196.585
threshold=-12.237997037122414 -5.9170352432702478 -8.199179859084337 3.7402859027777784 -6.4666728876018658 6.7875911747685196 2820.5000000000005 -22.752390131767402 22865.500000000004 -80790.136953588531 2117.5000000000005 3.0725797804206416 -5.7241130549365069 8466.0000000000018 8065.5000000000009 19960.500000000004 3.6310336226851865 6.2376527853301784 -0.90492285614106815 2117.5000000000005 13862.500000000002 12544.500000000002 13826.500000000002 28.39612656434981 14058.500000000002 13686.500000000002 38.473919700717282 -7.3176292598274157 -7.222972166579507 10115.500000000002
decision_type=2 2 2 2 2 2 2 2 2 2 2 2 2 2 2 2 2 2 2 2 2 2 2 2 2 2 2 2 2 2
left_child=3 2 17 6 5 8 19 -5 16 10 11 -3 -13 14 -11 -16 24 -2 -18 -1 21 -21 23 -23 25 26 -4 -28 -29 -30
right_child=1 9 4 7 -6 -7 -8 -9 -10 13 -12 12 -14 -15 15 -17 18 -19 -20 20 -22 22 -24 -25 -26 -27 27 28 29 -31
leaf_value=-0.021913721784124304 0.015102103152380756 -0.019123142622559167 0.027791255892799106 0.085469918908807133 0.0088527487845379855 -0.0047874889462959785 -0.033353045234120179 -0.014250556371359337 0.025981815872084403 -0.015518879403625603 -0.025124243063318358 0.0015597336229501257 0.061570147196982367 -0.025378103024807433 0.002468405078765723 0.24692413760808749 -0.019007369056363774 -0.0075755629567984002 0.01386388146643272 -0.022840447822213963 -0.035831834746577119 0.18101199044643818 0.28933452203173976 -0.015701225680399764 0.033538973046075102 -0.030305047948745462 0.029896409175908464 -0.075624206572759312 0.026288833855418484 -0.034569399601835457
leaf_weight=822.65221993625164 690.07577082514763 286.0638969168067 2438.9664104133844 36.538113087415695 7727.5540151447058 742.05668261647224 4276.8052400574088 3329.6206222102046 5273.7773445397615 2799.467816889286 668.90463607013226 222.62741927057505 247.88969542086124 5976.8825543522835 76.73770909756422 33.37058524787426 265.3865731805563 3323.8662615194917 8632.1339013129473 110.08159276098013 91.678325146436691 31.755297422409058 15.286461591720579 24.811870209872723 1569.6291552633047 169.63401310145855 590.1955288797617 132.86643400788307 328.23433764278889 222.74088688194752
leaf_count=5819 1510 110 1410 175 4423 550 50789 25405 3608 2215 394 139 164 4481 87 45 318 17746 7016 983 999 41 10 254 958 118 416 52 193 168
internal_value=0.000609544 0.00547393 0.0132545 -0.0230015 0.0156736 0.0182617 -0.029162 -0.0131681 0.0191333 -0.0187514 -0.00467652 0.0134016 0.0331759 -0.0210092 -0.0120345 0.0765557 0.0166164 -0.00367683 0.0128834 -0.0128119 0.0145537 0.0399433 0.13613 0.0947283 0.0227081 0.0183295 0.0205515 0.00669187 -0.013335 0.00168588
internal_weight=51158.3 42419.1 32107.1 8739.23 28093.2 20365.6 5373.07 3366.16 19623.6 10311.9 1425.49 756.581 470.517 8886.46 2909.58 110.108 14349.8 4013.94 8897.52 1096.27 273.614 181.935 71.8536 56.5672 5452.27 3882.64 3713 1274.04 683.842 550.975
internal_count=130596 46121 38486 84475 19230 14807 58895 25580 14257 7635 807 413 303 6828 2347 132 10649 19256 7334 8106 2287 1288 305 295 3315 2357 2239 829 413 361
is_linear=0
shrinkage=0.05


Tree=83
num_leaves=31
num_cat=2
split_feature=3 4 3 2 2 11 2 0 5 5 2 2 2 4 3 7 4 2 2 6 0 11 2 0 7 4 4 2 2 2
split_gain=8661.85 777.451 387.664 225.53 543.062 214.347 423.961 211.33 223.331 182.542 296.075 352.393 272.373 361.404 370.859 362.215 295.018 306.849 211.787 256.325 213.421 208.953 255.663 167.306 162.294 213.255 161.337 156.791 153.176 366.884
threshold=-6.225957734494636 50.667246900856171 -5.9170352432702478 6305.5000000000009 6381.5000000000009 -74832.118257130627 10822.000000000002 2.8853423263888893 0 1 11981.500000000002 11863.500000000002 13717.500000000002 0.0004979401466143501 -6.3304506924356714 41348.000000000007 8.8502927588511309 13752.500000000002 6897.5000000000009 -7.3864224311105522 4.7796720601851872 -58622.15313841981 10884.500000000002 1.441266354166667 461.50000000000006 3.5327068242902757 14.465140358121516 6598.5000000000009 9280.5000000000018 9207.0000000000018
decision_type=2 2 2 2 2 2 2 2 1 1 2 2 2 2 2 2 2 2 2 2 2 2 2 2 2 2 2 2 2 2
left_child=1 3 26 24 -5 -3 7 8 28 12 11 18 13 -6 15 -15 17 -14 20 -20 27 22 -21 -4 25 -1 -2 -11 29 -7
right_child=2 5 23 4 9 6 -8 -9 -10 10 -12 -13 16 14 -16 -17 -18 -19 19 21 -22 -23 -24 -25 -26 -27 -28 -29 -30 -31
leaf_value=0.044401096803587128 0.015652403407408276 -0.03383591022970641 0.033936437524459115 0.062222196298364875 0.042809682686242412 0.012174163358126168 0.064557574958343009 -0.037197023031338788 -0.036773810764158664 -0.039021521211678158 -0.027875419694145684 0.056156635047971186 0.092909943877094323 -0.031025992630232199 0.036411236629485699 0.026895920389103579 0.010624732410723623 -0.032772633704521284 -0.037865810773977965 0.029663106050367306 -0.03928576163169796 -0.038596591844144351 -0.041934568071340939 0.020788480763826833 -0.025285362826512139 -0.041518490328858598 -0.0024097191707352903 0.092072421039985877 -0.038271015656111844 0.15531550893682086
leaf_weight=193.00503152608871 2566.1771731972694 8719.7827483341098 2760.6017116755247 255.42511193454266 242.77214561402798 384.64935213327408 151.5099484026432 1066.3261770457029 323.87079713493586 27.907947309315205 3261.5395186170936 218.21252751350403 52.1031633913517 2744.1014637574553 264.35583725571632 299.35589706897736 2906.9323200881481 714.95734116435051 783.57992272824049 571.26169139146805 66.343780770897865 254.15721307694912 159.49558898061514 19584.979066774249 4343.3345012962818 115.40086477994919 2385.7427017390728 124.82449692487717 105.69030030071735 50.660841092467308
leaf_count=39 904 67637 436 169 222 800 77 3690 1717 113 9799 131 7 9205 165 394 6320 1625 3819 331 168 269 240 7199 13219 300 1453 67 70 11
internal_value=-0.000504441 -0.0198349 0.0196078 -0.0133537 -0.00996104 -0.0303938 -0.0159824 -0.0223011 -0.00393543 -0.0114137 -0.0183067 -0.0041581 -0.00619735 -0.016073 -0.0203946 -0.0253288 0.00334656 -0.0242355 -0.01078 -0.0165245 0.0355927 0.000454268 0.0140361 0.0224128 -0.0227967 0.0122513 0.00695041 0.0681184 0.0157233 0.0288328
internal_weight=55699.1 28401.6 27297.5 17599.1 12947.3 10802.5 2082.71 1931.2 864.871 12691.9 5467.32 2205.78 7224.58 3550.59 3307.81 3043.46 3673.99 767.061 1987.57 1768.49 219.076 984.914 730.757 22345.6 4651.74 308.406 4951.92 152.732 541 435.31
internal_count=130596 120604 9992 46602 33044 74002 6365 6288 2598 32875 14937 5138 17938 9986 9764 9599 7952 1632 5007 4659 348 840 571 7635 13558 339 2357 180 881 811
cat_boundaries=0 1 2
cat_threshold=8 4
is_linear=0
shrinkage=0.05


Tree=84
num_leaves=31
num_cat=3
split_feature=3 4 3 5 5 1 2 1 2 4 4 0 2 0 1 2 11 4 1 1 5 2 11 6 2 6 2 11 8 2
split_gain=7551.06 767.975 366.86 221.856 216.381 195.372 237.285 211.471 211.351 216.757 172.435 165.028 155.165 148.117 147.006 136.341 274.581 130.079 145.514 127.403 141.735 124.295 140.766 120.602 145.048 116.39 113.407 122.295 109.939 121.681
threshold=-8.5236756886338156 66.037702375559618 -6.1923635144265097 0 1 27497.000000000004 13140.500000000002 2815.5000000000005 14356.500000000002 15.728093583246443 14.02817224716301 1.912803836805556 15222.500000000002 4.3545591261574081 1421.5000000000002 7480.0000000000009 -107532.10273723418 3.5327068242902757 36647.000000000007 1100.5000000000002 2 14800.500000000002 -100485.65255838509 -7.8733816547780924 6381.5000000000009 -7.1777011336598031 6464.0000000000009 -88287.527100800813 -0.028536827442102727 12146.500000000002
decision_type=2 2 2 1 1 2 2 2 2 2 2 2 2 2 2 2 2 2 2 2 1 2 2 2 2 2 2 2 2 2
left_child=1 4 3 23 -1 6 10 8 19 14 15 -4 -9 -3 -10 16 -6 -5 21 20 -8 22 -19 24 -2 -12 -18 -28 29 -13
right_child=2 13 11 17 5 -7 7 12 9 -11 25 28 -14 -15 -16 -17 26 18 -20 -21 -22 -23 -24 -25 -26 -27 27 -29 -30 -31
leaf_value=0.035193372192299698 -0.022094067624497997 0.036763961064321588 -0.030542780152910034 -0.023799969447113031 -0.039066223716111383 -0.0050870717714565474 0.024368601800979762 0.025859249226546754 -0.011356424687988781 0.031088681968492651 0.031263685156855084 0.0054825951311752068 -0.017539427843470481 0.022406042837357917 0.045527142914863462 0.028346125933205651 0.022739957185529458 0.02154377686470248 -0.021334497415038629 -0.035218801927741551 -0.039089433712094522 -0.015511916937879726 4.8367707768057188e-05 -0.017155684475082447 0.012400543542923342 -0.010188295529440408 0.051818511014004781 -0.042091301370911827 -0.019204921977260005 -0.016584983226620633
leaf_weight=1155.1503994315863 490.41330604255199 7446.3379459828138 2763.3068048581481 735.26121667027473 323.34247781336308 1389.010923281312 246.67283327877522 1536.7385957539082 1016.3312313705683 653.86548900604248 3160.7935923933983 1026.5150346308947 237.83486777544022 2367.2728801816702 127.87005825340748 690.56086432933807 772.31046190857887 884.92929430305958 858.92238636314869 595.61981794238091 136.78619335591793 1052.020510032773 5466.4678179174662 7649.7867181450129 804.996961414814 178.92840191721916 45.275916665792465 147.96551698446274 12526.214928373694 1595.7503548115492
leaf_count=6150 440 48724 873 566 309 3016 661 6049 1435 2595 13992 1094 234 11955 400 2084 2159 1661 752 1030 161 984 6693 6680 1465 406 141 157 6769 961
internal_value=-4.88803e-05 0.0228474 -0.0142438 -0.00919053 0.0145846 0.0124703 0.0149409 0.00656061 -0.00205439 0.008124 0.0221121 -0.0193058 0.0200428 0.0333005 -0.00499941 0.0104187 0.000813571 -0.00364693 -0.00185352 -0.0207469 0.00173207 0.000406605 0.00304329 -0.0147666 -0.000658343 0.0290429 0.0141685 -0.0200885 -0.017256 -0.00794638
internal_weight=58083.3 22228.7 35854.6 17942.8 12415.1 11259.9 9870.9 4551.72 2777.15 1798.07 5319.18 17911.8 1774.57 9813.61 1144.2 1979.46 1288.89 8997.6 8262.34 979.079 383.459 7403.42 6351.4 8945.2 1295.41 3339.72 965.552 193.241 15148.5 2622.27
internal_count=130596 101658 28938 19241 40979 34829 31813 12565 6282 4430 19248 9697 6283 60679 1835 4850 2766 10656 10090 1852 822 9338 8354 8585 1905 14398 2457 298 8824 2055
cat_boundaries=0 1 2 3
cat_threshold=8 1 4
is_linear=0
shrinkage=0.05


Tree=85
num_leaves=31
num_cat=1
split_feature=3 3 6 4 6 0 7 2 2 2 11 7 4 2 2 2 2 7 4 7 1 8 4 0 2 1 5 2 0 1
split_gain=2142.98 2877.89 463.184 210.939 209.756 183.409 177.803 143.053 140.687 144.148 128.477 202.641 183.333 176.008 189.079 138.876 325.138 408.388 122.472 109.512 155.752 108.936 130.689 111.657 100.5 110.236 97.6199 153.324 105.667 101.48
threshold=-12.237997037122414 -5.9170352432702478 -8.2019366372667175 65.053736679763801 -6.0937457905877439 0.95019500578703731 44055.500000000007 4108.5000000000009 14974.500000000002 14965.500000000002 -80790.136953588531 2117.5000000000005 5.6185747973908766 14938.500000000002 14747.500000000002 8466.0000000000018 8065.5000000000009 19960.500000000004 10.499534748920409 18749.000000000004 23564.000000000004 0.14908073683340065 2.5892505814121369 6.4870321875000014 722.50000000000011 240.50000000000003 0 15062.500000000002 1.4936598321759262 15858.500000000002
decision_type=2 2 2 2 2 2 2 2 2 2 2 2 2 2 2 2 2 2 2 2 2 2 2 2 2 2 1 2 2 2
left_child=3 2 26 -1 5 -4 7 -7 9 21 11 12 -3 14 18 16 24 -18 -14 -6 -21 22 -9 -24 -12 -26 -2 28 -28 -29
right_child=1 10 4 -5 19 6 -8 8 -10 -11 15 -13 13 -15 -16 -17 17 -19 -20 20 -22 -23 23 -25 25 -27 27 29 -30 -31
leaf_value=-0.014788740797505771 -0.0087001867516776511 -0.0071725850460836182 0.034696792348566548 -0.030637719970510298 -0.0021752556374708088 0.023896203142680341 0.035897991120356978 0.032911579141933767 0.032030080388394187 -0.062776748440479979 0.021709478900290412 -0.02456944318981083 0.13511782416535795 -0.0059010009720050667 0.10859245149515853 -0.024863125797075381 0.002907162686825586 0.20093954044761211 -0.027972168892531419 0.068410991805952726 0.0063823664695081932 0.00024337550759476558 0.014038664117582263 0.0011051417609243843 0.056261801224269027 -0.018821789029420614 -0.033649680171288679 0.03767498910318734 0.0062029770995376491 0.15226552802309545
leaf_weight=4366.1857128739357 2520.5916963145137 439.53251414000988 1324.4213166534901 4043.7770397141576 2372.9624987766147 3489.9049809873104 1026.8684206753969 817.76710343360901 909.85507006198168 64.442922964692116 175.94335556030273 646.78567915409803 14.536638475954531 115.65906764566898 125.59816659241915 5767.1097084209323 75.963851131498814 39.60840879380703 55.309739962220192 139.449712023139 368.97631058096886 1733.4617265611887 13045.775744065642 1913.5163603127003 49.856949992477894 2507.4256669133902 184.01725689321756 110.92055381834507 1730.1779534742236 23.395989015698433
leaf_count=30340 10872 203 676 54135 1760 2510 602 353 549 74 103 394 19 50 69 4481 87 45 72 102 254 1234 10326 1534 66 2046 708 145 6715 72
internal_value=0.00061909 0.00525345 0.012619 -0.0224094 0.0150929 0.0166038 0.015562 0.0146117 0.0128588 0.0118663 -0.0181207 -0.00405763 0.0136164 0.0429874 0.0719183 -0.0204016 -0.0113696 0.0707759 0.00597061 0.00233673 0.0233954 0.012141 0.0134483 0.0123843 -0.0148431 -0.017358 -0.00211161 0.00599531 0.00237182 0.057635
internal_weight=50199.8 41789.8 31776.5 8409.96 27207.4 24326 23001.6 21974.7 18484.8 17575 10013.3 1397.42 750.636 311.104 195.445 8615.91 2848.8 115.572 69.8464 2881.39 508.426 17510.5 15777.1 14959.3 2733.23 2557.28 4569.1 2048.51 1914.2 134.317
internal_count=130596 46121 38486 84475 19974 17858 17182 16580 14070 13521 7635 807 413 210 160 6828 2347 132 91 2116 356 13447 12213 11860 2215 2112 18512 7640 7423 217
cat_boundaries=0 1
cat_threshold=4
is_linear=0
shrinkage=0.05


Tree=86
num_leaves=31
num_cat=3
split_feature=3 4 3 2 2 11 2 0 5 0 2 2 5 2 2 2 4 4 2 7 3 2 6 11 2 7 0 5 11 6
split_gain=7899.36 756.93 359.917 214.653 497.688 213.284 385.253 210.039 214.011 198.403 185.537 226.266 171.266 285.273 325.281 261.254 483.092 375.527 338.193 283.985 271.178 195.39 249.329 199.437 239.735 193.104 192.469 162.804 319.381 240.077
threshold=-6.225957734494636 50.667246900856171 -6.00910642487516 6305.5000000000009 6381.5000000000009 -74832.118257130627 10822.000000000002 2.8853423263888893 0 1.0784425868055558 12263.000000000002 5343.5000000000009 1 11981.500000000002 11863.500000000002 14163.500000000002 7.9051493632947709 0.0004979401466143501 14184.000000000002 41348.000000000007 -6.3304506924356714 6897.5000000000009 -7.3864224311105522 -58622.15313841981 10884.500000000002 7665.5000000000009 4.7796720601851872 2 -13969.208740483242 -6.0596080446663345
decision_type=2 2 2 2 2 2 2 2 1 2 2 2 1 2 2 2 2 2 2 2 2 2 2 2 2 2 2 1 2 2
left_child=1 3 10 -1 -5 -3 7 8 -7 -4 11 -2 15 14 21 17 -17 -6 -18 20 -19 26 -23 24 -24 -22 -14 28 -11 -30
right_child=2 5 9 4 12 6 -8 -9 -10 27 -12 -13 13 -15 -16 16 18 19 -20 -21 25 22 23 -25 -26 -27 -28 -29 29 -31
leaf_value=-0.022238797580277379 0.011143999546380099 -0.033553300349747579 0.035402832105099723 0.058556054788115021 0.043081397418567355 0.015600376306498505 0.060220486243996764 -0.037009663458773122 -0.036592740220891526 0.025904698497754911 0.013330565045755548 -0.030428265877171574 0.063794651767470831 -0.027339070262628343 0.053455608784680503 -0.038770738003683636 0.080182893997972127 -0.027312193666109159 0.008691351771411936 0.024749221109802558 -0.013311975563330298 -0.037657334513211863 0.028598511953386925 -0.038352335052006935 -0.041543415759109033 0.071411849695437499 -0.039030270195422656 0.015670463350060355 0.037561178970320248 -0.070969956272925905
leaf_weight=4528.6686425879598 603.32443651556969 8301.9618637040257 2151.2862006276846 262.60151690244675 264.10942426323891 540.61177732050419 155.27262708544731 1022.0186685621738 308.47002486139536 9111.9966810792685 1781.8560844957829 715.41883628070354 156.71116775274277 3167.5481261536479 222.56672994792461 531.12899611890316 177.30290246009827 3072.2813788205385 2468.8741310536861 342.13624383509159 149.52073459327221 751.55099327862263 575.86396364122629 245.23879581689835 154.50289617478848 122.23593263328075 64.134739011526108 12183.848201006651 77.157942712306976 150.03885866701603
leaf_count=13558 298 67637 302 169 237 881 77 3690 1717 2560 776 692 180 9799 131 1189 52 10460 5380 425 147 3819 331 269 240 48 168 5212 13 139
internal_value=-0.00051948 -0.0192975 0.0188269 -0.01289 -0.00956372 -0.0300035 -0.0154601 -0.0217405 -0.0033613 0.0209248 0.00280837 -0.011409 -0.0109987 -0.0177708 -0.00380777 -0.00592683 0.00474687 -0.0145119 0.0134815 -0.0186384 -0.0230775 -0.0103503 -0.0160128 0.000660917 0.0137606 0.0247967 0.0339338 0.0194777 0.0244447 -0.0341119
internal_weight=54360.2 27585.3 26774.9 17257 12728.3 10328.3 2026.37 1871.1 849.082 23674.3 3100.6 1318.74 12465.7 5338.12 2170.57 7127.59 3177.31 3950.28 2646.18 3686.17 3344.04 1948 1727.16 975.606 730.367 271.757 220.846 21523 9339.19 227.197
internal_count=130596 120604 9992 46602 33044 74002 6365 6288 2598 8226 1766 990 32875 14937 5138 17938 6621 11317 5432 11080 10655 5007 4659 840 571 195 348 7924 2712 152
cat_boundaries=0 1 2 3
cat_threshold=8 4 8
is_linear=0
shrinkage=0.05


Tree=87
num_leaves=31
num_cat=3
split_feature=3 4 0 4 3 5 5 1 2 1 2 4 4 6 3 2 6 0 1 2 2 11 1 5 6 6 2 11 3 6
split_gain=6834.37 749.647 346.561 299.122 235.414 210.67 205.654 185.374 223.948 198.63 199.07 206.44 165.704 156.328 182.458 162.184 208.343 153.274 148.536 146.084 127.538 251.657 116.515 133.55 112.832 112.801 104.812 114.171 104.354 103.356
threshold=-8.5236756886338156 66.037702375559618 2.1262528993055567 3.5327068242902757 -7.6196982991156821 0 1 27497.000000000004 13140.500000000002 2815.5000000000005 14356.500000000002 16.583014443101831 14.02817224716301 -4.9700078719056959 -6.6906892972757257 14574.500000000002 -4.2499165748214489 4.3545591261574081 1421.5000000000002 15222.500000000002 7480.0000000000009 -107532.10273723418 1100.5000000000002 2 -7.1777011336598031 -7.9984826770852893 6464.0000000000009 -88287.527100800813 -8.9815075964536124 -12.033201456146854
decision_type=2 2 2 2 2 1 1 2 2 2 2 2 2 2 2 2 2 2 2 2 2 2 2 1 2 2 2 2 2 2
left_child=1 5 25 -4 -5 -1 -6 8 12 10 22 18 20 14 -8 16 -15 -3 -12 28 21 -7 23 -10 -14 -2 -23 -28 -11 -24
right_child=2 17 3 4 6 7 13 -9 9 19 11 -13 24 15 -16 -17 -18 -19 -20 -21 -22 26 29 -25 -26 -27 27 -29 -30 -31
leaf_value=0.034735398822932223 0.00068096227059458051 0.036433046536109508 -0.023680033187071368 0.0027398951995136361 -0.016603072518437487 -0.037621053107732727 0.0011695328361540725 -0.0052331038797082605 0.023598536821239548 0.029349535155735441 -0.010686961914647507 0.031639451852318194 0.030596575097441132 0.01195048537503755 -0.013006812278664319 -0.014736930289209624 0.080270500981297413 0.021539199465190201 0.045651918900122268 -0.017118458624984425 0.027441633455594749 0.021848411271946047 -0.045431946063754822 -0.03806789788207221 -0.010278849785610975 -0.027287633498681421 0.051095399156131108 -0.04036088804470489 -0.0162380712529865 0.0038975834008262811
leaf_weight=1110.1411579847336 388.44749157130718 7065.7853429168463 4315.8448148220778 3430.0447200834751 10076.742738977075 322.04904706776142 3241.5500053912401 1383.3948745727539 243.19997848570347 1363.4261898696423 1045.5990128219128 600.62552089989185 3060.6999328434467 593.94452682137489 7570.8112885057926 402.36724197864532 137.40480118989944 2286.3752104490995 131.73089604079723 236.59526139497757 677.17975735664368 760.76623904705048 460.22763355076313 137.4018848836422 178.68640586733818 5011.7958664223552 44.273622453212738 148.86606967449188 138.26295477151871 138.03125822544098
leaf_count=6150 570 48724 2303 5264 7401 309 3822 3016 661 5772 1493 2515 13992 698 5516 256 359 11955 422 234 2084 2159 719 161 406 2749 141 157 277 311
internal_value=-3.94107e-05 0.0221448 -0.0136224 -0.0115084 -0.00944452 0.0139704 -0.0113422 0.0118882 0.0143331 0.00616251 -0.00218351 0.00778588 0.0214063 -0.00690463 -0.00875674 0.0107591 0.0247863 0.0327919 -0.00438323 0.0193988 0.00990328 0.000595257 -0.0202914 0.00133621 0.0283419 -0.0252758 0.0134975 -0.0193963 0.0251522 -0.0340506
internal_weight=56702.3 21533.3 35169 29768.7 25452.9 12181.2 22022.8 11071 9687.62 4495.1 2756.82 1777.96 5192.52 11946.1 10812.4 1133.72 731.349 9352.16 1177.33 1738.28 1953.13 1275.95 978.861 380.602 3239.39 5400.24 953.906 193.14 1501.69 598.259
internal_count=130596 101658 28938 25619 23316 40979 18052 34829 31813 12565 6282 4430 19248 10651 9338 1313 1057 60679 1915 6283 4850 2766 1852 822 14398 3319 2457 298 6049 1030
cat_boundaries=0 1 2 3
cat_threshold=1 8 4
is_linear=0
shrinkage=0.05


Tree=88
num_leaves=31
num_cat=1
split_feature=3 3 3 0 3 7 0 7 2 8 2 0 1 4 1 11 6 2 5 2 2 2 4 1 2 2 2 3 2 4
split_gain=1953.51 2601.14 411.429 213.52 185.81 150.345 141.413 131.191 206.033 129.792 128.813 121.973 118.477 114.751 122.65 161.601 109.922 167.613 196.599 202.508 121.892 235.794 194.676 108.306 131.437 362.435 110.818 165.268 106.157 95.2413
threshold=-12.237997037122414 -5.9170352432702478 -7.9937480013767246 3.7402859027777784 -6.4666728876018658 2820.5000000000005 1.2874747337962966 1498.5000000000002 9389.0000000000018 -22.752390131767402 15489.500000000002 6.7875911747685196 22865.500000000004 40.542088507648209 7934.5000000000009 -95068.305367675799 -5.545536273944113 3874.0000000000005 0 3644.5000000000005 14821.500000000002 14938.500000000002 5.6185747973908766 2117.5000000000005 13862.500000000002 12544.500000000002 13826.500000000002 -28.575531531132107 722.50000000000011 3.5327068242902757
decision_type=2 2 2 2 2 2 2 2 2 2 2 2 2 2 2 2 2 2 1 2 2 2 2 2 2 2 2 2 2 2
left_child=3 2 7 5 6 23 -4 8 -2 -5 16 12 13 14 15 -8 20 18 -18 28 -3 22 -22 -1 25 -25 27 -27 -20 -17
right_child=1 10 4 9 -6 -7 11 -9 -10 -11 -12 -13 -14 -15 -16 29 17 -19 19 -21 21 -23 -24 24 -26 26 -28 -29 -30 -31
leaf_value=-0.020897744019845902 0.051870801580875973 -0.015608591978718916 0.03163757231763762 0.079904898855634385 0.0079038601583925044 -0.032904901908325832 0.02334007043999841 -0.0055730804161190188 0.00087047406636596371 -0.012849867081386444 0.055252287316347931 -0.0047371544228265441 0.023555113350659459 0.0064584407102498539 0.025306999206443016 0.019806582444263858 0.054540628321986473 -0.02521771887636437 0.023046011662886071 0.073640961620137932 -0.0021870429101572861 -0.023474945863471677 0.070245547962551155 -0.021625953374662821 -0.035620609325269996 -0.036010703273704973 0.22727469899731415 0.14414955349749814 -0.03648898952567483 0.00096036468007848247
leaf_weight=779.5085511431098 272.21485880017281 3064.9593221694231 1543.7992084473372 38.17170075327158 7652.7790888175368 3863.0798805430532 2219.6953836083412 3837.8125929385424 726.65779829770327 3152.9777908325195 60.396900415420532 691.02363923192024 4577.2199763506651 3487.6901805102825 3032.2830982506275 915.88717147707939 138.4630063995719 5253.5758762657642 94.664875388145447 60.095527470111847 181.65634508430958 326.00152038782835 189.57291226834059 102.55997727811337 83.783365696668625 18.516913242638111 18.76275098323822 40.727688141167164 358.19825632870197 2500.8260182440281
leaf_count=5819 503 2109 741 175 4423 50789 1601 18391 1845 25405 17 490 3077 2993 1965 427 164 4498 51 56 61 165 123 983 999 202 10 93 391 2030
internal_value=0.000641495 0.00505563 0.0120431 -0.021808 0.0144804 -0.0283554 0.0171337 -0.00137199 0.0147692 -0.0117404 -0.0175409 0.0158486 0.0166987 0.0141171 0.0171985 0.0128362 -0.0179957 -0.0222514 0.00167128 -0.0125998 -0.0113161 0.00755345 0.0348016 -0.0115188 0.0161376 0.0401535 0.121378 0.0878404 -0.024044 0.0060123
internal_weight=49283.6 41185.5 31457.9 8098.09 26621.2 4906.94 18968.4 4836.69 998.873 3191.15 9727.58 17424.6 16733.6 12156.4 8668.69 5636.41 9667.19 5905 651.422 512.959 3762.19 697.231 371.229 1043.86 264.351 180.567 78.0074 59.2446 452.863 3416.71
internal_count=130596 46121 38486 84475 17747 58895 13324 20739 2348 25580 7635 12583 12093 9016 6023 4058 7618 5160 662 498 2458 349 184 8106 2287 1288 305 295 442 2457
cat_boundaries=0 1
cat_threshold=8
is_linear=0
shrinkage=0.05


Tree=89
num_leaves=31
num_cat=2
split_feature=3 4 3 11 11 0 5 2 2 0 5 7 4 8 8 2 4 6 0 6 7 2 2 3 7 6 4 0 6 6
split_gain=7183.53 737.45 331.414 213.29 360.406 213.594 205.078 202.04 456.428 165.205 163.766 159.551 201.052 154.91 186.083 155.292 149.277 147.022 437.739 188.942 188.874 263.142 274.413 235.131 192.984 175.964 150.34 142.517 238.665 229.077
threshold=-6.225957734494636 50.667246900856171 -5.9170352432702478 -74832.118257130627 -73898.416965999626 2.8853423263888893 0 6305.5000000000009 6381.5000000000009 1.3133763599537041 1 461.50000000000006 3.5327068242902757 0.037580956767278913 -0.024592418596031781 5438.0000000000009 14.465140358121516 -29.999782961260337 3.7402859027777784 -6.9679860126858228 6718.5000000000009 14608.500000000002 14916.500000000002 -6.3304506924356714 7804.5000000000009 -5.4089354072501097 28.39612656434981 6.4576120775462966 -18.7658626767609 -19.020178591416151
decision_type=2 2 2 2 2 2 1 2 2 2 1 2 2 2 2 2 2 2 2 2 2 2 2 2 2 2 2 2 2 2
left_child=1 7 16 27 -5 6 -6 11 -9 -4 -10 12 -1 14 15 -11 -2 18 -12 26 25 23 -23 24 -22 -21 -19 -3 29 -29
right_child=2 3 9 4 5 -7 -8 8 10 13 17 -13 -14 -15 -16 -17 -18 19 -20 20 21 22 -24 -25 -26 -27 -28 28 -30 -31
leaf_value=0.044145645935719159 0.014757739509139637 -0.035023394863215561 0.033422036473052072 0.057212075999091838 0.015741906249885067 -0.036947173895880502 -0.036437270301144339 0.055229505158900773 -0.036801926523245342 -0.021519341126894957 -0.02842578946874651 -0.024185234516029337 -0.040889849671869177 0.010871696163222921 0.02470921847213739 0.014832043718642133 -0.002713872332952766 -0.012285354160817087 0.029380885718370338 -0.01638310408470264 0.031875090234215364 0.075842429722681542 -0.018926200422977157 0.044615943430703936 -0.020961165317777725 0.03591255949650924 -0.030121790972892172 0.024134509743852582 -0.024772991955435759 0.21421587685458721
leaf_weight=192.84562268853188 2533.3455807417631 7405.3302317112684 2295.5774188637733 159.27333522588015 538.42288480699062 986.64476342499256 289.58545076102018 269.20042011141777 568.14730730652809 325.43408318608999 547.88557844609022 4113.9020522981882 108.68524491786957 4298.6082351058722 11377.240700498223 3022.1821146458387 2362.7853560596704 4863.5035675987601 814.12112511694431 2037.7834891676903 216.19019629061222 255.91254398226738 108.88751623034477 237.30357348918915 861.49323666840792 174.63938307762146 1560.458121150732 81.055117711424828 401.04309874773026 19.703528180718422
leaf_count=39 904 65252 369 164 873 3650 1678 169 4507 324 3329 13219 300 2026 3477 1439 1453 13237 1511 2229 119 106 84 95 895 210 6553 475 1906 4
internal_value=-0.000554065 -0.0187511 0.0180573 -0.0296056 -0.0149029 -0.0212325 -0.0025071 -0.0124163 -0.00917211 0.0207514 -0.0105878 -0.021612 0.013495 0.0192225 0.0216603 0.0112982 0.00632625 -0.00931247 0.00612737 -0.0113509 -0.00265776 0.00998276 0.0475554 -0.000440535 -0.0103619 -0.0122551 -0.016618 -0.033276 -0.00748902 0.0613053
internal_weight=53027.2 26812 26215.2 9881.06 1973.93 1814.65 828.008 16931 12515.5 21319 12246.3 4415.43 301.531 19023.5 14724.9 3347.62 4896.13 11678.2 1362.01 10316.2 3892.21 1679.79 364.8 1314.99 1077.68 2212.42 6423.96 7907.13 501.802 100.759
internal_count=130596 120604 9992 74002 6365 6201 2551 46602 33044 7635 32875 13558 339 7266 5240 1763 2357 28368 4840 23528 3738 1299 190 1109 1014 2439 19790 67637 2385 479
cat_boundaries=0 1 2
cat_threshold=8 1
is_linear=0
shrinkage=0.05


Tree=90
num_leaves=31
num_cat=2
split_feature=3 4 0 4 8 6 5 1 2 1 2 4 4 0 2 1 5 3 6 2 11 2 1 3 2 2 7 4 6 1
split_gain=6173.09 736.892 336.421 292.215 235.38 225.791 204.09 177.198 212.173 185.907 182.435 195.672 159.855 155.876 137.008 131.028 127.343 190.93 169.689 122.122 237.217 114.546 182.319 139.969 127.65 207.414 113.228 230.622 109.311 100.554
threshold=-8.5236756886338156 66.037702375559618 1.7819519039351854 3.5327068242902757 -0.047816083265034941 -7.8295916130419156 0 27497.000000000004 13140.500000000002 2815.5000000000005 14356.500000000002 15.728093583246443 14.02817224716301 4.3545591261574081 15222.500000000002 1421.5000000000002 1 -4.9907616810571973 -6.1659928052803119 7480.0000000000009 -107532.10273723418 14163.500000000002 2194.5000000000005 -23.884889763249674 14184.000000000002 14334.500000000002 10305.500000000002 20.395434636322801 -7.1777011336598031 358.50000000000006
decision_type=2 2 2 2 2 2 1 2 2 2 2 2 2 2 2 2 1 2 2 2 2 2 2 2 2 2 2 2 2 2
left_child=1 6 -2 -4 -5 -6 -1 8 12 10 21 15 19 -3 -11 29 -7 18 -18 20 -8 22 -10 -24 -23 -26 27 -19 -14 -12
right_child=2 13 3 4 5 16 7 -9 9 14 11 -13 28 -15 -16 -17 17 26 -20 -21 -22 24 23 -25 25 -27 -28 -29 -30 -31
leaf_value=0.034237494663210702 -0.026332020404647827 0.036114365726388681 -0.023189166611860716 0.00048180238955458947 0.0021172372010389829 -0.017801993898758195 -0.036780313390827539 -0.0054840537128129181 0.0099650743836161466 0.024405233464490774 0.028832774754657783 0.029850563423112694 0.029937131592952478 0.020826210088428554 -0.016699241906095459 0.043809660904925989 -0.0049797921839825924 0.011705779160698737 -0.019053864950395169 0.026695919806193538 0.012903378353963966 -0.07460224255869384 -0.086018455157782947 0.011051498597835795 0.049312938722541402 -0.054526589235320805 -0.019537534837735068 0.098862415723720634 -0.01035040701141597 -0.017232183067265049
leaf_weight=1061.6698656380177 4173.2434996217489 6696.0789836794138 4347.2780927270651 5070.0685719102621 2648.5136975198984 8868.6654483377934 322.39519661664963 1378.20205950737 451.51167297363281 1462.6158608049154 137.06418883800507 621.54413157701492 2961.6499051004648 2220.0647006630898 235.3449000120163 122.32617208361626 4527.6137918531895 526.91669031977654 4064.0872652828693 665.98607774078846 942.85960192978382 163.47163566946983 105.27091480791569 57.377826854586601 77.230377197265625 127.45123130083084 194.09397667646408 88.672471523284912 178.51696501672268 873.09801617264748
leaf_count=6150 2521 48724 2378 5915 3903 6366 309 3016 1180 6049 327 2595 13992 11955 234 400 4687 616 2191 2084 2457 49 114 169 276 64 98 263 406 1108
internal_value=-4.13574e-05 0.0214306 -0.0130218 -0.0111907 -0.00918365 -0.0115263 0.013312 0.0112709 0.0137001 0.00571145 -0.00235317 0.00730834 0.0206852 0.0323077 0.018708 -0.00506352 -0.0135041 -0.00944977 -0.0116372 0.00936568 0.000243649 -0.0196049 -0.0063856 -0.051775 -0.0416576 -0.0153459 0.0137612 0.0242602 0.0276468 -0.0109818
internal_weight=55370.9 20861.7 34509.2 30335.9 25988.6 20918.6 11945.6 10883.9 9505.71 4434.31 2736.35 1754.03 5071.41 8916.14 1697.96 1132.49 18270 9401.38 8591.7 1931.24 1265.25 982.314 614.16 162.649 368.153 204.682 809.683 615.589 3140.17 1010.16
internal_count=130596 101658 28938 26417 24039 18124 40979 34829 31813 12565 6282 4430 19248 60679 6283 1835 14221 7855 6878 4850 2766 1852 1463 283 389 340 977 879 14398 1435
cat_boundaries=0 1 2
cat_threshold=1 8
is_linear=0
shrinkage=0.05


Tree=91
num_leaves=31
num_cat=0
split_feature=3 3 6 0 6 0 7 7 2 2 2 11 7 4 3 2 2 7 8 11 4 1 2 2 8 7 1 0 2 1
split_gain=1781.19 2342.02 367.033 212.043 178.874 176.481 169.807 149.298 130.55 133.386 136.175 122.939 193.817 168.284 135.941 134.923 305.233 323.172 116.45 106.662 109.413 102.97 120.795 297.668 101.073 99.9556 141.236 93.6528 91.027 101.606
threshold=-12.237997037122414 -5.9170352432702478 -8.2019366372667175 3.7402859027777784 -6.0937457905877439 0.95019500578703731 44055.500000000007 2820.5000000000005 4108.5000000000009 14974.500000000002 14965.500000000002 -80790.136953588531 2117.5000000000005 3.0725797804206416 -5.7241130549365069 8466.0000000000018 8065.5000000000009 19960.500000000004 -22.752390131767402 -29925.688046343774 2.5892505814121369 2117.5000000000005 13862.500000000002 12544.500000000002 0.16677694987131189 18749.000000000004 23564.000000000004 6.1116447974537049 722.50000000000011 240.50000000000003
decision_type=2 2 2 2 2 2 2 2 2 2 2 2 2 2 2 2 2 2 2 2 2 2 2 2 2 2 2 2 2 2
left_child=3 2 -2 7 5 -4 8 21 -7 10 19 12 13 -3 -15 16 28 -18 -5 20 24 -1 23 -23 -10 -6 -27 -28 -13 -30
right_child=1 11 4 18 25 6 -8 -9 9 -11 -12 15 -14 14 -16 -17 17 -19 -20 -21 -22 22 -24 -25 -26 26 27 -29 29 -31
leaf_value=-0.020410757793470971 -0.0017554017099039657 -0.017453103983654475 0.033390077891426923 0.073330456886781706 -0.0024172903776461534 0.022170804324720541 0.034373586790119502 -0.032666878343710563 0.034790077418675368 0.030450951190740341 -0.062508002396879106 0.021175471012643873 -0.023714783042933833 0.0031063869800412175 0.05718941820276479 -0.023853135643167364 0.0043901447677305123 0.17564131630942892 -0.01222576682104558 -0.026954137164111887 0.01029661246935374 -0.020954546224824067 -0.03551877750174412 0.10657519314308977 -0.022197350325996013 0.064690794819089931 -0.0057608126975952694 0.061182084788508929 0.053661429946098266 -0.017753227253155958
leaf_weight=760.00214223563671 4486.9639653414488 264.81922100484371 1252.6527282968163 40.292360961437225 2362.0615545511246 3400.1062837094069 988.37777274101973 3660.3817364238203 747.79425984621048 882.92709071189165 63.58855713903904 174.07659712433815 612.10824965685606 214.35574191808701 253.71248114854097 5384.4430929720402 73.441411025822163 44.086588680744171 3079.5451477169991 185.10172028839588 16189.981109343469 98.766702622175217 79.836345456540585 85.250712677836418 86.84249122440815 140.4004148542881 304.2906274497509 63.075775220990181 50.873336814343929 2375.0972997918725
leaf_count=5819 18512 110 676 175 1760 2510 602 50789 347 549 74 103 394 139 164 4481 87 45 25405 158 12922 983 999 305 20 102 204 50 66 2046
internal_value=0.000657277 0.00486232 0.0114751 -0.0212197 0.0137013 0.0151233 0.0141084 -0.0279459 0.0131792 0.0114953 0.0105264 -0.0169452 -0.00294602 0.0144001 0.0324216 -0.0192692 -0.0101869 0.0686291 -0.0111208 0.0107963 0.0112067 -0.0110679 0.0158433 0.0381268 0.0288606 0.00190916 0.0220352 0.00573309 -0.0137496 -0.0162556
internal_weight=48405.3 40601.2 31154.2 7804.08 26667.2 23797.4 22544.7 4684.24 21556.3 18156.2 17273.3 9447.01 1345 732.887 468.068 8102.02 2717.58 117.528 3119.84 17209.7 17024.6 1023.86 263.854 184.017 834.637 2869.83 507.767 367.366 2600.05 2425.97
internal_count=130596 46121 38486 84475 19974 17858 17182 58895 16580 14070 13521 7635 807 413 303 6828 2347 132 25580 13447 13289 8106 2287 1288 367 2116 356 254 2215 2112
is_linear=0
shrinkage=0.05


Tree=92
num_leaves=31
num_cat=2
split_feature=3 4 6 11 2 0 8 5 2 2 2 0 11 6 5 6 7 4 6 0 6 0 0 6 4 2 6 2 2 11
split_gain=6542.46 718.515 309.248 213.181 339.018 208.366 200.59 196.883 192.3 420.231 182.318 178.659 161.827 207.288 158.065 158.062 166.541 166.414 156.856 202.819 176.846 158.847 142.803 221.034 188.485 221.121 162.958 141.94 295.913 253.219
threshold=-6.225957734494636 50.667246900856171 -5.9798460178367243 -74832.118257130627 10822.000000000002 2.8853423263888893 -0.12691306263224697 0 6305.5000000000009 6381.5000000000009 12263.000000000002 4.1852252141203721 -34040.089458393915 -6.2653201596783097 1 -6.7476325534634922 716.50000000000011 3.5327068242902757 -6.7179446441272654 3.823567494212964 -6.2280452572425222 3.907668443287037 6.4576120775462966 -18.7658626767609 111.6016047876326 14265.000000000002 -6.1659928052803119 9280.5000000000018 9207.0000000000018 -46853.069509015375
decision_type=2 2 2 2 2 2 2 1 2 2 2 2 2 2 1 2 2 2 2 2 2 2 2 2 2 2 2 2 2 2
left_child=1 8 10 22 5 7 -4 27 15 -10 12 -12 13 -2 -11 -1 17 -17 19 -18 -20 -22 -3 24 25 -24 -25 28 29 -5
right_child=2 3 6 4 -6 -7 -8 -9 9 14 11 -13 -14 -15 -16 16 18 -19 20 -21 21 -23 23 26 -26 -27 -28 -29 -30 -31
leaf_value=-0.026572653376902983 0.0081983025481537422 -0.03483528003643787 0.0045798127309006759 -0.038262312058359685 0.055654996400547344 -0.036690679966835088 0.021618188542707702 -0.036279511615521801 0.052339549419516643 -0.036625635458307763 0.026392664758240661 0.001657698575346268 0.010544459916021013 -0.03424155518017704 -0.0089342946820390977 0.054036864831453785 0.17953736269782813 -0.043090843283397899 -0.034128126366820326 -0.038360911275851672 -0.042649877588485652 0.053088056162715627 -0.0368225680318639 -0.030328965677537109 -0.036437363787363335 0.16202843715440693 0.14910116037308324 -0.038034806794133943 0.1351157656822975 0.044741576170512748
leaf_weight=3231.0998775139451 483.4858922213316 7038.2629991322756 1902.8406630605459 151.75730447471142 158.62835198640823 943.23313500732183 18735.498642846942 280.20219334959984 274.96673503518105 539.47794043272734 1505.5432490557432 1417.2512542307377 956.33708542585373 710.57275030016899 11514.071537069976 190.37974368035793 22.879723981022835 57.396208539605141 583.44903919100761 20.027060821652412 65.221774101257324 129.05991011857986 19.495187811553478 376.96461924165487 35.199568472802639 49.419291019439697 13.093469552695749 101.25997416675091 55.892503872513771 232.89147672057152
leaf_count=12340 254 65252 1177 503 77 3690 6376 1717 169 4507 401 754 414 616 28368 23 11 58 820 48 136 122 128 1900 280 71 6 70 11 297
internal_value=-0.00057004 -0.0182128 0.0173286 -0.029217 -0.0143623 -0.0206542 0.0200473 -0.00225266 -0.0119548 -0.00877942 0.00626852 0.0143988 -0.00478205 -0.0170572 -0.0101737 -0.0210599 -0.00438819 0.0315377 -0.0152353 0.0778317 -0.0203698 0.0209481 -0.0330111 -0.00702955 0.0576953 0.105776 -0.0243059 0.0153449 0.0276144 0.0119937
internal_weight=51795.9 26084.3 25711.5 9456.3 1923.86 1765.24 20638.3 822.003 16628 12328.5 5073.19 2922.79 2150.4 1194.06 12053.5 4299.51 1068.41 247.776 820.638 42.9068 777.731 194.282 7532.44 494.172 104.114 68.9145 390.058 541.801 440.541 384.649
internal_count=130596 120604 9992 74002 6365 6288 7553 2598 46602 33044 2439 1155 1284 870 32875 13558 1218 81 1137 59 1078 258 67637 2385 479 199 1906 881 811 800
cat_boundaries=0 1 2
cat_threshold=8 1
is_linear=0
shrinkage=0.05


Tree=93
num_leaves=31
num_cat=2
split_feature=3 4 0 4 8 5 5 1 4 6 2 6 3 0 3 1 2 2 2 1 0 11 6 2 4 2 0 4 8 1
split_gain=5574.85 779.074 334.682 241.402 236.28 207.715 166.347 162.717 188.255 159.138 156.039 136.209 182.918 129.635 121.194 147.275 167.778 248.688 162.352 119.205 115.835 131.102 104.486 103.742 171.524 194.264 117.576 99.8786 99.7936 92.7571
threshold=-7.9025691807160827 68.061161387821457 1.7819519039351854 3.5327068242902757 -0.25745281339588771 0 1 27497.000000000004 15.728093583246443 -8.4756689210424234 15222.500000000002 -6.6855008230486641 -4.9907616810571973 4.3545591261574081 -10.421475409850343 3633.5000000000005 14356.500000000002 13140.500000000002 1199.5000000000002 41393.500000000007 5.5034619502314834 -94098.962215626205 -7.1777011336598031 14868.500000000002 12.008956204924436 1976.5000000000002 2.532032719907408 5.6185747973908766 -0.00052243733283230387 1567.5000000000002
decision_type=2 2 2 2 2 1 1 2 2 2 2 2 2 2 2 2 2 2 2 2 2 2 2 2 2 2 2 2 2 2
left_child=1 5 -2 -4 -5 -1 -6 8 29 13 14 -8 -13 -3 15 16 17 18 -10 -11 -20 -22 -17 24 25 -14 -27 -9 -29 -7
right_child=2 9 3 4 6 7 11 27 10 19 -12 12 23 -15 -16 22 -18 -19 20 -21 21 -23 -24 -25 -26 26 -28 28 -30 -31
leaf_value=0.032614857713566876 -0.027541766066369745 0.036039121165159255 -0.022827177000118454 0.0087657442547380195 -0.015725819325562045 -0.0025793809943198422 0.00032797534677483703 0.027231805810608318 -0.089651522777236897 0.01846768562394922 -0.02118114757100471 -0.014133731299795491 -0.021746627551118978 0.021456265244745247 0.0080416261352486088 0.033566767036278623 0.033835861859116925 -0.024441495321351616 0.034945199232165901 -0.030385851668061944 0.041164351500346377 -0.15349670060291068 -0.013775647900823302 -0.022630350637461834 0.0025859158547625188 -0.0042821058640227973 0.10297549198352898 0.008566726200013074 -0.019755470212865705 0.011566839010007058
leaf_weight=1058.9855731576681 3793.8695938661695 6165.294572070241 4151.5891357511282 1605.306481808424 10328.707649767399 2448.7225394546986 4098.6728036254644 204.76091378927231 30.339860126376152 678.64131872355938 251.47971488535404 6504.7321599498391 62.137407690286636 2024.3576945215464 1770.8525053262711 2405.3459503054619 587.49133835732937 519.39980901777744 525.1483012586832 153.0195734500885 16.733124747872353 17.904544100165367 122.48065751791 217.00238208472729 622.76586216688156 31.712373211979866 131.50265611708164 470.04116599261761 919.32833775877953 2199.7838210761547
leaf_count=6289 2109 47338 2288 2032 7915 4496 4703 592 58 2397 219 4569 29 11268 4674 12773 2780 1248 2673 289 74 11 292 105 612 25 398 1157 1653 5530
internal_value=-3.90362e-05 0.0189339 -0.0136127 -0.0117086 -0.00975291 0.0113537 -0.0111044 0.00955106 0.011734 0.0303182 0.0174033 -0.00701355 -0.0109886 0.0324345 0.0190217 0.023624 0.0122305 0.000790436 0.0229983 0.00947899 0.0291039 -0.0594578 0.0312729 0.00821884 0.016112 0.0534917 0.0821355 -0.0053691 -0.0101737 0.00411495
internal_weight=54118.1 22570.1 31548 27754.1 23602.5 13548.8 21997.2 12489.8 10895.7 9021.31 6247.18 11668.5 7569.85 8189.65 5995.7 4224.84 1697.02 1109.53 590.126 831.661 559.786 34.6377 2527.83 1065.12 848.118 225.352 163.215 1594.13 1389.37 4648.51
internal_count=130596 105811 24785 22676 20388 44519 18356 38230 34828 61292 24802 10441 5738 58606 24583 19909 6844 4064 2816 2686 2758 85 13065 1169 1064 452 423 3402 2810 10026
cat_boundaries=0 1 2
cat_threshold=1 8
is_linear=0
shrinkage=0.05


Tree=94
num_leaves=31
num_cat=0
split_feature=3 3 6 0 1 6 0 7 0 1 11 1 4 2 2 2 2 7 8 0 8 8 1 2 2 2 4 2 8 4
split_gain=1625.67 2110.4 321.146 209.145 168.697 165.002 176.866 148.216 121.316 161.345 120.114 185.81 151.318 138.548 169.283 132.794 279.664 257.8 110.203 105.627 105.123 99.5279 99.4245 149.611 288.36 272.797 136.103 120.905 98.5837 102.975
threshold=-12.237997037122414 -5.9170352432702478 -8.2019366372667175 3.7402859027777784 43048.500000000007 -6.0937457905877439 0.95019500578703731 2820.5000000000005 6.1418282060185199 40864.500000000007 -80790.136953588531 1976.5000000000002 5.6185747973908766 14938.500000000002 14747.500000000002 8466.0000000000018 8065.5000000000009 19960.500000000004 -0.41748473654720891 2.8329635763888894 -22.752390131767402 0.3831841369750873 1158.5000000000002 12544.500000000002 14184.000000000002 14163.500000000002 9.5227116381762738 14633.500000000002 0.068870923253177022 6.2376527853301784
decision_type=2 2 2 2 2 2 2 2 2 2 2 2 2 2 2 2 2 2 2 2 2 2 2 2 2 2 2 2 2 2
left_child=3 2 -2 7 5 6 -4 22 18 21 11 12 -3 14 19 16 -12 -18 -8 -14 -5 -10 -1 -24 25 -25 27 -26 -20 -30
right_child=1 10 4 20 -6 -7 8 -9 9 -11 15 -13 13 -15 -16 -17 17 -19 28 -21 -22 -23 23 24 26 -27 -28 -29 29 -31
leaf_value=-0.027477746843169112 -0.0014812432371716078 -0.0051630764753161189 0.032284827682060896 0.067736940443819157 0.030842000263952424 0.00054614470461699358 -0.0026164409719142655 -0.032428664641184032 0.0078261014894414407 -0.067144306534072565 -0.013160183788296601 -0.023610944105496457 0.10518069334399774 -0.0044499143119809013 0.09723642324021653 -0.02334161305524797 0.0047715660096053457 0.15317085642674533 0.017231610869049629 -0.03718372835110869 -0.011661532038258539 -0.032888536628649434 -0.028991858017527877 0.058253170781475995 0.19900142484845806 0.33659189384366522 -0.035506410677782735 -0.036332719097218157 0.027495675882183331 0.0026847180370839219
leaf_weight=467.14989484101534 4450.105523750186 427.95127823203802 1193.4783760607243 42.272949948906898 1266.729729346931 2734.3940798789263 898.29916599392891 3468.7302247397602 4117.5478601157665 76.022290758788586 2538.5349348559976 579.79350031167269 17.673120155930519 110.67109498381615 135.72009857743979 5206.2067637145519 72.814419537782669 48.932811975479126 13067.332391053438 49.581350915133953 3014.888799726963 155.77986055612564 208.94340972229838 143.38713672757149 12.583721876144411 9.3788204565644246 152.69862727448344 9.6378304213285428 507.04651771485806 2386.7148980796337
leaf_count=3204 18512 210 667 175 772 2045 1850 50789 3392 42 2215 395 23 44 70 4481 87 45 8930 65 25405 91 2049 790 11 17 1944 91 305 1880
internal_value=0.000672032 0.00468022 0.0109443 -0.0206428 0.0130385 0.0121413 0.0135566 -0.0275323 0.0125027 0.00505743 -0.0163548 -0.00240603 0.0141723 0.0405544 0.0650928 -0.0186978 -0.00960991 0.0644164 0.0144234 0.000226774 -0.0105636 0.00634189 -0.010612 0.00407015 0.0251516 0.0753413 -0.0186815 0.0969334 0.0153824 0.00703211
internal_weight=47571 40041.3 30853.5 7529.67 26403.3 25136.6 22402.2 4472.51 21208.7 4349.35 9187.88 1321.39 741.597 313.646 202.975 7866.49 2660.28 121.747 16859.4 67.2545 3057.16 4273.33 1003.78 536.63 327.686 152.766 174.92 22.2216 15961.1 2893.76
internal_count=130596 46121 38486 84475 19974 19202 17157 58895 16490 3525 7635 807 412 202 158 6828 2347 132 12965 88 25580 3483 8106 4902 2853 807 2046 102 11115 2185
is_linear=0
shrinkage=0.05


Tree=95
num_leaves=31
num_cat=2
split_feature=3 4 6 11 11 0 8 5 2 2 2 0 2 6 4 5 2 2 2 4 3 1 4 2 11 2 6 11 2 2
split_gain=5953.72 701.996 285.265 212.168 319.095 210.927 189.881 188.441 184.943 389.348 170.757 168.801 153.853 206.61 167.514 153.529 278.703 295.5 239.706 292.79 325.527 333.561 253.085 289.145 251.565 173.546 242.707 191.743 225.051 170.514
threshold=-6.225957734494636 50.667246900856171 -5.9798460178367243 -74832.118257130627 -73898.416965999626 2.8853423263888893 -0.12691306263224697 0 6305.5000000000009 6381.5000000000009 12263.000000000002 4.1852252141203721 5343.5000000000009 -6.1954857512529751 54.208990967612259 1 11981.500000000002 11863.500000000002 13717.500000000002 0.0004979401466143501 -6.3304506924356714 27497.000000000004 8.8502927588511309 13752.500000000002 -229867.51770916369 6897.5000000000009 -7.3864224311105522 -58622.15313841981 10884.500000000002 6598.5000000000009
decision_type=2 2 2 2 2 2 2 1 2 2 2 2 2 2 2 1 2 2 2 2 2 2 2 2 2 2 2 2 2 2
left_child=1 8 10 -3 -5 7 -4 -6 -1 -10 12 -12 -2 14 -14 18 17 25 19 -11 21 -21 23 -20 -23 29 -27 28 -28 -17
right_child=2 3 6 4 5 -7 -8 -9 9 15 11 -13 13 -15 -16 16 -18 -19 22 20 -22 24 -24 -25 -26 26 27 -29 -30 -31
leaf_value=-0.020556088874280308 0.010830264232877064 -0.032755152955430251 0.0041911800112056268 0.053272650249367254 0.015485661604799245 -0.036657731437706502 0.020839244856073972 -0.036150223656051 0.049916217285876328 0.038385556502532447 0.025623399758939781 0.001490736723604281 0.014097724021558051 -0.035875410430266666 -0.076254538120995752 -0.03813150251120058 -0.026213032506675605 0.051834120772359916 0.089925940054873921 -0.032100126244762904 0.033810739028469344 0.058931908864273866 0.01082662231571789 -0.031632048659981329 -0.013247623433139339 -0.037286396667145977 0.028701565244158567 -0.0379418047502251 -0.040934698811302211 0.060025034005471614
leaf_weight=4185.321774341166 907.52768148481846 7175.7159210443497 1889.6899322345853 161.72781103104353 537.66981455683708 911.0377553626895 18291.784036278725 263.1755895614624 279.9027978926897 242.18076018989086 1487.7956792861223 1412.5928522050381 524.51179145276546 642.65325757861137 56.860636159777641 61.278051771223545 2962.9549482092261 224.66685824841261 52.86155840754509 2272.3682371079922 269.13138063251972 185.20829471200705 2839.1442237049341 656.13513410836458 346.66471965610981 681.3784269541502 571.79216253757477 229.42334082722664 145.56059549748898 159.17141135036945
leaf_count=13558 384 67637 1177 164 873 3650 6376 1678 169 222 401 754 265 550 85 207 9799 131 7 8596 165 238 6320 1625 765 3819 331 269 240 141
internal_value=-0.000589728 -0.017668 0.0166248 -0.0288431 -0.0138602 -0.0202025 0.0192804 -0.00148304 -0.0114887 -0.00837283 0.00597385 0.0138699 -0.0047703 -0.016337 0.0052609 -0.00974387 -0.016374 -0.00231276 -0.00487904 -0.0145452 -0.0187161 -0.0237573 0.00415346 -0.0225689 0.0118867 -0.00889341 -0.0145306 0.00184639 0.0145714 0.0327406
internal_weight=50627.9 25414.5 25213.4 9049.33 1873.61 1711.88 20181.5 800.845 16365.1 12179.8 5031.94 2900.39 2131.55 1224.03 581.372 11899.9 5036.23 2073.27 6863.69 3315.55 3073.37 2804.24 3548.14 708.997 531.873 1848.6 1628.15 946.776 717.353 220.449
internal_count=130596 120604 9992 74002 6365 6201 7553 2551 46602 33044 2439 1155 1284 900 350 32875 14937 5138 17938 9986 9764 9599 7952 1632 1003 5007 4659 840 571 348
cat_boundaries=0 1 2
cat_threshold=8 4
is_linear=0
shrinkage=0.05


Tree=96
num_leaves=31
num_cat=2
split_feature=3 4 0 4 8 5 5 0 3 1 4 2 1 8 6 3 3 1 2 2 2 0 11 6 2 4 2 0 4 8
split_gain=5035.9 754.705 326.66 233.835 216.646 199.5 159.549 156.751 162.439 150.824 179.863 146.218 133.939 166.445 125.501 175.418 114.951 142.696 162.028 224.857 150.255 109.877 111.923 101.836 98.1775 157.145 173.586 101.693 92.8543 92.7868
threshold=-7.9025691807160827 68.061161387821457 1.7819519039351854 3.5327068242902757 -0.25745281339588771 0 1 4.3545591261574081 -8.3298933686673404 27497.000000000004 15.728093583246443 15222.500000000002 41393.500000000007 2.359766567492684 -6.6855008230486641 -4.9907616810571973 -10.421475409850343 3633.5000000000005 14356.500000000002 13140.500000000002 1199.5000000000002 5.5034619502314834 -94098.962215626205 -6.8396815879612243 14868.500000000002 12.008956204924436 1976.5000000000002 2.532032719907408 5.6185747973908766 -0.00052243733283230387
decision_type=2 2 2 2 2 1 1 2 2 2 2 2 2 2 2 2 2 2 2 2 2 2 2 2 2 2 2 2 2 2
left_child=1 5 -2 -4 -5 -1 -6 8 -3 10 -7 16 -9 -14 -8 -16 17 18 19 20 -12 -22 -23 -19 25 26 -17 -28 -11 -30
right_child=2 7 3 4 6 9 14 12 -10 28 11 -13 13 -15 15 24 -18 23 -20 -21 21 22 -24 -25 -26 -27 27 -29 29 -31
leaf_value=0.032115778381452839 -0.027045089803698359 0.035652688805958864 -0.022241579897109977 0.0084824499410423061 -0.01510651701705377 0.0037495563174711416 0.00054112854312891466 0.024823242119752981 -0.0038026860627857952 0.026454287080452374 -0.083782987495583286 -0.020649516692758205 0.0048380031914361608 -0.094995597981352986 -0.01349357508264048 -0.021028866859966369 0.007724424917379691 0.032904508686581992 0.03334590207693152 -0.023081144914912231 0.034409929271397084 0.040711999612082647 -0.13775102406377132 -0.016912987192724365 -0.021966763109645696 0.0030133128364632669 -0.0036319845257738667 0.096381045535728321 0.0082453559969109785 -0.019119645560751113
leaf_weight=1016.5154470279813 3660.8730575814843 5997.2999176084995 4040.7666641101241 1610.3701428771019 10123.622889220715 4617.7732522860169 4082.5367214381695 1881.7463570088148 272.72910223901272 200.95914021134377 31.579817190766335 249.6915527433157 431.97676153481007 46.216981068253517 6383.3971941694617 60.517458572983742 1759.0999162346125 2330.2860835716128 570.4868973121047 526.30286894738674 504.08479548245668 16.099448516964912 19.338098213076591 107.30721662938595 211.67372174561024 618.04488763213158 31.23303996026516 136.48079836368561 466.86955831944942 920.55003908276558
leaf_count=6289 2109 48410 2288 2032 7915 10026 4703 10400 433 592 58 219 2003 46 4569 29 4674 12831 2780 1248 2673 74 11 234 105 612 25 398 1157 1653
internal_value=-2.87034e-05 0.0182811 -0.0130202 -0.0111394 -0.00921055 0.0108261 -0.0105267 0.0298023 0.0339365 0.00906955 0.0111978 0.0168231 0.0188185 -0.00481082 -0.00650345 -0.0103683 0.0184185 0.0230007 0.0117316 0.000495347 0.0222224 0.0284272 -0.0566744 0.0307115 0.00848876 0.0161064 0.0515622 0.0777558 -0.00531035 -0.00991127
internal_weight=52926.4 21966.9 30959.5 27298.6 23257.9 13336.9 21647.5 8629.97 6270.03 12320.4 10732 6114.28 2359.94 478.194 11523.9 7441.35 5864.59 4105.49 1667.89 1097.41 571.102 539.522 35.4375 2437.59 1057.95 846.276 228.231 167.714 1588.38 1387.42
internal_count=130596 105811 24785 22676 20388 44519 18356 61292 48843 38230 34828 24802 12449 2049 10441 5738 24583 19909 6844 4064 2816 2758 85 13065 1169 1064 452 423 3402 2810
cat_boundaries=0 1 2
cat_threshold=1 8
is_linear=0
shrinkage=0.05


Tree=97
num_leaves=31
num_cat=1
split_feature=3 3 6 0 1 0 6 4 2 2 2 7 8 2 1 3 11 3 4 0 3 4 8 7 2 2 5 6 4 11
split_gain=1474.7 1876.44 319.775 223.273 158.938 148.861 132.151 152.959 137.891 251.781 318.025 124.447 119.546 113.493 111.979 106.744 105.295 103.748 148.716 103.207 101.988 123.032 99.7314 99.939 91.5663 783.842 201.197 126.086 103.332 101.737
threshold=-12.702130232536012 -5.9170352432702478 -8.2019366372667175 3.7402859027777784 43048.500000000007 0.95019500578703731 -6.996754998668437 3.5327068242902757 8677.5000000000018 11163.500000000002 10703.000000000002 3447.5000000000005 0.048041036313622339 7106.0000000000009 11587.500000000002 -6.00910642487516 -82780.460771725615 -14.7410037632214 10.178710220534201 6.517793680555557 -19.812620512908079 7.3365338571321503 -0.95732585249742053 716.50000000000011 13862.500000000002 13752.500000000002 0 -8.8112121101197136 23.453047595487906 -456629.99999999994
decision_type=2 2 2 2 2 2 2 2 2 2 2 2 2 2 2 2 2 2 2 2 2 2 2 2 2 2 1 2 2 2
left_child=3 2 -2 11 5 15 7 -7 13 10 -10 -1 22 -8 -9 -4 -14 18 20 -18 -5 -22 23 -3 25 27 28 -20 -27 -26
right_child=1 12 4 17 -6 6 8 14 9 -11 -12 -13 16 -15 -16 -17 19 -19 24 -21 21 -23 -24 -25 29 26 -28 -29 -30 -31
leaf_value=-0.013053672740892006 -0.0018105957232440154 -0.0048654867297083697 0.030941460300654533 0.098002210336865181 0.029839008972067579 0.033967564995248785 0.0099623483095887012 0.0065665867722695358 0.00098998004969128007 0.0071876378182458948 -0.050903432515293702 -0.032808112314238434 0.02699568232508805 0.028221329506731674 0.01779014156220339 -0.025664253820222145 -0.010448192535572711 -0.026674635850582197 -0.012406017596209677 0.099176939687530066 0.083820129865448553 -0.016431195031029293 -0.019219559270412717 0.1957687634955127 0.031104977565646633 -0.037388703763289843 -0.035465464964346299 0.054451935332415782 0.2730077683683203 -0.026700805275876073
leaf_weight=1069.6952611729503 4663.1826128102839 14.677963234484197 1313.8737244382501 51.509184740483761 1244.7094673067331 955.34018233418465 3786.6139803826809 3918.8050760701299 873.52469186484814 7284.6560253724456 445.97598372399807 3130.2470092512667 228.15235520899296 1097.779555901885 5133.7365572713315 88.921223029494286 1744.4132795259356 673.36146566271782 986.37420964986086 21.737320892512798 45.070912070572376 95.344678439199924 6926.5694505833089 10.754379607737063 84.723302744328976 2.9002290293574324 7.3801397494971743 75.94778298959136 35.516506463289261 749.23682623356581
leaf_count=9384 20207 24 740 224 777 487 2618 4067 760 5122 254 48927 152 735 4478 19 1789 6330 9299 36 192 624 5585 49 151 21 93 410 123 6919
internal_value=0.000669324 0.00439727 0.0102512 -0.0204799 0.0124026 0.0115309 0.0105863 0.0149396 0.00735638 0.00354742 -0.0165494 -0.0277768 -0.015761 0.0140661 0.0129315 0.0273533 -0.00496965 -0.00956331 -0.00416402 -0.00909896 0.0378233 0.0157477 -0.0188567 0.0799752 -0.0083134 0.00110515 0.203641 -0.00762619 0.249575 -0.0208282
internal_weight=46760.7 39753.4 30807.1 7007.31 26143.9 24899.2 23496.4 10007.9 13488.6 8604.16 1319.5 4199.94 8946.3 4884.39 9052.54 1402.79 1994.3 2807.37 2134 1766.15 191.925 140.416 6952 25.4323 1942.08 1108.12 45.7969 1062.32 38.4167 833.96
internal_count=130596 47899 40264 82697 20057 19280 18521 9032 9489 6136 1014 58311 7635 3353 8545 759 1977 24386 18056 1825 1040 816 5658 73 17016 9946 237 9709 144 7070
cat_boundaries=0 1
cat_threshold=4
is_linear=0
shrinkage=0.05


Tree=98
num_leaves=31
num_cat=2
split_feature=3 4 6 11 2 0 5 8 2 2 2 0 6 7 5 0 6 6 3 2 6 4 6 6 0 0 4 6 11 2
split_gain=5417.18 680.556 263.938 211.986 301.108 205.69 181.217 180.742 176.112 361.694 159.83 160.441 154.814 157.377 149.018 148.625 174.125 179.628 170.117 145.857 192.406 157.643 144.701 171.224 147.506 141.425 138.764 135.703 150.229 132.847
threshold=-6.225957734494636 50.667246900856171 -5.9798460178367243 -74832.118257130627 10822.000000000002 2.8853423263888893 0 -0.12691306263224697 6305.5000000000009 6381.5000000000009 12263.000000000002 3.768240121527779 -6.7476325534634922 716.50000000000011 1 6.2837535590277787 -18.7658626767609 -19.020178591416151 -6.4666728876018658 5343.5000000000009 -6.1954857512529751 54.208990967612259 -6.7179446441272654 -6.2280452572425222 3.907668443287037 1.755878854166667 46.601118668377531 -6.0173444108148955 -63530.282736123569 9280.5000000000018
decision_type=2 2 2 2 2 2 1 2 2 2 2 2 2 2 1 2 2 2 2 2 2 2 2 2 2 2 2 2 2 2
left_child=1 8 10 15 5 6 29 -4 12 -10 19 -12 -1 -14 -11 -3 17 -17 -18 -2 21 -21 -15 26 -25 -9 -24 -22 -29 -5
right_child=2 3 7 4 -6 -7 -8 25 9 14 11 -13 13 22 -16 16 18 -19 -20 20 27 -23 23 24 -26 -27 -28 28 -30 -31
leaf_value=-0.025662533265517085 0.010412315301353271 -0.034836103162804791 0.0037760428553767914 0.026757137374450249 0.052022450375779086 -0.036404856200185146 -0.036005973411312113 0.030791499375415584 0.047721050860505002 -0.036346012787034858 0.026511253176199536 0.0027617659018617669 0.031761707402335748 0.073609146493150465 -0.0081739889071712445 0.014304542799788145 -0.031134470785194098 0.16739566067642297 0.069914080647828933 0.013396841187375656 -0.050058895223288907 -0.074976542218904985 -0.038067700517119218 -0.042081117520791578 0.051234146964227748 0.018241299800995047 0.10523764276734458 0.039876292410692959 -0.050908280214352813 -0.037816341009019643
leaf_weight=3060.2138077840209 904.46132574975491 6204.0537992864847 1876.025044515729 443.33575893193483 160.83868810534477 870.78309717029333 254.62847929447889 2632.4671796858311 284.33322882652283 489.8998004347086 1281.8580488264561 1597.1797470003366 244.54146561026573 44.34736005961895 11217.116403497756 96.29410545527935 466.0518109947443 23.920569516718388 45.738977015018463 519.01327827572823 447.58295366168022 55.897805392742157 534.799800157547 62.550836533308029 131.12673380970955 15240.072328194976 17.443444393575191 105.78611178696156 80.053309842944145 97.093239456415176
leaf_count=12340 384 64318 1177 811 77 3690 1717 488 169 4507 319 836 81 59 28368 645 2623 5 46 265 460 85 797 136 122 5888 23 31 59 70
internal_value=-0.000601722 -0.0171413 0.0159436 -0.0284398 -0.0133088 -0.0196166 -0.00122942 0.0185401 -0.0110568 -0.00799958 0.00567163 0.0133359 -0.0200092 -0.00329095 -0.00935289 -0.032483 -0.00938415 0.0447669 -0.0221037 -0.00477229 -0.0161383 0.00480442 -0.0141377 -0.0193545 0.0210967 0.0200898 -0.0335412 -0.0351464 0.000769382 0.0151559
internal_weight=49489.5 24749.1 24740.4 8662.74 1826.68 1665.84 795.057 19748.6 16086.4 11991.3 4991.83 2879.04 4095.02 1034.81 11707 6836.06 632.005 120.215 511.791 2112.79 1208.33 574.911 790.268 745.921 193.678 17872.5 552.243 633.422 185.839 540.429
internal_count=130596 120604 9992 74002 6365 6288 2598 7553 46602 33044 2439 1155 13558 1218 32875 67637 3319 650 2669 1284 900 350 1137 1078 258 6376 820 550 90 881
cat_boundaries=0 1 2
cat_threshold=8 1
is_linear=0
shrinkage=0.05


Tree=99
num_leaves=31
num_cat=3
split_feature=3 4 0 4 5 0 5 4 7 11 1 2 6 3 5 4 4 2 1 11 6 2 6 2 2 8 2 1 3 1
split_gain=4537.56 692.208 312.23 226.432 184.813 164.389 156.176 153.46 150.429 133.07 122.753 139.179 163.892 191.852 283.706 168.607 154.196 151.798 123.128 114.317 106.783 110.485 106.778 106.264 107.869 105.05 102.812 112.357 98.8496 94.049
threshold=-8.5236756886338156 66.037702375559618 2.8853423263888893 3.0725797804206416 0 4.3545591261574081 1 25.0435371529937 39036.500000000007 -79925.315404900248 35730.500000000007 14862.500000000002 -4.6571827301479409 -6.6906892972757257 2 16.190765497142248 44.972294903272605 2266.0000000000005 620.50000000000011 -456629.99999999994 -7.9984826770852893 1446.5000000000002 -9.3566954064991794 10306.500000000002 1199.5000000000002 -0.41748473654720891 11416.500000000002 28056.500000000004 -6.1297131749536229 39096.500000000007
decision_type=2 2 2 2 1 2 1 2 2 2 2 2 2 2 1 2 2 2 2 2 2 2 2 2 2 2 2 2 2 2
left_child=1 4 20 -4 -1 -3 9 -6 19 26 11 12 13 -8 18 17 -13 -14 -15 -9 21 -2 -21 24 -17 -22 -5 -28 -18 -7
right_child=2 5 3 6 7 29 10 8 -10 -11 -12 16 15 14 -16 23 28 -19 -20 22 25 -23 -24 -25 -26 -27 27 -29 -30 -31
leaf_value=0.032849480573339578 -0.04984350199455706 0.03525753123844947 -0.021702667208784217 0.053957503894907277 0.0046906164442139268 0.02457292742911826 0.0078510576039136481 -0.031027259590122626 -0.018029400057076903 -0.015624922081651355 -0.019033891853759227 -0.02214872478575701 -0.017166203467698735 0.056226315651642815 0.14896218392721042 -0.045074307108748581 0.014805186130764465 0.087673422075597821 -0.0084170458804240095 0.025283386750798127 0.0038653931144041649 0.009597286967825731 0.0036886384341854512 -0.012335254168507816 0.12315876287974147 -0.023457701300492517 0.00022324998838851954 -0.023056274080715845 0.13103007199483352 -0.00098002766561840443
leaf_weight=930.46122251451015 92.84676718711853 5695.4967551678419 2936.6041787043214 76.6801977455616 6304.4609875828028 1565.9171145558357 3742.5612198412418 107.89075544476509 283.61105780303478 6691.1013702377677 1111.3411458432674 1252.6270837634802 44.437182515859604 74.655837431550026 29.101728171110153 13.658393144607542 134.5381174236536 154.81432068347931 5537.2981915175915 3013.5150146186352 371.7025129199028 494.77059695869684 706.66956470906734 207.61348690092564 31.510569542646408 6564.846430875361 2479.7702945172787 655.27361433207989 21.17348238825798 467.6233301460743
leaf_count=6150 35 48724 1698 200 16170 9669 5423 73 535 5054 912 785 25 156 113 5 223 432 4490 15790 471 839 2261 143 108 4183 3036 534 73 2286
internal_value=-2.20062e-05 0.01936 -0.011322 -0.00865282 0.011499 0.0309004 -0.0069311 0.00959178 0.0171068 -0.0116093 -0.0031815 -0.00161467 0.000490311 -0.00092629 -0.00674963 0.029897 -0.0163156 0.064292 -0.0075571 0.0197099 -0.0202599 0.000205316 0.0211813 0.00278577 0.0722877 -0.0219936 -0.00324346 -0.00464254 0.0306093 0.0186969
internal_weight=51794.6 19075.6 32718.9 25194.8 11346.6 7729.04 22258.2 10416.1 4111.69 9902.83 12355.3 11244 9835.65 9383.62 5641.06 452.034 1408.34 199.252 5611.95 3828.08 7524.17 587.617 3720.18 252.782 45.169 6936.55 3211.72 3135.04 155.712 2033.54
internal_count=130596 101658 28938 23410 40979 60679 21712 34829 18659 8824 12888 11976 10895 10182 4759 713 1081 457 4646 18124 5528 874 18051 256 113 4654 3770 3570 296 11955
cat_boundaries=0 1 2 3
cat_threshold=1 8 4
is_linear=0
shrinkage=0.05


Tree=100
num_leaves=31
num_cat=1
split_feature=3 3 6 0 1 0 7 6 4 2 2 2 6 2 2 5 2 2 8 8 2 2 3 4 3 2 1 6 2 1
split_gain=1342 1684.56 284.464 219.077 151.241 143.605 124.82 123.637 145.537 128.252 235.003 296.448 118.574 165.221 227.589 272.502 148.671 390.725 108.877 108.064 106.277 102.033 100.596 134.592 97.8963 91.882 147.485 101.614 92.202 89.8039
threshold=-12.702130232536012 -5.9170352432702478 -8.2019366372667175 3.7402859027777784 43048.500000000007 0.95019500578703731 3447.5000000000005 -6.996754998668437 3.5327068242902757 8677.5000000000018 11163.500000000002 10703.000000000002 -5.545536273944113 3730.0000000000005 3644.5000000000005 0 14856.500000000002 14884.500000000002 0.042493900718347362 -0.95732585249742053 7106.0000000000009 722.50000000000011 -14.7410037632214 10.178710220534201 -6.00910642487516 14974.500000000002 29226.500000000004 -6.3004657816644434 14884.500000000002 1158.5000000000002
decision_type=2 2 2 2 2 2 2 2 2 2 2 2 2 2 2 1 2 2 2 2 2 2 2 2 2 2 2 2 2 2
left_child=3 2 -2 6 5 24 29 8 -7 20 11 -11 16 14 15 -14 -3 -18 -10 -15 -9 -17 23 -5 -4 27 -27 -12 -29 -1
right_child=1 12 4 22 -6 7 -8 9 18 10 25 -13 13 19 -16 21 17 -19 -20 -21 -22 -23 -24 -25 -26 26 -28 28 -30 -31
leaf_value=-0.029978341100067252 -0.0016497973460789393 -0.01260333324973238 0.030193350701303114 0.035607531402430663 0.028974070328887755 0.033085199976266577 -0.032597591387510026 0.0094278350420875512 0.015348750694199751 0.00057846550158795413 0.0098278929780978991 -0.049902118297964732 0.064002446673141061 0.079300751573847486 0.1151444463556906 0.023172220666210979 0.13569242151479674 0.0011467760903368851 0.0023140546145710905 -0.0235486532913423 0.027212488061222478 -0.036177334158066829 -0.02622949917894456 -0.0077902790399828883 -0.025062598119142011 0.035528857628105127 -0.034276557198598505 0.0011052566579690145 -0.02577925074558305 -0.00023930744739475573
leaf_weight=432.30832802504301 4634.1321981176734 2891.6861111596227 1277.4007399901748 197.13927339017391 1221.6347765997052 930.74767389893532 2962.769815325737 3757.7674467004836 6878.2824960127473 869.94331419840455 4151.4365010783076 436.88625111430883 116.28735744208097 25.680494286119938 43.697599694132805 93.756079345941544 60.247185215353966 517.07737971842289 2088.465497776866 4659.527822971344 1081.8632469773293 318.19375836476684 649.84729507192969 1905.8425271362066 85.525052845478058 518.89516643062234 88.585152924060822 2119.9626876451075 375.38700094819069 614.95628927648067
leaf_count=3142 20207 2161 740 1040 777 487 48927 2618 6700 760 2984 254 138 66 29 51 45 262 1845 4492 735 391 6330 17016 19 340 25 1613 160 6242
internal_value=0.000674282 0.00421934 0.00975886 -0.0198967 0.0118015 0.0109508 -0.0273529 0.010028 0.0142662 0.00689773 0.00322001 -0.0162977 -0.0151534 -0.0198879 0.005482 -0.00358966 -0.00797831 0.0151874 0.0123128 -0.0229849 0.0134035 -0.0226699 -0.00903528 -0.00372205 0.026726 0.00673606 0.0253496 0.00503488 -0.0029391 -0.0125155
internal_weight=46005.9 39243.1 30516.9 6762.86 25882.8 24661.1 4010.03 23298.2 9897.5 13400.7 8561.1 1306.83 8726.15 5257.14 571.935 528.237 3469.01 577.325 8966.75 4685.21 4839.63 411.95 2752.83 2102.98 1362.93 7254.27 607.48 6646.79 2495.35 1047.26
internal_count=130596 47899 40264 82697 20057 19280 58311 18521 9032 9489 6136 1014 7635 5167 609 580 2468 307 8545 4558 3353 442 24386 18056 759 5122 365 4757 1773 9384
cat_boundaries=0 1
cat_threshold=8
is_linear=0
shrinkage=0.05


Tree=101
num_leaves=31
num_cat=2
split_feature=3 4 6 11 11 0 8 5 2 2 2 0 0 6 3 4 4 6 7 4 5 2 2 6 4 3 8 8 4 6
split_gain=4930.39 663.284 241.277 209.68 274.479 209.109 173.933 173.7 169.296 336.686 149.99 151.8 148.799 160.873 157.719 153.353 181.821 148.669 147.15 156.245 144.027 143.988 139.712 183.397 148.487 134.71 132.916 375.553 184.782 184.526
threshold=-6.225957734494636 50.667246900856171 -5.9798460178367243 -74832.118257130627 -73898.416965999626 2.8853423263888893 -0.071909147670538673 0 6305.5000000000009 6381.5000000000009 12263.000000000002 3.768240121527779 6.2837535590277787 -18.7658626767609 -6.4666728876018658 111.6016047876326 109.82521653705759 -6.7476325534634922 716.50000000000011 3.5327068242902757 1 977.50000000000011 5343.5000000000009 -6.1954857512529751 54.208990967612259 -5.8184423202478817 -1.0000000180025095e-35 1.0000000180025095e-35 16.583014443101831 -5.5040396272407603
decision_type=2 2 2 2 2 2 2 1 2 2 2 2 2 2 2 2 2 2 2 2 1 2 2 2 2 2 2 2 2 2
left_child=1 8 10 12 -5 7 25 -6 17 -10 22 -12 -3 15 -15 16 -14 -1 19 -19 -11 -8 -2 24 -24 -4 29 28 -28 -22
right_child=2 3 6 4 5 -7 21 -9 9 20 11 -13 13 14 -16 -17 -18 18 -20 -21 26 -23 23 -25 -26 -27 27 -29 -30 -31
leaf_value=-0.02517586548286695 0.010076416633650366 -0.034681432865586843 -0.017045055011793875 0.048835371230980841 0.015378250879944511 -0.036395328397172487 -0.04385537193038673 -0.035887309961133942 0.045739560846723766 -0.036204647321649248 0.025785915149346823 0.0026042024300672486 0.059443896681294343 -0.030803066967601996 0.064692616742011544 -0.03601651222001738 0.32860047660465341 0.052493414539053013 -0.013712794750160595 -0.042709916625477518 -0.017106031449028929 0.020031075338859682 0.012787121569247535 -0.034936221830594909 -0.073691206860343667 0.011453226455594425 0.020304533200723892 -0.014310857814154802 -0.0040580748586972193 0.030111695382688149
leaf_weight=2974.2001903876662 901.99867509305477 5891.9633603915572 516.37268733978271 163.6798403263092 537.06666471064091 840.20386501401663 88.666388660669327 238.65155662596226 288.39837983250618 465.35642161220312 1267.9336968362331 1593.9730802476406 74.758658662438393 449.02020908892155 47.844217166304588 41.500467829406261 6.849280320107936 188.73552057147026 777.34212326258421 55.849309042096138 4072.2236331030726 16623.839563727379 513.90578661859035 616.22582729160786 54.945052593946457 2105.4196310937405 1712.2900258526206 3680.1670674756169 1426.8886631727219 217.98865041136742
leaf_count=12340 384 64318 420 164 873 3650 103 1678 169 4507 319 836 254 2623 46 385 11 23 1137 58 11639 5902 265 550 85 1128 2815 8280 5349 285
internal_value=-0.000616943 -0.0166133 0.0152922 -0.0280731 -0.0128633 -0.0191129 0.0178138 -0.000393721 -0.0106219 -0.00762367 0.00544124 0.0128746 -0.0322297 -0.0089296 -0.0216076 0.0422386 0.082034 -0.0195228 -0.00307016 0.0307544 -0.00895326 0.0196921 -0.00475176 -0.0160379 0.00443422 0.00584037 -0.00781175 -0.00347387 0.0092307 -0.0147069
internal_weight=48434.3 24151 24283.3 8291.54 1779.6 1615.92 19334.3 775.718 15859.4 11863.3 4948.98 2861.91 6511.94 619.973 496.864 123.108 81.6079 3996.13 1021.93 244.585 11574.9 16712.5 2087.08 1185.08 568.851 2621.79 11109.6 6819.35 3139.18 4290.21
internal_count=130596 120604 9992 74002 6365 6201 7553 2551 46602 33044 2439 1155 67637 3319 2669 650 265 13558 1218 81 32875 6005 1284 900 350 1548 28368 16444 8164 11924
cat_boundaries=0 1 2
cat_threshold=8 1
is_linear=0
shrinkage=0.05


Tree=102
num_leaves=31
num_cat=1
split_feature=3 4 0 8 8 5 0 3 0 1 1 0 1 8 6 2 2 2 2 11 2 2 11 2 2 2 6 0 11 7
split_gain=4096.66 711.324 311.192 218.895 226.555 181.982 158.67 150.96 145.562 134.764 168.703 124.937 123.723 150.168 110.534 113.912 206.82 118.275 111.487 118.797 101.135 156.599 110.045 107.757 173.228 104.021 87.4528 175.238 137.104 83.4597
threshold=-7.9025691807160827 68.061161387821457 1.7819519039351854 -0.028536827442102727 0.037580956767278913 0 4.3545591261574081 -8.3298933686673404 0.67034533564814824 27497.000000000004 1567.5000000000002 6.5453951678240765 39096.500000000007 1.3084944083940446 -7.3864224311105522 6169.5000000000009 7480.0000000000009 15222.500000000002 7413.5000000000009 -53937.134440651265 1446.5000000000002 13826.500000000002 -130392.56162390184 14654.500000000002 15025.500000000002 15132.500000000002 -18.529736577936532 3.7402859027777784 -115800.22192473295 4738.5000000000009
decision_type=2 2 2 2 2 1 2 2 2 2 2 2 2 2 2 2 2 2 2 2 2 2 2 2 2 2 2 2 2 2
left_child=1 5 -2 -4 11 -1 7 -3 -7 10 20 -5 -8 -14 15 -12 18 -18 19 -17 -10 22 -22 -23 -25 -26 27 -11 -28 -19
right_child=2 6 3 4 -6 8 12 -9 9 26 14 -13 13 -15 -16 16 17 29 -20 -21 21 23 -24 24 25 -27 28 -29 -30 -31
leaf_value=0.031085853298021451 -0.026082992519656862 0.035127341329844734 -0.0013189292498073002 -0.017795312519280706 -0.0042728640789590619 0.032104542451755855 0.024169921519720385 -0.0032457330308439548 -0.047535489079241239 0.033582921160822746 0.025996762542849463 -0.0053473591430306978 0.0055104748348556278 -0.082279987242886654 -0.0093000599799484863 0.011412285667207256 0.01780881166862635 0.065570925088742404 -0.05011677377514652 -0.037957801200254548 0.035940102805221717 -0.020025790459574269 0.0029123613480507128 0.023611388388208157 -0.033016674556867714 0.04664818624186591 0.029854006027461695 -0.038542989952881537 -0.010249573645887777 -0.027162489220508179
leaf_weight=931.29205238819122 3416.6766655668616 5378.8061048611999 5647.9940252006054 12337.611321799457 6052.254391387105 602.16633097082376 1707.2182199060917 269.12290997803211 112.39792539179325 106.05979319661856 1731.5346631482244 2409.4049016162753 483.20217983424664 54.171249315142632 503.36230337619781 416.10593826323748 3717.7802014946938 27.140792973339558 159.98968128114939 172.30235095322132 420.36244075000286 925.96740511059761 630.46702322363853 497.62047647684813 303.54075410962105 47.370522305369377 302.15745934844017 408.8628750666976 723.24804361909628 228.82567661255598
leaf_count=6289 2109 48410 5931 8681 5812 2809 10048 433 112 432 7509 2252 2332 69 981 1505 15085 81 143 86 1732 1337 1399 1595 253 146 1020 513 1313 179
internal_value=-6.68622e-06 0.0169945 -0.0118826 -0.0100481 -0.0124185 0.00979175 0.0288296 0.0332989 0.00814429 0.00688255 0.00902416 -0.0157615 0.017584 -0.00333946 0.0132667 0.0150268 0.0110043 0.0155454 -0.0131076 -0.00304465 -0.00102281 0.000827564 0.0161244 -0.00823099 0.0046402 -0.0222625 -0.00687475 -0.0236871 0.0015678 -0.0173297
internal_weight=50725 20861.1 29863.9 26447.3 20799.3 12968.6 7892.52 5647.93 12037.3 11435.1 9894.77 14747 2244.59 537.373 6957.04 6453.68 4722.14 3973.75 748.398 588.408 2937.73 2825.33 1050.83 1774.5 848.532 350.911 1540.33 514.923 1025.41 255.966
internal_count=130596 105811 24785 22676 16745 44519 61292 48843 38230 35421 32143 10933 12449 2401 25569 24588 17079 15345 1734 1591 6574 6462 3131 3331 1994 399 3278 945 2333 260
cat_boundaries=0 1
cat_threshold=1
is_linear=0
shrinkage=0.05


Tree=103
num_leaves=31
num_cat=3
split_feature=3 3 6 0 1 0 7 2 6 4 11 2 2 6 2 5 2 1 4 2 11 4 5 5 2 11 11 3 0 6
split_gain=1217.45 1512.44 251.747 215.391 141.033 138.936 125.631 118.599 114.786 139.34 119.411 214.603 285.232 106.911 161.994 175.419 185.393 109.132 173.695 165.016 219.597 163.019 169.584 113.512 159.085 313.603 267.381 251.866 207.491 171.783
threshold=-12.702130232536012 -5.9170352432702478 -8.2019366372667175 3.7402859027777784 43048.500000000007 0.95019500578703731 3447.5000000000005 15489.500000000002 -6.996754998668437 3.5327068242902757 -57239.379690559108 11163.500000000002 10703.000000000002 -5.545536273944113 3874.0000000000005 0 3644.5000000000005 1836.5000000000002 6.8046686379792378 14938.500000000002 -68898.004600191023 10.857826616617889 1 2 10703.000000000002 -36861.219846739201 -46853.069509015375 -5.7724989540696763 2.8589481944444448 -5.5894758356106422
decision_type=2 2 2 2 2 2 2 2 2 2 2 2 2 2 2 1 2 2 2 2 2 2 1 1 2 2 2 2 2 2
left_child=3 2 -2 6 5 -4 -1 13 9 -7 11 12 -10 17 15 -15 -17 18 -3 20 21 22 -20 24 25 26 28 -28 -19 -29
right_child=1 7 4 -5 -6 8 -8 -9 10 -11 -12 -13 -14 14 -16 16 -18 23 19 -21 -22 -23 -24 -25 -26 -27 27 29 -30 -31
leaf_value=-0.011936163285584833 -0.0014783273469977172 -0.0087384598227911101 0.026139384584606531 -0.0084773584110858658 0.027974207734865392 0.032263861593567908 -0.032387006466762285 0.055607644841328789 0.00047431831786807463 0.011695874301342588 0.012814686947245633 0.0063407548510300855 -0.048989185757372364 0.054196261324401543 -0.022931970107505695 -0.02253981039953673 0.071178422784997586 0.17224360783628301 0.085362653968822255 -0.025156341959209013 -0.028117337823255303 0.054911673981100417 0.27797780828120172 -0.026302754809235964 -0.020626021065141199 -0.012767089201126337 0.31498421177850583 0.03279934894644327 -0.0058961293681540601 0.20325912782704414
leaf_weight=1025.3388366661966 4605.9916909076273 711.38752769678831 1325.5067249685526 2700.6788259185851 1197.1455592736602 907.54815010726452 2806.2497391626239 59.747886568307877 902.65370382741094 8885.2667479738593 4761.0008520595729 7209.4447849355638 430.43227177858353 138.15853367745876 4476.5382913947105 397.04530842229724 60.858007296919823 19.075735472142696 28.825542129576206 85.110447145998478 59.731706641614437 141.7687439545989 18.932858824729919 1058.1214743629098 676.94910431653261 372.84548676759005 15.643312238156794 42.815030746161938 114.24038752168417 22.572077311575413
leaf_count=9384 20207 479 759 24386 777 487 48927 17 850 8545 3263 5122 254 164 4498 442 56 23 33 32 64 109 22 670 574 251 37 57 83 24
internal_value=0.000675284 0.00404337 0.00928356 -0.0192918 0.0112184 0.0103971 -0.0269143 -0.0145893 0.00949361 0.013602 0.00646939 0.00293296 -0.0154967 -0.0150862 -0.0196715 0.00481515 -0.0100841 -0.00818028 0.00523191 0.0349546 0.0554797 0.0818263 0.161721 -0.01422 -0.00410645 0.0149383 0.0631304 0.13476 0.0195933 0.0916432
internal_weight=45257.6 38725.4 30225 6532.27 25619 24421.9 3831.59 8500.37 23096.3 9792.81 13303.5 8542.53 1333.09 8440.62 5072.6 596.062 457.903 3368.02 1045.76 334.369 249.259 189.527 47.7584 2322.26 1264.14 587.192 214.347 81.0304 133.316 65.3871
internal_count=130596 47899 40264 82697 20057 19280 58311 7635 18521 9032 9489 6226 1104 7618 5160 662 498 2458 739 260 228 164 55 1719 1049 475 224 118 106 81
cat_boundaries=0 1 2 3
cat_threshold=8 4 4
is_linear=0
shrinkage=0.05


Tree=104
num_leaves=31
num_cat=2
split_feature=3 4 6 11 0 5 6 2 2 7 2 8 7 3 11 5 6 8 8 0 0 6 4 3 8 8 6 6 7 4
split_gain=4482.14 646.023 224.797 206.372 257.817 251.184 171.135 164.566 693.768 188.273 175.818 162.332 156.324 163.505 155.583 150.639 150.032 205.833 287.558 171.446 149.062 149.456 146.875 146.486 146.475 144.834 139.345 137.629 224.933 134.026
threshold=-6.225957734494636 50.667246900856171 -5.9361040023224918 -74832.118257130627 3.2985504340277783 0 -7.4556218604674394 3487.5000000000005 3568.0000000000005 9215.5000000000018 4543.5000000000009 -0.028536827442102727 716.50000000000011 -6.8182993190962202 -2610.7416201179153 1 -5.5040396272407603 -1.0000000180025095e-35 1.0000000180025095e-35 1.3900669907407412 6.2837535590277787 -18.7658626767609 19.089581755681422 -6.4666728876018658 21.312851158822024 0.028343259654572076 -5.5040396272407603 -7.2071532416832271 20582.500000000004 111.6016047876326
decision_type=2 2 2 2 2 1 2 2 2 2 2 2 2 2 2 1 2 2 2 2 2 2 2 2 2 2 2 2 2 2
left_child=1 7 22 20 5 6 14 12 9 -9 -10 26 13 -1 -5 -12 17 -17 19 -19 -3 29 -2 -23 -14 -13 -4 -8 -29 -22
right_child=2 3 11 4 -6 -7 27 8 10 -11 15 25 24 -15 -16 16 -18 18 -20 -21 21 23 -24 -25 -26 -27 -28 28 -30 -31
leaf_value=-0.038942168341954152 0.012483040273648043 -0.034530811448375935 -0.0096589333664297145 -0.026743713570629792 -0.034072787972485107 -0.036042422992519647 0.077929684581275471 -0.037662598151198018 -0.033199117963772971 0.14377888804329617 -0.03605663957879806 0.022549546861926031 -0.030431258603238538 0.042466671623007074 0.15305515310016077 -0.016061258563575473 0.031965630751072137 -0.030814440438690791 -0.011391964824723299 0.011445044627370641 0.075086047777849316 -0.030475093080450072 -0.0040701117703419954 0.060033014749493956 0.12900099871223555 0.01083468075921259 0.013310207904143962 0.048935480272236209 -0.037955104398045843 -0.035892288692099678
leaf_weight=98.160214655101299 3360.362660124898 5595.8828112520278 855.27179302275181 204.57603830099106 769.97015770897269 272.03515584766865 145.35190510004759 16.856180608272552 725.61252961307764 94.182818584144115 457.98214028775692 11016.53203214705 1714.0924788936973 165.95113623142242 12.783594705164431 4532.834139354527 243.98189167678356 259.89038959145546 4164.4640202745795 3136.5015830397606 86.145497635006905 432.94114346802235 2228.936402477324 49.853261291980743 14.528327345848082 3469.2259410023689 2896.5007069706917 220.77139715850353 112.40284813940525 39.762420460581779
leaf_count=244 1277 64318 545 784 3366 1961 67 108 2905 96 4697 3593 6553 40 2 13186 313 1809 9368 7276 265 2623 1398 46 7 1642 1537 89 96 385
internal_value=-0.000637683 -0.0160983 0.0146546 -0.0277093 -0.0124806 0.00469582 0.0206212 -0.0101962 -0.00823432 0.116235 -0.00925648 0.0173432 -0.0236173 0.0122101 -0.0161692 -0.00789875 -0.00685351 -0.00763666 -0.002586 0.00821137 -0.0319748 -0.00847692 0.00588187 -0.0211292 -0.0290913 0.0197439 0.00807405 0.0373324 0.0196212 0.0400385
internal_weight=47394.3 23567.5 23826.8 7942.48 1737.89 967.921 695.886 15625 13632.3 111.039 13521.3 18237.5 1992.73 264.111 217.36 12795.7 12337.7 12093.7 7560.86 3396.39 6204.59 608.702 5589.3 482.794 1728.62 14485.8 3751.77 478.526 333.174 125.908
internal_count=130596 120604 9992 74002 6365 2999 1038 46602 39758 204 39554 7317 6844 284 786 36649 31952 31639 18453 9085 67637 3319 2675 2669 6560 5235 2082 252 185 650
cat_boundaries=0 1 2
cat_threshold=8 1
is_linear=0
shrinkage=0.05


Tree=105
num_leaves=31
num_cat=2
split_feature=3 4 0 4 5 5 0 3 0 8 1 1 1 8 3 3 6 2 2 2 2 11 2 2 11 2 2 2 1 11
split_gain=3692.01 685.075 303.727 214.607 200.475 173.113 159.822 146.353 137.654 135.707 125.095 158.409 118.671 134.177 109.414 165.688 104.415 107.967 194.14 110.755 104.329 111.108 94.8694 146.738 106.186 100.6 163.039 97.7452 86.3983 86.6218
threshold=-7.9025691807160827 68.061161387821457 1.7819519039351854 3.5327068242902757 0 1 4.3545591261574081 -8.3298933686673404 0.67034533564814824 -0.25745281339588771 27497.000000000004 1567.5000000000002 39096.500000000007 1.3084944083940446 -6.7235382566165631 -4.9907616810571973 -7.3864224311105522 6169.5000000000009 7480.0000000000009 15222.500000000002 7413.5000000000009 -53937.134440651265 1446.5000000000002 13826.500000000002 -130392.56162390184 14654.500000000002 15025.500000000002 15132.500000000002 22158.000000000004 -79925.315404900248
decision_type=2 2 2 2 1 1 2 2 2 2 2 2 2 2 2 2 2 2 2 2 2 2 2 2 2 2 2 2 2 2
left_child=1 5 -2 -4 28 -1 7 -3 -7 -6 11 22 -8 -14 -11 -16 17 -13 20 -20 21 -19 -10 24 -24 -25 -27 -28 29 -5
right_child=2 6 3 4 9 8 12 -9 10 14 -12 16 13 -15 15 -17 -18 18 19 -21 -22 -23 23 25 -26 26 27 -29 -30 -31
leaf_value=0.030572532036059825 -0.025610640939730641 0.034876100160679983 -0.020596706133365141 -0.0018625076253900169 0.013437986904336756 0.031404509303138102 0.023543098168834545 -0.0030335216189244585 -0.0461490308251725 0.0025388786439711412 -0.006768445069463544 0.02531245461361168 0.005007962294897892 -0.076881283539645073 -0.011184222296340897 0.010043075538726557 -0.0091820695967843539 0.010920180901552994 0.017213506356051744 -0.016914086009401617 -0.048811887447332128 -0.037188353468530187 0.03536740676390232 -0.01951043286177195 0.0026441347402937931 0.022956316131927675 -0.032191201800508648 0.045567351981311101 -0.020295238026069629 -0.013648745585684005
leaf_weight=892.00455252826214 3306.0562728568912 5090.2958284541965 3746.5141098275781 2259.5602770969272 1095.4904597252607 583.99638602137566 1658.6001092419028 267.99360457062721 112.69009098410606 3353.9515304118395 1533.0116524770856 1690.0559656098485 476.41090059280396 55.890980750322342 6693.5513656660914 1065.6159263253212 502.84035871177912 411.64670469611883 3661.0611039847136 254.24279015511274 159.02375982701778 169.40782114863396 409.58123961091042 924.73947238922119 628.06656467914581 491.05445575714111 301.57149805128574 46.668926052749157 2824.4202643856406 5027.2359555289149
leaf_count=6289 2109 48410 2288 2551 1497 2809 10048 433 112 4067 3278 7509 2332 69 5161 1213 981 1505 15085 260 143 86 1732 1337 1399 1595 253 146 2160 3739
internal_value=1.87607e-06 0.0163871 -0.011334 -0.00952323 -0.00766448 0.00932885 0.0283281 0.0329801 0.00773373 -0.00335203 0.00650993 0.00859501 0.0169508 -0.0035903 -0.00500713 -0.00826894 0.0127499 0.0144879 0.0105582 0.0149974 -0.012927 -0.00310598 -0.00116823 0.000641002 0.0155607 -0.00813512 0.00439825 -0.0217705 -0.0128715 -0.00999395
internal_weight=49693.3 20320.9 29372.4 26066.3 22319.8 12771.7 7549.19 5358.29 11879.7 12208.6 11295.7 9762.65 2190.9 532.302 11113.1 7759.17 6848.28 6345.44 4655.38 3915.3 740.078 581.055 2914.37 2801.68 1037.65 1764.03 839.295 348.24 10111.2 7286.8
internal_count=130596 105811 24785 22676 20388 44519 61292 48843 38230 11938 35421 32143 12449 2401 10441 6374 25569 24588 17079 15345 1734 1591 6574 6462 3131 3331 1994 399 8450 6290
cat_boundaries=0 1 2
cat_threshold=8 1
is_linear=0
shrinkage=0.05


Tree=106
num_leaves=31
num_cat=2
split_feature=3 3 6 0 6 7 2 2 7 7 7 2 2 2 7 4 2 2 6 2 2 5 2 2 5 4 7 8 3 4
split_gain=1101.12 1356.01 220.283 211.045 148.66 136.707 169.475 127.161 155.298 134.829 126.582 117.763 113.846 223.455 142.074 130.132 122.961 215 112.871 154.983 189.386 239.56 140.232 330.718 102.461 188.987 180.926 101.494 98.9152 124.108
threshold=-12.702130232536012 -5.9170352432702478 -7.9525304690071295 3.7402859027777784 -7.4205594631068896 1498.5000000000002 9472.0000000000018 14974.500000000002 25430.000000000004 29192.500000000004 3447.5000000000005 14892.500000000002 14722.500000000002 14600.500000000002 13470.500000000002 48.13050742481942 14409.500000000002 14379.500000000002 -5.545536273944113 3730.0000000000005 3644.5000000000005 0 14856.500000000002 14884.500000000002 1 13.623141164071198 12007.500000000002 -0.95732585249742053 -14.7410037632214 9.8730282729676997
decision_type=2 2 2 2 2 2 2 2 2 2 2 2 2 2 2 2 2 2 2 2 2 1 2 2 1 2 2 2 2 2
left_child=3 2 5 10 -4 6 -2 8 11 -9 -1 12 13 16 -14 -16 17 -6 22 20 21 -20 -3 -24 -13 -26 -27 -21 29 -5
right_child=1 18 4 28 7 -7 -8 9 -10 -11 -12 24 14 -15 15 -17 -18 -19 19 27 -22 -23 23 -25 25 26 -28 -29 -30 -31
leaf_value=-0.01132257811362904 0.046679759282866981 -0.011566391300684244 0.01902060481299012 0.038197681883222229 0.0063262404663606059 -0.0038836347596124866 0.0035511440787457656 0.034132429723852775 0.017861887944711642 -0.027932948546517927 -0.032171656257024193 -0.025066861865394897 0.027624753841001701 -0.029597646844880244 -0.047425955996579207 0.029608257826648145 0.028507939122721249 -0.070148493970412285 0.059017443275864057 0.075626155682194413 0.10218268431818707 -0.021895711337496265 0.12284060575026153 0.0021115222584588101 0.042753014347858533 -0.06486640287695554 0.049801591007595014 -0.022568360193918328 -0.025513271755210794 -0.0063616550431378734
leaf_weight=1002.7802221924067 314.90007196366787 2778.5538311004639 4570.448583163321 170.53847108781338 11959.276073608547 4568.7083293683827 823.32442293316126 802.38061375916004 3365.3141006976366 98.213623121380806 2656.9340955018997 548.15455462783575 1175.499354891479 434.73923671990633 132.88620042800903 93.322054654359818 623.61000420898199 92.617339715361595 119.72295595705509 26.474841617047787 46.925155326724052 387.74893265217543 63.920923322439194 503.87385581433773 193.72092300653458 114.01960115134716 49.262528888881207 4363.5469074696302 614.86643313989043 1866.9882722198963
leaf_count=9384 539 2161 4045 932 8978 19515 1864 531 2428 40 48927 251 778 413 20 74 517 41 138 66 29 442 45 262 94 111 25 4492 6330 17124
internal_value=0.000672338 0.00386508 0.00881734 -0.0186756 0.010897 -2.10255e-05 0.0154831 0.00901072 0.00813071 0.0273639 -0.0264589 0.00600654 0.00709792 0.00564985 0.0206418 -0.0156455 0.00685875 0.00573854 -0.0140309 -0.0188304 0.00607983 -0.00280665 -0.00693945 0.0157029 -0.0114909 0.00935416 -0.0302709 -0.0219762 -0.00793631 -0.00263209
internal_weight=44563.3 38251.2 29960.4 6312.11 24253.5 5706.93 1138.22 19683 18782.4 900.594 3659.71 15417.1 14512 13110.2 1401.71 226.208 12675.5 12051.9 8290.77 4944.42 554.397 507.472 3346.35 567.795 905.158 357.003 163.282 4390.02 2652.39 2037.53
internal_count=130596 47899 40264 82697 18346 21918 2403 14301 13730 571 58311 11302 10821 9949 872 94 9536 9019 7635 5167 609 580 2468 307 481 230 136 4558 24386 18056
cat_boundaries=0 1 2
cat_threshold=8 8
is_linear=0
shrinkage=0.05


Tree=107
num_leaves=31
num_cat=3
split_feature=3 4 6 11 0 5 2 2 2 2 6 8 6 7 7 4 0 5 2 7 5 6 8 8 6 4 0 11 2 0
split_gain=4088.96 627.022 205.548 203.182 250.45 237.165 170.611 158.088 612.859 169.177 154.653 152.955 156.821 152.694 150.113 157.657 148.765 144.941 145.489 429.98 239.324 145.901 191.167 293.117 161.148 199.543 175.981 189.845 138.942 142.394
threshold=-6.225957734494636 50.667246900856171 -5.9798460178367243 -74832.118257130627 3.2985504340277783 0 15187.500000000002 3487.5000000000005 3568.0000000000005 4543.5000000000009 -7.4556218604674394 -0.024592418596031781 -5.5040396272407603 9215.5000000000018 716.50000000000011 3.5327068242902757 6.2837535590277787 1 4763.5000000000009 2901.5000000000005 2 -5.5040396272407603 -1.0000000180025095e-35 1.0000000180025095e-35 -6.996754998668437 15.728093583246443 4.1569233969907415 -241699.66226026701 12263.000000000002 3.768240121527779
decision_type=2 2 2 2 2 1 2 2 2 2 2 2 2 2 2 2 2 1 2 2 1 2 2 2 2 2 2 2 2 2
left_child=1 7 28 16 5 10 11 14 13 -10 -5 12 -4 -9 15 -1 -3 -11 19 20 -19 22 -20 24 25 -24 -27 -28 -2 -30
right_child=2 3 6 4 -6 -7 -8 8 9 17 -12 -13 -14 -15 -16 -17 -18 18 21 -21 -22 -23 23 -25 -26 26 27 -29 29 -31
leaf_value=0.04102182417987426 -0.0049411384411980697 -0.034388030436198973 -0.0090821227079767499 -0.015535743095788005 -0.033880692155609272 -0.035931801956162822 -0.043421947900602602 -0.037461291008378049 -0.03280085884945854 -0.035933386273018057 0.035714120209936542 0.019232544866756525 0.013883545028622241 0.12799997210255482 -0.028676396438299306 -0.040219004054052584 -0.0080771152050972319 0.14931334942819763 -0.01633419962262379 -0.037722087177099406 -0.037410665758397875 0.030872066292733608 0.014706473256309581 -0.012242343806833469 0.026443935958953193 -0.038150708957924197 0.03073594956401068 -0.020856197411239355 0.024779233263514843 0.0021849287707676282
leaf_weight=167.87249868363142 2060.048743404448 5318.5343679971993 990.65885029733181 211.78653867170215 742.37550139799714 259.57097862660885 118.18435603380203 16.147752068936825 701.38971947133541 435.00929399579763 482.70904905349016 14453.750508949161 2977.4999067038298 102.14319386333227 1673.7577820420265 92.691088661551476 597.605339191854 78.729388177394867 4384.0459286421537 100.12072892487049 21.943220965564251 245.61661139130592 1316.5445681139827 4027.9320408403873 859.24725361168385 451.12382520735264 315.97712898999453 409.25346370786428 1245.3803663402796 1584.5654107034206
leaf_count=42 1284 64318 618 786 3366 1961 121 108 2905 4697 252 5253 1561 96 6560 242 3319 80 12989 310 48 309 2582 9231 595 3632 790 1386 319 836
internal_value=-0.000647145 -0.0156174 0.014056 -0.0273561 -0.0121017 0.00484496 0.0164612 -0.00981448 -0.00789439 -0.0088986 0.0200855 0.0168453 0.00815012 0.105413 -0.0231807 0.0121218 -0.0317303 -0.00757286 -0.00656249 0.035647 0.108614 -0.0072682 -0.00806451 -0.003152 0.00777093 0.00133476 -0.0136305 0.00162209 0.00493717 0.0121281
internal_weight=46442.2 23012.1 23430.1 7612.58 1696.44 954.067 18540.1 15399.5 13465.2 13346.9 694.496 18421.9 3968.16 118.291 1934.32 260.564 5916.14 12645.5 12210.5 200.793 100.673 12009.7 11764.1 7380.08 3352.15 2492.9 1176.35 725.231 4889.99 2829.95
internal_count=130596 120604 9992 74002 6365 2999 7553 46602 39758 39554 1038 7432 2179 204 6844 284 67637 36649 31952 438 128 31514 31205 18216 8985 8390 5808 2176 2439 1155
cat_boundaries=0 1 2 3
cat_threshold=8 1 4
is_linear=0
shrinkage=0.05


Tree=108
num_leaves=31
num_cat=1
split_feature=3 4 0 4 5 0 1 3 8 8 0 1 1 2 4 6 1 8 2 2 2 11 2 3 0 11 8 1 2 2
split_gain=3317.75 657.85 298.383 192.768 164.566 161.563 155.216 143.78 131.571 145.942 130.39 116.838 144.292 120.038 128.896 120.544 114.937 116.09 114.194 127.544 131.944 116.586 125.565 150.195 107.626 106.511 106.439 102.745 89.0815 102.641
threshold=-7.9025691807160827 68.061161387821457 3.1610740277777785 3.0725797804206416 0 4.3545591261574081 28341.500000000004 -8.3298933686673404 -0.028536827442102727 0.016260934508723682 0.67034533564814824 27497.000000000004 3826.5000000000005 15222.500000000002 10.178710220534201 -8.1203594512107227 41393.500000000007 2.359766567492684 1446.5000000000002 12544.500000000002 12590.500000000002 -134468.66513963725 4271.5000000000009 -27.291920022433043 6.5453951678240765 -92187.69716151015 -0.39599719111998061 9501.5000000000018 5975.0000000000009 9389.0000000000018
decision_type=2 2 2 2 1 2 2 2 2 2 2 2 2 2 2 2 2 2 2 2 2 2 2 2 2 2 2 2 2 2
left_child=1 4 26 -4 -1 7 8 -3 -5 24 -6 12 18 14 -14 -16 -7 -18 -12 21 -21 -20 -23 -24 -10 -25 -2 -17 -27 -30
right_child=2 5 3 6 10 16 -8 -9 9 -11 11 -13 13 -15 15 27 17 -19 19 20 -22 22 23 25 -26 28 -28 -29 29 -31
leaf_value=0.030058219825464572 0.0076056915303347392 0.034633556454026798 -0.0205227737936318 0.0042855080780981212 0.030717027704815499 0.02235401718269095 -0.016477450971478895 -0.0030446099847101994 -0.013969440793702121 0.00054194415836749819 -0.037536851638743811 -0.0067007418216633785 -0.0024956317798055004 -0.020337762001061972 0.024275775345017916 0.028689210362121 0.0030171022353641091 -0.076959406205927741 0.037966607384152758 -0.093977485063875654 -0.00091514339331353874 0.037327013943315702 -0.089821514486051843 0.025452377514839464 0.00043047898686639056 0.018171039978210256 -0.020639590982183455 -0.013584807363264518 -0.040431128389656068 0.028363121422475698
leaf_weight=854.15117295831442 349.72369492053986 4816.4078461974859 2602.1282866224647 3659.0876888632774 566.97171164304018 1676.9786108657718 2973.3628105148673 267.24640503525734 5887.7314259335399 4547.3569234833121 174.38842462003231 1529.3220128789544 758.50161276757717 235.58545980602503 3057.6910081878304 215.65584832429886 410.61439675092697 51.010981306433678 418.93688141554594 38.550961405038834 3167.7810064032674 263.3847493827343 46.186945125460625 318.78790508210659 1664.413652010262 168.34560680389404 7207.5235266834497 430.96155288815498 266.32453426718712 68.079438954591751
leaf_count=6289 431 48410 1574 4214 2809 10400 2425 433 4547 4800 258 3278 1689 218 15532 624 2003 46 2164 42 7887 1029 21 988 1732 484 5062 705 348 154
internal_value=1.00186e-05 0.0157748 -0.010795 -0.00777079 0.00886951 0.0278024 -0.00599936 0.0326528 -0.00402234 -0.00653477 0.007326 0.00613749 0.00817648 0.0144466 0.0162829 0.020128 0.0162724 -0.00582054 0.0022018 0.00365879 -0.00203407 0.0154347 0.00708937 -0.00208881 -0.0107958 0.00284353 -0.0193325 0.000514162 -0.0114925 -0.0264257
internal_weight=48693.2 19801.9 28891.3 21334.1 12579.6 7222.26 18732 5083.65 15758.6 12099.5 11725.5 11158.5 9629.16 4698.4 4462.81 3704.31 2138.6 461.625 4930.77 4756.38 3206.33 1550.05 1131.11 867.724 7552.15 821.537 7557.25 646.617 502.75 334.404
internal_count=130596 105811 24785 19292 44519 61292 17718 48843 15293 11079 38230 35421 32143 18768 18550 16861 12449 2049 13375 13117 7929 5188 3024 1995 6279 1974 5493 1329 986 502
cat_boundaries=0 1
cat_threshold=1
is_linear=0
shrinkage=0.05


Tree=109
num_leaves=31
num_cat=1
split_feature=3 3 4 6 6 2 7 7 2 8 7 2 0 2 2 4 1 2 2 2 2 2 2 4 2 2 7 5 6 0
split_gain=995.977 1230.06 196.543 171.187 137.915 123.165 145.7 126.704 120.009 112.396 111.166 172.194 105.426 118.517 267.658 133.661 210.154 110.202 104.1 514.771 320.553 209.746 254.256 144.069 188.738 119.628 172.624 113.023 102.4 96.9886
threshold=-12.237997037122414 -5.9170352432702478 65.053736679763801 -7.9525304690071295 -7.4205594631068896 14974.500000000002 29192.500000000004 29192.500000000004 14892.500000000002 0.048041036313622339 1498.5000000000002 9472.0000000000018 5.7658256597222231 14700.500000000002 14608.500000000002 33.299863860054323 9365.5000000000018 14409.500000000002 14184.000000000002 12544.500000000002 12590.500000000002 13293.500000000002 13338.000000000002 37.818943450741394 13752.500000000002 13862.500000000002 1498.5000000000002 0 -6.0173444108148955 5.2408985648148159
decision_type=2 2 2 2 2 2 2 2 2 2 2 2 2 2 2 2 2 2 2 2 2 2 2 2 2 2 2 1 2 2
left_child=2 3 18 10 -5 6 8 -7 12 -3 11 -2 13 14 15 16 17 28 19 -1 -21 -22 -23 27 -25 -26 -27 -24 -6 -4
right_child=1 9 29 4 5 7 -8 -9 -10 -11 -12 -13 -14 -15 -16 -17 -18 -19 -20 20 21 22 23 24 25 26 -28 -29 -30 -31
leaf_value=-0.017653341456012005 0.04618442284675861 -0.016698316423937622 -0.031684196667502655 0.018225137420120194 0.0094212134492253508 0.033359246454002671 0.018376652345675783 -0.027222876011371203 -0.011939004054987844 -0.0026940127767165652 -0.0030792715144996466 0.0022444353303625406 2.5885175478672996e-06 0.025750739377459472 -0.038033665869637662 0.0021167254970209807 0.031080072491641575 0.038399893121100724 -0.022473114818858001 0.19303145899214375 -0.019306602175845369 0.14852197457365285 0.062406160860527353 -0.035798251248855377 0.16545220777100131 0.20541856061030794 -0.018129188060863916 -0.010464246149867237 -0.015597115784624327 -0.0047091033144028406
leaf_weight=1848.5186258293688 311.6330593675375 6236.6737448237836 2324.0275875404477 4502.5754882469773 3602.2944353967905 788.99550940096378 2706.3014427945018 96.906144820153713 896.90578400343657 1860.0394989810884 4341.4457444995642 783.64921401441097 4057.5204045772552 1010.5926498621702 308.91643238812685 3909.4537384957075 1383.5760851725936 291.64287555217743 1150.2088894248009 30.339323118329048 177.11613804847002 52.424923866987228 74.444483831524849 28.233618300408125 48.653398409485817 12.378923848271368 28.558994766324759 186.55955816805363 461.38420829921961 388.99798545241356
leaf_count=17102 485 5658 49620 4021 2497 530 1825 40 488 1977 17988 1739 3220 634 242 3236 957 174 9011 126 1691 86 385 317 110 47 325 1140 410 4515
internal_value=0.000681813 0.00377889 -0.0176313 0.0085236 0.0103372 0.00851722 0.00765099 0.0267323 0.00582795 -0.0134811 0.00051188 0.0147464 0.00688851 0.00943593 0.00778009 0.00924693 0.0141042 0.00871136 -0.0100346 -0.0042825 0.0344147 0.0265045 0.0453191 0.0310372 0.0769294 0.112454 0.0494678 0.0103201 0.00658067 -0.0278165
internal_weight=43901 37550.5 6350.46 29453.8 24017.1 19514.5 18628.6 885.902 15922.3 8096.71 5436.73 1095.28 15025.4 10967.9 9957.27 9648.35 5738.9 4355.32 3637.44 2487.23 638.709 608.37 431.254 378.829 117.825 89.5913 40.9379 261.004 4063.68 2713.03
internal_count=130596 46121 84475 38486 18274 14253 13683 570 11858 7635 20212 2224 11370 8150 7516 7274 4038 3081 30340 21329 4227 4101 2410 2324 799 482 372 1525 2907 54135
cat_boundaries=0 1
cat_threshold=8
is_linear=0
shrinkage=0.05


Tree=110
num_leaves=31
num_cat=2
split_feature=3 4 11 0 5 6 2 2 2 2 0 2 8 0 7 3 6 11 5 6 3 2 7 7 6 8 8 6 1 6
split_gain=3718.76 604.678 202.2 244.215 225.215 190.038 159.739 152.795 546.252 163.149 150.918 161.112 149.651 149.52 143.297 149.463 140.249 141.211 139.386 137.854 138.05 135.219 378.329 202.488 135.329 187.921 273.068 151.982 244.966 147.518
threshold=-6.225957734494636 50.667246900856171 -74832.118257130627 3.2985504340277783 0 -5.9798460178367243 15187.500000000002 3487.5000000000005 3568.0000000000005 4543.5000000000009 0.9777775520833335 977.50000000000011 -0.071909147670538673 6.2837535590277787 716.50000000000011 -6.8182993190962202 -7.4556218604674394 -2610.7416201179153 1 -18.7658626767609 -6.4666728876018658 4763.5000000000009 2901.5000000000005 1643.5000000000002 -5.6372348836578245 -1.0000000180025095e-35 1.0000000180025095e-35 -7.3864224311105522 34451.500000000007 -8.0819696917211115
decision_type=2 2 2 2 1 2 2 2 2 2 2 2 2 2 2 2 2 2 1 2 2 2 2 2 2 2 2 2 2 2
left_child=1 7 13 4 16 -2 10 14 -9 -10 -7 -12 -13 -3 15 -1 17 -4 -11 -15 -21 22 23 -20 25 -23 27 29 -29 -27
right_child=5 2 3 -5 -6 6 -8 8 9 18 11 12 -14 19 -16 -17 -18 -19 21 20 -22 24 -24 -25 -26 26 -28 28 -30 -31
leaf_value=-0.038608414289904996 0.0046705215567768681 -0.03424721581604058 -0.025789655187489914 -0.033644911340821267 -0.035828045755380407 0.032398344949066134 -0.041882741079329294 0.096589015445374418 -0.032422787951706861 -0.035810006498158228 -0.043197995062668686 0.0033488381090274752 0.01719118064704445 0.038482106744266678 -0.028274827513351194 0.040653071264318427 0.034262857834192625 0.14131991752788259 -0.037564064279976397 -0.0299859545704831 0.057124710812025858 -0.016151338281277836 -0.037551309973676589 0.13362167684433809 0.026526194776739995 0.004402050467401524 -0.011797818279084988 0.013949359297030445 0.0856582763623574 -0.03815742235130249
leaf_weight=93.355547748506069 4861.5767195746303 5054.3190131336451 193.22951480001211 715.55095008388162 247.97078022733331 1328.9874033033848 119.23306334018707 124.71706287562847 678.61480379849672 413.07624370232224 118.51429810374975 2260.1914291083813 14344.790082991123 127.14239318668842 1624.3265899196267 163.89327761530876 489.06696992367506 13.526633039116858 21.663622096180916 409.98592055588961 51.156539663672447 4269.4899138063192 96.672971867024899 85.260887622833252 294.14514425396919 1999.6458258479834 3977.1757359430194 973.22780006378889 135.70298886299133 226.68896110355854
leaf_count=244 2439 64318 784 3366 1961 229 121 204 2905 4697 147 1424 5632 650 6560 40 252 2 71 2623 46 12919 310 57 379 7715 9231 824 51 395
internal_value=-0.000668384 -0.0151356 -0.0269584 -0.0116153 0.00508669 0.0134511 0.0158002 -0.00944768 -0.00756047 -0.00854664 0.0161812 0.0148924 0.015307 -0.0314704 -0.0227836 0.0118891 0.0196675 -0.0148568 -0.00724967 -0.00761333 -0.0203224 -0.00627302 0.0341298 0.0989383 -0.00696566 -0.00781625 -0.00294968 0.00760139 0.0227246 6.8577e-05
internal_weight=45512.9 22479.6 7301.95 1659.34 943.794 23033.3 18171.7 15177.7 13296.1 13171.4 18052.5 16723.5 16605 5642.6 1881.58 257.249 695.823 206.756 12492.8 588.285 461.142 12079.7 203.597 106.925 11876.1 11581.9 7312.44 3335.27 1108.93 2226.33
internal_count=130596 120604 74002 6365 2999 9992 7553 46602 39758 39554 7432 7203 7056 67637 6844 284 1038 786 36649 3319 2669 31952 438 128 31514 31135 18216 8985 875 8110
cat_boundaries=0 1 2
cat_threshold=8 1
is_linear=0
shrinkage=0.05


Tree=111
num_leaves=31
num_cat=3
split_feature=3 4 3 5 0 0 5 4 7 2 2 1 4 4 6 2 6 2 3 1 4 2 3 5 8 11 8 1 2 2
split_gain=2995.4 579.423 276.769 172.24 154.743 154.172 142.953 133.625 136.835 122.447 135.233 117.185 114.914 106.858 105.136 112.967 104.892 98.6853 305.709 138.749 154.298 120.199 150.342 104.595 138.601 93.8602 93.3548 107.936 91.4991 241.357
threshold=-8.9815075964536124 66.037702375559618 -6.1923635144265097 0 1.912803836805556 4.3545591261574081 1 22.923179279297461 39036.500000000007 14738.500000000002 14621.500000000002 36647.000000000007 3.5327068242902757 16.96411985522268 -7.8733816547780924 6381.5000000000009 -8.2019366372667175 14847.500000000002 -3.6665527722616669 9365.5000000000018 53.32582869498497 15132.500000000002 -5.1341560699788262 2 0.12765350064427319 -456629.99999999994 -0.064667703759967651 464.50000000000006 14184.000000000002 13826.500000000002
decision_type=2 2 2 1 2 2 1 2 2 2 2 2 2 2 2 2 2 2 2 2 2 2 2 1 2 2 2 2 2 2
left_child=1 6 3 13 -4 -3 -1 -8 25 10 11 12 -5 -2 15 -15 -14 18 19 20 23 -19 -23 24 -6 -9 27 -25 29 -27
right_child=2 5 4 9 17 -7 7 8 -10 -11 -12 -13 16 14 -16 -17 -18 21 -20 -21 -22 22 -24 26 -26 28 -28 -29 -30 -31
leaf_value=0.030901123102095279 -0.01747150491758457 0.034483648604760372 -0.026878198242930092 -0.01884661756653477 0.021240480537696643 0.01676314261863426 0.0033070222770125897 -0.027044001876043767 -0.017723064372612427 -0.013617481795584497 0.0551314541830649 -0.016589494880529701 0.02227241623563465 -0.016258095231592329 -0.0089768580115229119 0.020254146583465873 0.0032994750925762458 -0.025765887701856297 0.091869314363554513 -0.01824699094604176 0.030248685997640742 0.0010638729484294016 0.15003997209190412 0.1192264146957506 0.20645875572127054 0.019963770078147154 -0.010778151645683711 0.0050983740562966368 0.032963790181478977 -0.031446693676710512
leaf_weight=763.24106835573912 2925.7785673812032 4471.5016078948975 1999.5363164618611 507.15425174683332 65.568892851471901 1691.8173737600446 5377.6601690649986 110.77118664979935 285.79007731378078 1349.834249638021 121.17501385509968 769.47916139662266 845.25292985141277 305.40264721959829 4240.3256365284324 691.50789940357208 5272.8113028109074 1778.8939360752702 73.08332933485508 3902.5905822068453 275.44030446559191 109.03020302206278 20.049158364534378 21.370689019560814 11.939658254384993 2211.2019746080041 5694.7761512696743 677.05190292000771 943.64130283147097 254.57916935533285
leaf_count=6070 2823 48265 873 483 92 11453 14082 81 545 1498 303 830 2364 417 4624 1739 6835 755 208 2202 441 117 78 72 59 12404 4088 712 5279 804
internal_value=2.14109e-05 0.0175731 -0.00891033 -0.00457714 -0.0139542 0.0296194 0.0101089 0.00838093 0.0155501 0.000248049 0.00273827 0.00187971 0.0040248 -0.00981769 -0.00554189 0.00906865 0.00592072 -0.0119081 -0.0100437 -0.0107431 -0.00640215 -0.0223853 0.0242035 -0.00796228 0.0497721 0.0182514 -0.00866223 0.00859052 0.0197231 0.0146559
internal_weight=47768.3 16110.2 31658.1 17028.7 14629.3 6163.32 9946.88 9183.64 3805.98 8865.71 7515.87 7394.7 6625.22 8163.01 5237.24 996.911 6118.06 12629.8 10721.8 10648.7 6746.15 1907.97 129.079 6470.71 77.5086 3520.19 6393.2 698.423 3409.42 2465.78
internal_count=130596 98983 31613 21916 9697 59718 39265 33195 19113 12313 10815 10512 9682 9603 6780 2156 9199 8824 7874 7666 5464 950 195 5023 151 18568 4872 784 18487 13208
cat_boundaries=0 1 2 3
cat_threshold=8 1 1
is_linear=0
shrinkage=0.05


Tree=112
num_leaves=31
num_cat=2
split_feature=3 3 0 6 6 7 2 7 7 7 2 6 2 2 5 2 2 2 2 2 2 7 4 2 2 3 4 2 2 5
split_gain=902.109 1091.18 208.121 170.13 127.898 125.383 118.227 136.185 118.504 110.905 136.432 109.992 151.995 172.369 226.788 133.664 295.551 105.567 98.5906 98.3238 204.571 135.507 124.855 106.541 204.862 97.8867 113.669 95.222 593.631 118.738
threshold=-12.702130232536012 -5.9170352432702478 3.7402859027777784 -7.9525304690071295 -7.4205594631068896 3447.5000000000005 14974.500000000002 29192.500000000004 29192.500000000004 1498.5000000000002 9472.0000000000018 -5.545536273944113 3730.0000000000005 3644.5000000000005 0 14856.500000000002 14884.500000000002 14892.500000000002 722.50000000000011 14722.500000000002 14600.500000000002 13470.500000000002 48.13050742481942 14409.500000000002 14379.500000000002 -14.7410037632214 10.178710220534201 13862.500000000002 13752.500000000002 1
decision_type=2 2 2 2 2 2 2 2 2 2 2 2 2 2 1 2 2 2 2 2 2 2 2 2 2 2 2 2 2 1
left_child=2 3 5 9 -5 -1 7 17 -8 10 -2 15 13 14 -13 -3 -17 19 -16 20 23 -21 -23 24 -6 26 -4 28 -28 -30
right_child=1 11 25 4 6 -7 8 -9 -10 -11 -12 12 -14 -15 18 16 -18 -19 -20 21 -22 22 -24 -25 -26 -27 27 -29 29 -31
leaf_value=-0.010428990692791172 0.041523339437263398 -0.010479181817161697 0.03436273187180993 0.01748470711634683 0.0058352260710973006 -0.031772935230846865 0.032560131649994259 0.017675135379925391 -0.026256408756279423 -0.0033730118970931987 0.0032146310907551312 0.057935764226923314 -0.021067883795724295 0.097370226266389193 0.023600070753426013 0.11560147809348253 0.0030774680090097451 -0.011207525061107334 -0.03590284742685642 0.02620675175149402 -0.028665237375054969 -0.047271439527217192 0.026299216212493828 0.026666955649905656 -0.069138166915425112 -0.02474783354089698 -0.0045016887848178533 -0.018936939388122714 0.19310920530175324 -0.035285366951816444
leaf_weight=965.05102641880512 324.15646021813154 2673.7784120589495 199.92076720297337 4437.3102392740548 12403.441415328532 2397.2733032777905 775.61438410356641 2667.7381347157061 96.26927899569273 4492.2159584090114 821.194141138345 120.36282791942358 4148.777031429112 48.196822255849838 92.796610563993454 66.20104692876339 492.40394334495068 895.90944743901491 278.66077514365315 1151.4310993477702 432.58993620425463 133.36303055286407 101.60232022404671 611.04805761575699 91.788568243384361 579.88713293895125 962.24580297619104 749.47878728061914 47.58396951854229 6.4636051431298247
leaf_count=9384 539 2161 1040 4045 9531 48927 531 1833 40 19515 1864 138 4558 29 51 45 262 491 391 778 419 23 89 523 43 6330 9709 7070 144 93
internal_value=0.000673903 0.00354511 -0.0174813 0.00797805 0.00982816 -0.0256468 0.00807335 0.00722487 0.0260659 0.000168086 0.0140567 -0.012928 -0.01782 0.00713225 -0.00171078 -0.00583183 0.0164128 0.00546277 -0.021038 0.00646343 0.00516478 0.0191454 -0.0154585 0.00628139 0.00528448 -0.00669586 -0.00137046 -0.00541618 0.00455489 0.165795
internal_weight=43264.8 37356.8 5907.9 29435.7 23798.1 3362.32 19360.8 18488.9 871.884 5637.57 1145.35 7921.18 4688.79 540.017 491.82 3232.38 558.605 15821.2 371.457 14925.3 13538.9 1386.4 234.965 13106.3 12495.2 2545.58 1965.69 1765.77 1016.29 54.0476
internal_count=130596 47899 82697 40264 18346 58311 14301 13730 571 21918 2403 7635 5167 609 580 2468 307 11897 442 11406 10516 890 112 10097 9574 24386 18056 17016 9946 237
cat_boundaries=0 1 2
cat_threshold=8 4
is_linear=0
shrinkage=0.05


Tree=113
num_leaves=31
num_cat=2
split_feature=3 4 11 0 5 6 0 1 2 4 0 2 2 6 4 4 6 3 5 2 2 2 4 2 4 3 7 7 2 6
split_gain=3380.81 586.002 200.435 237.374 213.528 175.073 153.882 155.76 251.386 230.615 149.305 148.891 314.61 136.529 132.141 129.567 127.554 129.053 127.088 277.298 277.832 230.71 435.289 281.961 272.863 235.241 238.493 165.895 161.215 232.245
threshold=-6.225957734494636 50.667246900856171 -74832.118257130627 3.2985504340277783 0 -5.9361040023224918 1.0784425868055558 9116.0000000000018 15132.500000000002 3.0725797804206416 6.2837535590277787 6305.5000000000009 6381.5000000000009 -6.7476325534634922 19.089581755681422 57.963386657819761 -18.7658626767609 -6.4666728876018658 1 11981.500000000002 11863.500000000002 14163.500000000002 7.9051493632947709 14184.000000000002 0.0004979401466143501 -6.3304506924356714 41348.000000000007 7665.5000000000009 6897.5000000000009 -7.3864224311105522
decision_type=2 2 2 2 1 2 2 2 2 2 2 2 2 2 2 2 2 2 1 2 2 2 2 2 2 2 2 2 2 2
left_child=1 11 10 4 -4 14 -7 8 9 -8 -3 13 -13 -1 -2 -11 -12 -18 21 20 28 24 -23 -24 -14 26 -26 -27 -20 -30
right_child=5 2 3 -5 -6 6 7 -9 -10 15 16 12 18 -15 -16 -17 17 -19 19 -21 -22 22 23 -25 25 27 -28 -29 29 -31
leaf_value=-0.02364450385999857 0.011457184779624001 -0.034112442477382272 0.019178947518274883 -0.033419597516220159 -0.035736935518114896 0.031477439878976936 0.02344514910915944 0.021481566177218973 -0.086194403691447763 0.008144417730026254 0.036419029033851573 0.045274204651425454 0.037537750807787901 -0.0017353010653998911 -0.0043469315529760071 -0.026555067537384694 -0.02966268356671355 0.053486743060701759 0.034244682976162219 -0.024401970022818187 0.053205645210430079 -0.037914034616314977 0.076335349764324309 0.010815292883220105 -0.024756899626464601 -0.011533063969935543 0.021190945642181696 0.0635279364252858 -0.036839024498628879 0.003740429404022905
leaf_weight=2684.4533325210214 3294.3074180483818 4805.7723761424422 697.28681313619018 690.51424005627632 237.23343039304018 1363.2628980576992 2872.0427326411009 4803.0055293217301 66.549441158771515 7783.6506027653813 129.83833124488592 288.92975656688213 260.599494561553 967.29129494726658 2209.8700680136681 278.6543125808239 395.67172357812524 52.904204517602921 213.80087669938803 2659.3473995029926 221.57032909244299 451.08046845346689 176.75932487845421 2311.4907929748297 2650.7791782394052 143.46516437828541 316.08980810642242 151.18213504552841 580.87808851525187 897.18235556408763
leaf_count=12340 1277 64318 1038 3366 1961 259 908 1699 104 4048 650 169 237 1218 1398 299 2623 46 348 9799 131 1189 52 5380 10460 147 421 52 3819 840
internal_value=-0.000675819 -0.0146468 -0.0265788 -0.0111884 0.00523823 0.0128717 0.0153596 0.0139693 0.0106894 0.0112791 -0.0312239 -0.00906189 -0.00623057 -0.0178411 0.005112 0.00694511 -0.00722393 -0.0198562 -0.00757922 -0.0139578 0.000557742 -0.00306505 0.00727722 0.0154697 -0.011696 -0.0156299 -0.0198616 0.0269804 -0.00633716 -0.0122073
internal_weight=44655.5 21984.1 7009.22 1625.03 934.52 22671.3 17167.2 15803.9 11000.9 10934.3 5384.19 14974.9 11323.2 3651.74 5504.18 8062.3 578.414 448.576 11034.2 4572.78 1913.43 6461.45 2939.33 2488.25 3522.12 3261.52 2966.87 294.647 1691.86 1478.06
internal_count=130596 120604 74002 6365 2999 9992 7317 7058 5359 5255 67637 46602 33044 13558 2675 4347 3319 2669 32875 14937 5138 17938 6621 5432 11317 11080 10881 199 5007 4659
cat_boundaries=0 1 2
cat_threshold=8 4
is_linear=0
shrinkage=0.05


Tree=114
num_leaves=31
num_cat=2
split_feature=3 4 3 5 0 0 5 1 4 2 1 2 2 1 4 1 7 4 11 6 7 6 2 3 1 4 2 3 8 1
split_gain=2696.73 561.131 256.81 161.238 156.637 151.359 137.495 128.962 157.515 117.101 205.598 114.097 121.825 109.385 107.978 105.745 104.104 102.788 99.5449 99.0822 128.195 103.475 96.61 278.824 130.639 137.462 112.164 120.78 97.8841 119.437
threshold=-8.9815075964536124 66.037702375559618 -6.1923635144265097 0 4.3545591261574081 1.912803836805556 1 26696.500000000004 25.0435371529937 13937.500000000002 2044.5000000000002 14738.500000000002 14621.500000000002 36647.000000000007 3.5327068242902757 358.50000000000006 14166.500000000002 16.96411985522268 -456629.99999999994 -24.230439207817714 1498.5000000000002 -28.976749296241554 14847.500000000002 -3.6665527722616669 9365.5000000000018 53.32582869498497 15132.500000000002 -5.1341560699788262 -0.064667703759967651 670.50000000000011
decision_type=2 2 2 1 2 2 1 2 2 2 2 2 2 2 2 2 2 2 2 2 2 2 2 2 2 2 2 2 2 2
left_child=1 6 3 17 -3 -4 -1 8 9 16 15 12 13 14 -5 -11 19 -2 -10 20 -8 -22 23 24 25 28 -24 -28 29 -7
right_child=2 4 5 11 -6 22 7 -9 18 10 -12 -13 -14 -15 -16 -17 -18 -19 -20 -21 21 -23 26 -25 -26 -27 27 -29 -30 -31
leaf_value=0.030480744832534587 -0.016966098401150011 0.034267745331845199 -0.026430548337286766 -0.018351363680506043 0.016092449633940045 0.083407818592983074 0.038224336638461177 -0.0066620758784927559 -0.028694252252886205 0.0228375364690333 0.022464161777448529 -0.013075748352212681 0.052109463080250953 -0.01603150379525678 0.0058551245458508573 -0.017696953822951906 -0.0090007601179408463 -0.0051865516487125361 0.021593632357863369 0.021803893047492907 0.0045673908758444596 -0.0476677434988379 -0.025260402833592585 0.086179925381235464 -0.017596014312417706 0.028098038191920128 0.0010799015735433045 0.12920299175184283 -0.0097170171469489162 0.0041939012544946657
leaf_weight=731.38853101432323 2882.7448205128312 4227.4219352975488 1925.8664214089513 498.31193000078201 1647.3615609332919 51.187842637300491 139.57888467609882 1295.2821210548282 102.08916229009628 181.84188310801983 550.21635124087334 1335.8342014253139 123.13870257884264 757.622947268188 6102.852526538074 1396.9951679557562 499.71363317966461 5179.0413661971688 2729.4771272838116 1781.8543974161148 222.86552265286446 165.00345051288605 1727.1368409022689 75.576851613819599 3804.9037320166826 283.26536201685667 108.85729328542948 22.134219765663147 5657.3146648183465 676.19603529572487
leaf_count=6070 2823 48265 873 483 11453 136 649 3081 68 444 1914 1498 303 830 9199 2120 1349 6780 16134 6305 832 299 755 208 2202 441 117 78 4188 699
internal_value=2.99423e-05 0.0169535 -0.00846714 -0.00428792 0.0291712 -0.0133891 0.00962667 0.00794409 0.0103791 0.00498815 -0.00385598 0.000384688 0.00278793 0.00196261 0.00402781 -0.0130284 0.0116914 -0.0093987 0.0197806 0.0161691 -0.00286686 -0.017654 -0.0113647 -0.00951283 -0.0102034 -0.00598498 -0.0218773 0.0227294 -0.00749712 0.00976838
internal_weight=46883.1 15671.1 31212 16879.5 5874.78 14332.4 9796.31 9064.92 7769.64 4938.07 2129.05 8817.76 7481.93 7358.79 6601.16 1578.84 2809.02 8061.79 2831.57 2309.3 527.448 387.869 12406.6 10548.4 10472.9 6667.96 1858.13 130.992 6384.7 727.384
internal_count=130596 98983 31613 21916 59718 9697 39265 33195 30114 13912 4478 12313 10815 10512 9682 2564 9434 9603 16202 8085 1780 1131 8824 7874 7666 5464 950 195 5023 835
cat_boundaries=0 1 2
cat_threshold=8 1
is_linear=0
shrinkage=0.05


Tree=115
num_leaves=31
num_cat=3
split_feature=3 3 0 6 1 0 7 6 2 2 5 1 4 5 11 4 5 2 11 11 0 3 6 0 2 2 2 11 8 1
split_gain=816.12 980.526 202.753 148.878 127.377 133.551 125.084 106.75 146.406 156.075 210.6 126.368 157.003 126.933 221.551 165.906 116.192 157.721 293.003 223.104 169.704 149.971 137.283 122.461 96.8946 117.984 101.233 124.974 96.7976 96.0911
threshold=-12.702130232536012 -5.9170352432702478 3.7402859027777784 -8.2019366372667175 43048.500000000007 0.95019500578703731 3447.5000000000005 -5.545536273944113 3730.0000000000005 3644.5000000000005 0 1836.5000000000002 5.6185747973908766 1 -76861.323622143114 14.891940818146713 2 10703.000000000002 -36861.219846739201 -46853.069509015375 2.8589481944444448 -5.7724989540696763 -5.5894758356106422 4.3834742592592608 14974.500000000002 14965.500000000002 4108.5000000000009 -29925.688046343774 -0.95732585249742053 1158.5000000000002
decision_type=2 2 2 2 2 2 2 2 2 2 1 2 2 1 2 2 1 2 2 2 2 2 2 2 2 2 2 2 2 2
left_child=2 3 6 -2 5 -5 29 11 9 10 -9 12 -3 14 15 -14 17 18 19 20 -13 -21 23 -23 25 26 -7 -28 -10 -1
right_child=1 7 -4 4 -6 24 -8 8 28 -11 -12 16 13 -15 -16 -17 -18 -19 -20 21 -22 22 -24 -25 -26 -27 27 -29 -30 -31
leaf_value=-0.028946331982509101 -0.00078377027774968538 -0.0060126295795774757 -0.0062113634216925881 0.024352941348882915 0.02554086595332938 0.01488082984118138 -0.031548333011868872 0.055371070085646505 0.07413007140610188 0.091684633593675097 -0.020634720468878379 0.15151074963910682 0.18763985994465041 0.010412624005301015 -0.025071886154770934 0.060927242992198483 -0.025166033108024496 -0.019107557209371243 -0.01083351954760808 0.24961105652423685 -0.0036086469318209677 0.13871642702087333 0.18490756002860601 -0.036145919165458611 0.023330541016130052 -0.058906522486599056 0.0059717365529192218 -0.030101052336493291 -0.021206913868048058 0.00340233849174933
leaf_weight=390.37436131387949 4479.7616400234401 649.6920874491334 2504.154583889991 1233.7470495551825 1127.4755380898714 3409.35436944291 2271.3535283543169 122.11441214382648 26.802928268909454 49.731248274445534 359.29805865883827 21.111444748938084 40.275582075119019 227.37185799330473 44.86772034317255 72.034370914101601 965.76612019538879 623.42408782988787 348.04130873829126 19.149563252925873 106.97872055321932 16.924650251865387 24.32381459325552 24.516290627419949 921.50177193805575 68.159509528428316 17722.88789889589 243.40116609632969 3999.9832670092583 557.29735171422362
leaf_count=3142 20207 437 24386 759 777 2753 48927 138 66 29 442 23 37 210 31 34 670 574 251 37 83 19 24 38 659 83 14830 196 4492 6242
internal_value=0.000687977 0.00340939 -0.0168814 0.00760312 0.00912259 0.00833819 -0.0251819 -0.0124104 -0.0173178 0.00735617 -0.0013552 -0.00538643 0.0089751 0.0342967 0.0688472 0.106368 -0.0122942 -0.00179903 0.0174339 0.0636218 0.0219577 0.126471 0.0906142 0.0352686 0.00745476 0.00677253 0.00698196 0.00548303 -0.0205723 -0.00992305
internal_weight=42671.9 36948.7 5723.18 29206.3 24726.5 23599.1 3219.03 7742.41 4557.93 531.144 481.412 3184.48 1034.24 384.55 157.178 112.31 2150.24 1184.47 561.046 213.004 128.09 84.9143 65.7648 41.4409 22365.3 21443.8 21375.6 17966.3 4026.79 947.672
internal_count=130596 47899 82697 40264 20057 19280 58311 7635 5167 609 580 2468 749 312 102 71 1719 1049 475 224 106 118 81 57 18521 17862 17779 15026 4558 9384
cat_boundaries=0 1 2 3
cat_threshold=8 8 4
is_linear=0
shrinkage=0.05


Tree=116
num_leaves=31
num_cat=3
split_feature=3 4 11 0 5 0 2 4 1 4 3 0 2 2 2 7 4 8 5 7 2 2 7 5 2 2 6 4 11 3
split_gain=3065.24 563.188 199.636 231.236 202.474 164.543 151.91 150.352 169.13 171.734 162.705 149.625 143.996 494.706 155.997 137.22 142.061 136.404 131.074 128.19 148.415 126.89 332.881 172.527 126.12 280.282 170.064 125.816 150.404 155.512
threshold=-6.225957734494636 50.667246900856171 -74832.118257130627 3.2985504340277783 0 1.1804430729166668 977.50000000000011 3.0725797804206416 8862.5000000000018 57.963386657819761 -5.8184423202478817 6.2837535590277787 3487.5000000000005 3568.0000000000005 4543.5000000000009 716.50000000000011 3.5327068242902757 21.312851158822024 1 14528.500000000002 13937.500000000002 4763.5000000000009 2901.5000000000005 2 6305.5000000000009 6381.5000000000009 -5.6372348836578245 111.6016047876326 -217333.74610683587 -6.4666728876018658
decision_type=2 2 2 2 1 2 2 2 2 2 2 2 2 2 2 2 2 2 1 2 2 2 2 1 2 2 2 2 2 2
left_child=1 12 11 4 -4 -2 -7 -8 9 -9 19 -3 15 -14 -15 16 -1 -17 -16 20 -10 22 23 -20 26 -26 -23 28 -13 -30
right_child=5 2 3 -5 -6 6 7 8 10 -11 -12 27 13 14 18 17 -18 -19 21 -21 -22 24 -24 -25 25 -27 -28 -29 29 -31
leaf_value=0.039443351273735473 0.026382169824128183 -0.033975968607654373 0.018735468480373576 -0.033182971661942236 -0.035640011936656217 -0.034863278999335771 0.020428943192535402 0.0067744543695465124 0.023141907309624024 -0.024086622208130872 0.021345792702713917 0.067544522939919679 0.090260405308228264 -0.031858606658983706 -0.035639756976870114 -0.029056813430484087 -0.039877082479179128 0.1221217582823706 0.12111611449824476 -0.0075767752552869765 -0.049964600094222052 -0.030951095113444124 -0.037308476947048537 -0.037339721224355846 0.043362025594202387 -0.0062774831382626656 0.071549889428388178 -0.035913453459625024 -0.024399769847821051 0.083380585092844406
leaf_weight=164.96840606629848 1893.8355303257704 4567.1060178428888 700.32528327405453 665.77500644698739 226.59153316915035 179.15653368085623 3742.2169067710638 9705.2369461208582 891.64209525287151 472.74804385006428 4250.7865351289511 90.529103245586157 129.75953661650419 643.20117574557662 376.41236719489098 1526.3200034759939 85.808634515851736 15.067910015583037 90.978802636265755 1086.7464239299297 75.285160288214684 759.12668468058109 91.515618234872818 21.176921710371971 292.2696386128664 10518.209713831544 42.745278865098953 224.22385887056589 213.85508988425136 39.677061200141907
leaf_count=42 415 64318 1038 3366 1961 193 1229 5118 320 448 1532 296 204 2905 4697 6553 242 7 80 656 81 2952 310 48 162 28368 32 1652 1343 28
internal_value=-0.000702575 -0.0141799 -0.0261689 -0.0107034 0.00544299 0.0122839 0.0109754 0.0113814 0.00932725 0.00534102 0.0157627 -0.0309654 -0.00871399 -0.00687773 -0.00785973 -0.0219984 0.0123022 -0.027579 -0.00659369 0.00420645 0.0174498 -0.0056684 0.0334556 0.0911969 -0.0063546 -0.00493544 -0.0254871 -0.00677059 0.0122217 -0.00753245
internal_weight=43783.3 21485.6 6728.08 1592.69 926.917 22297.7 20403.8 20224.7 16482.4 10178 6304.46 5135.39 14757.6 12965.4 12835.6 1792.16 250.777 1541.39 12192.4 2053.67 966.927 11816 203.671 112.156 11612.4 10810.5 801.872 568.285 344.061 253.532
internal_count=130596 120604 74002 6365 2999 9992 9577 9384 8155 5566 2589 67637 46602 39758 39554 6844 284 6560 36649 1057 401 31952 438 128 31514 28530 2984 3319 1667 1371
cat_boundaries=0 1 2 3
cat_threshold=8 1 4
is_linear=0
shrinkage=0.05


Tree=117
num_leaves=31
num_cat=2
split_feature=6 4 0 4 0 8 5 8 8 4 7 2 6 0 7 1 1 2 2 3 11 2 2 5 0 1 4 2 11 1
split_gain=2442.9 621.275 284.356 210.444 190.987 175.439 156.177 151.115 121.311 116.137 150.912 120.004 105.159 104.85 96.0779 94.1441 128.032 96.8346 98.0674 95.9037 114.226 195.571 153.189 112.215 91.2455 87.408 105.609 164.244 80.4092 127.311
threshold=-8.1203594512107227 69.102270660704377 2.3970089699074086 3.0725797804206416 4.3834742592592608 -0.028536827442102727 0 1.076557662193619 0.037580956767278913 15.302744961548294 39036.500000000007 15025.500000000002 -17.706097053281443 6.5453951678240765 513.50000000000011 3921.5000000000005 1100.5000000000002 1199.5000000000002 722.50000000000011 -12.61394716023424 -297321.4231147914 14184.000000000002 13293.500000000002 1 2.3970089699074086 39096.500000000007 118.99881610974053 13752.500000000002 -108752.58127161059 1641.5000000000002
decision_type=2 2 2 2 2 2 1 2 2 2 2 2 2 2 2 2 2 2 2 2 2 2 2 1 2 2 2 2 2 2
left_child=1 6 -2 -4 -3 -5 -1 9 13 12 11 15 14 -7 -8 16 -11 18 -18 20 21 22 -19 24 -21 -6 27 -27 29 -14
right_child=2 4 3 5 25 8 7 -9 -10 10 -12 -13 28 -15 -16 -17 17 19 -20 23 -22 -23 -24 -25 -26 26 -28 -29 -30 -31
leaf_value=0.03005831128597998 -0.020041734300425156 0.033882342563544471 -0.019790191776487366 0.0022568873566909745 0.020863283704859129 -0.012887247129364754 0.037629286758187969 -0.007354813436492004 -0.00054753137054013815 0.037244728578870394 -0.017217897413308005 -0.011137536999228908 0.002800135614620182 -0.00048369150157682528 -0.017968286460737844 0.024099466826410836 0.039246411859084 0.027386172944919907 -0.16318127485104922 0.04183413675578708 0.034711267527471223 0.038199691257236171 -0.049460154748958679 0.036189777878967093 -0.036064782317404433 0.025389776261091842 0.010460244947220386 -0.08973484213643633 -0.0020926561168781665 0.032215685704903352
leaf_weight=750.10348479449749 4771.9172900095582 4141.7073653563857 2714.2553379684687 5978.5161449313164 1353.1206026226282 9066.5021180659533 85.951300010085106 1669.8921201527119 4153.7768627777696 325.40808084607124 363.21851435303688 370.6250329837203 899.34050878882408 2098.0503777191043 809.97368668019772 2787.6692785099149 9.1851076930761355 92.697495803236961 17.162628456950188 42.614606007933617 374.64872880280018 189.09622914344072 215.88834468275309 87.609855197370052 318.90851977467537 52.259435191750526 335.95112587511539 76.088147275149822 1302.6792313456535 622.39404036104679
leaf_count=6224 4322 47824 1749 8536 9244 7519 255 3116 4328 1714 669 853 2027 2203 1345 15421 50 601 10 199 2305 1242 393 409 593 281 1871 114 2900 2279
internal_value=3.0196e-05 0.0148826 -0.00889384 -0.00667834 0.0279528 -0.00500725 0.00801129 0.00644893 -0.00784233 0.00903452 0.013864 0.0162007 0.00229106 -0.0105564 -0.0126345 0.018472 0.0090964 0.00230042 -0.0926128 0.00419283 0.0138579 -0.00184018 -0.0263759 -0.0145793 -0.0268824 0.0144401 -0.00427908 -0.0428594 0.00702555 0.0148312
internal_weight=46077.2 17294.2 28783 24011.1 5959.13 21296.8 11335.1 10585 15318.3 8915.07 5194.73 4831.51 3720.34 11164.6 895.925 4460.89 1673.22 1347.81 26.3477 1321.46 872.331 497.682 308.586 449.133 361.523 1817.42 464.299 128.348 2824.41 1521.73
internal_count=130596 101939 28657 24335 59334 22586 42605 36381 14050 33265 24459 23790 8806 9722 1600 22937 7516 5802 60 5742 4541 2236 994 1201 792 11510 2266 395 7206 4306
cat_boundaries=0 1 2
cat_threshold=1 4
is_linear=0
shrinkage=0.05


Tree=118
num_leaves=31
num_cat=0
split_feature=3 3 0 6 7 6 2 1 7 8 7 2 6 6 4 2 2 2 0 3 1 2 2 1 3 11 2 11 1 6
split_gain=738.496 883.546 197.308 133.599 124.719 118.323 107.157 122.65 113.895 104.939 98.8507 127.301 97.9598 111.142 97.2942 108.918 141.033 97.004 95.0661 114.474 94.2569 134.946 249.48 112.261 133.099 90.479 87.7792 109.434 88.1524 81.9211
threshold=-12.702130232536012 -5.9170352432702478 3.7402859027777784 -7.9525304690071295 3447.5000000000005 -7.4205594631068896 14974.500000000002 41936.000000000007 29192.500000000004 0.048041036313622339 1498.5000000000002 9472.0000000000018 -8.8112121101197136 -15.378148932331955 10.178710220534201 4543.5000000000009 4271.5000000000009 14965.500000000002 1.0044864525462966 -6.0523948069364035 1158.5000000000002 12544.500000000002 14608.500000000002 1219.5000000000002 -28.575531531132107 -91161.328800859017 4108.5000000000009 -29925.688046343774 301.50000000000006 -7.2071532416832271
decision_type=2 2 2 2 2 2 2 2 2 2 2 2 2 2 2 2 2 2 2 2 2 2 2 2 2 2 2 2 2 2
left_child=2 3 4 10 20 -5 7 17 25 -3 11 -2 13 14 15 16 -4 18 19 -7 -1 -22 23 -23 -25 -8 -20 28 29 -28
right_child=1 9 12 5 -6 6 8 -9 -10 -11 -12 -13 -14 -15 -16 -17 -18 -19 26 -21 21 22 -24 24 -26 -27 27 -29 -30 -31
leaf_value=-0.028627876038851682 0.039824895080261033 -0.015186851768697577 0.01626968687700564 0.016363856261867215 -0.031325606933904147 0.028305881333821656 0.025930593081614065 0.024077303239220638 -0.026761115927091975 -0.0013072037084578009 -0.0030765196768095179 0.002889412722235783 0.035377427769680558 -0.023284134243755566 -0.0045916462831205075 0.014239987179137884 0.21306325269743398 -0.051273696777570557 0.013410319175313618 -0.02794995911527123 -0.028307508210985863 0.18222259729541546 -0.035113115239739472 2.2150414142401772e-05 0.080188468762406109 0.088939199726424528 -0.088514740254031318 -0.030331245938320286 0.0044590264852733012 -0.01256412429617613
leaf_weight=378.72879539057612 325.99394552409649 5793.430823136121 18.608137380331755 4337.7419920861721 2153.8901489898562 774.83048624545336 689.81235024705529 932.03101826831698 95.766400396823883 1780.2967882789671 4438.8255457766354 820.29365680739284 136.77034783363342 798.69098538160324 1371.6359017677605 124.25214854627848 17.825212933123112 75.023690335452557 2528.8223899081349 102.37837184220552 205.70032584294677 15.852635432034729 120.87828928977251 93.912753656506538 115.39868051931262 62.105066925287247 41.497180879116058 238.01671501994133 13309.282492529601 245.81677863001823
leaf_count=3142 539 5658 121 4045 48927 484 500 602 40 1977 19515 1864 927 9331 13277 717 13 66 1902 23 2601 37 1977 1124 503 31 19 193 10272 169
internal_value=0.000705558 0.00328374 -0.0162862 0.00725301 -0.0247173 0.00890931 0.00721592 0.00640863 0.0245941 -0.0119243 0.000303791 0.0133935 -0.00574861 -0.00816165 -0.000279361 0.036531 0.112552 0.00545759 0.00570446 0.0217403 -0.00942 0.00376472 0.0228296 0.0539359 0.0442199 0.0311348 0.00484482 0.00327913 0.0038675 -0.0235338
internal_weight=42144.1 36592 5552.14 29018.2 3084.36 23433.1 19095.4 18247.7 847.684 7573.73 5585.11 1146.29 2467.78 2331.01 1532.32 160.685 36.4334 17315.7 17240.6 877.209 930.471 551.743 346.042 225.164 209.311 751.917 16363.4 13834.6 13596.6 287.314
internal_count=130596 47899 82697 40264 58311 18346 14301 13730 571 7635 21918 2403 24386 23459 14128 851 134 13128 13062 507 9384 6242 3641 1664 1627 531 12555 10653 10460 188
is_linear=0
shrinkage=0.05


Tree=119
num_leaves=31
num_cat=0
split_feature=3 4 6 11 2 0 4 1 4 2 0 6 0 6 2 2 8 8 7 3 7 2 2 2 11 1 0 4 1 1
split_gain=2796.89 544.108 264.873 179.243 286.253 170.223 165.25 200.76 182.278 154.663 147.164 135.617 365.766 173.831 202.769 434.724 146.512 158.09 138.203 188.189 134.134 501.006 133.072 221.999 170.442 129.955 126.807 126.514 230.89 126.025
threshold=-6.4666728876018658 50.667246900856171 -6.0596080446663345 -74832.118257130627 10822.000000000002 2.2595479224537045 2.5892505814121369 9365.5000000000018 57.963386657819761 15132.500000000002 6.8842725057870382 -27.986532043239819 3.7402859027777784 -6.996754998668437 3487.5000000000005 3568.0000000000005 1.0000000180025095e-35 -1.0000000180025095e-35 3646.5000000000005 -6.8852223000276203 3154.5000000000005 14908.500000000002 12864.500000000002 12913.500000000002 -59868.371678258663 6068.5000000000009 2.8853423263888893 5.6185747973908766 21697.500000000004 464.50000000000006
decision_type=2 2 2 2 2 2 2 2 2 2 2 2 2 2 2 2 2 2 2 2 2 2 2 2 2 2 2 2 2 2
left_child=1 11 22 10 26 29 -7 8 9 -8 -3 12 -1 14 -13 -16 17 -15 19 20 -17 -22 24 -24 -2 -10 -5 28 -9 -4
right_child=2 3 5 4 -6 6 7 27 25 -11 -12 13 -14 16 15 18 -18 -19 -20 -21 21 -23 23 -25 -26 -27 -28 -29 -30 -31
leaf_value=-0.023184847287869501 -0.027861121388877197 -0.032987565709593089 -0.0035761064891085947 -0.0034279196469619438 0.056276676593402387 0.023451410764871578 0.00613919999388759 -0.14290954802310049 -0.089046438579506837 -0.072108517117309187 0.045992707649060688 -0.036605977213257028 0.024188424773908833 -0.0034780041458303129 0.084213451779761389 -0.011705775879341651 -0.020347819111011547 0.024005535132333847 -0.020243687472555946 0.053358083473745391 -0.021468183735851659 0.14171367260840215 0.092095310379190415 0.0062627321239746491 0.00064710630399651963 -0.012625238311390728 -0.035592682613929595 0.018091499160489091 0.048198991217138151 0.026662349586625833
leaf_weight=707.42196832597256 720.80472279340029 4629.9169614687562 386.78215351700783 627.25845193117857 140.20347988605499 2322.3432951569557 7717.6726051494479 33.59258197247982 82.7404959872365 63.672440528869629 59.740857031196356 981.60642452165484 960.89890148490667 2081.0340044274926 114.70749042928219 2574.6948857344687 844.47365385293961 698.98450782895088 3796.5334582142532 128.6043842881918 152.26246370375156 68.063019413501024 77.6898043602705 2483.4205897599459 1923.1487384289503 169.7775787115097 599.08215261995792 4655.4025782868266 29.847249329090118 3157.2496321946383
leaf_count=6088 742 66955 171 2514 33 747 4260 43 156 84 324 4630 2701 2922 143 9745 926 542 16598 96 759 58 18 1585 1500 161 3504 1789 16 786
internal_value=-0.000724046 -0.0149432 0.0107147 -0.0273381 -0.0114032 0.0135022 0.0111841 0.00895017 0.00414219 0.00549892 -0.0319814 -0.00921706 0.00410063 -0.011159 -0.0153559 -0.012304 -0.00210831 0.00343223 -0.0139514 -0.00578051 -0.0085016 0.028942 0.000743491 0.00886641 -0.00712492 -0.0376655 -0.0191408 0.0171358 -0.0529966 0.0233622
internal_weight=42989.6 19165.5 23824.1 6056.2 1366.54 18619.1 15075 12752.7 8033.86 7781.35 4689.66 13109.3 1668.32 11441 7816.47 6834.87 3624.49 2780.02 6720.16 2923.62 2795.02 220.325 5205.06 2561.11 2643.95 252.518 1226.34 4718.84 63.4398 3544.03
internal_count=130596 118538 12058 73330 6051 8213 7256 6509 4661 4344 67279 45208 8789 36419 32029 27399 4390 3464 27256 10658 10562 817 3845 1603 2242 317 6018 1848 59 957
is_linear=0
shrinkage=0.05


Tree=120
num_leaves=31
num_cat=2
split_feature=3 4 0 6 4 0 1 4 5 5 11 1 4 0 2 2 6 0 11 8 8 2 8 0 2 7 6 0 1 4
split_gain=2189.46 513.715 259.747 201.978 157.327 142.756 141.628 132.82 129.148 125.757 198.758 112.926 113.639 114.569 110.625 158.66 98.0089 170.334 112.363 97.7815 116.294 96.8537 94.3242 87.2205 84.7306 118.654 79.572 79.3298 74.9874 153.497
threshold=-7.8203046404058112 69.102270660704377 3.1610740277777785 -8.4756689210424234 3.0725797804206416 4.3834742592592608 28341.500000000004 314.52676185633021 0 1 -83686.868340502217 27497.000000000004 15.728093583246443 1.8060777256944449 1446.5000000000002 4645.5000000000009 -18.529736577936532 3.7402859027777784 -115800.22192473295 -0.028536827442102727 0.016260934508723682 14456.500000000002 -0.39599719111998061 6.5453951678240765 15222.500000000002 3838.5000000000005 -10.519131289744662 0.84687860532407433 50532.000000000007 118.99881610974053
decision_type=2 2 2 2 2 2 2 2 1 1 2 2 2 2 2 2 2 2 2 2 2 2 2 2 2 2 2 2 2 2
left_child=1 8 22 5 -4 -3 7 9 -1 10 -6 12 -10 -14 -15 -16 17 -13 -18 -11 23 -5 -2 -21 25 -17 -27 -24 -7 -30
right_child=2 3 4 21 6 28 -8 -9 11 19 -12 16 13 14 15 24 18 -19 -20 20 -22 -23 27 -25 -26 26 -28 -29 29 -31
leaf_value=0.027626902989619478 0.0087950848874564693 0.033973773937714294 -0.018371878834106164 -0.0045638061987498309 0.00027022763068168857 0.019268834690150227 -0.015114231926285289 0.091748885787048803 0.0021179617718785483 0.003990102035877555 0.12748815194052202 0.032389775651475619 0.028458157820410841 -0.030550452629065406 0.037535520824325208 -0.0018695947650100454 0.028239796752960025 -0.038694020678951724 -0.007964231042983605 -0.012532595257545501 0.0009016316809857145 0.038879661818598844 -0.031330733549140691 0.00081971589408145074 -0.021570700493516556 0.026067354648179011 0.0070982831745762115 -0.016403542366116089 -0.092237615024770958 0.02039505667907715
leaf_weight=738.36170785874128 323.70074960589409 3759.4718810990453 2353.8362710624933 736.61512095481157 86.907435283064842 1410.5333745926619 2716.0367537289858 37.128478959202766 4487.9334065020084 3452.8550562933087 47.473052680492401 105.88116328418255 967.78306592255831 166.06416068226099 499.77295211702585 1407.8318362683058 299.93817381560802 412.99329277873039 750.71996937692165 5488.9688534587622 4261.3031749203801 155.35138460993767 1065.5883287489414 1573.7083656713367 233.945685505867 1119.5093752741814 1092.2298715412617 5403.4100824967027 47.333870828151703 83.805679745972157
leaf_count=6325 408 47293 1568 2149 104 10361 2328 106 10150 3956 167 487 6031 518 2930 4913 1076 520 1410 4444 4536 685 687 1655 195 7371 3410 4233 62 518
internal_value=3.05734e-05 0.0132741 -0.00909586 0.0250156 -0.00622906 0.0287195 -0.00461099 -0.0027026 0.00735398 -0.00293778 0.0452129 0.00605738 0.00801896 0.0128454 0.00950204 0.0110299 -0.00640931 -0.0241887 0.00237117 -0.00337567 -0.0056216 0.00300262 -0.0175444 -0.00955743 0.00759233 0.00947724 0.0166998 -0.0188624 0.0159065 -0.0202589
internal_weight=45287 18476.1 26810.9 6193.11 20018.2 5301.14 17664.4 14948.3 12283 14911.2 134.38 11544.6 9975.07 5487.14 4519.35 4353.29 1569.53 518.874 1050.66 14776.8 11324 891.967 6792.7 7062.68 3853.52 3619.57 2211.74 6469 1541.67 131.14
internal_count=130596 106404 24192 61068 18864 58234 17296 14968 45336 14862 271 39011 35518 25368 19337 18819 3493 1007 2486 14591 10635 2834 5328 6099 15889 15694 10781 4920 10941 580
cat_boundaries=0 1 2
cat_threshold=1 1
is_linear=0
shrinkage=0.05


Tree=121
num_leaves=31
num_cat=1
split_feature=3 6 0 6 7 6 2 2 2 5 2 6 7 3 7 2 2 2 7 7 2 2 2 2 6 3 11 0 6 3
split_gain=668.129 798.503 192.87 123.519 122.661 118.551 112.945 120.383 184.753 185.425 220.46 128.443 112.648 107.797 120.237 148.729 226.985 269.575 135.445 106.515 110.898 107.046 106.352 151.928 217.724 99.3611 116.574 113.584 96.5622 93.3726
threshold=-12.702130232536012 -5.8340142025023809 3.7402859027777784 -7.9525304690071295 3447.5000000000005 -7.4205594631068896 15489.500000000002 3961.5000000000005 3644.5000000000005 0 722.50000000000011 -5.4089354072501097 762.50000000000011 -5.5265860328747483 2195.5000000000005 13048.500000000002 13914.500000000002 13896.500000000002 1225.5000000000002 44055.500000000007 14974.500000000002 14985.500000000002 9120.5000000000018 9280.5000000000018 -6.9057036377588963 -6.2999023299505419 -61062.496361920457 3.6024492881944457 -6.0173444108148955 -14.7410037632214
decision_type=2 2 2 2 2 2 2 2 2 1 2 2 2 2 2 2 2 2 2 2 2 2 2 2 2 2 2 2 2 2
left_child=2 3 4 -2 -1 -5 7 8 9 -3 -11 -10 -13 14 15 -9 17 -17 -18 20 22 -22 -7 24 -24 26 27 -25 -23 -4
right_child=1 6 29 5 -6 19 -8 13 11 10 -12 12 -14 -15 -16 16 18 -19 -20 -21 21 28 23 25 -26 -27 -28 -29 -30 -31
leaf_value=-0.009063486964561886 0.00017577712913223136 0.039725586594562982 -6.4395379349128698e-05 0.015865481517785784 -0.031103061576974619 0.0099137851188359633 0.062270698308689289 -0.0263727166374935 0.13230860199781569 0.03340658474505661 -0.035793071062043803 0.086754195171892368 -0.038502365178717551 -0.020579571971884793 -0.015367866721779387 0.025649896916131055 0.00078809523372361842 0.31212625427971458 0.05915601347392855 0.025586315531726994 0.0567688222817328 0.022398376244377016 -0.095760510557643674 0.016119773017666435 0.01660275105550282 -0.0048162700272391806 -0.057629385495984044 0.002500494640829346 -0.029276516432549301 -0.023691432874746371
leaf_weight=913.40531425923109 5741.4010416306555 183.04517094790936 1893.0039762444794 4295.6791467517614 2044.0871571712196 6958.3382215090096 50.607053697109222 222.98078246414661 42.74533599615097 155.57631985843182 442.34778975322843 35.17957978695631 36.65000806376338 3669.8520677015185 1460.057117909193 19.266978442668915 440.14328622445464 14.31177034974098 128.38408695161343 717.30174405127764 188.50238561630249 565.76486095786095 94.315322399139404 2159.0064828693867 79.411305144429207 3081.3369486890733 71.631767839193344 5262.3686069101095 107.59717603772879 536.71741737052798
leaf_count=9384 22126 197 18056 4082 48927 5110 17 285 50 85 536 16 94 4289 1404 71 263 14 132 473 72 421 35 1576 98 1893 28 4480 52 6330
internal_value=0.000707787 0.00315111 -0.0157212 0.0067525 -0.0242963 0.00835376 -0.012151 -0.0127008 0.00439097 -0.00430764 -0.0177877 0.0636827 0.0228438 -0.0152712 -0.00674607 0.0085109 0.0214295 0.14775 0.0139687 0.0066806 0.00595026 0.0234645 0.00509775 0.00197983 -0.0443987 0.00274178 0.00584987 0.00646258 0.0141412 -0.00528353
internal_weight=41611 36223.8 5387.21 29322.7 2957.49 23581.3 6901.15 6850.54 895.544 780.969 597.924 114.575 71.8296 5955 2285.14 825.087 602.106 33.5787 568.527 19285.6 18568.3 861.864 17706.4 10748.1 173.727 10574.3 7493.01 7421.38 673.362 2429.72
internal_count=130596 47899 82697 40446 58311 18320 7453 7436 978 818 621 160 110 6458 2169 765 480 85 395 14238 13765 545 13220 8110 133 7977 6084 6056 473 24386
cat_boundaries=0 1
cat_threshold=8
is_linear=0
shrinkage=0.05


Tree=122
num_leaves=31
num_cat=0
split_feature=3 4 6 11 2 0 2 2 4 1 0 7 11 2 1 6 0 0 2 2 11 8 7 0 4 2 11 6 4 2
split_gain=2550.79 526.503 240.081 178.165 267.797 165.089 155.947 154.275 145.248 156.327 138.998 132.431 130.286 380.975 149.374 150.463 140.917 126.324 124.278 205.053 161.077 122.537 121.198 175.237 153.22 122.165 264.565 120.596 119.794 135.756
threshold=-6.4666728876018658 50.667246900856171 -6.0596080446663345 -74832.118257130627 10822.000000000002 1.0784425868055558 15187.500000000002 977.50000000000011 2.5892505814121369 9365.5000000000018 6.8842725057870382 947.50000000000011 -28176.183482125529 1199.5000000000002 30740.500000000004 -5.3533512805949579 4.7250310069444454 2.8853423263888893 12864.500000000002 12913.500000000002 -59868.371678258663 21.312851158822024 668.50000000000011 4.2407709143518533 15.728093583246443 7990.5000000000009 -59868.371678258663 -6.2653201596783097 79.907954790757316 4108.5000000000009
decision_type=2 2 2 2 2 2 2 2 2 2 2 2 2 2 2 2 2 2 2 2 2 2 2 2 2 2 2 2 2 2
left_child=1 11 18 10 17 -4 7 -7 -9 -10 -3 22 13 -13 15 -15 -17 -5 20 -20 -2 -14 23 -1 25 -24 -27 28 29 -22
right_child=2 3 5 4 -6 6 -8 8 9 -11 -12 12 21 14 -16 16 -18 -19 19 -21 27 -23 24 -25 -26 26 -28 -29 -30 -31
leaf_value=-0.026208398044165016 -0.027183710812264207 -0.032819671669573176 0.029104493130464388 -0.0029608001452650734 0.054473318564802364 -0.043468935248027675 -0.046942944526626444 0.023410667557642685 0.0064800377735956252 0.017486220639180365 0.042618842469838596 0.14325481568005966 -0.028641068370565945 -0.013151292942702307 0.0072878882374354846 -0.043694590523001217 0.070371776768022351 -0.035498649985133107 0.08816374406766761 0.0060749356025212361 -0.014909726672627258 0.11013842979813943 -0.022920386581017971 0.010187326836668648 -0.038053929565295255 0.024245027960114806 0.20740574579483273 -0.013719403604399293 -0.052681649136204337 0.026662256508006382
leaf_weight=670.12016104534268 712.55095229297876 4411.5923598147929 1452.4872466847301 619.5865551866591 139.96847225725651 124.72449580579996 113.23409833014011 2517.7481213957071 9119.1259783878922 4992.6156414300203 61.917829491198063 40.757134787738323 1184.1382321156561 8083.8267910517752 1107.922254871577 37.077491655945778 100.37935118377209 575.24255669116974 78.482309803366661 2479.6552894636989 265.26177766919136 16.122364088892937 132.65700538828969 652.99436515942216 122.36195309460163 771.38757315278053 20.232625961303711 828.59888613969088 67.975563451647758 756.25769665837288
leaf_count=2391 742 66955 301 2514 33 156 126 788 4941 1901 324 78 4198 31272 3572 120 50 3504 18 1585 258 8 346 1235 819 1117 2 637 125 480
internal_value=-0.000729733 -0.0144857 0.0102407 -0.0269921 -0.0109607 0.0129298 0.011537 0.0119322 0.0123477 0.0103739 -0.0317755 -0.00887204 -0.011267 -0.00928028 -0.00994667 -0.0122693 0.0396036 -0.0186259 0.000746393 0.00859338 -0.00688431 -0.0267769 0.00181085 -0.00824608 0.0145244 0.021485 0.0289263 0.000656698 0.0115902 0.0158671
internal_weight=42257 18748.3 23508.7 5808.31 1334.8 18319.9 16867.4 16754.2 16629.5 14111.7 4473.51 12940 10570.2 9369.96 9329.21 8221.28 137.457 1194.83 5188.78 2558.14 2630.64 1200.26 2369.75 1323.11 1046.64 924.277 791.62 1918.09 1089.5 1021.52
internal_count=130596 118538 12058 73330 6051 8213 7912 7786 7630 6842 67279 45208 39298 35092 35014 31442 170 6018 3845 1603 2242 4206 5910 3626 2284 1465 1119 1500 863 738
is_linear=0
shrinkage=0.05


Tree=123
num_leaves=31
num_cat=2
split_feature=3 4 8 8 0 0 5 1 4 2 1 7 1 2 6 7 0 5 3 4 0 4 11 2 2 2 2 6 6 3
split_gain=1967.34 507.173 224.761 262.555 169.739 162.565 123.453 112.337 136.701 106.328 184.809 102.12 96.0771 91.9021 91.3928 115.918 91.2403 95.3451 119.966 94.3433 89.319 87.4361 87.2418 89.0622 211.287 122.259 112.205 102.458 86.9267 85.9606
threshold=-8.9815075964536124 66.037702375559618 -0.024592418596031781 0.021252293881188326 6.5453951678240765 4.3545591261574081 0 26696.500000000004 25.0435371529937 13937.500000000002 2044.5000000000002 14166.500000000002 358.50000000000006 14847.500000000002 -24.230439207817714 1498.5000000000002 4.1852252141203721 1 -6.4348017523049972 15.302744961548294 3.0519686168981486 5.939637663942011 -456629.99999999994 14184.000000000002 13826.500000000002 13862.500000000002 14163.500000000002 -7.1777011336598031 -28.976749296241554 -3.6665527722616669
decision_type=2 2 2 2 2 2 1 2 2 2 2 2 2 2 2 2 2 1 2 2 2 2 2 2 2 2 2 2 2 2
left_child=1 6 13 4 20 -3 -1 8 9 11 12 14 -11 29 15 -8 17 18 -5 -19 -4 -9 -10 24 27 -26 -27 -24 -17 -2
right_child=2 5 3 16 -6 -7 7 21 22 10 -12 -13 -14 -15 -16 28 -18 19 -20 -21 -22 -23 23 -25 25 26 -28 -29 -30 -31
leaf_value=0.029299872667684707 0.0021817664572580144 0.03366681293334766 -0.023292605357037807 0.011900175754950835 -0.0019160484303425717 0.01417509119224972 0.037367629930580876 0.02421694239619207 -0.027569055505188473 0.021411634576092686 0.021059110470562088 -0.010090961559151464 -0.017547668458488232 -0.014271662442484788 0.020590737486612217 0.0036452917975876263 0.0021388168364813373 -0.017673977287551778 0.21927977556803771 -0.0018729114077022568 -0.013612854248239112 -0.01251124918916729 0.023773500136512998 0.034414225871019589 -0.086312930972596069 0.013896953473080328 -0.10585912240471687 -0.026018228880006069 -0.044302141399927927 0.11425266243699189
leaf_weight=649.75117170810699 6397.0897540152073 3584.5954449176788 3304.0183571130037 22.164664253592491 2475.6330832019448 1524.7176695019007 130.17216497659683 190.5562941133976 100.14753657579422 178.68469907343388 530.72926300764084 491.61636622995138 1383.5952300727367 938.35221070796251 1725.2671539261937 217.22439055144787 4521.2128818482161 1734.2542554438114 10.175185851752756 2074.870053358376 8550.8831983208656 1082.9653141126037 1459.7506409063935 754.20976656675339 71.171536542475224 117.94695245474577 23.447986096143723 111.18642993271351 167.35583770275116 17.156025432050228
leaf_count=6070 8310 48265 2561 39 2828 11453 649 607 68 444 1914 1349 2120 834 6305 832 5565 1309 53 2585 7469 2474 10304 4820 87 611 31 281 299 60
internal_value=4.47831e-05 0.0151738 -0.00725397 -0.00971554 -0.0138239 0.0278501 0.00827329 0.00670942 0.00905168 0.00404781 -0.00443202 0.0105451 -0.0130917 0.000343448 0.0150741 -0.00341553 -0.00267524 -0.00834115 0.0771487 -0.00906697 -0.0163106 -0.00701563 0.0182038 0.0200101 0.0139189 -0.0328655 -0.00596259 0.0202494 -0.0172198 0.00248152
internal_weight=44540.9 14495.1 30045.8 22693.2 14330.5 5109.31 9385.78 8736.03 7462.51 4824.65 2093.01 2731.64 1562.28 7352.6 2240.02 514.752 8362.68 3841.46 32.3399 3809.12 11854.9 1273.52 2637.86 2537.71 1783.5 212.566 141.395 1570.94 384.58 6414.25
internal_count=130596 98983 31613 22409 12858 59718 39265 33195 30114 13912 4478 9434 2564 9204 8085 1780 9551 3986 92 3894 10030 3081 16202 16134 11314 729 642 10585 1131 8370
cat_boundaries=0 1 2
cat_threshold=1 1
is_linear=0
shrinkage=0.05


Tree=124
num_leaves=31
num_cat=2
split_feature=3 6 6 0 1 2 2 4 1 1 2 2 5 2 11 3 4 3 0 4 7 11 8 4 5 2 2 1 0 1
split_gain=605.894 649.815 271.927 224.653 118.996 121.463 116.765 112.778 112.534 120.282 103.646 171.962 174.56 207.38 136.614 147.914 113.209 100.021 156.424 117.5 95.6723 92.4103 89.8326 88.4935 87.082 118.695 118.541 177.981 108.506 99.9073
threshold=-29.058240367910376 -5.8340142025023809 -8.2019366372667175 5.2984948553240754 41936.000000000007 14974.500000000002 14965.500000000002 0.39339827910599073 16638.500000000004 18166.500000000004 3961.5000000000005 3644.5000000000005 0 722.50000000000011 -82780.460771725615 -5.6695862740670169 7.6146885290671245 -6.0867691321245561 0.61660126157407424 2.5892505814121369 461.50000000000006 -9346.1893204530334 -0.014799132338060515 10.178710220534201 1 15062.500000000002 15132.500000000002 15858.500000000002 1.2324569733796298 26158.500000000004
decision_type=2 2 2 2 2 2 2 2 2 2 2 2 1 2 2 2 2 2 2 2 2 2 2 2 1 2 2 2 2 2
left_child=3 2 7 -1 5 6 17 -2 -5 -10 11 12 -3 -14 15 22 -13 18 -4 20 -20 -21 -12 -6 25 28 27 -27 -9 -29
right_child=1 10 4 8 23 -7 -8 24 9 -11 14 16 13 -15 -16 -17 -18 -19 19 21 -22 -23 -24 -25 -26 26 -28 29 -30 -31
leaf_value=-0.027738143897916647 -0.032490602944585174 0.037986065315836016 0.033806785352251102 -0.013709518811160976 -0.035648401029011421 0.024418074536740258 -0.052846459983430141 -0.034812496051688194 0.18303940364625371 0.029229327385067318 0.006834698028257479 0.096945567715667785 0.032020182300914246 -0.035674299369985028 -0.017485512452924925 0.038582194308564056 -0.0070160205609133526 -0.0027041821439716474 -0.0032727700993754605 0.0053144082068026129 0.031112051729291091 0.024988119248872735 -0.028154920754879156 0.026225382514144524 -0.006498205053190014 0.042652743838339773 -0.042989644119646953 0.27765084994352546 0.0056546145675540537 0.040461877333350271
leaf_weight=2366.6373431347311 317.76324189454317 185.10998020321131 558.16255987435579 194.84526751562953 60.850685387849808 962.39111958444118 83.19699689000845 179.16053024306893 13.664597060531376 182.09129288420081 443.70464384555817 75.856642842292786 153.83744506537914 427.61056938394904 4925.7666894607246 224.54535575583577 39.991657231003046 2608.0446573011577 266.835578083992 17446.688432604074 836.42394106835127 618.02479446679354 312.73439431935549 1148.171211514622 4095.9347882196307 98.853681761771441 28.444120090454817 14.267728149890901 2196.4335406124592 6.4451707638800135
leaf_count=51751 4019 200 418 1260 38 723 89 1402 100 1566 710 72 86 548 5672 135 92 1671 88 15897 480 486 135 882 28131 109 237 19 13521 59
internal_value=0.000698177 0.00232726 0.00534897 -0.02194 0.0078155 0.00702453 0.00627781 -0.00339351 0.0131908 0.0399659 -0.0117043 0.00427941 -0.00430131 -0.0177639 -0.0140921 0.00294707 0.0610573 0.00649805 0.00771471 0.00695492 0.0227957 0.00598748 -0.00763105 0.0231112 -0.00199673 0.00530938 0.0487519 0.0705767 0.0026027 0.203845
internal_weight=41072.5 38315.3 31526.1 2757.24 24588.8 23379.8 22417.4 6937.3 390.601 195.756 6789.16 882.406 766.558 581.448 5906.75 980.984 115.848 22334.2 19726.1 19168 1103.26 18064.7 756.439 1209.02 6619.54 2523.6 148.011 119.567 2375.59 20.7129
internal_count=130596 75919 68269 54677 20772 19852 19129 47497 2926 1666 7650 998 834 634 6652 980 164 19040 17369 16951 568 16383 845 920 43478 15347 424 187 14923 78
cat_boundaries=0 1 2
cat_threshold=8 8
is_linear=0
shrinkage=0.05


Tree=125
num_leaves=31
num_cat=0
split_feature=3 4 6 11 2 0 8 0 8 7 11 2 0 6 0 0 0 8 2 2 11 1 2 2 7 2 2 4 1 6
split_gain=2319.65 509.827 218.593 176.155 252.658 159.346 151.192 131.403 131.254 125.473 126.865 320.379 141.019 132.608 130.213 124.749 123.582 115.852 115.184 189.434 153.104 114.786 120.671 232.877 345.307 171.299 302.662 159.84 131.8 147.862
threshold=-6.4666728876018658 50.667246900856171 -6.0596080446663345 -74832.118257130627 10822.000000000002 1.0784425868055558 -0.071909147670538673 6.8842725057870382 0.037580956767278913 947.50000000000011 -28176.183482125529 1199.5000000000002 6.8186053703703715 -5.3533512805949579 4.7250310069444454 2.8853423263888893 6.5453951678240765 0.080931804243017616 12864.500000000002 12913.500000000002 -59868.371678258663 30740.500000000004 14163.500000000002 14356.500000000002 2046.5000000000002 10965.500000000002 10822.000000000002 0.00041304737984360003 27497.000000000004 -28.45154926699572
decision_type=2 2 2 2 2 2 2 2 2 2 2 2 2 2 2 2 2 2 2 2 2 2 2 2 2 2 2 2 2 2
left_child=1 9 18 7 15 -4 -7 -3 16 -1 11 -11 13 21 -15 17 -8 -5 20 -20 -2 22 25 24 -24 26 27 -13 -27 -30
right_child=2 3 5 4 -6 6 8 -9 -10 10 -12 12 -14 14 -16 -17 -18 -19 19 -21 -22 -23 23 -25 -26 28 -28 -29 29 -31
leaf_value=0.0019066093350629748 -0.02657379313693391 -0.032640416486406691 0.028578935330422418 -0.013197434224610068 0.052987865304741588 -0.00072704244114048537 0.01723288572423233 0.039574110518434277 0.0033405364779629867 0.123905752283203 -0.02640205230207085 0.025935908061278129 0.020332941305604962 -0.04323268750163118 0.066583425443576094 -0.035409985353397101 0.0010097360593819976 0.04213547195092987 0.084422228308341882 0.0058253100803515399 0.00069094441582322468 0.0040773962657752799 0.077445915409430216 -0.010172034156120941 -0.038943985302512002 -0.033645454989980547 0.047278392098325843 -0.018402657106267383 0.11728991952577127 -0.037144226162859437
leaf_weight=2355.9382255859673 705.4334894195199 4201.5321644358337 1399.6790995448828 496.78179599717259 139.64075089991093 2354.1106877401471 10086.708085291088 63.952554687857628 2844.4878664836287 45.182648487389088 1167.4145676083863 218.05697111412883 378.27481555566192 36.666990414261818 102.31920373439789 552.71847228333354 1328.4904646426439 116.84705881029367 79.113343521952629 2475.3397023901343 1906.410007879138 1027.601641882211 187.45979467779398 2247.3542742393911 96.546033885329962 1660.7917041778564 204.91465218737721 2996.3252290263772 31.213120821863413 30.786899495869875
leaf_count=5910 742 66955 301 2261 33 1708 3846 324 1576 78 4206 679 813 123 51 3504 782 253 18 1585 1500 3468 155 8011 532 7433 178 13375 42 154
internal_value=-0.000738372 -0.0140153 0.00977689 -0.0266382 -0.0105708 0.0123772 0.0110122 -0.0315577 0.0129503 -0.00851519 -0.0108691 -0.00891156 -0.00956255 -0.0108418 0.037612 -0.0181803 0.0153449 -0.00266096 0.00071032 0.00825952 -0.006673 -0.0116158 -0.0137174 -0.00478085 0.0378799 -0.0181167 -0.0116389 -0.0153948 -0.0309734 0.0406037
internal_weight=41538.1 18358.3 23179.8 5571.47 1305.99 18013.5 16613.8 4265.48 14259.7 12786.8 10430.9 9263.49 9218.31 8840.04 138.986 1166.35 11415.2 613.629 5166.3 2554.45 2611.84 8701.05 7673.45 2531.36 284.006 5142.09 3419.3 3214.38 1722.79 62
internal_count=130596 118538 12058 73330 6051 8213 7912 67279 6204 45208 39298 35092 35014 34201 174 6018 4628 2514 3845 1603 2242 34027 30559 8698 687 21861 14232 14054 7629 196
is_linear=0
shrinkage=0.05


Tree=126
num_leaves=31
num_cat=2
split_feature=6 4 0 5 3 1 5 0 11 8 8 0 1 4 2 4 8 1 1 3 11 2 6 4 6 2 2 8 2 11
split_gain=1782.06 509.661 242.022 181.13 170.735 162.801 148.291 128.194 125.174 124.638 121.206 114.3 110.304 131.533 123.183 98.2066 95.1576 91.8319 127.149 91.4413 149.696 124.76 339.997 109.528 95.1896 88.5558 87.801 88.735 80.5055 90.5431
threshold=-7.8295916130419156 69.102270660704377 2.3970089699074086 0 -20.615915609941023 41936.000000000007 1 6.6358718402777788 -245159.17729181607 -0.0038516039527252128 -0.071909147670538673 6.698389409722223 27497.000000000004 15.302744961548294 15013.500000000002 2.5892505814121369 1.0000000180025095e-35 1219.5000000000002 22158.000000000004 -4.9907616810571973 -66595.385427233574 14574.500000000002 -4.2499165748214489 3.0725797804206416 -6.1659928052803119 12913.500000000002 1199.5000000000002 5.1311129254324159 6169.5000000000009 -52755.885559555369
decision_type=2 2 2 1 2 2 1 2 2 2 2 2 2 2 2 2 2 2 2 2 2 2 2 2 2 2 2 2 2 2
left_child=1 6 -2 17 7 -6 -1 -3 -7 -8 -5 -9 13 16 26 -14 -11 -4 -19 24 -21 22 25 -24 -12 -22 -15 28 -28 -30
right_child=2 4 3 10 5 8 9 11 -10 12 19 -13 15 14 -16 -17 -18 18 -20 20 21 -23 23 -25 -26 -27 27 -29 29 -31
leaf_value=0.02899061407476114 -0.019179406657460776 0.03349356083147758 -0.021623473142790232 0.0069600008764748485 0.020715934950075277 -0.10732505906886541 0.012978601793499821 -0.14058977123322289 -0.0054818502820456524 -0.014046313794737891 -0.0017002360915121433 0.0099569542007418368 0.023391244776594714 -0.029927895254729442 -0.017025252388654689 -0.017709342613006485 0.0039621390440742555 -0.0047898135393449068 -0.018544619703112216 0.082586643260677342 -0.0018548891657154964 -0.021309543545852985 0.29371466788548045 0.092242253761762982 -0.012392519289220879 0.068070860448222179 0.035218543047200866 -0.012499541226093414 0.016209210725467424 -0.032612021218245711
leaf_weight=691.20440641790628 4199.1434753164649 3204.8182198852301 1734.0077615454793 2855.9468740969896 1973.6326047927141 32.639016531407833 3482.7533108517528 19.536369755864143 399.01476134359837 1240.1448148190975 4552.6047093942761 35.550728976726532 168.26124845445156 109.30407015234232 354.71697396785021 1066.9060532972217 1795.7402694523335 5582.945713981986 2403.4183049872518 64.340772375464439 608.17947137355804 333.85529232770205 7.3916979059576979 77.204076007008553 3835.0237658545375 48.919475577771664 560.97189553827047 255.10189412534237 2064.7048551142216 99.546921893954277
leaf_count=6265 3957 44282 1082 4433 13631 64 14128 48 1842 2167 5095 206 552 385 682 1851 3687 5831 2155 168 532 167 49 227 2633 113 3574 518 10222 50
internal_value=5.83634e-05 0.0123956 -0.00817546 -0.006085 0.0247376 0.0146325 0.00651467 0.0321936 -0.0131826 0.00512735 -0.00207494 -0.0434337 0.00158327 0.00419335 0.0108811 -0.0121104 -0.00339423 -0.0111937 -0.00892919 -0.00478323 0.00850415 0.00407244 0.0154975 0.109846 -0.006589 0.00335092 0.014085 0.0156992 0.0183388 0.0139636
internal_weight=43857.5 17554.5 26303 22103.8 5665.19 2405.29 11889.4 3259.91 431.654 11198.2 12383.5 55.0871 7715.4 6480.23 3444.35 1235.17 3035.89 9720.37 7986.36 9527.52 1139.89 1075.55 741.695 84.5958 8387.63 657.099 3089.63 2980.33 2725.22 2164.25
internal_count=130596 104154 26442 22485 60073 15537 44081 44536 1906 37816 13417 254 23688 21285 15431 2403 5854 9068 7986 8984 1256 1088 921 276 7728 645 14749 14364 13846 10272
cat_boundaries=0 1 2
cat_threshold=8 1
is_linear=0
shrinkage=0.05


Tree=127
num_leaves=31
num_cat=2
split_feature=3 6 6 0 1 2 2 4 1 5 2 7 4 3 2 2 11 6 2 2 5 2 6 7 3 2 1 3 0 0
split_gain=553.96 584.513 239.188 216.61 113.247 116.495 110.678 107.372 102.018 103.182 101.031 175.339 176.619 192.369 264.248 483.044 136.273 132.043 129.563 158.36 164.115 199.187 104.693 98.8109 88.9921 88.2558 94.1773 88.2156 114.068 95.8317
threshold=-29.058240367910376 -5.8340142025023809 -8.2019366372667175 5.2984948553240754 41936.000000000007 14974.500000000002 14965.500000000002 0.39339827910599073 16638.500000000004 0 14908.500000000002 1643.5000000000002 3.0725797804206416 -5.7241130549365069 14985.500000000002 14946.500000000002 -70015.754096937133 -5.2363474552289047 3961.5000000000005 3644.5000000000005 1 722.50000000000011 -5.4089354072501097 762.50000000000011 -5.5265860328747483 15222.500000000002 41393.500000000007 -6.4666728876018658 6.7875911747685196 0.61660126157407424
decision_type=2 2 2 2 2 2 2 2 2 1 2 2 2 2 2 2 2 2 2 2 1 2 2 2 2 2 2 2 2 2
left_child=3 2 7 25 5 6 27 -2 -5 -10 18 12 -12 -14 15 -15 -17 -16 19 20 -3 -22 -21 -24 -20 -1 -27 28 29 -4
right_child=1 10 4 8 -6 -7 -8 -9 9 -11 11 -13 13 14 17 16 -18 -19 24 22 21 -23 23 -25 -26 26 -28 -29 -30 -31
leaf_value=-0.029081870815571731 -0.032239276989511588 0.036661333480681887 0.032191034859683672 -0.013272554139263822 0.022459970411448472 0.023780351932179467 -0.052464608257028714 -0.0018084828486175548 -0.035071507953563723 0.055323833797262911 -0.019908969627199579 -0.028884642924550008 0.00017477390016307204 0.068227548125785173 0.079699340106102301 0.1935977680428238 0.43100448307681599 -0.035659714222116133 -0.0078865616344731462 0.11775034717706939 0.031314416572858106 -0.035525686368057328 0.078791973821734182 -0.038484006728622809 -0.021597812679727938 0.011322525542253763 0.22455294275182058 0.0014649217478108745 -0.012871572780652249 0.0084314381000511873
leaf_weight=2193.8155299108475 303.2445274181664 186.52412413805723 437.53152476996183 191.37928843125701 1188.7327748499811 950.3406358808279 80.91941899061203 6572.7625471297652 39.205088295042515 162.06658552587032 158.75882858410478 237.77165038511157 141.66945856809616 65.474830657243729 48.698774002492428 10.672649413347246 13.939061202108858 50.559231396764517 1891.2983284294605 45.544617488980293 152.8280363380909 411.79638568684459 36.354390785098076 35.499151237308979 3161.8154203779995 60.152504339814186 5.6660796776413909 6979.8763147778809 613.06716288626194 14135.864541523159
leaf_count=51296 4019 200 364 1260 920 723 89 43478 567 1099 94 227 66 41 17 22 18 55 2108 52 86 548 16 96 4004 446 9 4397 504 13775
internal_value=0.00067709 0.00222257 0.0050858 -0.0214139 0.00740813 0.00663681 0.00590449 -0.00315054 0.012864 0.037716 -0.0112394 0.00634409 0.0234467 0.0442407 0.0772112 0.139213 0.328055 0.0209387 -0.0133997 0.00443934 -0.00400108 -0.0174339 0.0584437 0.0208519 -0.0164659 -0.0273703 0.0296787 0.00611757 0.00825598 0.00914476
internal_weight=40563.8 37911.5 31262.3 2652.29 24386.3 23197.6 22247.3 6876.01 392.651 201.272 6649.2 727.544 489.773 331.014 189.345 90.0865 24.6117 99.258 5921.66 868.547 751.149 564.624 117.398 71.8535 5053.11 2259.63 65.8186 22166.3 15186.5 14573.4
internal_count=130596 75919 68269 54677 20772 19852 19129 47497 2926 1666 7650 540 313 219 153 81 40 72 7110 998 834 634 164 112 6112 51751 455 19040 14643 14139
cat_boundaries=0 1 2
cat_threshold=1 8
is_linear=0
shrinkage=0.05


Tree=128
num_leaves=31
num_cat=2
split_feature=3 4 6 11 2 0 5 11 11 11 3 0 6 7 4 8 0 2 5 6 0 6 2 2 11 8 8 2 7 3
split_gain=2117.77 491.859 196.825 173.935 236.825 155.065 142.447 465.597 185.904 357.423 188.62 130.044 163.037 129.031 137.519 125.225 123.869 121.226 120.291 133.716 318.281 153.524 205.177 379.852 142.782 137.271 148.446 124.82 120.999 178.683
threshold=-6.4666728876018658 50.667246900856171 -6.0596080446663345 -74832.118257130627 10822.000000000002 1.0784425868055558 0 -13969.208740483242 -77905.717509966882 -84701.226795319861 -5.6695862740670169 6.4576120775462966 -18.7658626767609 11014.500000000002 2.5892505814121369 -0.28627561653390993 2.8853423263888893 14789.500000000002 1 -27.986532043239819 3.7402859027777784 -6.996754998668437 3487.5000000000005 3568.0000000000005 -32733.065939880376 1.0000000180025095e-35 -1.0000000180025095e-35 977.50000000000011 3646.5000000000005 -6.8852223000276203
decision_type=2 2 2 2 2 2 1 2 2 2 2 2 2 2 2 2 2 2 1 2 2 2 2 2 2 2 2 2 2 2
left_child=1 18 -2 11 16 -4 7 8 9 17 -11 -3 -13 14 -12 -8 -5 -7 -1 20 24 22 -21 -24 -20 26 -23 -26 29 -25
right_child=2 3 5 4 -6 6 15 -9 -10 10 13 12 -14 -15 -16 -17 -18 -19 19 21 -22 25 23 28 27 -27 -28 -29 -30 -31
leaf_value=-0.03521489394708073 0.00074513918698533718 -0.034088101208797073 0.028103450128031726 -0.0022629906241593621 0.051410390905632902 -0.040118942504485097 -0.015691671887695133 -0.069542074843865362 0.021182657028586252 -0.12242323314879329 0.02682648082459211 0.047931635204642241 -0.025336864629707575 0.029066150363659421 -0.085231902818127384 0.0079824083813832946 -0.035328178006238713 0.024476216222206398 -0.028561926674404617 -0.036388080358583756 0.025088590334805053 -0.0021747375850155628 0.078275552677150348 -0.0070840924097700184 -0.035855083080048158 -0.018888723238771714 0.024736213506925717 0.12436455229422701 -0.018333457914821123 0.053450599781607391
leaf_weight=398.93974332138896 5147.6516265794635 3719.385552611202 1355.4103971719742 606.09712756425142 139.04678909480572 82.505360186100006 596.52590396255255 155.89160721749067 5883.0605740100145 68.664185300469398 37.638296529650688 110.74328421056271 241.49982242658734 68.950877949595451 100.44131682813168 8781.434464789927 531.73968271911144 607.01037321984768 564.70892700925469 859.99336169660091 920.54925781488419 2003.6647982224822 118.610143058002 2656.1225898377597 20.473645310848951 799.32936542481184 688.55078839510679 29.922082029283047 3433.0544792972505 127.76663050055504
leaf_count=6093 3845 64929 301 2514 33 97 611 151 2141 91 13 479 1871 22 84 4563 3504 139 4908 3969 2095 2795 143 9835 234 909 527 38 13573 89
internal_value=-0.000734911 -0.0135814 0.0093526 -0.0262888 -0.0101877 0.0118506 0.0105059 0.0159008 0.0178458 -0.00249248 -0.0506105 -0.0313382 -0.00230165 -0.026793 -0.0546866 0.00647652 -0.0177152 0.016747 -0.00819661 -0.00731475 0.00648145 -0.00929716 -0.0134717 -0.010361 -0.0213655 -0.000694139 0.0047079 0.0592741 -0.012052 -0.00430585
internal_weight=40855.4 17970.2 22885.2 5348.51 1276.88 17737.5 16382.1 7004.16 6848.27 965.21 275.695 4071.63 352.243 207.03 138.08 9377.96 1137.84 689.516 12621.7 12222.7 1535.65 10687.1 7195.55 6335.55 615.105 3491.54 2692.22 50.3957 6216.94 2783.89
internal_count=130596 118538 12058 73330 6051 8213 7912 2738 2587 446 210 67279 2350 119 97 5174 6018 236 45208 39115 7275 31840 27609 23640 5180 4231 3322 272 23497 9924
cat_boundaries=0 1 2
cat_threshold=8 1
is_linear=0
shrinkage=0.05


Tree=129
num_leaves=31
num_cat=2
split_feature=3 4 0 6 5 0 2 3 4 2 3 5 7 7 8 0 2 1 1 6 0 11 2 2 2 2 6 3 0 2
split_gain=1596.47 446.475 236.966 180.832 174.935 146.757 140.881 184.109 166.66 118.443 154.221 110.195 105.867 107.393 101.835 101.161 91.0448 83.6388 98.983 85.3416 130.413 100.262 80.3138 165.184 122.254 112.022 109.279 78.2471 82.3985 77.7654
threshold=-7.8203046404058112 69.102270660704377 1.7819519039351854 -8.4756689210424234 0 4.3834742592592608 14838.500000000002 -3.6665527722616669 113.28979791752802 14812.500000000002 -6.0867691321245561 1 1225.5000000000002 21903.500000000004 -0.25745281339588771 0.67034533564814824 14456.500000000002 27497.000000000004 1567.5000000000002 -18.529736577936532 3.7402859027777784 -115800.22192473295 6169.5000000000009 7480.0000000000009 7251.5000000000009 6702.0000000000009 -6.9679860126858228 -12.702130232536012 5.4446979687500017 1446.5000000000002
decision_type=2 2 2 2 1 2 2 2 2 2 2 1 2 2 2 2 2 2 2 2 2 2 2 2 2 2 2 2 2 2
left_child=1 11 -2 5 12 -3 7 9 -8 14 -11 27 -4 -14 -6 -13 -5 18 29 20 -19 -21 26 24 25 -24 -20 -1 -29 -17
right_child=2 3 4 16 6 -7 8 -9 -10 10 -12 15 13 -15 -16 17 -18 19 22 21 -22 -23 23 -25 -26 -27 -28 28 -30 -31
leaf_value=0.034798730105324222 -0.022252939661843992 0.033410788758181563 -0.021936089425292269 -0.0047399034000869351 0.014782915548013701 0.014182670210318811 -0.017022261224031131 0.087612014508149524 0.094378678404720084 0.022557335012293216 0.21903979741942659 0.027055465292425303 -0.0050370263845526059 -0.017391130922926965 -0.0025222052549561122 -0.042392342896360687 0.038050302864737311 0.030582103149024799 0.022703447029605535 0.027011581144908314 -0.035245653365609995 -0.0080625026884281279 -0.018791593618525268 0.010080074106347741 -0.044231627990988981 0.031062544251026437 -0.021968372004724922 -0.043122467189706172 0.03618280655017863 -0.00018387397652383652
leaf_weight=527.53583797067404 2564.3392499946058 3204.3094498217106 1853.8676420450211 721.32978662103415 928.56726829707623 1437.5438963472843 1855.1735686734319 59.321911729872227 34.192104585468769 37.049366906285286 13.672657169401644 503.12223848700523 5879.4279126003385 2510.1284050568938 10064.466059796512 113.71943606436253 150.19358045607805 91.735063850879669 1536.6641283780336 281.77591928094625 418.4026634991169 735.83396048098803 320.05378646403551 3933.8186190500855 248.57829286158085 173.90193570405245 150.2918878570199 74.240170337259769 58.611622735857964 2701.4940754473209
leaf_count=5681 2034 47293 1131 2149 1295 10941 1310 173 101 60 71 2867 5820 2146 10051 113 685 439 7735 1029 520 1378 656 16349 380 801 222 307 337 6522
internal_value=6.25536e-05 0.0117748 -0.00782868 0.0235323 -0.0062368 0.027456 -0.00238462 -0.000236855 -0.0150062 -0.000708738 0.0755213 0.00631353 -0.0111228 -0.00873333 -0.00106046 0.0051442 0.00263433 0.00411452 0.00591751 -0.00671765 -0.0234082 0.0016495 0.00937116 0.00599734 -0.0156323 -0.00123996 0.0187236 0.0261617 -0.00813453 -0.00188887
internal_weight=43183.4 17383.2 25800.2 5513.38 23235.9 4641.85 12992.4 11103.1 1889.37 11043.8 50.722 11869.8 10243.4 8389.56 10993 11209.4 871.523 10706.3 9178.52 1527.75 510.138 1017.61 6363.31 4676.35 742.534 493.956 1686.96 660.388 132.852 2815.21
internal_count=130596 106404 24192 61068 22158 58234 13061 11650 1411 11477 131 45336 9097 7966 11346 39011 2834 36144 32778 3366 959 2407 26143 18186 1837 1457 7957 6325 644 6635
cat_boundaries=0 1 2
cat_threshold=8 1
is_linear=0
shrinkage=0.05


Tree=130
num_leaves=31
num_cat=2
split_feature=3 6 0 6 3 0 2 4 1 4 2 5 2 2 2 4 5 7 4 2 7 7 2 2 6 2 4 2 8 8
split_gain=504.964 534.48 210.442 177.409 142.176 147.026 136.352 126.251 116.372 104.065 103.107 152.589 113.078 96.8833 184.5 96.2529 92.9411 148.656 377.05 139.878 127.269 226.292 127.157 209.937 121.359 114.988 91.836 98.168 90.9681 97.0161
threshold=-29.058240367910376 -5.545536273944113 5.2984948553240754 -8.2019366372667175 -6.0867691321245561 0.61660126157407424 3730.0000000000005 2.5892505814121369 44121.500000000007 0.39339827910599073 3644.5000000000005 0 722.50000000000011 13862.500000000002 13752.500000000002 7.6146885290671245 1 3154.5000000000005 6.2376527853301784 1826.5000000000002 19557.500000000004 21459.500000000004 9120.5000000000018 5438.0000000000009 -5.9798460178367243 13896.500000000002 17.395043626706709 14088.500000000002 -0.057413518867721607 0.042493900718347362
decision_type=2 2 2 2 2 2 2 2 2 2 2 1 2 2 2 2 1 2 2 2 2 2 2 2 2 2 2 2 2 2
left_child=2 3 -1 9 5 -5 10 -7 -9 -2 11 -3 -13 14 -4 -10 20 18 -18 -19 28 -22 23 -23 -25 -20 27 -27 -6 -30
right_child=1 6 13 4 16 7 -8 8 15 -11 -12 12 -14 -15 -16 -17 17 19 25 -21 21 22 -24 24 -26 26 -28 -29 29 -31
leaf_value=-0.026981046915716029 -0.032052070662053123 0.044735794083200581 0.019597873538428047 0.033047362131144641 0.036801208630344119 0.023064672719100204 -0.017440504824493466 0.0054957725310492405 -0.057041266624978472 -0.0015478975286857199 0.071977686293843157 0.026929418809837555 -0.034293659134055236 -0.011573145563382469 0.16736529793417151 0.028345839021097271 -0.016382286527910087 0.078918191547889219 0.022644809763708165 -0.02141435170759115 0.1098833276868372 -7.6298721218947703e-05 -0.022829910599787236 0.014884965247179275 0.17635224410814029 0.23014449449520513 0.052594080765508325 0.091624880833488992 -0.010576637185613457 0.012176573657323747
leaf_weight=2157.1791786570102 292.09562131017447 145.93979617208242 168.52965960651636 567.15488915145397 158.96017999574542 1189.8494264632463 3893.6693573705852 18925.477960437536 34.45444567501545 6532.0800272580236 58.077277258038521 107.80562502145767 251.058359824121 199.78846229985356 24.151324912905693 784.09855423867702 531.04795500636101 35.637811996042728 131.40687462687492 1375.8227602690458 74.741718359291553 95.990905150771141 135.95776282250881 17.241081461310387 35.801643311977386 18.572178363800049 79.148897469043732 41.086189188063145 1314.5012636370957 727.91773359104991
leaf_count=51751 4019 159 1366 455 193 636 5118 17495 7 43478 31 59 437 1497 63 673 277 24 85 819 40 58 137 18 44 10 55 51 916 625
internal_value=0.00067868 0.00214053 -0.0208539 0.00432925 0.00619479 0.00792786 -0.0141152 0.0072473 0.00629409 -0.00285357 0.00888719 0.00162868 -0.0159018 0.0128233 0.0381196 0.0247517 -0.00161086 -0.00911656 0.00808408 -0.0188811 0.00487384 0.0324462 0.0121376 0.0440371 0.123869 0.0561675 0.0879029 0.134747 0.000368164 -0.0024674
internal_weight=40105.2 37555.6 2549.65 33099 26274.9 21501 4456.55 20933.9 19744 6824.18 562.881 504.804 358.864 392.469 192.681 818.553 4773.83 2212.72 801.262 1411.46 2561.11 359.733 284.991 149.034 53.0427 270.214 138.807 59.6584 2201.38 2042.42
internal_count=130596 75919 54677 70115 22618 19266 5804 18811 18175 47497 686 655 496 2926 1429 680 3352 1321 478 843 2031 297 257 120 62 201 116 61 1734 1541
cat_boundaries=0 1 2
cat_threshold=8 4
is_linear=0
shrinkage=0.05


Tree=131
num_leaves=31
num_cat=2
split_feature=3 4 6 11 2 0 2 5 11 0 6 2 2 6 8 4 4 1 2 2 2 2 2 2 2 6 0 2 2 5
split_gain=1928.92 475.395 180.362 155.496 230.115 149.795 138.295 147.732 435.717 130.829 143.635 125.853 451.56 278.567 163.788 134.56 153.198 142.58 122.208 216.909 137.333 119.619 488.148 214.733 705.262 371.861 188.346 117.742 405.217 115.974
threshold=-6.4666728876018658 52.403226522299342 -6.0596080446663345 -74832.118257130627 10822.000000000002 1.0784425868055558 15187.500000000002 0 -13969.208740483242 6.4576120775462966 -18.7658626767609 12671.000000000002 12457.500000000002 -4.2499165748214489 -0.026569396094435756 14.891940818146713 51.560251340112792 902.50000000000011 3568.0000000000005 3730.0000000000005 977.50000000000011 13419.500000000002 14088.500000000002 14757.500000000002 14574.500000000002 -5.9361040023224918 1.9674464409722228 13048.500000000002 13390.500000000002 1
decision_type=2 2 2 2 2 2 2 1 2 2 2 2 2 2 2 2 2 2 2 2 2 2 2 2 2 2 2 2 2 1
left_child=1 29 -2 9 -5 -4 7 8 21 -3 -11 12 13 14 15 17 -17 -9 20 -20 -16 -7 26 24 -24 -26 -23 -13 -29 -1
right_child=2 3 5 4 -6 6 -8 11 -10 10 -12 27 -14 -15 18 16 -18 -19 19 -21 -22 22 23 -25 25 -27 -28 28 -30 -31
leaf_value=-0.035129515227201757 0.00069635912066908932 -0.033972724137537678 0.027605701211914531 -0.01834418129109764 0.050311796285407141 0.022038660203903781 -0.04524809325568898 -0.070694939811467419 -0.066719530465909518 0.043996873004265302 -0.024609968345281581 0.030989073074203701 -0.12960258523046705 -0.076176928623040818 -0.043020236247785421 -0.080971913375642468 -0.012338255355072622 0.013003121604863591 -0.094816464875024251 0.00507460855683584 0.028368392862938904 0.0081254354898311308 0.016554152648323269 0.024333456032799173 -0.0057644349500791383 -0.19320976945806378 -0.158455226922809 -0.11135068806495768 0.010830692777913532 -0.0071153982599379863
leaf_weight=380.97116829827428 5142.6345245689154 3484.0741789005697 1310.8764132633805 1054.3368944749236 138.02470846474171 4841.9693012535572 112.35584086179733 58.818792909383774 155.52992202341557 114.87531460821629 227.12736574187875 697.10321335494518 65.882958970963955 110.38705335557461 72.48593844473362 137.46919722855091 199.00667739659548 377.1071362644434 55.557208076119423 2491.9181137531996 954.27992054820061 23.699708297848701 409.23393581807613 1200.1523577570915 41.877993524074554 71.861850574612617 59.746229603886604 69.052540495991707 3931.3201580494642 12209.022019248456
leaf_count=6129 3845 64265 301 5814 32 1734 126 81 151 472 1811 202 123 291 73 301 156 232 34 1271 326 8 190 296 19 209 99 105 1885 40015
internal_value=-0.000744299 -0.01315 0.00892555 -0.0261626 -0.0103967 0.0113511 0.0100306 0.0104182 0.0160068 -0.0310759 -0.00156561 0.00629415 0.00034095 0.00226175 0.00425377 -0.016625 -0.0403789 0.00170988 0.00876572 0.00289611 0.0233286 0.0179421 0.00696237 0.0126819 -0.0140567 -0.124194 -0.111144 0.0120261 0.00872166 -0.0079631
internal_weight=40198.8 17608.4 22590.3 5018.44 1192.36 17447.7 16136.8 16024.5 6804.07 3826.08 342.003 9220.39 4522.91 4457.03 4346.64 772.402 336.476 435.926 3574.24 2547.48 1026.77 6648.54 1806.57 1723.13 522.974 113.74 83.4459 4697.48 4000.37 12590
internal_count=130596 118538 12058 72394 5846 8213 7912 7786 2706 66548 2283 5080 2888 2765 2474 770 457 313 1704 1305 399 2555 821 714 418 228 107 2192 1990 46144
cat_boundaries=0 1 2
cat_threshold=8 1
is_linear=0
shrinkage=0.05


Tree=132
num_leaves=31
num_cat=2
split_feature=3 4 4 0 5 0 3 6 2 1 2 1 11 2 1 5 7 0 11 4 1 7 1 1 2 2 2 4 2 2
split_gain=1431.18 453.807 200.886 184.257 167.674 166.21 118.34 159.897 148.974 145.15 171.497 114.303 111.465 148.541 108.488 105.86 101.319 98.0153 96.0173 108.619 91.8126 89.1032 85.9752 116.507 115.561 134.238 149.522 106.254 102.395 97.4596
threshold=-8.9815075964536124 66.037702375559618 3.5327068242902757 1.4664721296296299 0 4.3545591261574081 -6.7235382566165631 -4.9700078719056959 14574.500000000002 2897.5000000000005 2266.0000000000005 358.50000000000006 -79925.315404900248 11416.500000000002 41393.500000000007 1 564.50000000000011 0.67034533564814824 -127542.67764216835 20.395434636322801 28056.500000000004 407.50000000000006 26696.500000000004 2815.5000000000005 13140.500000000002 14654.500000000002 15025.500000000002 6.4988130048797972 15222.500000000002 15132.500000000002
decision_type=2 2 2 2 1 2 2 2 2 2 2 2 2 2 2 1 2 2 2 2 2 2 2 2 2 2 2 2 2 2
left_child=1 15 -2 -4 12 -3 14 11 9 10 -9 21 13 -5 18 -1 -12 -17 19 -6 -15 -8 23 24 -19 -26 -27 -25 -29 -28
right_child=2 5 3 4 6 -7 7 8 -10 -11 16 -13 -14 20 -16 17 -18 22 -20 -21 -22 -23 -24 27 25 26 29 28 -30 -31
leaf_value=0.02794105078529413 -0.017339718745048152 0.033108224013604963 -0.019689873946000223 0.057985190428301081 0.038758096109388789 0.012424052312215085 0.20198518713856087 -0.022661762056198829 -0.011662764276981449 0.010690148010582915 0.021980296561478953 -0.0069230106373172097 -0.011911832052343987 0.0011498067652931565 -0.019437616953768676 0.029212108619200719 0.10045071631764302 0.013024180248022321 0.0091039071419422076 -0.062535926295194819 -0.01976990637387939 0.017039598885712021 -0.0076907100284119003 -0.01197027942891884 -0.017179901915755559 0.025102993803051917 -0.028573231202756667 0.018443758587608144 -0.017118279675697422 0.038941673283174189
leaf_weight=568.65236132591963 3545.1968990713358 3052.9809666126966 1882.8598197065294 103.63613206148148 36.73830871284008 1424.3473767712712 11.479691162705423 52.890305921435356 370.13350085169077 464.49920960515738 57.218461729586124 6698.3364119678736 6851.1250020712614 2800.2103406488895 389.15596280992031 419.64127381145954 146.35045491158962 1104.7074986919761 4879.1256565526128 94.645849794149399 645.35846889764071 15.050870068371294 1238.6534748449922 381.37516131997108 1284.4096302613616 527.0513946339488 299.79802341759205 2920.6617568954825 217.4903846681118 65.050266094505787
leaf_count=6070 2634 48265 1888 338 103 11453 56 24 261 542 82 5840 6182 3865 435 2626 455 4254 8062 126 699 21 2964 802 2529 2207 335 17053 206 219
internal_value=6.53763e-05 0.0135133 -0.00618763 -0.00463712 -0.00343698 0.0265281 0.000300508 -0.00363213 0.0141224 0.0273603 0.0575534 -0.00651276 -0.00818619 -0.00099448 0.00599296 0.00705848 0.0783945 0.00565464 0.0079681 -0.0342116 -0.00276848 0.097065 0.00442495 0.0066317 -0.000146475 -0.00683198 0.00806989 0.0129505 0.0159791 -0.0165357
internal_weight=42548.8 13504.8 29044 25498.8 23616 4477.33 13215.6 7815.96 1091.09 720.958 256.459 6724.87 10400.3 3549.2 5399.67 9027.49 203.569 8458.84 5010.51 131.384 3445.57 26.5306 8039.2 6800.54 3281.02 2176.31 891.9 3519.53 3138.15 364.848
internal_count=130596 98983 31613 28979 27091 59718 16007 7281 1364 1103 561 5917 11084 4902 8726 39265 537 33195 8291 229 4564 77 30569 27605 9544 5290 2761 18061 17259 554
cat_boundaries=0 1 2
cat_threshold=8 1
is_linear=0
shrinkage=0.05


Tree=133
num_leaves=31
num_cat=3
split_feature=3 6 0 6 2 3 0 4 7 4 1 1 5 5 2 2 2 5 7 4 2 7 7 2 2 3 2 2 8 4
split_gain=461.713 491.587 201.293 154.994 123.227 118.202 138.664 118.364 111.945 97.5657 88.7394 90.6644 119.862 87.9706 133.868 106.958 86.8245 86.2219 139.831 337.165 126.295 107.327 205.679 107.417 189.451 98.7375 91.1584 94.5232 87.3071 85.2751
threshold=-29.058240367910376 -5.545536273944113 5.2984948553240754 -8.4291653915168947 3730.0000000000005 -6.0867691321245561 0.95019500578703731 2.5892505814121369 44055.500000000007 0.39339827910599073 16638.500000000004 25466.500000000004 0 1 3644.5000000000005 722.50000000000011 15222.500000000002 2 3154.5000000000005 6.2376527853301784 1826.5000000000002 19557.500000000004 21459.500000000004 9120.5000000000018 5438.0000000000009 -4.9907616810571973 13896.500000000002 14088.500000000002 -0.057413518867721607 161.92780881229552
decision_type=2 2 2 2 2 2 2 2 2 2 2 2 1 1 2 2 2 1 2 2 2 2 2 2 2 2 2 2 2 2
left_child=2 3 16 9 13 6 -5 -8 -9 -2 -4 12 29 -3 15 -15 -1 21 19 -19 -20 25 -23 24 -24 28 -21 -28 -7 -12
right_child=1 4 10 5 -6 17 7 8 -10 -11 11 -13 -14 14 -16 -17 -18 18 20 26 -22 22 23 -25 -26 -27 27 -29 -30 -31
leaf_value=-0.028436226586178854 -0.031798196137891387 0.041356764663661227 -0.012644760189939683 0.02630517595096233 -0.01694268534228725 0.034741433402822305 0.021951555197959102 0.0048481196711491776 0.024170501696551154 -0.0015693872473937912 0.094219632638923675 0.013473147622835652 -0.01150076925702141 0.026072816409713734 0.065559178615898911 -0.034114672397638816 0.030221839977182936 -0.015793710253243068 0.073425732372609076 0.022213172443054201 -0.020818016674636113 0.10188870894395502 -0.0023686521383750794 -0.022463217351101374 0.11155085625886232 0.090324450571767495 0.17151426676234235 0.062017049774443 -0.0034461420063011763 0.26194425272688493
leaf_weight=1997.8912682700902 279.3270398080349 147.63084159046412 186.74332232400775 925.92566838115454 3801.6391064710915 161.76578761264682 1174.5448982492089 18934.012742791325 780.4917967505753 6013.7017920929939 30.480419058352709 146.72415474429727 20.88751083984971 106.59159404039383 59.523867011070251 240.04602178186178 65.142039835453033 519.3793863132596 36.517145685851574 131.52162409573793 1340.0762776993215 78.012666486203671 102.1756878271699 133.91553776711226 56.774459771811962 30.281401291489601 23.468477964401245 123.04636786878109 2002.3070824444294 10.085861563682554
leaf_count=51296 4015 159 1260 825 5118 193 652 18617 679 41966 233 1124 229 59 31 437 455 278 24 85 821 40 59 138 62 54 10 106 1491 80
internal_value=0.000664567 0.00205125 -0.0203237 0.00414415 -0.0137328 0.00581617 0.00737104 0.00653176 0.00561309 -0.00291115 0.0123799 0.0348279 0.0858135 0.00830261 -0.00371185 -0.0156069 -0.026584 -0.00134096 -0.0086668 0.00799424 -0.018318 0.00486761 0.0297447 0.0105272 0.0383216 0.000663016 0.0524308 0.0795561 -0.000591597 0.13592
internal_weight=39660.6 37202.7 2457.95 32847.2 4355.43 26554.2 21815 20889 19714.5 6293.03 394.921 208.178 61.4538 553.792 406.161 346.638 2063.03 4739.24 2174.01 797.416 1376.59 2565.23 370.878 292.866 158.95 2194.35 278.036 146.515 2164.07 40.5663
internal_count=130596 75919 54677 70115 5804 24134 20773 19948 19296 45981 2926 1666 542 686 527 496 51751 3361 1324 479 845 2037 299 259 121 1738 201 116 1684 313
cat_boundaries=0 1 2 3
cat_threshold=4 8 4
is_linear=0
shrinkage=0.05


Tree=134
num_leaves=31
num_cat=1
split_feature=3 4 6 11 2 0 4 1 2 0 6 4 1 7 11 2 1 11 6 0 7 0 4 2 11 0 8 3 5 0
split_gain=1760.03 458.664 163.218 154.242 216.395 143.377 135.616 175.336 171.141 130.737 134.398 117.714 197.738 114.99 121.933 260.57 144.85 128.206 125.371 167.443 111.538 162.556 142.365 110.168 211.924 120.802 139.719 160.648 124.762 107.27
threshold=-6.4666728876018658 52.403226522299342 -6.0596080446663345 -74832.118257130627 10822.000000000002 1.0784425868055558 2.5892505814121369 9365.5000000000018 15132.500000000002 6.4576120775462966 -18.7658626767609 5.6185747973908766 21697.500000000004 947.50000000000011 -28176.183482125529 1199.5000000000002 30740.500000000004 -34040.089458393915 -5.6372348836578245 4.7250310069444454 668.50000000000011 4.2407709143518533 15.728093583246443 7990.5000000000009 -59868.371678258663 1.5954139641203706 0.50993185661547014 -8.6222385708294578 0 6.1965827719907418
decision_type=2 2 2 2 2 2 2 2 2 2 2 2 2 2 2 2 2 2 2 2 2 2 2 2 2 2 2 2 1 2
left_child=1 13 29 9 -5 -4 -7 8 -8 -3 -11 12 -9 20 15 -15 18 -18 -17 -20 21 -1 23 -22 25 28 27 -27 -25 -2
right_child=2 3 5 4 -6 6 7 11 -10 10 -12 -13 -14 14 -16 16 17 -19 19 -21 22 -23 -24 24 -26 26 -28 -29 -30 -31
leaf_value=-0.025293756346733854 -0.0027816234678682281 -0.033880504688339357 0.027082444563428138 -0.017839818653685953 0.04900252526651791 0.020709448235659386 0.0041649631278618164 -0.13146380224924478 -0.070761504554813379 0.042079927939218408 -0.024207109784623617 0.01636699722548628 0.04424012497091729 0.10553761711746777 -0.025631703049080291 -0.012030934597625142 0.0032196176483510887 0.066145978486925355 -0.042758440370361118 0.060646657835611496 -0.021938389694462778 0.010286519730494804 -0.03782317180645605 0.073618992199749961 0.1785185690082414 0.022542421700495183 0.070314180411473567 -0.038275850304497649 -0.037236356631845893 0.015634969217035038
leaf_weight=638.81754436343908 4152.453799366951 3314.8182860463858 1266.2709205746651 1030.5734775103629 137.2035306096077 2342.3437202200294 8738.318565428257 35.228981420397758 76.882459178566933 117.06932057440281 220.47914026305079 4670.9353478103876 29.356147602200508 50.233320169150829 1102.8473471142352 7697.5527348890901 1036.2858196794987 87.802008390426636 56.017428502440453 130.0107308998704 127.08951568976045 645.27198281511664 114.7439968958497 170.48402034491301 22.778112411499023 311.29406605288386 86.712050415575504 166.7368976958096 29.820725943893194 976.64063198119402
leaf_count=2398 3166 64265 301 5814 32 821 5035 43 101 472 1811 1896 16 78 4249 31978 3554 82 187 91 346 1235 827 93 2 584 95 268 77 679
internal_value=-0.000736143 -0.0127052 0.00855119 -0.0258043 -0.00998643 0.0108905 0.00960039 0.00768011 0.00351149 -0.0308618 -0.00121729 0.01544 -0.0516004 -0.00764366 -0.00993445 -0.00802322 -0.00865652 0.00813477 -0.0110507 0.029509 0.00241624 -0.0074142 0.0146758 0.0212599 0.0282285 0.0237539 0.0119212 0.00132905 0.0571152 0.000725115
internal_weight=39583.1 17294.6 22288.4 4820.14 1167.78 17159.3 15893.1 13550.7 8815.2 3652.37 337.548 4735.52 64.5851 12474.5 10160.7 9057.9 9007.67 1124.09 7883.58 186.028 2313.75 1284.09 1029.66 914.915 787.826 765.048 564.743 478.031 200.305 5129.09
internal_count=130596 118538 12058 72394 5846 8213 7912 7091 5136 66548 2283 1955 59 46144 40219 35970 35892 3636 32256 278 5925 3633 2292 1465 1119 1117 947 852 170 3845
cat_boundaries=0 1
cat_threshold=4
is_linear=0
shrinkage=0.05


Tree=135
num_leaves=31
num_cat=2
split_feature=6 4 0 3 1 4 5 5 8 0 2 3 8 1 1 4 2 8 6 4 2 2 11 1 7 2 2 11 0 2
split_gain=1297.24 444.118 216.723 165.063 150.243 147.873 128.13 126.694 113.155 112.552 112.152 90.5871 117.567 89.4162 89.0643 112.356 109.835 92.9132 87.9801 83.4971 83.2279 85.5934 91.2464 81.5353 78.326 128.73 119.17 174.742 200.013 153.53
threshold=-7.8295916130419156 69.102270660704377 2.6129846585648155 -20.615915609941023 41936.000000000007 3.0725797804206416 0 1 -0.0038516039527252128 6.6358718402777788 13140.500000000002 -4.9907616810571973 -0.067922344013896727 25466.500000000004 27497.000000000004 15.302744961548294 15013.500000000002 1.0000000180025095e-35 -6.1659928052803119 2.5892505814121369 1199.5000000000002 6169.5000000000009 -426506.56862902857 22158.000000000004 9875.5000000000018 14589.500000000002 1976.5000000000002 -59868.371678258663 3.7959116145833343 12963.000000000002
decision_type=2 2 2 2 2 2 1 1 2 2 2 2 2 2 2 2 2 2 2 2 2 2 2 2 2 2 2 2 2 2
left_child=1 7 -2 9 -5 -4 23 -1 -9 -3 -6 12 -8 -11 15 17 20 -10 -14 -16 -17 -22 -23 -7 25 26 -13 29 -29 -28
right_child=2 3 5 4 10 6 11 8 14 13 -12 24 18 -15 19 16 -18 -19 -20 -21 21 22 -24 -25 -26 -27 27 28 -30 -31
leaf_value=0.027642076639329678 -0.016932182418943186 0.032926626057800022 -0.016932720479590688 0.019381810484376285 0.010701856187942442 -0.0050829434661418937 0.0082885180027465009 0.011878706138184508 -0.014355796381378398 -0.08631135060702444 -0.041215297994297184 -0.021319636445125318 0.00032942040170039845 0.038677057392775951 0.021892943632226509 -0.030373947344470544 -0.016895722347876421 0.0035630228669012512 -0.010916544260704319 -0.016588477825530693 0.031947627896731945 0.03796277849365224 0.0065300020232913611 -0.016399484122298674 -0.013773426124790484 -0.0051752774168858182 -0.035202051067235667 0.017734675093393337 0.10532865728816308 0.068766907138310795
leaf_weight=612.81325226277113 4541.4548624008894 2729.1368593461812 2266.8902003392577 1859.9515582993627 220.30133546516299 5890.0232722572982 2412.4062119536102 3378.6722084581852 1222.6667827814817 35.891048073768616 197.07967030256987 74.377129644155502 4060.6105622649193 23.796599537134171 162.55205504596233 107.7965734899044 349.32265993952751 1771.7524210512638 3041.9808315336704 1061.4383940063417 557.79829385876656 260.5193111076951 2029.5175823122263 2181.0989072397351 192.92536249756813 282.43733957409859 93.912963911890984 106.95962019264698 166.80358894169331 57.095566943287849
leaf_count=6265 4589 44282 1659 13631 1247 6087 3962 14128 2167 115 659 39 4655 139 552 385 682 3687 2179 1851 3668 2062 8634 2081 119 235 18 148 535 136
internal_value=7.28963e-05 0.0109487 -0.00703545 0.0232855 0.0132981 -0.00487746 -0.0034051 0.00552088 0.00427743 0.0314411 -0.0138125 0.000238984 -0.00124803 -0.0364803 0.000863761 0.0032618 0.00961794 -0.0037535 -0.00448713 -0.011478 0.0127516 0.014384 0.0101059 -0.00814107 0.014758 0.0218006 0.0370646 0.0472876 0.0711056 0.00410809
internal_weight=41950 16581 25369 5066.16 2277.33 20827.5 18560.6 11514.8 10902 2788.82 417.381 10489.5 9515 59.6876 7523.36 6299.37 3304.95 2994.42 7102.59 1223.99 2955.63 2847.84 2290.04 8071.12 974.512 781.586 499.149 424.772 273.763 151.009
internal_count=130596 104154 26442 60073 15537 21853 20194 44081 37816 44536 1906 12026 10796 254 23688 21285 15431 5854 6834 2403 14749 14364 10696 8168 1230 1111 876 837 683 154
cat_boundaries=0 1 2
cat_threshold=8 1
is_linear=0
shrinkage=0.05


Tree=136
num_leaves=31
num_cat=2
split_feature=3 6 0 6 2 6 0 4 7 4 0 2 2 2 2 2 5 2 2 2 7 8 5 2 2 1 0 1 1 3
split_gain=420.58 448.738 193.634 137.033 116.673 103.865 120.332 96.7972 92.1187 90.7116 98.8806 95.6806 85.8418 143.41 82.4129 81.436 125.081 102.617 80.6524 181.009 382.472 83.6887 79.7967 105.841 106.403 136.716 102.793 91.6961 151.433 96.921
threshold=-29.058240367910376 -5.545536273944113 5.2984948553240754 -8.2019366372667175 3730.0000000000005 -6.0937457905877439 6.1418282060185199 0.39339827910599073 44055.500000000007 2.5892505814121369 0.591205127314815 507.50000000000006 13862.500000000002 13752.500000000002 15222.500000000002 3644.5000000000005 0 722.50000000000011 14923.500000000002 14957.500000000002 809.50000000000011 -0.014799132338060515 1 15062.500000000002 15132.500000000002 15858.500000000002 1.2324569733796298 240.50000000000003 1567.5000000000002 -6.9170352432702478
decision_type=2 2 2 2 2 2 2 2 2 2 2 2 2 2 2 2 1 2 2 2 2 2 1 2 2 2 2 2 2 2
left_child=2 3 14 7 15 6 8 -2 9 11 -11 -5 13 -4 -1 16 -3 -18 -6 20 21 -20 23 26 25 -25 -9 -28 29 -29
right_child=1 4 12 5 18 -7 -8 22 -10 10 -12 -13 -14 -15 -16 -17 17 -19 19 -21 -22 -23 -24 24 -26 -27 27 28 -30 -31
leaf_value=-0.028090441368714272 -0.031683470133667034 0.039816264465829143 0.018316638876299796 -0.056220518478163228 -0.018900640453005491 -0.0010488425263438454 -0.00035260065297262037 -0.034253913980241982 0.02921915856380207 0.029474716942446695 0.0066729192491534256 0.026166487737179729 -0.011262882183327279 0.14146566489738294 0.028505718262307401 0.063307406773035743 0.025497363399660231 -0.033940081277980753 0.097723123275916188 -0.020466127278427775 -0.011855704049964349 0.22931390903598908 -0.0055519345196629391 0.040902470629027778 -0.042918627646722836 0.17552834223047412 -0.055006008425341792 0.040838050553941296 0.0010308489593993352 -0.046961517529688725
leaf_weight=1904.8701212182641 270.7644917294383 148.16620095074177 171.90310135111213 36.607342317700386 3347.5676008518785 4767.8325296603143 4291.2698803767562 169.17144071497023 546.49182147160172 491.22488087415695 14814.134932916611 944.07830246537924 197.43699766695499 27.410041477531195 66.570131642743945 59.915107935667038 105.80322125554085 231.51903265528381 23.774310201406479 236.81478647515178 84.1900539919734 24.568659730255604 3976.7384758945554 97.766931429505348 26.984884971752763 23.365132635459304 59.460805013775826 405.78170066699386 1655.3038132060319 34.071257688105106
leaf_count=51296 4019 159 1366 24 4743 3696 3783 1402 477 408 13728 502 1497 63 455 31 59 437 13 293 41 28 28131 109 237 78 56 1032 12411 22
internal_value=0.000659852 0.00197167 -0.0197655 0.00396579 -0.0132853 0.00561693 0.00712146 -0.00239652 0.00902689 0.00834932 0.00740474 0.0230911 0.0121047 0.0352524 -0.0261793 0.00831022 0.00152291 -0.0152972 -0.0164542 0.00571933 0.0525084 0.1646 -0.00116682 0.00588784 0.0468684 0.0668704 0.00327576 0.00622243 0.0079601 0.034037
internal_weight=39241.6 36873.4 2368.19 32611 4262.32 25891.6 21123.8 6719.41 16832.5 16286 15305.4 980.686 396.75 199.313 1971.44 545.404 485.488 337.322 3716.92 369.348 132.533 48.343 6448.64 2471.91 148.117 121.132 2323.79 2154.62 2095.16 439.853
internal_count=130596 75919 54677 70115 5804 22618 18922 47497 15139 14662 14136 526 2926 1429 51751 686 655 496 5118 375 82 41 43478 15347 424 187 14923 13521 13465 1054
cat_boundaries=0 1 2
cat_threshold=8 8
is_linear=0
shrinkage=0.05


Tree=137
num_leaves=31
num_cat=1
split_feature=3 4 11 2 3 0 1 4 0 0 6 11 5 6 0 6 2 2 11 7 2 4 0 3 6 7 3 7 2 2
split_gain=1602.72 441.692 169.311 196.703 151.07 159.991 145.053 150.473 129.45 126.803 127.219 117.402 110.789 118.506 285.185 148.791 202.119 336.41 131.473 128.259 389.061 147.619 136.431 170.554 117.511 117.21 159.516 140.467 441.148 120.682
threshold=-6.4666728876018658 50.667246900856171 -74832.118257130627 10822.000000000002 -5.9170352432702478 0.67034533564814824 9365.5000000000018 3.0725797804206416 2.8853423263888893 6.4576120775462966 -18.7658626767609 -35567.829099324532 0 -27.986532043239819 3.7402859027777784 -6.996754998668437 3487.5000000000005 3568.0000000000005 -32733.065939880376 6718.5000000000009 14608.500000000002 3.5327068242902757 6.8186053703703715 -7.0097055561422907 -6.7476325534634922 3646.5000000000005 -6.8852223000276203 3154.5000000000005 14908.500000000002 15092.500000000002
decision_type=2 2 2 2 2 2 2 2 2 2 2 2 1 2 2 2 2 2 2 2 2 2 2 2 2 2 2 2 2 2
left_child=1 12 9 8 -2 -6 7 11 -4 -3 -11 -7 -1 14 18 16 -15 -18 -14 21 -21 24 23 -23 -17 26 27 29 -29 -19
right_child=4 2 3 -5 5 6 -8 -9 -10 10 -12 -13 13 15 -16 19 17 25 -20 20 -22 22 -24 -25 -26 -27 -28 28 -30 -31
leaf_value=-0.035025390689880601 0.0016463496821376893 -0.033812510005762846 -0.00018139301355177344 0.047483399100241901 0.03420452941618065 0.022340050922755355 0.01743070762925333 0.0032357293948665276 -0.035168246637572446 0.039703991789232868 -0.024214313685629457 -0.0050253914419109242 -0.028023760695082278 -0.036179556587362924 0.024111360381112178 -0.037809377425733426 0.072608716498686915 -0.012239636484723947 0.055256935067370741 -0.00039282326682496278 0.066425689329806678 0.0040942418432560494 0.047972783575624123 -0.032600855186438342 0.032675527903458845 -0.017460361389998534 0.050389177045530358 -0.019147427568348436 0.13510344903712876 0.038539364138225014
leaf_weight=349.07521694153547 6344.757302492857 3205.6888274047524 575.48358549550176 136.57706485688686 697.15968470275402 2068.9780161306262 4319.1408298611641 8107.4146194681525 489.05923663266003 119.9735858514905 221.70314332097769 483.52952191978693 532.03464790806174 800.73724196478724 915.33845283836126 73.320658303797245 122.34569546580315 2254.4503404907882 52.024285569787025 1320.7865630611777 260.88441443443298 489.95037765800953 78.90195344388485 895.26813986152411 305.57765481621027 3307.0624100491405 130.98171880841255 136.06473311036825 70.300959378480911 123.41294774413109
leaf_count=6093 4423 64929 2514 33 144 712 1722 4765 3504 479 1871 292 4908 3969 2095 96 143 8904 272 1601 121 954 39 1267 153 13573 89 710 47 174
internal_value=-0.000742578 -0.0122917 -0.0252325 -0.0090071 0.00815595 0.0107906 0.00970089 0.00656895 -0.0162546 -0.0307263 -0.00177056 0.0171561 -0.00726255 -0.00644606 0.00669279 -0.00834579 -0.0125514 -0.00947233 -0.0206056 0.000183348 0.0106284 -0.00878053 -0.0159791 -0.0196218 0.019036 -0.0111399 -0.00344162 -0.00617004 0.0334 -0.00960417
internal_weight=38988 16967 4748.49 1201.12 22021 15676.2 14979.1 10659.9 1064.54 3547.37 341.677 2552.51 12218.5 11869.4 1499.4 10370 6945.36 6144.62 584.059 3424.69 1581.67 1843.02 1464.12 1385.22 378.898 6022.27 2715.21 2584.23 206.366 2377.86
internal_count=130596 118538 73330 6051 12058 7635 7491 5769 6018 67279 2350 1004 45208 39115 7275 31840 27609 23640 5180 4231 1722 2509 2260 2221 249 23497 9924 9835 757 9078
cat_boundaries=0 1
cat_threshold=1
is_linear=0
shrinkage=0.05


Tree=138
num_leaves=31
num_cat=2
split_feature=6 4 0 3 1 5 5 8 0 11 2 4 2 2 3 2 3 7 4 0 1 2 2 11 2 6 1 3 4 2
split_gain=1159.89 421.44 205.807 163.875 140.599 138.753 118.528 105.548 105 101.828 98.757 165.104 156.401 126.533 120.435 84.8523 83.185 82.8975 82.479 80.2475 79.729 86.7516 137.529 544.289 105.188 91.6212 78.8408 89.6059 79.0386 87.6836
threshold=-7.8295916130419156 69.102270660704377 2.6129846585648155 -20.615915609941023 41936.000000000007 0 1 -0.0038516039527252128 6.6358718402777788 -245159.17729181607 14838.500000000002 45.771623721351233 14985.500000000002 14812.500000000002 -3.6665527722616669 15187.500000000002 -6.0867691321245561 22577.500000000004 10.499534748920409 6.698389409722223 22158.000000000004 13534.000000000002 14738.500000000002 -75849.604424996258 14712.500000000002 -7.2387113407485772 7423.5000000000009 -5.9170352432702478 1.4712513167492045 14621.500000000002
decision_type=2 2 2 2 2 1 1 2 2 2 2 2 2 2 2 2 2 2 2 2 2 2 2 2 2 2 2 2 2 2
left_child=1 6 -2 8 -5 18 -1 -8 -3 -6 13 15 -13 14 26 -12 -15 -9 -4 -10 21 -20 23 24 -23 -24 28 -28 -7 -30
right_child=2 3 5 4 9 10 7 17 19 -11 11 12 -14 16 -16 -17 -18 -19 20 -21 -22 22 25 -25 -26 -27 27 -29 29 -31
leaf_value=0.027067227726968492 -0.016425935989078842 0.032726257178281995 -0.016379018251485893 0.018786384051243801 -0.095600229411204232 -0.020259402750466185 0.01139453654208634 0.0035303942325624438 -0.10420354976736231 -0.0059645595069780467 -0.020729555120053485 0.013900479009298939 0.14712271779966737 0.037397523610132662 0.07425669458796412 0.031098627148911203 0.18182106645562074 -0.0091120749160055765 -0.0067310106581030789 0.012269919395990245 -0.01434782306015147 0.015187855793433234 0.046266667101179007 0.29969878863601263 0.16699828806164457 -0.012756545705009914 0.00014660105528503309 -0.014212384033710911 0.0045481668309309701 0.033644410018921669
leaf_weight=587.56457889825106 4448.5794591121376 2582.0728211514652 2794.129770629108 1827.3212672248483 34.547174550592899 298.08161585777998 3341.2802625223994 5798.1943001970649 24.188105598092079 382.3578613139689 1385.0201568156481 145.16542813926935 25.972185548394918 30.951933056116104 55.03500235080719 83.746821902692318 14.708146438002585 1670.11858522892 2976.330608099699 38.053955033421516 1959.1459064334631 523.13081841543317 73.968704301863909 17.780495956540108 11.664924103766678 591.68527189642191 3566.6737382039428 1562.4651682153344 4246.478450357914 275.74507934600115
leaf_count=6265 4589 44282 2210 13631 64 196 14128 19942 48 1842 887 242 129 70 155 156 66 3746 2899 206 1976 829 169 120 57 552 4701 983 4949 507
internal_value=7.38871e-05 0.0104645 -0.0066715 0.0227457 0.0128086 -0.00456889 0.00519671 0.00400792 0.0311793 -0.0133923 -0.00098207 -0.0123589 0.0341186 0.00087432 0.000495304 -0.0177744 0.0839196 0.000703193 -0.00925495 -0.0329932 -0.00602023 -0.00213067 0.00910869 0.0275474 0.0184991 -0.00619778 8.72954e-05 -0.00422751 0.00467855 0.00632233
internal_weight=41372.2 16285.7 25086.5 4888.54 2244.23 20637.9 11397.2 10809.6 2644.31 416.905 11690 1639.9 171.138 10050.1 10004.5 1468.77 45.6601 7468.31 8947.84 62.2421 6153.71 4194.56 1218.23 552.576 534.796 665.654 9949.44 5129.14 4820.31 4522.22
internal_count=130596 104154 26442 60073 15537 21853 44081 37816 44536 1906 13041 1414 371 11627 11491 1043 136 23688 8812 254 6602 4626 1727 1006 886 721 11336 5684 5652 5456
cat_boundaries=0 1 2
cat_threshold=8 1
is_linear=0
shrinkage=0.05


Tree=139
num_leaves=31
num_cat=1
split_feature=3 3 0 2 3 2 5 7 6 2 2 2 6 0 7 8 1 2 11 1 11 7 2 4 8 2 2 0 1 4
split_gain=381.741 412.025 187.611 126.16 109.326 109.523 107.563 191.124 112.395 170.868 249.645 103.031 95.4703 113.663 105.303 98.434 95.1443 93.7251 246.607 93.4729 95.6858 90.0024 89.3554 82.0872 81.995 79.1617 79.0319 76.6356 76.6119 107.679
threshold=-29.058240367910376 -5.5265860328747483 5.2984948553240754 3730.0000000000005 -9.0388875314224375 14974.500000000002 0 1570.5000000000002 -23.507030245145319 13862.500000000002 13293.500000000002 14965.500000000002 -6.0596080446663345 0.49194083912037051 44055.500000000007 -0.014799132338060515 855.50000000000011 1826.5000000000002 -13969.208740483242 8405.5000000000018 -9346.1893204530334 237.50000000000003 507.50000000000006 19.50728921640874 0.068870923253177022 15222.500000000002 722.50000000000011 1.833401678240741 301.50000000000006 2.5892505814121369
decision_type=2 2 2 2 2 2 1 2 2 2 2 2 2 2 2 2 2 2 2 2 2 2 2 2 2 2 2 2 2 2
left_child=2 4 25 19 6 11 7 21 9 10 -8 12 13 -6 17 -14 -7 22 24 20 -3 -2 -15 -4 28 -1 -22 -9 -19 -30
right_child=1 3 23 -5 5 16 8 27 -10 -11 -12 -13 15 14 -16 -17 -18 18 -20 -21 26 -23 -24 -25 -26 -27 -28 -29 29 -31
leaf_value=-0.027734447245264811 -0.041573543311777157 0.043249227184144097 -0.030937288503295191 -0.016844500144463689 0.031368444166869798 0.048535395356110872 0.0048460420582932496 -0.034539830736759751 -0.012643667136311616 -0.032466184201821263 0.11039142022689062 -0.053018783206950817 0.0070713682339907744 -0.011358505891387191 0.022567814731538873 -0.0083511123336301712 0.012789424264647829 -0.019963285072430878 -0.047632235869567705 -0.034830328191045194 0.026897477077301529 0.042490510899985345 0.025276485862417975 0.024149298891108305 -0.0018289377623405157 0.027423398825389356 -0.03676831376385483 0.0018120779917115797 0.026191736284064678 0.0056274661165777746
leaf_weight=1817.0592497568578 34.64972485601902 215.24713893607259 86.551632262766361 3422.2486596610397 424.94218552857637 232.78133065998554 167.66412086598575 167.60415391437709 2627.9042204208672 119.60560809448361 84.141180865466595 78.250150915235281 1695.5087187662721 203.30737788975239 845.00787801295519 2654.2463285028934 929.31208388507366 277.99042227864265 230.57071227580309 94.762783989310265 96.971885398030281 392.65491881221533 917.97288747131824 309.30226896330714 4191.6506973877549 67.464158564805984 98.013684695586562 1074.1851497385651 665.53866632282734 14622.272496581078
leaf_count=51296 69 336 353 4665 398 153 1797 2031 26292 1102 238 118 1774 222 814 1749 816 196 81 101 50 1250 727 2573 4531 455 129 11231 418 14631
internal_value=0.000661029 0.00189884 -0.0191869 -0.013402 0.00373997 0.00492223 -0.0033432 0.0068307 -0.00900489 0.0167411 0.0401142 0.00427078 0.0044385 0.00575592 0.00526017 -0.00233952 0.0199498 0.00456734 0.00377824 0.00992713 0.020266 0.0356738 0.0186339 0.0121049 0.0043782 -0.0257598 -0.0051055 -0.00309433 0.0060497 0.00652271
internal_weight=38845.4 36565 2280.38 3927.24 32637.8 27969.4 4668.41 1669.09 2999.32 371.411 251.805 26807.3 26729 22379.3 21954.3 4349.76 1162.09 21109.3 19988 504.995 410.233 427.305 1121.28 395.854 19757.5 1884.52 194.986 1241.79 15565.8 15287.8
internal_count=130596 75919 54677 5281 70638 26628 44010 14581 29429 3137 2035 25659 25541 22018 21620 3523 969 20806 19857 616 515 1319 949 2926 19776 51751 179 13262 15245 15049
cat_boundaries=0 1
cat_threshold=8
is_linear=0
shrinkage=0.05


Tree=140
num_leaves=31
num_cat=2
split_feature=3 4 11 2 3 0 1 8 4 2 2 6 0 0 8 4 5 6 2 0 8 0 6 5 0 6 0 6 2 2
split_gain=1464.52 424.49 150.695 191.838 136.354 156.942 137.758 148.527 153.538 199.645 295.356 194.037 162.57 127.271 115.565 188.403 113.439 113.254 109.137 106.863 129.401 146.677 128.568 106.575 107.512 123.678 220.813 152.596 201.625 303.17
threshold=-6.4666728876018658 52.403226522299342 -74832.118257130627 10822.000000000002 -5.9170352432702478 0.67034533564814824 9365.5000000000018 0.065473904399101293 4.9569986769654344 10552.000000000002 9389.0000000000018 -5.1159697214770246 4.9535799884259282 6.4576120775462966 -0.25745281339588771 39.102805883769058 0 -18.7658626767609 10027.500000000002 2.8853423263888893 0.080931804243017616 2.2595479224537045 -7.2071532416832271 1 0.49194083912037051 -27.986532043239819 3.7402859027777784 -6.996754998668437 3487.5000000000005 3568.0000000000005
decision_type=2 2 2 2 2 2 2 2 2 2 2 2 2 2 2 2 1 2 2 2 2 2 2 1 2 2 2 2 2 2
left_child=1 23 13 19 -2 -6 7 8 -7 10 11 -10 18 -3 15 -11 -9 -15 -12 20 21 -4 -23 -1 -25 26 -26 28 -27 -30
right_child=4 2 3 -5 5 6 -8 16 9 14 12 -13 -14 17 -16 -17 -18 -19 -20 -21 -22 22 -24 24 25 27 -28 -29 29 -31
leaf_value=-0.034954292428334664 0.0016071477753580546 -0.033699910964996686 -0.036556422540539694 0.046586235943301441 0.033969480287081237 0.017600319609743158 0.016859814031241847 0.0097589584590634069 0.0083167818480045699 -0.009762810797730755 -0.14568040530953577 -0.033802455210741822 -0.18466564056781834 0.036980601614763679 0.011596921192318426 -0.15983437804164854 -0.014394242093612201 -0.023476420678835347 -0.00033480730853291038 -0.035082287012527261 0.045971071951253321 0.057374792608728388 -0.03752495148179974 -0.036583835281864222 -0.018169911295708406 -0.036094721722467762 0.022821437082108067 0.0011690636732367631 0.068139731780900048 -0.010405953066835404
leaf_weight=333.65644703060389 6332.0981394462287 3002.6214918717742 273.49682760611176 135.21110235154629 671.00805321335793 3283.6603026837111 4236.6415568739176 760.27474988996983 772.67557384073734 198.9554467946291 19.240895785391331 423.20879139751196 34.733903646469116 123.03551811724901 3634.4497853592038 23.370293885469437 1348.1677413657308 209.13810240477324 39.286000482738018 444.79810221120715 111.57728584483266 101.805823687464 54.955001432448626 286.0203257612884 510.63846994191408 760.26917960122228 921.24532675743103 3384.8864943273365 125.47948973998427 5866.2568623311818
leaf_count=6129 4423 64265 1744 32 144 1276 1722 367 428 170 67 503 106 472 1752 51 1023 1811 26 3362 245 377 86 1846 4504 3898 2168 4208 143 23248
internal_value=-0.000747856 -0.0119136 -0.0251183 -0.00926634 0.00778627 0.0103195 0.00924536 0.0061841 0.00915283 0.0037624 -0.0132721 -0.0065887 -0.0989733 -0.030451 0.00945626 -0.0255379 -0.00568494 -0.00108343 -0.0481176 -0.0169205 -0.00201138 -0.0144545 0.0241062 -0.00708531 -0.00630093 -0.00555223 0.0082031 -0.00749524 -0.0118388 -0.00876104
internal_weight=38422.9 16645.1 4456.64 1121.84 21777.8 15445.7 14774.7 10538 8429.58 5145.92 1289.15 1195.88 93.2608 3334.8 3856.78 222.326 2108.44 332.174 58.5269 986.633 541.835 430.258 156.761 12188.5 11854.8 11568.8 1431.88 10136.9 6752.01 5991.74
internal_count=130596 118538 72394 5846 12058 7635 7491 5769 4379 3103 1130 931 199 66548 1973 221 1390 2283 93 5814 2452 2207 463 46144 40015 38169 6672 31497 27289 23391
cat_boundaries=0 1 2
cat_threshold=8 1
is_linear=0
shrinkage=0.05


Tree=141
num_leaves=31
num_cat=2
split_feature=3 4 8 8 0 0 0 5 0 2 5 3 4 0 3 0 1 4 7 1 4 2 6 8 3 6 2 11 1 8
split_gain=1039.6 399.088 187.469 219.34 167.206 147.31 90.2876 89.3873 80.9427 80.385 77.8893 92.6865 83.4006 75.8009 75.051 117.716 74.7507 74.5431 73.9964 73.7995 96.6443 138.447 84.2618 67.2053 65.8728 64.9643 98.961 112.076 123.336 99.9906
threshold=-8.9815075964536124 66.037702375559618 -0.024592418596031781 0.019451442467959715 4.3545591261574081 6.5453951678240765 0.67034533564814824 0 4.1852252141203721 14847.500000000002 1 -6.4348017523049972 15.302744961548294 3.0519686168981486 -11.574791979504832 2.9131450405092605 32609.500000000004 22.923179279297461 39036.500000000007 39096.500000000007 118.99881610974053 13752.500000000002 -8.6151092403648892 -22.752390131767402 -3.6665527722616669 -7.1777011336598031 6598.5000000000009 -91161.328800859017 7544.5000000000009 -3.4832888387730967
decision_type=2 2 2 2 2 2 2 1 2 2 1 2 2 2 2 2 2 2 2 2 2 2 2 2 2 2 2 2 2 2
left_child=1 6 9 5 -3 13 -1 14 10 24 11 -5 -12 -4 -8 -16 -10 -9 25 23 21 -21 -22 -6 -2 26 -19 -28 -29 -30
right_child=2 4 3 8 19 -7 7 17 16 -11 12 -13 -14 -15 15 -17 -18 18 -20 20 22 -23 -24 -25 -26 -27 27 28 29 -31
leaf_value=0.028662455595141578 0.0035403994625736717 0.032565660080810077 -0.021144669334339707 0.0089482234527144006 -0.082172449436740097 -0.00036298626823688966 0.032969533172057121 -0.00025491097610695401 0.0057333424128700426 -0.012354587386326953 -0.015790762145975662 0.18224767971281775 -0.00059213972127559241 -0.011608975441162094 -0.16622924928423821 0.011472211163443784 -0.01424425285701207 0.032307869248125606 -0.014819551476244908 0.037127408932245691 0.016924015435834924 -0.081338048103209354 -0.1125719777890436 0.019585540876317923 0.10316190295923051 -0.017349841087275716 0.011983891980643932 -0.10234678944924001 -0.11044096771225087 0.030852481478923416
leaf_weight=418.99975062161684 6156.9841805808246 2605.3860332928598 2846.0458180047572 22.48912425339222 16.504088379442692 2364.2368850186467 420.38089505210519 4818.4173910096288 3924.0752950683236 878.69275535643101 1628.8212140724063 11.744832061231135 2024.4715740159154 7784.011293657124 12.267591536045073 38.780648097395897 531.68335937708616 587.10486071929336 277.45263138413429 35.217789620161057 223.32458321005106 82.287734240293503 13.310708582401274 962.30085497349501 16.638405457139015 173.19717228412628 1844.4140786752105 45.800994165241718 15.804362297058104 60.280287005007267
leaf_count=3026 8310 48265 2525 39 56 2821 5356 13165 5158 834 1332 53 2633 7325 39 275 523 4699 535 282 1733 127 55 9200 60 461 11240 126 1 342
internal_value=7.99579e-05 0.0119878 -0.00526413 -0.00761932 0.0251966 -0.0116514 0.00601731 0.00487329 -0.00118536 0.00179498 -0.00666501 0.068403 -0.00736845 -0.014162 0.0260175 -0.0312319 0.00334952 0.00359902 0.0097806 0.0107931 -0.00876612 -0.0458326 0.00963988 0.0178698 0.00380889 0.0122839 0.0142939 0.00891523 -0.0375207 0.0015029
internal_weight=40841.1 12651.2 28189.9 21137.6 3938.33 12994.3 8712.9 8293.9 8143.29 7052.32 3687.53 34.234 3653.29 10630.1 471.429 51.0482 4455.76 7822.47 3004.05 1332.95 354.141 117.506 236.635 978.805 6173.62 2726.6 2553.4 1966.3 121.886 76.0846
internal_count=130596 98983 31613 22409 59718 12671 39265 36239 9738 9204 4057 92 3965 9850 5670 314 5681 30569 17404 11453 2197 409 1788 9256 8370 16869 16408 11709 469 343
cat_boundaries=0 1 2
cat_threshold=1 1
is_linear=0
shrinkage=0.05


Tree=142
num_leaves=31
num_cat=1
split_feature=3 6 0 6 6 2 2 1 4 2 11 2 2 2 2 11 6 2 5 4 3 0 2 1 4 4 7 2 7 3
split_gain=347.149 379.984 181.94 107.175 109.988 102.979 102.36 121.576 96.8367 93.4761 91.8851 80.0689 386.341 79.8275 155.032 123.02 116.156 108.078 266.793 234.472 187.776 123.186 110.578 126.932 161.77 119.07 97.9481 104.269 96.577 123.816
threshold=-29.058240367910376 -5.545536273944113 5.2984948553240754 -7.9525304690071295 -7.4205594631068896 3730.0000000000005 14974.500000000002 855.50000000000011 0.39339827910599073 14985.500000000002 -92187.69716151015 14946.500000000002 14957.500000000002 8677.5000000000018 7251.5000000000009 -61062.496361920457 -5.5894758356106422 6091.5000000000009 0 13.194700301946066 -6.00910642487516 5.879238443287039 5860.5000000000009 12821.500000000002 44.235231488147605 6.2376527853301784 4653.5000000000009 6986.0000000000009 762.50000000000011 -6.9170352432702478
decision_type=2 2 2 2 2 2 2 2 2 2 2 2 2 2 2 2 2 2 1 2 2 2 2 2 2 2 2 2 2 2
left_child=2 3 -1 8 -5 -3 13 -8 -2 -9 -11 -7 -13 14 17 -15 28 22 19 -19 -21 -22 23 25 -25 -6 -20 -28 29 -16
right_child=1 5 -4 4 6 11 7 9 -10 10 -12 12 -14 15 16 -17 -18 18 26 20 21 -23 -24 24 -26 -27 27 -29 -30 -31
leaf_value=-0.025345178618392829 -0.031596899990778957 0.0079873996278278462 0.012090562505506521 0.012834536061934991 0.009657710119669552 -0.017796440152897202 0.05814148798916835 0.042653025284209632 -0.00042680387129143929 0.012548927173331604 -0.035544327307796192 0.12395812842585799 -0.019739411160393724 0.0016922656475641556 -0.10207149871743022 -0.021963078305330293 0.12548687641551812 -0.046165251847845451 -0.0029584748079092842 0.026184713126080689 0.049411892052785893 0.27885213513235041 0.03565869911274433 0.024433067095140149 -0.0069339233865646933 -0.01214437101594815 -0.063694060487141338 0.021292701428274469 0.022470171024450945 0.020883731712997552
leaf_weight=1805.6722483374178 257.75055587477982 532.93390366993845 395.68206876143813 4029.3321975134313 1094.0886192433536 3275.3555524963886 171.66868449002504 179.57076707109809 7489.0046730656177 416.22491755709052 130.43963535875082 58.856734938919544 227.86358228512108 11699.647350812331 36.41625913977623 576.70489909127355 26.267034474760294 115.4003468900919 136.62469282001257 309.91691714897752 10.88774159550667 12.643558159470556 302.70622187107801 1271.53287781775 607.40452755242586 1464.5295716449618 292.69979820400476 41.16627611219883 1437.1933330819011 46.772438406944275
leaf_count=51751 4021 686 2926 4258 686 4791 91 77 45297 400 84 34 293 9629 15 535 33 82 110 260 34 20 176 917 598 1401 203 39 1117 32
internal_value=0.00066259 0.00183329 -0.0186163 0.00366005 0.00528619 -0.0125116 0.00379385 0.0202996 -0.0014639 0.0113545 0.0010734 -0.0155785 0.00975821 0.00303314 0.0072105 0.000581011 0.0212394 0.00337671 -0.0123128 0.0152641 0.0365237 0.172692 0.00641957 0.00442504 0.0142931 -0.0028216 -0.0386212 -0.053215 0.0194383 -0.0329405
internal_weight=38453 36251.6 2201.35 32156.6 24409.8 4095.01 20380.5 897.904 7746.76 726.235 546.665 3562.08 286.72 19482.6 7206.25 12276.4 1546.65 5659.6 919.339 448.849 333.448 23.5313 4740.26 4437.56 1878.94 2558.62 470.491 333.866 1520.38 83.1887
internal_count=130596 75919 54677 70115 20797 5804 16539 652 49318 561 484 5118 327 15887 5723 10164 1197 4526 748 396 314 54 3778 3602 1515 2087 352 242 1164 47
cat_boundaries=0 1
cat_threshold=4
is_linear=0
shrinkage=0.05


Tree=143
num_leaves=31
num_cat=1
split_feature=3 4 11 2 0 2 4 3 5 4 8 8 6 3 0 0 7 2 4 0 3 2 0 2 1 0 1 2 4 6
split_gain=1334.66 409.887 164.629 174.647 127.497 142.51 148.389 131.219 131.024 140.043 205.565 169.11 149.009 141.243 125.957 121.574 120.106 126.436 112.828 139.21 134.438 168.405 165.831 152.76 107.831 117.811 122.624 147.65 143.04 103.764
threshold=-6.4666728876018658 50.667246900856171 -74832.118257130627 10822.000000000002 3.0239483333333346 1199.5000000000002 2.095937416300369 -5.9170352432702478 0 16.96411985522268 0.021252293881188326 -0.24526148344988694 -5.1159697214770246 -5.9689959068912115 2.8853423263888893 6.4576120775462966 11304.500000000002 15132.500000000002 9.1893487371359424 6.1965827719907418 -6.2626880638303701 2120.5000000000005 6.698389409722223 13862.500000000002 413.50000000000006 0.67034533564814824 301.50000000000006 14278.500000000002 2.5892505814121369 -18.7658626767609
decision_type=2 2 2 2 2 2 2 2 1 2 2 2 2 2 2 2 2 2 2 2 2 2 2 2 2 2 2 2 2 2
left_child=1 -1 15 14 8 -6 -7 18 -2 24 11 -11 -12 -13 -4 -3 17 -9 -8 -20 22 -22 -21 -23 25 -10 27 -27 -28 -17
right_child=4 2 3 -5 5 6 7 16 9 10 12 13 -14 -15 -16 29 -18 -19 19 20 21 23 -24 -25 -26 26 28 -29 -30 -31
leaf_value=-0.0067253533316410921 0.022432398359555104 -0.033636749115112968 0.00035148517018971569 0.045224326676450953 -0.038037175301200668 0.019716552238661443 -0.020504660084085011 0.0039964550233084631 0.035162848760580838 -0.07164857106047974 -0.032309418633031363 -0.031782395644216158 -0.16271112521813894 0.020529739991079848 -0.035032502012657334 0.033671340724085078 0.015532226842797262 -0.076216235948490918 -0.0065198396743250085 0.054957887157358054 0.063976012889272751 -0.039349918291031669 -0.041297284550306956 0.015917689388077621 0.020142584735541921 -0.068220656178896846 0.00081854284730407316 0.021211119643356258 -0.15916359484050788 -0.023504756562213177
leaf_weight=11953.205842796713 2483.6763342395425 2908.8238046709448 564.46327409893274 134.41855204105377 189.3961396291852 1661.7371172904968 806.39278091490269 6965.6273695975542 104.82747560739517 66.545275770127773 264.33045846223831 157.58617084100842 23.886785507202148 712.15188220143318 453.62745246477425 127.37151175737381 2897.097345456481 49.476495876908302 2168.2116150334477 303.12860665470362 92.323453694581985 231.37598304450512 52.495623856782913 272.01944543421268 1766.9742236062884 70.230478681623936 24.045350410044193 134.61240896582603 33.350600332021713 210.48264508321881
leaf_count=45208 913 64929 2514 33 248 604 673 4216 22 82 231 153 53 229 3504 479 1169 100 1971 173 7 226 73 137 576 80 14 59 49 1871
internal_value=-0.000758742 -0.0115277 -0.0245764 -0.00834207 0.00741991 0.00507205 0.00559881 0.0039035 0.0137251 0.0072859 -0.00619277 0.0051736 -0.0431168 0.0110514 -0.0154144 -0.0303393 0.0069677 0.00343073 -0.00383297 0.000476597 0.0164222 0.00189986 0.0407491 -0.009485 0.0150199 -0.00963961 -0.027549 -0.00945061 -0.092141 -0.00194928
internal_weight=37883.9 16352.4 4399.19 1152.51 21531.5 15689.3 15499.9 13838.1 5842.22 3358.54 1224.5 936.283 288.217 869.738 1018.09 3246.68 9912.2 7015.1 3925.95 3119.55 951.343 595.719 355.624 503.395 2134.04 367.066 262.239 204.843 57.396 337.854
internal_count=130596 118538 73330 6051 12058 9597 9349 8745 2461 1548 748 464 284 382 6018 67279 5485 4316 3260 2587 616 370 246 363 800 224 202 139 63 2350
cat_boundaries=0 1
cat_threshold=8
is_linear=0
shrinkage=0.05


Tree=144
num_leaves=31
num_cat=2
split_feature=3 4 0 6 2 6 5 2 1 2 2 5 2 2 11 4 6 7 2 2 0 6 1 4 1 0 3 8 11 2
split_gain=940.399 339.313 185.698 175.724 108.787 156.089 114.401 105.442 101.042 90.6294 89.5223 88.9117 105.561 119.336 100.947 87.1478 114.285 127.91 91.9773 298.262 87.0819 104.43 100.134 84.5496 81.361 80.8702 74.7354 73.8728 70.7542 111.108
threshold=-7.6196982991156821 95.21657023777216 3.1610740277777785 -8.4756689210424234 14838.500000000002 -3.65668999737253 0 15132.500000000002 7423.5000000000009 14812.500000000002 15489.500000000002 1 15025.500000000002 14957.500000000002 -439454.99999999994 31.986322361260296 -9.4625587348676579 48515.000000000007 13752.500000000002 13862.500000000002 5.4150955034722239 -15.105878181193299 50532.000000000007 59.839609987612711 809.50000000000011 0.67034533564814824 -12.702130232536012 -0.39599719111998061 -99522.102278530758 11163.500000000002
decision_type=2 2 2 2 2 2 1 2 2 2 2 1 2 2 2 2 2 2 2 2 2 2 2 2 2 2 2 2 2 2
left_child=1 11 25 20 5 6 -4 -6 9 -8 -9 26 13 14 -13 -16 17 18 -17 -20 -3 22 -22 24 -14 -2 -1 -27 29 -28
right_child=2 3 4 -5 7 -7 8 10 -10 -11 -12 12 23 -15 15 16 -18 -19 19 -21 21 -23 -24 -25 -26 27 28 -29 -30 -31
leaf_value=0.034094276091878421 -0.030995938507070161 0.03114842052134871 -0.0076064642650564259 0.0016378313803199541 -0.017261962517188294 0.077936082357292408 0.0060755495604514738 0.049833496377059139 -0.0041330697494314141 0.09214476434910375 -0.021520915336806931 0.03756053172317856 -0.03020059982743958 0.044190558584382478 0.00093387386760638777 0.027968598974739068 0.00098687461114027749 -0.039262807816808777 -0.077806509632527859 0.019830343941092829 0.0013007502204796159 0.028180466040800978 -0.077408591742870056 -0.056806129950147027 0.0041972236061913436 0.014449135448970092 -0.16219536875132581 -0.01360592636308431 0.03045304715675606 -0.010428019146220919
leaf_weight=448.1276862770319 647.57269573956728 2571.1063851453364 6750.7819875404239 852.40920490399003 2110.0370767787099 60.19694422185421 4107.7218287959695 113.114660769701 4457.2046949788928 30.814789205789566 71.896791070699692 230.57763347029686 255.6786250025034 195.70843759179115 7321.3023051023483 1384.6681626066566 1792.4485931843519 92.357706315815449 92.975029893219471 492.83208999782801 193.1380103752017 322.3008936047554 51.099168889224529 95.969244260340929 524.67860392481089 246.95673903822899 15.009742148220537 4704.6372400633991 65.909106396138668 61.355116680264473
leaf_count=6147 512 46087 6484 2387 1506 176 4687 228 4469 88 76 2154 205 1151 20442 13495 4714 166 207 4175 1459 2656 90 402 1273 338 51 4147 322 302
internal_value=8.7296e-05 0.00900697 -0.00644319 0.0217692 -0.00393281 -0.00241998 -0.00273518 -0.0140885 0.00109056 0.00671641 0.0221047 0.00511075 0.00421374 0.00547754 0.00481335 0.00413776 0.0102221 0.0182467 0.0209423 0.00433414 0.0272383 0.00949327 -0.0151668 -0.0125194 -0.00707298 -0.0143798 0.0240707 -0.0122067 -0.00750095 -0.0402583
internal_weight=40360.6 17059.7 23300.9 3990.05 17701.8 15406.7 15346.5 2295.05 8595.74 4138.54 185.011 13069.6 12479.2 11602.9 11407.2 11176.6 3855.28 2062.83 1970.48 585.807 3137.64 566.538 244.237 876.326 780.357 5599.17 590.402 4951.59 142.274 76.3649
internal_count=130596 107885 22711 52679 17714 15904 15728 1810 9244 4775 304 55206 48384 46504 45353 43199 22757 18043 17877 4382 50292 4205 1549 1880 1478 4997 6822 4485 675 353
cat_boundaries=0 1 2
cat_threshold=8 1
is_linear=0
shrinkage=0.05


Tree=145
num_leaves=31
num_cat=2
split_feature=3 6 0 2 6 6 2 1 4 2 11 2 4 2 2 2 5 1 2 11 2 2 11 7 2 5 4 7 2 4
split_gain=314.352 347.117 173.89 95.8333 95.5581 101.07 96.6931 115.347 92.4455 88.6811 86.647 78.0577 77.3407 76.2871 76.2698 327.556 74.7 86.7449 78.1173 72.8919 72.8621 136.681 113.909 104.801 179.53 156.669 163.835 138.797 113.962 102.417
threshold=-29.058240367910376 -5.545536273944113 5.2984948553240754 3874.0000000000005 -7.9525304690071295 -7.4205594631068896 14974.500000000002 855.50000000000011 0.39339827910599073 14985.500000000002 -92187.69716151015 15222.500000000002 19.50728921640874 14965.500000000002 14946.500000000002 14957.500000000002 0 568.50000000000011 722.50000000000011 -120933.02565028885 8677.5000000000018 7251.5000000000009 -61062.496361920457 29192.500000000004 6091.5000000000009 1 13.194700301946066 8852.5000000000018 5860.5000000000009 55.19715661347437
decision_type=2 2 2 2 2 2 2 2 2 2 2 2 2 2 2 2 1 2 2 2 2 2 2 2 2 1 2 2 2 2
left_child=2 4 11 16 8 -6 13 -8 -2 -9 -11 -1 -4 19 -5 -16 -3 -18 -19 -7 21 23 -22 24 28 26 -26 -27 29 -21
right_child=1 3 12 14 5 6 7 9 -10 10 -12 -13 -14 -15 15 -17 17 18 -20 20 22 -23 -24 -25 25 27 -28 -29 -30 -31
leaf_value=-0.027024958799069795 -0.031396700895516105 0.035200693408770675 -0.030715306897416958 -0.017454069935834118 0.012305190115035402 0.044070101528511985 0.056954068710553897 0.041737318345393765 -0.00036344254404144005 0.012017400622451709 -0.03532660894458485 0.028130563037391705 0.02320838839002537 -0.049070391347789954 0.10816017779395935 -0.019330777783368558 0.04689437183212844 0.023765583323308373 -0.030530193084025509 0.0045176054329556002 0.0015301910158139608 0.020066314509052493 -0.021362956335567545 0.021257219536150309 -0.044829317583085615 -0.0093668389099814658 0.029538265412128596 -0.067822361922153893 0.035558930381389152 -0.029239888779899637
leaf_weight=1662.0812275484204 247.9516802597791 166.00488179177046 84.402139034122229 3169.673792399466 3987.592612914741 107.69153534248471 168.76428147405386 176.59474248439074 7462.3184898961335 411.58767879381776 126.29594621807337 66.722331946715713 313.41227862611413 70.464489717036486 65.03231168538332 223.62426011823118 67.463856752961874 91.961952328681946 236.89081992208958 3659.4543664008379 11483.008954737335 1530.1403208859265 570.34516648948193 703.80811951309443 113.26788943260908 179.1142333522439 213.94650050997734 234.48794691264629 278.37518218904734 239.38090012595057
leaf_count=51296 4021 188 353 4731 4258 671 91 77 45297 400 84 455 2573 84 34 293 43 51 464 2875 8920 1167 535 565 79 144 216 148 164 319
internal_value=0.000641763 0.00174566 -0.0180377 -0.0121006 0.00348731 0.00502869 0.003597 0.019776 -0.00136143 0.0109943 0.000900951 -0.0248963 0.0117677 0.00285977 -0.0152133 0.00939205 0.00704289 -0.00475155 -0.0153467 0.00304924 0.00281922 0.0068173 0.000446924 0.0032112 0.000628677 -0.0220559 0.00379533 -0.0425077 0.00465172 0.00244496
internal_weight=38111.9 35985.2 2126.62 4020.65 31964.6 24254.3 20266.7 883.243 7710.27 714.478 537.884 1728.8 397.814 19383.5 3458.33 288.657 562.322 396.317 328.853 19313 19205.3 7151.98 12053.4 5621.84 4918.03 740.817 327.214 413.602 4177.21 3898.84
internal_count=130596 75919 54677 5804 70115 20797 16539 652 49318 561 484 51751 2926 15887 5058 327 746 558 515 15803 15132 5677 9455 4510 3945 587 295 292 3358 3194
cat_boundaries=0 1 2
cat_threshold=8 4
is_linear=0
shrinkage=0.05


Tree=146
num_leaves=31
num_cat=0
split_feature=3 4 11 2 0 0 2 8 8 3 7 0 4 2 3 0 0 6 3 11 7 11 2 1 6 0 7 0 2 11
split_gain=1219.51 395.937 144.92 170.426 122.743 120.954 120.6 106.217 152.327 128.804 120.582 105.572 105.354 116.334 103.189 103.151 120.042 169.938 209.687 118.266 102.897 112.01 221.304 127.51 110.992 155.799 105.346 163.851 104.509 179.282
threshold=-6.4666728876018658 52.403226522299342 -74832.118257130627 10822.000000000002 6.4576120775462966 0.67034533564814824 977.50000000000011 -0.028536827442102727 0.032925934786064211 -5.5265860328747483 9491.5000000000018 6.5453951678240765 5.6185747973908766 14965.500000000002 -6.00910642487516 2.8853423263888893 1.912803836805556 -7.2071532416832271 -7.4408718377117484 -2610.7416201179153 947.50000000000011 -28176.183482125529 1199.5000000000002 30740.500000000004 -5.6372348836578245 4.7250310069444454 564.50000000000011 4.4121537615740758 7990.5000000000009 -59868.371678258663
decision_type=2 2 2 2 2 2 2 2 2 2 2 2 2 2 2 2 2 2 2 2 2 2 2 2 2 2 2 2 2 2
left_child=1 20 4 15 -3 14 -7 9 11 10 12 -9 -8 -14 -2 16 -4 18 19 -18 26 22 -22 24 -24 -26 27 -1 -28 -30
right_child=5 2 3 -5 -6 6 7 8 -10 -11 -12 -13 13 -15 -16 -17 17 -19 -20 -21 21 -23 23 -25 25 -27 28 -29 29 -31
leaf_value=-0.030114935670334932 -0.01022744935727142 -0.0335254114364597 -0.027492943072440008 0.044328291017239264 -0.0010732807310564875 -0.034126065374281332 0.0013302408746959065 0.013459957287234099 0.0011754532763880521 0.0083287005118241261 0.0049602901453175245 -0.00042892710931046412 -0.039383868663063024 0.024990394777255644 0.033385904650532996 -0.0349521198088968 -0.036675554340640799 -0.037360732927930441 0.092227862550508577 0.11505369106269983 0.094219493006446622 -0.024478947339468777 -0.010826011782332369 0.0083059907223975125 -0.042560819367745181 0.057740634018729545 -0.025130675042734918 0.01079160168346632 0.015102995399335059 0.14735849179965829
leaf_weight=476.96311665698886 167.09176174551249 2724.0800899863243 243.55793886631727 132.73674699664116 326.27398026734591 182.71040526777506 345.17242269217968 9943.7715431898832 5106.1067534983158 1806.6357447355986 737.32711717486382 1586.5079921558499 637.44350165128708 78.864408999681473 720.12009890377522 412.27827729284763 74.87322474271059 88.882438573986292 109.5916146337986 15.501780323684214 53.753003299236298 1013.7362948767841 7384.8469049464911 1106.6695420239121 54.852240245789289 131.60868112742901 158.78416458144784 502.90391412749887 1066.0853620581329 26.25518798828125
leaf_count=1944 81 64265 1605 32 2283 235 199 4476 3302 1159 571 1056 778 43 158 3362 658 136 44 9 78 4249 31978 3636 187 91 556 930 2493 2
internal_value=-0.000747865 -0.0111321 -0.0244863 -0.0087226 -0.0300542 0.00709896 0.00631389 0.00667892 0.00836505 -0.0011013 -0.0105723 0.0115489 -0.0213617 -0.0322964 0.025172 -0.0161767 -0.00163769 0.0201635 0.0457322 -0.0106498 -0.00652942 -0.00874688 -0.00692042 -0.0075469 -0.00986406 0.0282344 0.00315693 -0.00912019 0.0127722 0.0182819
internal_weight=37416 16104.2 4127.78 1077.42 3050.35 21311.8 20424.5 20241.8 16636.4 3605.44 1798.81 11530.3 1061.48 716.308 887.212 944.685 532.407 288.849 199.967 90.375 11976.5 9745.47 8731.73 8677.98 7571.31 186.461 2230.99 979.867 1251.12 1092.34
internal_count=130596 118538 72394 5846 66548 12058 11819 11584 8834 2750 1591 5532 1020 821 239 5814 2452 847 711 667 46144 40219 35970 35892 32256 278 5925 2874 3051 2495
is_linear=0
shrinkage=0.05


Tree=147
num_leaves=31
num_cat=3
split_feature=3 4 0 6 2 6 5 2 2 3 4 2 2 5 2 6 0 6 1 5 2 2 11 4 6 7 2 2 2 0
split_gain=845.332 319.614 176.232 168.005 102.691 145.136 112.013 104.416 284.39 257.307 160.225 100.516 89.6615 87.552 90.758 182.42 85.705 98.9779 90.8559 84.5415 98.6311 115.191 96.6664 81.0478 106.247 120.241 84.0809 279.478 80.4972 78.7184
threshold=-7.6196982991156821 95.21657023777216 3.1610740277777785 -8.4756689210424234 14838.500000000002 -3.65668999737253 0 14621.500000000002 14688.500000000002 -6.7892803048899752 102.90485644959081 15132.500000000002 14644.500000000002 1 14589.500000000002 -4.2499165748214489 5.4150955034722239 -15.105878181193299 50532.000000000007 2 15025.500000000002 14957.500000000002 -439454.99999999994 31.986322361260296 -9.4625587348676579 47122.500000000007 13752.500000000002 13862.500000000002 15489.500000000002 0.67034533564814824
decision_type=2 2 2 2 2 2 1 2 2 2 2 2 2 1 2 2 2 2 2 1 2 2 2 2 2 2 2 2 2 2
left_child=1 19 29 16 5 6 -4 13 9 12 -11 -6 -9 14 15 -8 -3 18 -18 -1 21 22 -21 -24 25 26 -25 -28 -13 -2
right_child=2 3 4 -5 11 -7 7 8 -10 10 -12 28 -14 -15 -16 -17 17 -19 -20 20 -22 -23 23 24 -26 -27 27 -29 -30 -31
leaf_value=0.023650575526522683 -0.030736470855358286 0.030865744455673329 0.037712620131596743 0.0016378650018221603 -0.016782773959591078 0.074982471070274517 -0.00030263400953901864 -0.022230087150322125 0.001223063792807723 0.18127381096238562 0.016500321606138912 0.047130518812972567 0.10273290821050368 -0.0085370097399619788 -0.026940270701428834 0.076039476581991783 0.0012606903561561762 0.027794092821593078 -0.072904067613547605 0.037316745059336853 -0.012187757140478121 0.043873187277989903 0.00084677430325820903 0.027467559888259774 0.00098462657139282471 -0.034995426847243376 -0.073397407766056508 0.020193832823498205 -0.020870549972184779 -0.011799072831718861
leaf_weight=572.51942299306393 618.26582770422101 2443.4834908097982 171.13104791939259 849.24452064931393 2072.7463483810425 60.659388028085232 7551.758132584393 56.242929846048355 827.60733532905579 57.881279021501541 19.800489827990532 116.0070448666811 19.273278683423996 6162.9536708146334 313.99854089319706 79.069440141320229 192.8866406455636 313.01768580824137 52.54421728104353 221.10105719417334 874.74701784923673 189.64941392838955 7300.242210008204 1332.9886455200613 1787.1186156570911 102.56348143517971 95.744352512061596 477.96249818056822 69.648770980536938 4880.6239293627441
leaf_count=6822 512 46087 315 2387 1506 176 7935 49 920 260 24 228 60 5815 133 217 1459 2656 90 2154 1880 1151 20442 13464 4714 203 206 4170 76 4485
internal_value=9.57659e-05 0.00862585 -0.00611608 0.0212723 -0.00367231 -0.00220505 -0.00251188 -0.0029681 0.0128068 0.0753847 0.139274 -0.0136258 0.00966302 -0.00406481 -0.000595636 0.000488411 0.0268269 0.00915487 -0.0146172 0.00486629 0.00399775 0.00522811 0.00458054 0.00392827 0.00985383 0.0177425 0.0205793 0.00457465 0.0216199 -0.0139283
internal_weight=39883.5 16805.8 23077.7 3851.18 17578.8 15320.4 15259.7 15088.6 980.805 153.198 77.6818 2258.4 75.5162 14107.8 7944.83 7630.83 3001.93 558.449 245.431 12954.6 12382.1 11507.4 11317.7 11096.6 3796.38 2009.26 1906.7 573.707 185.656 5498.89
internal_count=130596 107885 22711 52679 17714 15904 15728 15413 1313 393 284 1810 109 14100 8285 8152 50292 4205 1549 55206 48384 46504 45353 43199 22757 18043 17840 4376 304 4997
cat_boundaries=0 1 2 3
cat_threshold=1 4 1
is_linear=0
shrinkage=0.05


Tree=148
num_leaves=31
num_cat=0
split_feature=3 6 0 6 7 4 3 6 1 3 2 2 2 11 11 7 7 3 2 7 2 3 2 2 2 7 4 0 3 7
split_gain=285.146 317.249 168.484 100.571 93.9427 92.5212 131.762 124.395 123.769 110.326 103.821 156.425 161.185 125.276 118.759 135.768 90.9361 147.872 90.0491 87.9752 94.0478 87.8702 126.237 361.504 213.214 194.677 123.895 137.19 121.877 100.791
threshold=-29.058240367910376 -5.545536273944113 3.7402859027777784 -10.384102558202128 297.50000000000006 10.178710220534201 -19.812620512908079 -13.035269142806904 41936.000000000007 -14.823185543372469 1826.5000000000002 13896.500000000002 13648.500000000002 -13969.208740483242 -81764.114112577357 1289.5000000000002 854.50000000000011 -6.0867691321245561 3730.0000000000005 854.50000000000011 13534.000000000002 -10.487515770250489 14184.000000000002 12544.500000000002 12590.500000000002 4397.5000000000009 26.15828100275797 6.0238269270833342 -24.929411245352206 716.50000000000011
decision_type=2 2 2 2 2 2 2 2 2 2 2 2 2 2 2 2 2 2 2 2 2 2 2 2 2 2 2 2 2 2
left_child=2 4 -1 -4 -2 6 -6 9 21 19 -9 12 13 -12 16 -16 -13 -18 -3 -8 -21 22 23 -7 -25 26 28 -28 -26 -30
right_child=1 18 3 -5 5 8 7 10 -10 -11 11 14 -14 -15 15 -17 17 -19 -20 20 -22 -23 -24 24 25 -27 27 -29 29 -31
leaf_value=-0.029116269378023193 -0.014414664198858044 0.007570903696241648 -0.0051251849090961955 0.05863288393773243 0.073888750496329092 -0.017509544528457956 -0.029009175021518552 0.026319253613224326 0.016060825499578518 -0.022823416385515657 0.005389401002894049 0.028774977484887422 -0.042315028800070258 -0.042310575874100309 0.15377136312888498 0.002045626142259299 0.017391602632841625 -0.016445865303410794 -0.014668368360161131 0.0092994591469210998 0.097199503954189428 0.0021329423834507339 -0.027009907006362618 0.17694822825550496 0.08994842620223209 -0.0078028761054436714 0.091353774262320053 0.35985177278121744 0.10309774992704455 -0.03108414089632533
leaf_weight=1238.0500859897584 728.98299974575639 525.07688923180103 750.06265005841851 67.408808816224337 75.48296732082963 982.45338266156614 58.414440542459488 812.57945961877704 1470.2369547691196 567.00832360610366 4102.2613347619772 858.43046271428466 198.44122485071421 142.4281367212534 33.393571145832539 26.400792673230171 1275.5159245990217 432.30106834322214 3419.0973953139037 74.43885493837297 51.472558613866568 18775.339452896267 647.8590514883399 25.460014780983329 54.715541131794453 201.56471059657633 80.389657104387879 5.0567737221717826 17.392764791846275 71.641297686845064
leaf_count=45216 965 686 8943 518 359 13932 268 915 3511 4848 4801 765 179 51 33 36 1304 208 5118 465 220 24532 7987 119 87 3578 482 21 56 393
internal_value=0.000624612 0.00166687 -0.0174842 0.000132314 0.00332732 0.00374398 0.00811534 0.00754026 0.00203934 -0.0118992 0.00939334 0.00744776 0.00172974 0.00378886 0.0171223 0.0867804 0.0154993 0.0088263 -0.0117077 0.021705 0.045233 0.00105118 -0.00868292 -0.000429965 0.0363502 0.0280402 0.0595622 0.107244 0.0312197 -0.00487177
internal_weight=37769.4 35713.8 2055.52 817.471 31769.7 31040.7 8708.57 8633.09 22332.1 751.334 7881.75 7069.17 4443.13 4244.69 2626.04 59.7944 2566.25 1707.82 3944.17 184.326 125.911 20861.9 2086.53 1438.67 456.221 430.761 229.196 85.4464 143.75 89.0341
internal_count=130596 75919 54677 9461 70115 69150 14452 14093 54698 5801 8292 7377 5031 4852 2346 69 2277 1512 5804 953 685 51187 26655 18668 4736 4617 1039 503 536 449
is_linear=0
shrinkage=0.05


Tree=149
num_leaves=31
num_cat=1
split_feature=3 4 11 3 2 11 2 0 8 5 2 6 2 2 2 6 8 3 2 2 2 4 2 2 4 2 2 1 8 2
split_gain=1120.24 355.238 227.214 195.806 188.118 171.951 268.736 171.484 161.364 143.096 199.233 199.834 181.682 126.195 437.444 223.236 122.041 118.942 115.877 331.376 612.136 296.949 227.741 183.688 124.27 115.574 236.634 201.926 130.449 112.689
threshold=-6.9170352432702478 42.7426932216746 -28176.183482125529 -6.00910642487516 1199.5000000000002 -46853.069509015375 6305.5000000000009 0.67034533564814824 -0.028536827442102727 0 4108.5000000000009 -5.692183186491655 15163.500000000002 12671.000000000002 12457.500000000002 -4.2499165748214489 -0.024592418596031781 -6.8182993190962202 13579.500000000002 14757.500000000002 14574.500000000002 102.90485644959081 14088.500000000002 13896.500000000002 6.2376527853301784 13048.500000000002 13390.500000000002 43621.000000000007 0.065473904399101293 14974.500000000002
decision_type=2 2 2 2 2 2 2 2 2 1 2 2 2 2 2 2 2 2 2 2 2 2 2 2 2 2 2 2 2 2
left_child=1 2 4 8 -1 -3 -7 -5 -2 10 11 -9 18 14 15 16 -11 -10 -12 20 22 24 23 -20 -22 -15 27 -27 -28 -19
right_child=3 5 -4 7 -6 6 -8 9 17 13 12 -13 -14 25 -16 -17 -18 29 19 -21 21 -23 -24 -25 -26 26 28 -29 -30 -31
leaf_value=0.086624182431446303 -0.016517674505682218 -0.028287757895215617 -0.032991409926934667 0.033100813447465259 -0.0050474577891915264 -0.012411575188998155 0.093202551099187181 0.010935622546348023 0.021016174979699216 -0.018717045926075732 0.020877622930458885 -0.061824588346069055 -0.074445592785881406 0.02850663773455327 -0.12952474536741118 -0.070834309326663167 0.0048720684554500633 0.0013847345060701865 -0.00912328837931747 0.022311717502861372 -0.25267998771553646 0.025560911296283274 0.016401902948118566 -0.13271198271583734 -0.12793094146644327 -0.1263545442149617 0.012491133429750931 0.043002854869794889 -0.0095760800887295973 -0.033423822638899855
leaf_weight=56.371886298060417 1368.76152478531 3712.2661224901676 762.08597001805902 688.4189612865448 7713.2735618073493 375.46728300862014 71.739392124116421 210.07948961853981 755.72375312447548 646.68756122142076 4216.3798693940043 171.32778961956501 55.622693702578545 669.0528746470809 66.7361795976758 110.08349414914846 3604.2235836461186 5538.4270110614598 72.528251804411411 1131.5955166742206 30.021383076906204 24.868260011076927 439.47146454453468 51.351925298571587 59.585627540946007 59.864425748586655 3176.7727271839976 24.929949760437012 848.60527810454369 242.70340777561069
leaf_count=77 2078 73617 3728 158 34230 2711 31 68 635 604 1623 193 42 202 128 296 1897 5048 69 303 58 10 200 41 162 107 1523 2 540 215
internal_value=-0.000741731 -0.0127787 -0.00693781 0.00555421 -0.00438234 -0.0247593 0.00453069 0.00867672 -0.000906844 0.0076037 0.0133066 -0.0217482 0.0155052 0.00360052 -0.00248112 -0.000536975 0.00128348 0.00236193 0.0163355 0.00575117 -0.0218958 -0.127303 -0.000476689 -0.0603544 -0.169726 0.00923487 0.00609782 -0.0765627 0.00783906 -7.65983e-05
internal_weight=36955 12691.2 8531.73 24263.8 7769.65 4159.47 447.207 16358.2 7905.62 15669.8 6462.83 381.407 6081.42 9206.96 4427.73 4360.99 4250.91 6536.85 6025.8 1809.42 677.827 114.475 563.352 123.88 89.607 4779.23 4110.17 84.7944 4025.38 5781.13
internal_count=130596 114394 38035 16202 34307 76359 2742 8226 7976 8068 2769 261 2508 5299 2925 2797 2501 5898 2466 843 540 230 310 110 220 2374 2172 109 2063 5263
cat_boundaries=0 1
cat_threshold=8
is_linear=0
shrinkage=0.05


Tree=150
num_leaves=31
num_cat=2
split_feature=6 4 6 0 4 8 1 4 5 2 4 7 3 2 2 6 8 0 8 0 6 11 0 0 4 3 1 1 1 5
split_gain=758.38 316.83 170.715 162.761 118.6 116.334 94.8966 218.722 94.3947 102.012 108.662 146.252 102.06 95.5372 128.519 96.6 91.2043 81.1946 79.94 78.7075 75.1476 74.5175 80.5528 74.005 76.4036 158.274 73.5498 75.7447 83.7519 153.135
threshold=-7.6306913644466157 118.99881610974053 -8.4756689210424234 2.3970089699074086 3.0725797804206416 -0.80939547659055566 34451.500000000007 351.35373898508141 0 15025.500000000002 31.986322361260296 39036.500000000007 -9.4237162561723 14654.500000000002 14644.500000000002 -13.734828292817577 -0.024592418596031781 4.2407709143518533 0.021252293881188326 3.3271080381944453 -13.664642421438039 -179757.43440874579 4.1569233969907415 1.5705645949074076 31.374295607241294 -16.995034165952607 11587.500000000002 2493.5000000000005 902.50000000000011 1
decision_type=2 2 2 2 2 2 2 2 1 2 2 2 2 2 2 2 2 2 2 2 2 2 2 2 2 2 2 2 2 1
left_child=1 5 -3 -2 -5 -1 7 16 -7 10 13 12 -12 14 23 -15 -6 -18 -19 -9 -17 22 -13 -10 26 -26 27 28 29 -25
right_child=3 2 -4 4 6 8 -8 19 9 -11 11 21 -14 15 -16 20 17 18 -20 -21 -22 -23 -24 24 25 -27 -28 -29 -30 -31
leaf_value=0.018022566893753634 -0.015814305380248965 0.028553087120585786 -0.0012560001434332422 -0.01512863656425319 0.0038909394509704359 0.024902672876412769 -0.014646583699388462 0.020534119487649161 0.016438991860540056 -0.014855552896089468 0.021983407772657098 0.042173584165437039 0.0047402149634875662 0.037121699650425687 -0.042842636704138432 -0.090346909564430949 -0.010670742704139639 -0.0047771178265747513 0.0063562644203521371 0.1666440056070729 0.0062225307572457596 -0.0012295776711286708 -0.061570038309040412 0.029052589012764515 -0.12341918188040751 0.022189146483458648 -0.011068527250300868 0.010511308283902307 -0.012841629326276541 -0.0179823364627308
leaf_weight=1516.1634586676955 3410.2229040376842 2485.3997976370156 595.35520138591528 2128.7562831044197 4890.4439345002174 484.93783834204078 1502.9040791355073 14.277996357530354 540.94376172870398 798.26274741441011 1780.2049088440835 21.915607582777739 1656.8032217696309 319.7727475091815 191.02332656830549 20.948855832219124 3451.5773030519485 5375.7560833990574 2303.056360475719 26.004080448299646 525.26069343090057 233.62205681949854 127.96161859109998 404.56550519913435 38.699356332421303 36.046017371118069 1603.9146453291178 1458.4007158353925 1176.3058035820723 302.40032739192247
leaf_count=10400 3725 44511 1245 1666 6794 5960 1557 32 2234 1676 19659 176 3818 1660 72 12 3001 5261 2704 122 1255 650 125 1169 60 125 3300 4777 2374 476
internal_value=9.91235e-05 0.00835063 0.0227925 -0.00572937 -0.00398294 0.00498975 -0.00263209 -0.00150784 0.00330404 0.00237195 0.00368935 0.0104036 0.0136714 -0.000186549 -0.00251742 0.0152963 -0.00180042 -0.00430108 -0.00143795 0.114855 0.00251879 -0.018883 -0.0464003 -0.00113229 -0.00302561 -0.0531994 -0.0022673 0.00195705 -0.00466734 0.00893369
internal_weight=39421.9 16318.9 3080.75 23103 19692.8 13238.2 17564 16061.1 11722 11237.1 10438.8 3820.51 3437.01 6618.28 5752.3 865.982 16020.8 11130.4 7678.81 40.2821 546.21 383.499 149.877 5561.28 5020.33 74.7454 4945.59 3341.67 1883.27 706.966
internal_count=130596 105734 45756 24862 21137 59978 19471 17914 49578 43618 41942 24428 23477 17514 14587 2927 17760 10966 7965 154 1267 951 301 14515 12281 185 12096 8796 4019 1645
cat_boundaries=0 1 2
cat_threshold=1 4
is_linear=0
shrinkage=0.05


Tree=151
num_leaves=31
num_cat=1
split_feature=3 3 0 2 6 1 11 5 6 7 4 2 3 11 2 2 2 4 1 2 2 11 11 6 2 2 3 2 7 4
split_gain=258.94 291.318 163.589 97.7428 90.3087 84.4054 82.11 76.8788 153.562 115.521 405.306 125.06 109.779 140.111 112.631 112.024 251.26 171.816 240.677 138.371 220.103 176.015 118.786 110.342 158.772 166.972 108.703 103.751 98.0909 97.9183
threshold=-29.058240367910376 -5.5265860328747483 3.7402859027777784 3730.0000000000005 -10.384102558202128 8405.5000000000018 -9346.1893204530334 0 -6.136528435372421 3154.5000000000005 6.8046686379792378 1826.5000000000002 -8.9815075964536124 -128961.73925705474 14747.500000000002 13474.500000000002 14847.500000000002 15.728093583246443 10450.500000000002 5343.5000000000009 4108.5000000000009 -52755.885559555369 -61062.496361920457 -23.507030245145319 13862.500000000002 13293.500000000002 -5.7724989540696763 3568.0000000000005 3247.5000000000005 5.939637663942011
decision_type=2 2 2 2 2 2 2 1 2 2 2 2 2 2 2 2 2 2 2 2 2 2 2 2 2 2 2 2 2 2
left_child=2 7 -1 5 -4 6 -3 8 -2 10 -10 -11 23 14 -14 19 -17 -18 -19 20 27 22 -21 24 25 -9 -12 29 -22 -15
right_child=1 3 4 -5 -6 -7 -8 12 9 11 26 -13 13 15 -16 16 17 18 -20 21 28 -23 -24 -25 -26 -27 -28 -29 -30 -31
leaf_value=-0.028838339192366988 0.0079502886413208244 0.039532874004677074 -0.0048031964316382174 -0.015085561552290834 0.054525440051942931 -0.034970984258184776 -0.005719931213567642 0.0087762667544752943 -0.018757942300816524 0.059865327496166403 0.03089313929805744 -0.017007258755925996 0.12521750804757667 0.016156068300969464 0.0077361996451397602 -0.012168148338284265 0.025582655818589334 -0.037941322341122644 0.021165380385143106 0.0073452939661824146 -0.045722708826161029 0.022991760588585194 -0.017588664143954637 -0.011718832497468761 -0.032078586388808901 0.092581226125804439 0.090200443603960859 0.028896478517149465 -0.010090796529180662 -0.009933488062766456
leaf_weight=1178.7618872690946 12545.392878573388 216.95084475167096 741.78180204704404 3136.2656294181943 70.213034870103002 89.823750104755163 186.336789092049 163.77428692765534 539.91349295899272 54.893211886286736 237.12522954493761 1462.4078621212393 41.854477196931839 562.2231369279325 39.802693724632263 3158.0156622081995 960.19590064883232 330.32390210032463 359.84657566249371 4066.8888222463429 355.79914128035307 1763.4035642892122 541.23467494174838 2547.3064094539732 112.28153282962739 93.291703576222062 114.60179870575666 370.61800823360682 422.51164365559816 998.11472919583321
leaf_count=45216 24247 336 8943 4665 518 101 179 1799 281 32 231 1039 48 453 143 3492 608 352 330 5024 136 1493 726 26483 1107 239 88 394 614 1279
internal_value=0.000604668 0.00158946 -0.0169423 -0.011832 0.000326939 0.00886135 0.0186241 0.00311926 0.00573005 -0.00583258 0.00845073 -0.0142261 0.000807322 0.00264927 0.0679528 0.00226534 -0.00390557 0.0119051 -0.0071238 0.00553291 -0.00393223 0.00955762 0.00441674 -0.00801566 0.0175243 0.0391899 0.050217 0.00511566 -0.0263797 -0.000532862
internal_weight=37462 35471.2 1990.76 3629.38 811.995 493.111 403.288 31841.8 14954.3 2408.94 891.641 1517.3 16887.5 13970.8 81.6572 13889.2 4808.38 1650.37 690.17 9080.79 2709.27 6371.53 4608.12 2916.65 369.348 257.066 351.727 1930.96 778.311 1560.34
internal_count=130596 75919 54677 5281 9461 616 515 70638 25918 1671 600 1071 44720 15092 191 14901 4782 1290 682 10119 2876 7243 5750 29628 3145 2038 319 2126 750 1732
cat_boundaries=0 1
cat_threshold=8
is_linear=0
shrinkage=0.05


Tree=152
num_leaves=31
num_cat=1
split_feature=3 4 11 3 2 11 2 0 6 4 5 2 6 11 11 8 7 7 0 3 3 7 8 7 6 2 2 6 8 2
split_gain=1026.9 341.061 219.818 178.927 169.214 167.777 240.603 153.276 144.539 137.553 125.932 194.276 169.424 166.165 194.954 156.289 117.055 158.621 138.311 110.512 145.463 107.854 131.494 175.258 107.738 107.419 424.992 184.424 124.917 120.273
threshold=-6.9170352432702478 42.7426932216746 -28176.183482125529 -6.0523948069364035 1199.5000000000002 -46853.069509015375 6305.5000000000009 1.0784425868055558 -6.8396815879612243 4.6388387182848723 0 4108.5000000000009 -5.692183186491655 -77905.717509966882 -84701.226795319861 0.16677694987131189 14528.500000000002 32563.000000000004 3.6577716840277783 -8.4302166071782896 -9.4760585394022456 41832.500000000007 2.359766567492684 42431.500000000007 -5.6372348836578245 12671.000000000002 12457.500000000002 -4.2499165748214489 -0.026569396094435756 13048.500000000002
decision_type=2 2 2 2 2 2 2 2 2 2 1 2 2 2 2 2 2 2 2 2 2 2 2 2 2 2 2 2 2 2
left_child=1 2 4 8 -1 21 19 -5 9 -2 11 12 -9 14 -13 -16 -11 -18 -19 20 -7 -3 -23 -24 -6 26 27 28 -12 -27
right_child=3 5 -4 7 24 6 -8 10 -10 16 25 13 -14 -15 15 -17 17 18 -20 -21 -22 22 23 -25 -26 29 -28 -29 -30 -31
leaf_value=0.080465709876934743 -0.039623123530297837 -0.031246839396974448 -0.032774480749696432 0.026003718273640109 -0.0059032255547098855 -0.034677592660102917 0.086415612902299807 0.007812423489889639 -0.0046179312603947002 0.027845127397718029 -0.01907480341268443 0.012167243426395661 -0.059246674883422959 0.017966294293506307 -0.058008350275967673 0.015263843800248603 -0.039571826106929726 0.07021683560985563 -0.037952150730463874 -0.0362765540880544 0.06042535265087861 -0.013220135099154207 0.30363803341316015 0.031481533998930035 0.02792008043453564 0.02820245453871071 -0.11913585407517009 -0.064513220364100898 0.0047839250241352507 0.0051921252765948431
leaf_weight=58.59002447873354 110.42820333689451 3126.7379355151206 736.35901643335819 1120.2721428573132 7423.684581534937 71.530536249279976 74.755073234438896 208.88235189020634 5893.4793227948248 890.98789657279849 644.06216254085302 603.9932941198349 171.53939884528518 5114.9642782136798 233.71793119609356 105.68463115394115 172.75658109039068 86.613414872437716 44.857739079743624 206.2079451829195 91.817761287093163 405.76427273452282 7.3360588457435361 30.545211408287287 243.14957267791033 659.5650077983737 76.613513052463531 109.29533080011606 3702.0033469051123 4085.5511155575514
leaf_count=77 138 66810 3728 314 33892 1685 31 75 6437 630 613 224 192 2094 188 46 325 52 100 692 334 6686 7 114 338 206 128 289 1953 2198
internal_value=-0.000727428 -0.0123659 -0.00667167 0.00531399 -0.00418365 -0.0243677 0.00460737 0.00813499 -0.00128329 0.0137688 0.00686125 0.0122337 -0.0224258 0.0144101 -0.00487124 -0.0351925 0.0187018 -0.00807626 0.0333098 -0.0119411 0.0187796 -0.0279734 -0.00490288 0.0841872 -0.00483054 0.00313249 -0.00237284 -0.000365009 0.0012482 0.00839053
internal_weight=36511.7 12476.5 8461.78 24035.3 7725.42 4014.69 444.311 16836.1 7199.12 1305.64 15715.9 6438.78 380.422 6058.36 943.396 339.403 1195.22 304.228 131.471 369.556 163.348 3570.38 443.646 37.8813 7666.83 9277.09 4531.97 4455.36 4346.07 4745.12
internal_count=130596 114394 38035 16202 34307 76359 2742 8520 7682 1245 8206 2819 267 2552 458 234 1107 477 152 2711 2019 73617 6807 121 34230 5387 2983 2855 2566 2404
cat_boundaries=0 1
cat_threshold=8
is_linear=0
shrinkage=0.05


Tree=153
num_leaves=31
num_cat=1
split_feature=6 4 6 0 4 8 2 2 1 8 1 4 8 2 0 2 4 0 11 2 2 0 6 2 2 2 5 7 7 1
split_gain=678.82 299.772 163.442 152.728 112.567 108.366 96.6602 195.896 91.2693 107.086 89.9052 193.151 82.861 81.7575 76.5755 75.8962 98.9513 92.0238 144.347 96.8214 96.5705 82.5465 82.0302 80.5283 119.202 106.016 85.0511 77.8902 136.243 83.582
threshold=-7.6306913644466157 118.99881610974053 -13.940247676840169 2.3970089699074086 3.0725797804206416 -0.80939547659055566 14482.500000000002 14306.000000000002 1567.5000000000002 2.359766567492684 34451.500000000007 351.35373898508141 -0.024592418596031781 14456.500000000002 4.2407709143518533 15092.500000000002 59.839609987612711 6.517793680555557 -221041.36787807447 14456.500000000002 14856.500000000002 6.5453951678240765 -9.7516588606294459 6169.5000000000009 7480.0000000000009 7413.5000000000009 0 2659.5000000000005 4023.5000000000005 3147.5000000000005
decision_type=2 2 2 2 2 2 2 2 2 2 2 2 2 2 2 2 2 2 2 2 2 2 2 2 2 2 1 2 2 2
left_child=1 5 -3 -2 -5 -1 7 -4 -7 15 11 12 -6 -11 -14 17 -17 19 21 23 -20 -19 -21 26 25 -25 -10 -24 29 -29
right_child=3 2 6 4 10 8 -8 -9 9 13 -12 -13 14 -15 -16 16 -18 18 20 22 -22 -23 27 24 -26 -27 -28 28 -30 -31
leaf_value=0.017437049771558653 -0.015297237021254234 0.031922038825047842 0.0067454259763469184 -0.014691600780180331 0.0038105787570214679 -0.0048713610769222293 0.034841369825012611 -0.083185824872427913 0.0048171636858336791 -0.015136546522719126 -0.01420223161367795 0.10516250244730273 -0.010242159549670704 0.020392562310483444 -0.0012262066611148598 0.00066448577945542146 -0.061082048824023454 -0.17605525380752418 0.0088730403209765427 0.036525806573164725 -0.047971782817263511 -0.038057893694103728 0.061174161313932419 -0.002992365764588131 0.0085952533987992477 -0.046177634749054113 0.026993827196526973 0.031534137474242677 0.027003766352697724 -0.050532601760136124
leaf_weight=1488.6502640098333 3340.7751007340848 1779.5036040209234 866.3698970079422 2091.1308310031891 4891.0964476279914 2738.6108305864036 261.90469028428197 65.104468502104282 788.98837829753757 921.90595400333405 1480.6556150577962 42.471466355025768 3405.4338859990239 196.41720430925488 7635.6412690877914 244.91716594994068 88.267877582460642 11.638633161783217 743.305614836514 615.11843713372946 83.063278414309025 157.27621437609196 60.88190608471632 577.62452964857221 2853.9302087947726 188.48986303061247 956.44561803713441 40.049658432602882 216.9506469592452 137.69193751364946
leaf_count=10400 3725 37907 5421 1666 6794 6951 2142 286 3384 2032 1557 154 3001 659 7965 768 348 20 2638 6309 209 363 225 2063 15551 208 6869 97 769 115
internal_value=0.000114271 0.00798639 0.0223214 -0.00541756 -0.00372898 0.00473579 0.00800532 0.000459771 0.00310884 0.00556913 -0.00241567 -0.00132319 -0.00160706 -0.00889638 -0.00400703 0.00765256 -0.0156935 0.00869927 -0.00544966 0.0108872 0.00315923 -0.0475662 0.0246155 0.00814775 0.00389436 -0.0136174 0.0169693 0.00853403 0.000414207 -0.0320409
internal_weight=38970.3 16083.1 2972.88 22887.2 19546.4 13110.2 1193.38 931.474 11621.6 8882.96 17455.3 15974.6 15932.2 1118.32 11041.1 7764.64 333.185 7431.45 995.284 6436.17 826.369 168.915 1070.69 5365.48 3620.04 766.114 1745.43 455.574 394.692 177.742
internal_count=130596 105734 45756 24862 21137 59978 7849 5707 49578 42627 19471 17914 17760 2691 10966 39936 1116 38820 3230 35590 2847 383 7515 28075 17822 2271 10253 1206 981 212
cat_boundaries=0 1
cat_threshold=8
is_linear=0
shrinkage=0.05


Tree=154
num_leaves=31
num_cat=0
split_feature=3 6 0 7 4 3 1 6 3 2 2 2 11 7 0 6 6 7 1 11 0 7 2 8 6 4 2 2 2 0
split_gain=235.679 268.459 158.218 87.1693 83.9657 117.477 115.577 110.575 103.717 94.8794 145.185 148.902 119.892 91.993 97.5028 123.651 81.7715 81.1429 101.49 80.1789 122.942 80.0464 79.8773 76.0068 75.6266 99.0087 97.323 143.795 98.4631 87.7195
threshold=-29.058240367910376 -5.545536273944113 3.7402859027777784 297.50000000000006 10.178710220534201 -19.812620512908079 41936.000000000007 -13.035269142806904 -14.823185543372469 1826.5000000000002 13896.500000000002 13648.500000000002 -13969.208740483242 854.50000000000011 2.2595479224537045 -6.3642650009595618 -10.384102558202128 2901.5000000000005 41393.500000000007 -116916.16985855399 2.9961520659722232 854.50000000000011 13534.000000000002 -3.2807224314701338 -6.0937457905877439 3.5327068242902757 4901.5000000000009 7343.5000000000009 8065.5000000000009 6.5453951678240765
decision_type=2 2 2 2 2 2 2 2 2 2 2 2 2 2 2 2 2 2 2 2 2 2 2 2 2 2 2 2 2 2
left_child=2 3 -1 -2 5 -5 -6 8 21 -9 11 12 17 -12 15 -15 -4 24 19 20 -19 -7 -23 -22 25 -11 -27 -28 -29 -26
right_child=1 -3 16 4 6 7 -8 9 -10 10 13 -13 -14 14 -16 -17 -18 18 -20 -21 23 22 -24 -25 29 26 27 28 -30 -31
leaf_value=-0.028535042326280936 -0.014126928761522869 -0.011006999444829279 -0.0045293209685347844 0.068293107756488572 0.00086501465519192426 -0.028657135556295843 0.015486914019620879 0.025228377512116741 -0.022280331556383981 0.020370419770170348 0.029648696377075595 -0.041139808368941481 -0.042093170092530149 0.022268879288787024 0.016306034278345091 -0.03407057741454253 0.051038226369949979 0.1985501513097796 -0.042890068645986733 0.012974051443158177 0.11932330223675619 0.0089546325841926705 0.08840246339568518 -0.039050034927296834 -0.029138181124194112 -0.035218466630043188 0.031461177718111126 -0.075447980863432129 -0.0054255829336372352 0.072591443548595966
leaf_weight=1124.1238387562335 721.42134994640946 3807.2589813116938 734.56815765425563 79.122014373540878 20617.784474626184 56.784142438322306 1446.2621666416526 793.22433736175299 552.48429711163044 533.9693757481873 867.7808117158711 196.07482006028295 139.77262387797236 161.49338403344154 1313.3975280337036 245.35036727041006 72.764564042910933 14.782131500542162 79.996478538960218 1846.8660712465644 12.571550015360115 74.861924581229687 54.793444097042084 19.064110007137064 336.74878545105457 224.21361258253455 281.21711464598775 54.519542761147022 634.26656597480178 22.61350267380476
leaf_count=45216 965 5804 8943 359 51187 268 3511 915 4848 370 780 179 51 213 1291 62 518 31 59 2062 40 465 220 119 315 376 327 64 1011 27
internal_value=0.000597868 0.00153126 -0.0164074 0.00305243 0.00345666 0.00764874 0.00182346 0.00708535 -0.0113984 0.00884136 0.00698035 0.00144967 0.00343765 0.0163762 0.00968082 -0.0117071 0.000478959 0.00500481 0.0122744 0.0146053 0.0795087 0.0208484 0.04253 0.0238852 -0.00186689 0.00247282 -0.00552973 0.00133274 -0.0109681 -0.0227367
internal_weight=37120.2 35188.7 1931.46 31381.4 30660 8595.97 22064 8516.85 738.924 7777.92 6984.7 4396.68 4200.6 2588.02 1720.24 406.844 807.333 4060.83 1973.28 1893.28 46.4178 186.44 129.655 31.6357 2087.55 1728.19 1194.22 970.003 688.786 359.362
internal_count=130596 75919 54677 70115 69150 14452 54698 14093 5801 8292 7377 5031 4852 2346 1566 275 9461 4801 2311 2252 190 953 685 159 2490 2148 1778 1402 1075 342
is_linear=0
shrinkage=0.05


Tree=155
num_leaves=31
num_cat=1
split_feature=3 4 11 11 2 3 0 2 8 5 2 6 2 7 7 2 11 2 2 2 8 2 2 2 8 2 2 6 2 2
split_gain=939.064 327.363 212.857 163.249 217.956 162.208 161.528 152.882 149.894 128.506 172.595 171.49 169.685 110.108 111.201 122.892 125.215 138.867 118.679 156.76 115.804 112.72 110.696 219.6 113.743 109.597 344.699 185.755 108.342 212.906
threshold=-6.9170352432702478 42.7426932216746 -28176.183482125529 -46853.069509015375 6305.5000000000009 -6.00910642487516 0.67034533564814824 1199.5000000000002 -0.028536827442102727 0 4108.5000000000009 -5.692183186491655 15163.500000000002 42959.000000000007 41348.000000000007 14974.500000000002 -57239.379690559108 7106.0000000000009 10965.500000000002 11760.500000000002 0.004833897913641306 10751.500000000002 14838.500000000002 14621.500000000002 -0.00052243733283230387 12671.000000000002 12457.500000000002 -4.2499165748214489 13048.500000000002 13390.500000000002
decision_type=2 2 2 2 2 2 2 2 2 1 2 2 2 2 2 2 2 2 2 2 2 2 2 2 2 2 2 2 2 2
left_child=1 2 7 -3 -5 8 -7 -1 -2 10 11 -8 -12 14 15 16 18 -18 21 -20 22 -10 23 24 -21 26 27 -11 -27 -30
right_child=5 3 -4 4 -6 6 9 -9 13 25 12 -13 -14 -15 -16 -17 17 -19 19 20 -22 -23 -24 -25 -26 28 -28 -29 29 -31
leaf_value=0.07515961893786946 -0.016009305044605997 -0.027672599530553982 -0.032568519757148071 -0.011582783596615881 0.08094397213709878 0.032602957013299336 0.010355932764237057 -0.0046307111668338228 0.0091921299701799141 0.00096145841512948558 0.015393464444017034 -0.057329365379404168 -0.072621944376372066 -0.038857081968926233 0.06793936093715118 -0.032795654216426141 0.00037390514158046079 -0.032664748958301446 -0.03998180742092982 -0.0064628798469635656 -0.0033982499968752107 0.050093192760182093 0.034883505685623949 -0.043600531656320857 0.027192028556757137 0.02758849081876983 -0.10984604938891834 -0.064769006321740735 -0.071639789450255217 0.0071377366637787737
leaf_weight=60.511009223759174 1347.2726781703532 3434.2604235857725 712.63668754138052 360.8787963334471 77.275125652551651 637.8684211820364 206.53585322201252 7612.8083993140608 362.73028357326984 4212.2893968001008 5800.6541634052992 171.11202695965767 55.282110646367073 158.4315272346139 65.932500544935465 235.17463540658355 1589.0316110253334 397.63880435749888 181.24951610714197 373.96430214494467 1338.1067254506052 314.50436643511057 543.09216403216124 177.94015479832888 763.84864851459861 638.73851069062948 73.590473674237728 110.29908369481564 87.672098428010941 3947.9516385421157
leaf_count=77 2078 73617 3728 2711 31 158 68 34230 411 2501 2466 193 42 231 41 224 1559 514 277 330 1365 77 212 212 445 202 128 296 109 2063
internal_value=-0.000739158 -0.0119815 -0.00642911 -0.0240057 0.00473572 0.00505353 0.00795044 -0.00400149 -0.000830399 0.00692293 0.0124498 -0.0203122 0.0145626 0.00231498 0.00334331 0.00266484 0.00404505 -0.00623889 0.00908294 0.00525323 0.00781781 0.0281864 0.0158918 0.00805274 0.0161307 0.00312471 -0.00254258 -0.00071578 0.00845473 0.00542633
internal_weight=36049.3 12258.4 8385.96 3872.41 438.154 23790.9 15942 7673.32 7848.92 15304.1 6233.58 377.648 5855.94 6501.65 6343.21 6277.28 6042.11 1986.67 4055.44 3378.2 3196.95 677.235 1858.85 1315.75 1137.81 9070.54 4396.18 4322.59 4674.36 4035.62
internal_count=130596 114394 38035 76359 2742 16202 8226 34307 7976 8068 2769 261 2508 5898 5667 5626 5402 2073 3329 2841 2564 488 1199 987 775 5299 2925 2797 2374 2172
cat_boundaries=0 1
cat_threshold=8
is_linear=0
shrinkage=0.05


Tree=156
num_leaves=31
num_cat=2
split_feature=6 4 6 0 8 2 6 2 1 2 2 2 3 4 2 2 2 3 5 6 1 5 2 2 4 7 3 2 2 2
split_gain=610.556 303.422 149.035 146.057 112.41 110.744 133.909 305.48 116.624 109.142 106.647 195.669 237.99 135.527 94.2094 90.9714 169.498 106.55 90.7906 86.3652 177.391 85.1136 90.2196 106.781 98.8967 128.216 95.8341 84.299 81.5892 124.133
threshold=-7.5596420103293172 118.99881610974053 -13.940247676840169 2.3970089699074086 -0.80939547659055566 14838.500000000002 -4.2499165748214489 14548.500000000002 8058.5000000000009 15132.500000000002 14621.500000000002 14688.500000000002 -6.7892803048899752 102.90485644959081 15489.500000000002 14482.500000000002 14409.500000000002 -13.579301804912832 0 -4.9700078719056959 9223.5000000000018 1 15025.500000000002 14957.500000000002 31.986322361260296 39036.500000000007 -9.4237162561723 14608.500000000002 12864.500000000002 14456.500000000002
decision_type=2 2 2 2 2 2 2 2 2 2 2 2 2 2 2 2 2 2 1 2 2 1 2 2 2 2 2 2 2 2
left_child=1 4 -3 -2 -1 6 10 8 -8 -7 18 12 -12 -14 -11 16 -4 -18 -5 -13 -21 -6 23 24 -23 26 28 -20 -26 -30
right_child=3 2 15 5 21 9 7 -9 -10 14 11 19 13 -15 -16 -17 17 -19 27 20 -22 22 -24 -25 25 -27 -28 -29 29 -31
leaf_value=0.017279297216942501 -0.015075721664562209 0.03170318780157319 0.0064861944483465064 -0.0083642552423949853 0.023368752889050763 -0.016681318061798647 0.082654314785273963 -0.021496886808453929 -0.024561276261453453 0.05111506651908701 0.0073867636462165917 -0.0011419337235032986 0.16067197754803589 0.014566839562611445 -0.019380841050711299 0.035046382459405952 -0.2816654705611033 -0.060990457550556702 0.00018320067024813578 0.16123712042917301 -0.0352287659199359 -0.0012260285541561237 -0.014379051014723613 0.044193726162256038 0.030579356350540116 -0.018287394912138266 0.0038876722761071875 -0.033773173534962973 -0.010291344134093133 0.031305230907183304
leaf_weight=1483.467895951122 3235.9835156239569 1693.0594855211675 910.91843986138701 6463.8970523439348 477.4533498249948 2237.1872874461114 181.00279737636447 176.96150893718004 29.497042082250118 115.67758864536881 98.02949907630682 799.77979024499655 60.991874985396862 21.455589830875397 80.28376542031765 259.2779378592968 6.2975779548287383 41.623477149754763 8530.7768512815237 24.52823781222105 21.613560575991869 6697.2531823515892 799.30052533000708 155.30996984615922 917.39931083843112 389.8964777700603 1764.4259129464626 186.77810206264257 404.52154318615794 322.21852457523346
leaf_count=10477 3629 37907 5636 6555 5974 1755 543 92 16 276 164 945 251 26 94 2151 37 118 9721 103 6 17319 1681 1012 11597 957 3925 54 3495 4080
internal_value=0.000129726 0.00747531 0.0221072 -0.00525544 0.00429916 -0.0035854 -0.00212484 0.0269241 0.0676303 -0.0135472 -0.00281928 0.0127791 0.0600428 0.122651 0.0222335 0.00876985 0.00166446 -0.0899906 -0.00387387 0.00269546 0.0692093 0.00268481 0.00182234 0.00303816 0.00242917 0.00887382 0.0119807 -0.000544332 0.0206658 0.00815155
internal_weight=38586.9 16322.4 2911.18 22264.4 13411.2 19028.5 16595.3 387.461 210.5 2433.15 16207.9 1026.4 180.477 82.4475 195.961 1218.12 958.839 47.9211 15181.5 845.922 46.1418 11927.8 11450.3 10651 10495.7 3798.46 3408.57 8717.55 1644.14 726.74
internal_count=130596 106366 45849 24230 60517 20601 18476 651 559 2125 17825 1495 441 277 370 7942 5791 155 16330 1054 109 50040 44066 42385 41373 24054 23097 9775 19172 7575
cat_boundaries=0 1 2
cat_threshold=8 1
is_linear=0
shrinkage=0.05


Tree=157
num_leaves=31
num_cat=0
split_feature=3 6 0 7 4 1 2 1 3 6 2 11 2 2 1 3 7 8 11 2 11 2 3 2 2 3 6 3 3 6
split_gain=214.49 247.001 153.123 81.841 77.7818 106.799 205.185 106.645 109.231 98.6033 91.3899 135.321 106.089 154.375 108.814 90.2694 89.8124 104.84 87.2896 84.6906 212.445 193.97 426.008 169.748 292.447 168.195 109.96 93.8423 91.5641 101.526
threshold=-29.058240367910376 -5.545536273944113 3.7402859027777784 297.50000000000006 10.178710220534201 20383.500000000004 2266.0000000000005 38509.500000000007 -19.812620512908079 -13.262449586064387 1826.5000000000002 -13969.208740483242 13896.500000000002 13648.500000000002 2897.5000000000005 -14.823185543372469 21459.500000000004 -11.320924367273834 -84701.226795319861 14144.500000000002 -300654.99736151035 14088.500000000002 -6.00910642487516 14738.500000000002 14757.500000000002 -7.5041089258661939 -5.692183186491655 -8.6222385708294578 -6.5311359661174633 -8.1597684095739016
decision_type=2 2 2 2 2 2 2 2 2 2 2 2 2 2 2 2 2 2 2 2 2 2 2 2 2 2 2 2 2 2
left_child=2 3 -1 -2 7 6 -6 8 -5 15 -11 12 13 14 -12 -10 17 -7 -14 20 -8 -22 -23 28 27 -26 -27 -25 29 -21
right_child=1 -3 -4 4 5 16 19 -9 9 10 11 -13 18 -15 -16 -17 -18 -19 -20 23 21 22 -24 24 25 26 -28 -29 -30 -31
leaf_value=-0.028233083149770813 -0.013771156804395224 -0.010648433488170427 0.00063890900878214342 0.066365983062289163 -0.032379516943929432 0.19275248714289539 0.064520904762108228 -0.026128154530275935 0.018725048713433931 0.025682402261610761 -0.0011991684790234049 -0.041759057193389487 0.01420086874483488 -0.040821146866347892 0.01571968426745032 -0.022623029101196016 0.0044027551696597762 0.0186395431326516 0.053040792895236166 -0.028477988822616807 0.0010872620702733248 0.032724233754723379 0.34182509557830787 0.11969938643667027 -0.022878730304125738 0.0031354219412086689 0.054256612299055908 0.040482488304488556 -0.033250562227384386 0.00081117906874665917
leaf_weight=1073.2837546896189 716.58518140390515 3750.8520038295537 802.65978483110666 80.233250811696053 493.27062147296965 8.7161036767065507 138.07199534215033 231.07874181307852 184.03121540695429 769.2703150101006 2340.1093209125102 136.62148751318455 2381.0837396420538 187.01761208847165 1600.2225958295166 466.86152097024024 6079.8395604863763 1072.3292387444526 154.01609049737453 453.24540993757546 9715.6640843506902 179.39677567780018 11.885498113930224 46.417147243395448 686.32669637911022 1351.1474305950105 114.07053032517433 192.1383233293891 578.82756939530373 852.12755783461034
leaf_count=45216 965 5804 9461 328 1307 60 844 1326 917 773 2755 51 2219 169 2010 3767 16303 2083 137 4324 21875 320 22 146 4455 1081 73 113 590 1102
internal_value=0.000591249 0.00147478 -0.0158796 0.00293127 0.00332363 0.00175049 -0.000673181 0.00737584 0.00830868 0.00774194 0.00934797 0.00749984 0.00850995 0.00356513 0.00567181 -0.0109324 0.00676394 0.0200434 0.0165605 0.000419036 0.00292736 0.00206894 0.0519305 -0.00547577 0.00337122 -0.00245256 0.00711532 0.0558962 -0.0166981 -0.00935847
internal_weight=36847.4 34971.5 1875.94 31220.6 30504 21973.5 14812.6 8530.55 8299.47 8219.23 7568.34 6799.07 6662.45 4127.35 3940.33 650.893 7160.88 1081.05 2535.1 14319.3 10045 9906.95 191.282 4274.3 2390.1 2151.54 1465.22 238.555 1884.2 1305.37
internal_count=130596 75919 54677 70115 69150 54698 36252 14452 13126 12798 8114 7341 7290 4934 4765 4684 18446 2143 2356 34945 23061 22217 342 11884 5868 5609 1154 259 6016 5426
is_linear=0
shrinkage=0.05


Tree=158
num_leaves=31
num_cat=1
split_feature=3 4 11 2 0 0 6 3 0 7 2 2 2 2 7 0 2 4 6 7 6 5 4 6 2 2 11 2 0 1
split_gain=860.927 343.358 134.175 141.673 127.825 103.031 115.097 195.548 101.903 103.928 102.249 418.232 144.449 126.705 258.215 100.341 105.963 100.037 98.2982 138.344 102.411 119.382 96.812 96.3754 123.667 356.523 126.938 152.73 212.727 151.538
threshold=-6.4666728876018658 52.403226522299342 -74832.118257130627 10822.000000000002 6.4576120775462966 2.8853423263888893 -7.2071532416832271 -7.4408718377117484 0.49194083912037051 947.50000000000011 3487.5000000000005 3568.0000000000005 4543.5000000000009 4763.5000000000009 2901.5000000000005 0.67034533564814824 977.50000000000011 61.86477065305386 -6.0937457905877439 11582.500000000002 -28.45154926699572 0 18.655998893886856 -5.3533512805949579 6305.5000000000009 6381.5000000000009 -58622.15313841981 7480.0000000000009 4.7796720601851872 40864.500000000007
decision_type=2 2 2 2 2 2 2 2 2 2 2 2 2 2 2 2 2 2 2 2 2 1 2 2 2 2 2 2 2 2
left_child=1 8 4 5 -3 6 7 17 -1 -10 18 -12 -13 14 -14 -2 -17 -4 20 -20 21 22 -11 24 -15 -26 27 28 -27 -29
right_child=15 2 3 -5 -6 -7 -8 -9 9 10 11 12 13 23 -16 16 -18 -19 19 -21 -22 -23 -24 -25 25 26 -28 29 -30 -31
leaf_value=-0.036221115922386998 0.023554359853936755 -0.033248906659717768 0.04125661265646971 0.041525913404755282 0.0012683245990560161 -0.034812431373887114 -0.036806343051027139 0.0613197893024418 0.0051861960179914552 0.091737806287164325 0.075566919636317065 -0.036240345628018748 0.094212751898568703 -0.031644063094298056 -0.036585776787728716 -0.033380011928794334 0.0055953253124876711 -0.035879581588018038 -0.040632527524930115 0.10898794229547122 -0.033184845202770714 -0.036452656196274288 -0.036157879517105432 0.035682898668076418 0.050602908737634393 0.037044543134510909 -0.037064276846388612 -0.010608554293546752 -0.038938585533243489 0.02128509360056673
leaf_weight=265.06000893376768 778.03517532348633 2301.3415138237178 57.832531034946442 127.58628523349762 303.60048167407513 372.12998201139271 149.73989998921752 140.2503983527422 2097.6053346488625 53.83492648601532 156.8010925129056 398.29140728153288 90.028748694807291 477.82109376229346 64.956924529746175 175.96136396378279 19496.731771722436 153.85177579149604 29.136545218527317 32.888895809650421 797.77613528817892 64.377714112401009 20.404632903635502 134.37144746631384 273.49129071831703 405.74007379263639 347.59025629237294 5337.4288541302085 119.16963852383196 400.37465299107134
leaf_count=2148 239 64265 243 32 2283 3362 263 78 5440 58 182 2687 87 2577 348 235 11584 1868 72 14 4759 903 258 149 154 926 716 22678 731 1257
internal_value=-0.000752065 -0.00977592 -0.0232463 -0.00769133 -0.029226 -0.0148777 -9.05293e-05 0.0155312 -0.0055762 -0.00485751 -0.00714636 -0.00530818 -0.00688364 -0.0053554 0.039393 0.00594322 0.00524671 -0.0148058 -0.0222545 0.0387035 -0.0262923 0.0133762 0.0565859 -0.00628061 -0.00704657 -0.0053392 -0.00765372 -0.00602139 0.0197942 -0.00838307
internal_weight=35624.2 15173.5 3606.33 1001.39 2604.94 873.805 501.675 351.935 11567.1 11302.1 9204.48 8206.07 8049.26 7650.97 154.986 20450.7 19672.7 211.684 998.419 62.0254 936.393 138.617 74.2396 7495.99 7361.62 6883.79 6610.3 6262.71 524.91 5737.8
internal_count=130596 118538 72394 5846 66548 5814 2452 2189 46144 43996 38556 32492 32310 29623 435 12058 11819 2111 6064 86 5978 1219 316 29188 29039 26462 26308 25592 1657 23935
cat_boundaries=0 1
cat_threshold=8
is_linear=0
shrinkage=0.05


Tree=159
num_leaves=31
num_cat=3
split_feature=3 4 6 0 2 3 2 2 6 5 2 6 2 4 2 0 6 5 2 2 11 2 2 6 2 5 4 11 1 2
split_gain=552.425 249.297 163.583 151.395 123.916 149.746 107.47 236.97 243.458 104.944 103.58 135.915 95.304 85.7148 82.0917 79.901 75.8531 73.8032 83.0521 101.966 85.0663 77.377 154.77 113.145 124.124 103.665 163.189 199.55 101.291 126.182
threshold=-7.6196982991156821 118.99881610974053 -8.4756689210424234 1.7028354513888893 14838.500000000002 -3.6665527722616669 14621.500000000002 14688.500000000002 -5.9361040023224918 0 14589.500000000002 -4.2499165748214489 14498.500000000002 15.728093583246443 14654.500000000002 0.49194083912037051 -7.2387113407485772 1 15025.500000000002 14957.500000000002 -439454.99999999994 12223.500000000002 10027.500000000002 -16.119758239182065 14654.500000000002 2 12.771672403379386 -276411.22047247499 20383.500000000004 14644.500000000002
decision_type=2 2 2 2 2 2 2 2 2 1 2 2 2 2 2 2 2 1 2 2 2 2 2 2 2 1 2 2 2 2
left_child=1 15 -3 -2 5 6 9 8 14 -5 11 12 -11 -6 -8 -1 -9 -17 19 20 -19 22 25 24 28 26 -22 -28 29 -23
right_child=3 2 -4 4 13 -7 7 16 -10 10 -12 -13 -14 -15 -16 17 -18 18 -20 -21 21 23 -24 -25 -26 -27 27 -29 -30 -31
leaf_value=0.027292582124774853 -0.018940906788867062 0.027490576573885823 -0.0006718954415968673 -0.008157565324974041 -0.020893152624324913 0.067676395915218721 0.0091794679072822773 0.052737483760829533 0.1704301126130171 -0.00041915829704399518 -0.02659599278179401 0.050913458349264168 0.04670558386735682 -0.0020539710097757873 0.090325084467475128 0.022106363609479509 -0.0019114569774935043 0.036561193001314413 -0.012054566408959423 0.041961981217458928 -0.00529326908096931 -0.0025699337756537807 0.024400671114790801 0.0032675431864989052 0.034184487780382321 -0.0053682455677061926 -0.052391363441825434 0.022599702906334816 -0.043244750851687115 -0.047375094834773479
leaf_weight=368.51948834210634 1779.5700708962977 2144.3073562048376 678.87045848369598 7127.9605744369328 1638.0197581127286 76.222932778298855 104.39964407682419 68.482173122465611 41.442730002105236 8954.5510263815522 356.19488805532455 133.78007043898106 108.58950512856245 956.23644454404712 44.433373153209686 521.04053071886301 872.18230316787958 190.51795589178801 863.79896426200867 174.42660107463598 1183.6638390347362 897.35407114773989 1019.1228969581425 3378.3024287633598 126.7442194968462 2127.0638990923762 93.630932912230492 1687.8461369723082 299.69372592121363 190.49665186554193
leaf_count=3508 1754 44431 1867 6939 1112 212 145 149 178 9474 151 302 222 1015 127 6846 931 2286 1961 1157 2587 5107 5532 11704 825 7424 399 11529 651 71
internal_value=0.000136004 0.00723991 0.0207185 -0.00495223 -0.00373686 -0.00225583 -0.00255509 0.0123608 0.0632496 -0.00356635 -0.000140665 0.000883945 0.000145464 -0.0139491 0.0334051 0.00434006 0.00206709 0.00367684 0.00289185 0.00402747 0.00343639 0.00286288 0.00661437 -0.0018231 -0.0131801 0.00305473 0.00909701 0.0186583 -0.0175066 -0.0104159
internal_weight=38207.5 15945.4 2823.18 22262.1 20482.5 17888.2 17812 1130.94 190.276 16681.1 9553.12 9196.92 9063.14 2594.26 148.833 13122.2 940.664 12753.7 12232.7 11368.9 11194.4 11003.9 6111.33 4892.59 1514.29 5092.2 2965.14 1781.48 1387.54 1087.85
internal_count=130596 107885 46298 22711 20957 18830 18618 1530 450 17088 10149 9998 9696 2127 272 61587 1080 58079 51233 49272 48115 45829 27471 18358 6654 21939 14515 11928 5829 5178
cat_boundaries=0 1 2 3
cat_threshold=8 1 4
is_linear=0
shrinkage=0.05


Tree=160
num_leaves=31
num_cat=1
split_feature=3 3 0 2 1 4 4 4 11 2 1 5 7 6 4 6 7 4 2 2 2 11 2 11 0 6 2 2 2 2
split_gain=196.354 224.445 149.048 84.7637 79.3405 74.0567 78.8119 75.7319 72.753 73.2297 70.1915 77.9164 147.282 241.822 198.054 141.553 111.551 99.2547 115.397 164.794 209.029 99.8793 175.85 92.9445 119.015 92.2652 92.0196 186.229 182.202 179.1
threshold=-5.5265860328747483 -29.058240367910376 3.7402859027777784 3730.0000000000005 8405.5000000000018 19.50728921640874 228.26234571637744 11.26096667277489 -9346.1893204530334 722.50000000000011 301.50000000000006 0 2820.5000000000005 -5.9361040023224918 5.6185747973908766 -5.7941192911469956 14528.500000000002 10.178710220534201 7106.0000000000009 8938.0000000000018 9280.5000000000018 -78928.873914772601 10659.500000000002 -44029.073870720276 5.5624180266203718 -6.0937457905877439 13474.500000000002 13140.500000000002 14722.500000000002 14600.500000000002
decision_type=2 2 2 2 2 2 2 2 2 2 2 1 2 2 2 2 2 2 2 2 2 2 2 2 2 2 2 2 2 2
left_child=1 2 -1 4 8 7 -7 -4 -2 -10 -3 12 14 16 25 -16 17 -14 23 -20 -21 -22 -23 -19 -25 -12 27 -13 29 -28
right_child=3 10 5 -5 -6 6 -8 -9 9 -11 11 26 13 -15 15 -17 -18 18 19 20 21 22 -24 24 -26 -27 28 -29 -30 -31
leaf_value=-0.02792302806361931 0.037486067664806937 -0.012877869655612424 0.16512989920094368 -0.013930246480707457 -0.034994412000827584 0.01630558457576288 -0.034503675475849115 -0.033407994998508064 0.026056757778048459 -0.037205095524685809 0.0081091532722319445 0.0018775300097747631 0.014201235546244194 -0.023559093277536733 0.021232075837710133 0.068762622758669179 0.010076581597146292 -0.044659971696134199 0.032425111139954811 -0.096294436197479252 0.0051728278400334435 0.028139941160686084 -0.028921861303284231 0.0031654609564171483 -0.04484897970613113 -0.021087428714083908 -0.0069571499668426269 0.030161367877850301 0.0054340656358253768 -0.038469701850176757
leaf_weight=1024.3379515688866 217.5146380905062 702.43265284970403 4.9427558965980998 2971.9892705064267 85.986119415611029 531.9207228589803 89.10654834471643 170.13735017925501 92.308325722813606 90.685855751857162 1161.4905349761248 9781.6983486264944 935.17983055487275 797.3091998975724 1746.7765790019184 172.07427306473255 5270.3324069920927 260.56320379674435 363.08391408622265 59.335694590583444 1780.8304871059954 173.51205834001303 608.59625986963511 491.55211407877505 175.01389337331057 352.77744624763727 2665.2986272182316 618.80135344900191 2646.9513311926275 542.69712257571518
leaf_count=45216 336 1001 21 4665 101 6357 2249 834 50 129 872 26702 1171 727 2974 171 11460 846 619 97 5290 132 168 718 226 210 7453 1289 6976 1536
internal_value=0.000573353 0.00175691 -0.0153103 -0.0107632 0.00858388 0.000918248 0.00901534 -0.027803 0.0179398 -0.00529372 0.00274936 0.00310805 0.00579335 0.00295236 0.014826 0.0254944 0.00504149 -0.000432598 -0.00393044 0.000854889 -0.00351637 -0.00136842 -0.0162626 -0.0193392 -0.00944123 0.00130726 0.000737768 0.00356034 -0.00427614 -0.0122881
internal_weight=36585.2 33126.8 1820.45 3458.48 486.495 796.107 621.027 175.08 400.509 182.994 31306.3 30603.9 14348.4 10915.3 3433.12 1918.85 10118 4847.67 3912.49 2985.36 2622.27 2562.94 782.108 927.129 666.566 1514.27 16255.4 10400.5 5854.95 3208
internal_count=130596 125315 54677 5281 616 9461 8606 855 515 179 70638 69637 25681 21454 4227 3145 20727 9267 8096 6306 5687 5590 300 1790 944 1082 43956 27991 15965 8989
cat_boundaries=0 1
cat_threshold=8
is_linear=0
shrinkage=0.05


Tree=161
num_leaves=31
num_cat=0
split_feature=3 4 11 11 2 8 6 8 2 2 2 6 7 8 7 3 3 11 6 1 1 4 2 11 1 6 8 4 7 8
split_gain=801.243 300.177 199.527 155.529 187.265 144.3 167.676 148.204 133.003 118.863 187.51 132.035 111.594 113.704 112.248 107.531 125.142 106.088 104.611 109.179 311.421 150.292 131.182 102.985 97.5206 94.7304 106.848 112.518 152.514 135.235
threshold=-6.9170352432702478 42.7426932216746 -28176.183482125529 -46853.069509015375 6305.5000000000009 -0.028536827442102727 -5.5040396272407603 0.014878748900527762 1199.5000000000002 10751.500000000002 11163.500000000002 -5.9361040023224918 41832.500000000007 2.359766567492684 42431.500000000007 -8.4302166071782896 -9.4760585394022456 -68898.004600191023 -5.2937090763329708 1353.5000000000002 6503.5000000000009 12.008956204924436 2793.0000000000005 -67660.292619632863 8531.5000000000018 -6.9057036377588963 -1.0000000180025095e-35 9.1893487371359424 2046.5000000000002 -0.80939547659055566
decision_type=2 2 2 2 2 2 2 2 2 2 2 2 2 2 2 2 2 2 2 2 2 2 2 2 2 2 2 2 2 2
left_child=1 2 8 12 15 6 24 9 -1 11 -11 -7 -3 17 -15 16 -5 -14 -13 -20 21 -21 -23 -19 -2 26 27 -10 29 -29
right_child=5 3 -4 4 -6 7 -8 -9 25 10 -12 18 13 14 -16 -17 -18 23 19 20 -22 22 -24 -25 -26 -27 -28 28 -30 -31
leaf_value=0.068682411926327527 -0.025508036103292817 -0.030695297503051441 -0.032233917249061245 -0.034550177345397809 0.073751864308915047 -0.0079003272780406707 0.0051702681704636731 0.00092300643382938136 -0.03650523975077774 0.037091671428822123 0.011084066570469505 0.016877286849151383 -0.021998084757814642 0.22941788207258818 0.030970507057430513 -0.036074911986330074 0.056516724132248286 0.11121481715028102 0.018754057815923608 -0.028842144540581829 0.011540139124889923 -0.055184283103811155 -0.1776204707803305 -0.034963028479104451 -0.0028036997615798896 0.013469792114666118 -0.0018563991947077247 -0.021259967446503714 -0.020455058827262652 0.02835991153615083
leaf_weight=62.873078502714634 999.42705420777202 2785.6600612718612 668.50215162336826 63.223573800176382 80.406683541834354 1624.9724472798407 2376.0781450085342 7366.7049712687731 485.21588349342346 773.04533283412457 6697.3317611888051 1827.148745380342 321.85195969603956 9.3289439678192121 30.171404723078012 191.23437356576324 93.535192355513573 31.642595358192921 312.98949790745974 106.82206786423922 321.28581872209907 43.180020242929459 44.345076642930508 19.458377324044704 897.82872071862221 678.85454742982984 4667.1015320271254 211.47608297690749 1075.3278561215848 391.56421359069645
leaf_count=77 1247 66810 3728 1685 31 1567 1642 5446 2333 194 3644 728 6508 7 114 692 334 15 141 162 200 23 118 163 1090 1208 20689 1425 7350 1225
internal_value=-0.000742306 -0.0113243 -0.00604911 -0.0233117 0.00497969 0.00462643 -0.00367996 0.00648313 -0.00373748 0.00996873 0.0137754 0.00332572 -0.0271014 -0.00282862 0.0778386 -0.0109107 0.0197878 -0.0113723 0.0101945 -0.00454118 -0.0186814 -0.0686423 -0.117217 0.0555528 -0.0147638 -0.00434381 -0.00611418 -0.0152987 -0.00916792 0.0109591
internal_weight=35258.6 11867.4 8240.92 3626.51 428.4 23391.2 4273.33 19117.8 7572.41 11751.1 7470.38 4280.74 3198.11 412.453 39.5003 347.993 156.759 372.953 2655.77 828.622 515.633 194.347 87.5251 51.101 1897.26 7509.54 6830.69 2163.58 1678.37 603.04
internal_count=130596 114394 38035 76359 2742 16202 3979 12223 34307 6777 3838 2939 73617 6807 121 2711 2019 6686 1372 644 503 303 141 178 2337 34230 33022 12333 10000 2650
is_linear=0
shrinkage=0.05


Tree=162
num_leaves=31
num_cat=2
split_feature=3 4 5 7 3 11 2 0 6 11 0 5 4 7 6 6 11 0 7 2 3 2 7 4 1 6 7 4 7 2
split_gain=499.059 269 163.314 196.929 136.042 167.931 136.257 132.669 131.875 104.368 95.1662 91.9688 100.821 110.254 99.2267 89.1656 85.7484 101.281 82.5526 78.8987 154.191 136.147 182.717 127.108 95.9093 105.721 93.0718 81.9669 78.0503 88.5925
threshold=-12.702130232536012 111.6016047876326 0 995.50000000000011 -6.6906892972757257 -172019.66826882077 14379.500000000002 6.4576120775462966 -16.668775644134652 -108752.58127161059 5.4150955034722239 1 25.0435371529937 513.50000000000011 -9.1951112767098646 -8.6151092403648892 -214482.43882486058 3.7402859027777784 37994.500000000007 14838.500000000002 -3.6665527722616669 14772.500000000002 2046.5000000000002 83.933244842588095 413.50000000000006 -4.4112803502844633 18955.500000000004 2.095937416300369 22577.500000000004 4645.5000000000009
decision_type=2 2 1 2 2 2 2 2 2 2 2 1 2 2 2 2 2 2 2 2 2 2 2 2 2 2 2 2 2 2
left_child=1 7 3 -2 5 6 -4 11 -9 -5 -3 -1 13 -13 16 -12 17 -14 -19 20 21 24 -23 -21 25 27 -25 -6 29 -11
right_child=2 10 4 9 19 -7 -8 8 -10 28 15 12 14 -15 -16 -17 -18 18 -20 23 -22 22 -24 26 -26 -27 -28 -29 -30 -31
leaf_value=0.03342500078955106 -0.021629661649502092 0.033314279442526254 -0.067692334184048672 0.0093836666819106587 -0.0081896108224939809 0.0065013625981496445 0.0054544241002949349 -0.035737913688500128 0.014097759835673206 0.010222975242621507 0.0092488575046900702 0.034182274861136668 0.024237890765299246 -0.0017390172884589026 -0.017800881075961738 -0.095810096856376745 0.032146969411357737 0.0047444041374150028 -0.04276092651859803 -0.017192975130912082 0.077515187603115307 0.17524979393643178 0.016021854322247266 0.19471939778586966 -0.0042144906407069749 0.14479300554576333 0.020795470079769368 0.049175096101314847 -0.013366550623330937 -0.0056931127282216516
leaf_weight=354.25479173660278 1958.9290795400739 1512.9243423230946 140.65586550906301 1218.0984637625515 136.903978087008 7746.8561682775617 116.31406530365348 347.71749636158347 214.71812878549099 1025.2506405822933 222.89230805635452 231.76063782721758 649.98266125842929 2728.2766967117786 205.87079609557986 22.208590812981129 739.450116019696 475.58998055011034 113.22181028500199 1342.7711074650288 60.814162015914917 24.382322318851948 69.012384250760078 11.717808172106741 7375.6085062623024 17.563282005488873 22.388917237520218 114.2290273681283 2698.3076385632157 5938.5527350008488
leaf_count=6024 1607 39867 122 5125 121 19157 630 724 1158 1916 2230 923 8742 8773 1085 78 9386 3522 185 946 192 108 102 56 6957 68 41 230 3468 7053
internal_value=0.00016072 0.0114122 -0.00276994 -0.00703595 0.000418333 0.0051823 -0.0345834 0.00641733 -0.0167124 -0.00440842 0.0286319 0.00878329 0.00708632 0.0010735 0.0152352 -0.000270534 0.0186732 0.0106306 -0.00439033 -0.00373734 -0.00178914 -0.00241243 0.0575911 -0.0147718 -0.00314553 0.0261971 0.0805493 0.017903 -0.00614719 -0.00334986
internal_weight=37837.2 7818.87 30018.4 12839.1 17179.2 8003.83 256.97 6060.84 562.436 10880.2 1758.03 5498.41 5144.15 2960.04 2184.12 245.101 1978.24 1238.79 588.812 9175.39 7798.51 7737.7 93.3947 1376.88 7644.3 268.696 34.1067 251.133 9662.11 6963.8
internal_count=130596 82697 47899 19169 28730 19909 752 40522 1882 17562 42175 38640 32616 9696 22920 2308 21835 12449 3707 8821 7778 7586 210 1043 7376 419 97 351 12437 8969
cat_boundaries=0 1 2
cat_threshold=8 1
is_linear=0
shrinkage=0.05


Tree=163
num_leaves=31
num_cat=1
split_feature=3 3 0 2 1 6 2 2 2 11 7 1 5 7 6 4 3 2 11 2 2 7 4 2 2 2 11 2 3 4
split_gain=181.246 204.663 143.542 79.2717 74.7586 72.6748 68.8861 344.876 68.3347 106.73 74.0941 71.9278 79.9462 122.524 220.757 200.48 141.57 116.451 345.201 132.772 110.599 107.208 100.169 118.737 153.378 192.992 92.0946 162.976 90.1112 288.072
threshold=-5.5265860328747483 -29.058240367910376 3.7402859027777784 3730.0000000000005 8405.5000000000018 -10.384102558202128 14946.500000000002 14957.500000000002 192.50000000000003 -7025.4810305574301 2980.5000000000005 301.50000000000006 0 2820.5000000000005 -5.9361040023224918 6.8046686379792378 -5.8643903930433314 5343.5000000000009 -52755.885559555369 4645.5000000000009 2956.5000000000005 14528.500000000002 10.178710220534201 7106.0000000000009 8938.0000000000018 9280.5000000000018 -78928.873914772601 10659.500000000002 -5.8643903930433314 22.923179279297461
decision_type=2 2 2 2 2 2 2 2 2 2 2 2 1 2 2 2 2 2 2 2 2 2 2 2 2 2 2 2 2 2
left_child=1 2 -1 4 -2 -4 -5 -8 -3 11 -11 -10 13 15 21 -13 -17 19 -19 20 -14 22 -15 -24 -25 -26 -27 -28 -20 -30
right_child=3 8 5 6 -6 -7 7 -9 9 10 -12 12 17 14 -16 16 -18 18 28 -21 -22 -23 23 24 25 26 27 -29 29 -31
leaf_value=-0.027613084795058963 0.017403483420805898 -0.03433324521563997 -0.0038999851141562434 -0.015923380503856967 -0.034722833506221538 0.04774215683880921 0.12533232533829966 -0.017927330781128605 -0.013992397460801331 0.043353315893018073 0.0079246203791740102 0.0016605128807158798 -0.017268213814867189 0.01456061834777005 -0.022799882748473995 0.021328519460033831 0.070229548740332021 -0.00090556433756318647 0.019274391661621055 -0.031348991406288301 0.0061828901873314801 0.0099151224993554929 -0.01995992009467179 0.031506175079937339 -0.091760623013259671 0.0049634017939887767 0.027413963811623761 -0.028004381402652635 -0.011608074591307097 0.11569719811243502
leaf_weight=979.94683876167983 397.79374043643475 124.40215741097927 717.22527401335537 2657.6639476008713 83.164126481860876 75.276554880663753 52.646059416234493 207.945492208004 655.76542174071074 266.450609061867 330.77897331118584 1677.8641848936677 860.33145391754806 894.76358259469271 775.98130307532847 1498.5237703043967 164.2242174744606 11442.594741495326 1526.8752358071506 542.66930754669011 1209.6747646275908 5122.1625936441123 895.6835681181401 357.9073090236634 60.366749074310064 1773.6257983017713 170.3515195697546 599.6761264577508 82.70127234607935 96.044005990028381
leaf_count=45216 515 391 8943 4378 101 518 29 258 986 180 651 1334 2636 1126 717 2719 114 34406 1281 1138 3353 11347 1733 619 97 5290 132 168 123 97
internal_value=0.000573617 0.00170921 -0.0148172 -0.0104181 0.00839014 0.00100529 -0.0135179 0.0110147 0.00265019 0.00279858 0.0237309 0.00238746 0.00274848 0.00549938 0.0028789 0.013854 0.0261583 0.000306478 0.00222232 -0.00933497 -0.00356381 0.00489684 -0.000511911 -0.00400795 0.000815911 -0.00340229 -0.00130534 -0.0157443 0.0232066 0.056796
internal_weight=36301.1 32901.9 1772.45 3399.21 480.958 792.502 2918.26 260.592 31129.4 31005 597.23 30407.8 29752 13991.1 10650.5 3340.61 1662.75 15760.9 13148.2 2612.68 2070.01 9874.54 4752.37 3857.61 2961.93 2604.02 2543.65 770.028 1705.62 178.745
internal_count=130596 125315 54677 5281 616 9461 4665 287 70638 70247 831 69416 68430 25396 21229 4167 2833 43034 35907 7127 5989 20512 9165 8039 6306 5687 5590 300 1501 220
cat_boundaries=0 1
cat_threshold=8
is_linear=0
shrinkage=0.05


Tree=164
num_leaves=31
num_cat=0
split_feature=3 4 11 11 2 8 6 8 2 7 2 2 6 4 3 3 6 7 1 4 2 7 4 7 11 7 2 4 0 4
split_gain=732.75 287.559 192.592 149.737 168.164 135.122 155.141 139.494 121.333 109.701 109.571 181.067 121.225 105.375 103.995 114.938 99.0025 101.532 281.132 130.055 98.0926 94.2657 92.7382 182.088 99.1206 98.7256 141.35 94.992 91.8181 116.187
threshold=-6.9170352432702478 42.7426932216746 -28176.183482125529 -46853.069509015375 6305.5000000000009 -0.028536827442102727 -5.5040396272407603 0.014878748900527762 1199.5000000000002 41832.500000000007 10751.500000000002 11163.500000000002 -5.9361040023224918 232.23250760912967 -8.4302166071782896 -9.4760585394022456 -5.2937090763329708 1357.5000000000002 6503.5000000000009 12.008956204924436 2793.0000000000005 44055.500000000007 59.839609987612711 34426.000000000007 -26649.541688780693 9356.5000000000018 1826.5000000000002 55.19715661347437 2.2595479224537045 1.4712513167492045
decision_type=2 2 2 2 2 2 2 2 2 2 2 2 2 2 2 2 2 2 2 2 2 2 2 2 2 2 2 2 2 2
left_child=1 2 8 9 14 6 -2 10 -1 -3 12 -12 22 21 15 -5 -14 -18 19 -19 -21 -11 23 24 27 26 -26 -7 29 -13
right_child=5 3 -4 4 -6 7 -8 -9 -10 13 11 28 16 -15 -16 -17 17 18 -20 20 -22 -23 -24 -25 25 -27 -28 -29 -30 -31
leaf_value=0.064782620679973521 -0.014380758379207402 -0.030473169798905117 -0.032022192406154948 -0.034501511859623121 0.068912830382425461 -0.021998525976512067 0.004858863657951162 0.00077682574524834175 -0.0041859990063370933 0.068118437857585465 0.036494351103986133 -0.062602177257410671 0.016397527741616694 -0.034256987378651564 -0.035975578345496334 0.053707610388579269 0.018223736530932438 -0.027819605579208369 0.011073647437036923 -0.053646768992111765 -0.15821057927082954 -0.0011455808471838578 -0.039527155465671857 0.083072107012069157 -0.025087337296670266 -0.0211003592505471 0.044089675862031344 0.051686156926177167 0.0080169899976407898 0.026999391833053079
leaf_weight=64.320730857551098 1886.6858147569001 2676.2154095247388 647.15667874924839 60.312574863433838 82.618076726794243 770.95607850700617 2356.4653456695378 7334.9915656670928 7450.2020182795823 67.84411240182817 752.99208305776119 37.471718654036522 1794.626056984067 159.08627475239336 184.73390520364046 95.254625022411346 306.25830335915089 107.62596669793129 316.57550096139312 42.181081429123878 47.898560084402561 178.00906121917069 199.39806170016527 58.751444734632969 102.81747530400753 174.83821661770344 262.04427051544189 46.370157200843096 5545.590454608202 1049.3845445103943
leaf_count=77 2337 66810 3728 1685 31 782 1642 5446 34230 464 194 23 728 4674 692 334 142 162 200 23 117 1669 322 53 102 178 105 25 3270 351
internal_value=-0.000771783 -0.0109933 -0.00584966 -0.022974 0.00492425 0.00436931 -0.00369589 0.00617514 -0.00359566 -0.0268033 0.009584 0.0132593 0.00316756 -0.00254928 -0.0106109 0.0195094 0.00981934 -0.00456801 -0.0181407 -0.06492 -0.109247 0.0179681 -0.00760249 -0.00310622 -0.00683725 0.00979226 0.0245957 -0.0178181 0.0106214 0.0239102
internal_weight=34859.7 11665.8 8161.68 3504.07 422.919 23193.9 4243.15 18950.8 7514.52 3081.15 11615.8 7385.44 4230.34 404.939 340.301 155.567 2615.17 820.539 514.281 197.706 90.0796 245.853 1615.18 1415.78 1357.03 539.7 364.862 817.326 6632.45 1086.86
internal_count=130596 114394 38035 76359 2742 16202 3979 12223 34307 73617 6777 3838 2939 6807 2711 2019 1372 644 502 302 140 2133 1567 1245 1192 385 207 807 3644 374
is_linear=0
shrinkage=0.05


Tree=165
num_leaves=31
num_cat=1
split_feature=6 4 6 0 8 8 2 2 4 1 2 4 6 2 0 2 1 1 5 11 0 3 8 2 2 11 4 3 0 2
split_gain=452.542 250.709 140.978 134.565 104.998 98.3477 86.2168 157.011 84.4289 86.302 129.112 154.728 81.9471 151.825 78.464 74.1208 72.0473 100.053 94.411 84.665 199.842 70.6993 68.3931 77.3972 103.875 85.4573 68.7349 96.2779 77.9409 67.763
threshold=-7.5596420103293172 118.99881610974053 -13.940247676840169 3.2440643865740744 -0.12691306263224697 -0.80939547659055566 14482.500000000002 14409.500000000002 3.0725797804206416 7306.5000000000009 14847.500000000002 41.273083110336081 -4.4112803502844633 14548.500000000002 6.5758721585648159 1976.5000000000002 1567.5000000000002 13818.500000000002 0 -217333.74610683587 4.0740392650462978 -13.579301804912832 1.076557662193619 15062.500000000002 15132.500000000002 -108752.58127161059 22.394052040659574 -9.2660808563822297 3.2985504340277783 1446.5000000000002
decision_type=2 2 2 2 2 2 2 2 2 2 2 2 2 2 2 2 2 2 1 2 2 2 2 2 2 2 2 2 2 2
left_child=1 5 -3 4 -2 -1 7 -4 -5 10 11 12 -10 15 -13 -14 29 -18 -19 20 -20 -9 23 25 -25 -21 -27 -28 -29 -7
right_child=3 2 6 8 -6 16 -8 21 9 -11 -12 14 13 -15 -16 -17 17 18 19 22 -22 -23 -24 24 -26 26 27 28 -30 -31
leaf_value=0.01620425087733364 0.003037219942716953 0.031071002269763115 0.0057145374193242528 -0.012684482493843406 -0.014738193631702649 -0.040671796667267716 0.034113258785733229 -0.2265881262509567 0.0024043579097827016 -0.0044434570476053134 -0.012793995724021012 0.032910359900453878 -0.016085164796837605 -0.014775676781201692 0.17233704926213378 0.070603113408810911 0.0092496895097212723 0.029747551293705321 0.038595274336585078 0.020770911763180092 -0.035512088857119831 -0.060574002116242878 -0.01476159352159186 -0.11662708166583469 0.022435017894340395 -0.013679457443009491 0.031031398972572323 -0.027037112456162977 0.0066047087490306092 -0.0030782913247609667
leaf_weight=1423.0625282004476 1026.1548316702247 1459.8710810896009 887.42808338999748 1731.6915355622768 4363.1801119856536 125.60840325802565 247.20004628039896 7.5962706729769698 4755.5264739170671 8130.8700398020446 1047.6246346496046 382.79329706728458 29.199140407145023 120.58866225928068 10.363828532397745 158.55292035639286 4910.4258684888482 229.58559786900878 113.25240115448833 628.30077357962728 462.39267946779728 41.172165002673864 638.48338807746768 30.517189756035805 23.981480039656162 650.45563987642527 300.39737155288458 226.52551753818989 717.43996279686689 2623.4020308852196
leaf_count=10477 2044 37907 5636 1458 4074 128 2151 37 5306 9107 908 740 18 78 45 452 25860 3586 1475 4011 1043 118 1203 40 85 1136 2905 281 1400 6887
internal_value=0.000171712 0.00662762 0.0206746 -0.00450099 -0.0113537 0.00379411 0.00784932 0.000914395 -0.00224457 -0.0010093 0.00328342 0.00636992 0.00402397 0.0290032 0.0365857 0.0571214 0.00228219 0.00446071 -0.00138708 -0.00327225 -0.0209322 -0.0864327 -0.000111315 0.0035176 -0.0554345 0.00479095 -0.000507829 0.00637727 -0.00146839 -0.00479602
internal_weight=37503.6 15747.1 2643.27 21756.5 5389.33 13103.8 1183.4 936.197 16367.2 14635.5 6504.65 5457.02 5063.87 308.341 393.157 187.752 11680.8 8931.76 4021.33 3791.75 575.645 48.7684 3216.1 2577.62 54.4987 2523.12 1894.82 1244.36 943.965 2749.01
internal_count=130596 106366 45849 24230 6118 60517 7942 5791 18112 16654 7547 6639 5854 548 785 470 50040 43025 17165 13579 2518 155 11061 9858 125 9733 5722 4586 1681 7015
cat_boundaries=0 1
cat_threshold=1
is_linear=0
shrinkage=0.05


Tree=166
num_leaves=31
num_cat=1
split_feature=3 3 0 2 4 4 1 11 2 2 2 2 11 7 1 5 7 6 4 3 2 11 2 2 7 4 2 2 2 7
split_gain=167.183 185.027 136.201 74.4448 71.183 73.3222 70.3222 65.2147 68.9057 65.0633 291.475 64.391 99.1856 69.9999 66.6344 70.8524 112.924 206.125 187.872 127.794 109.555 319.582 125.532 104.335 97.1837 93.294 109.887 142.553 177.724 86.8273
threshold=-5.5265860328747483 -29.058240367910376 3.7402859027777784 3730.0000000000005 21.431056427988974 228.26234571637744 8405.5000000000018 -9346.1893204530334 722.50000000000011 14946.500000000002 14957.500000000002 192.50000000000003 -7025.4810305574301 2980.5000000000005 301.50000000000006 0 2820.5000000000005 -5.9361040023224918 6.8046686379792378 -5.8643903930433314 5343.5000000000009 -52755.885559555369 4645.5000000000009 2956.5000000000005 14528.500000000002 10.178710220534201 7106.0000000000009 8938.0000000000018 9280.5000000000018 14339.500000000002
decision_type=2 2 2 2 2 2 2 2 2 2 2 2 2 2 2 1 2 2 2 2 2 2 2 2 2 2 2 2 2 2
left_child=1 2 -1 6 -4 -6 7 -2 -9 -5 -11 -3 14 -14 -13 16 18 24 -16 -20 22 -22 23 -17 25 -18 -27 -28 -29 -24
right_child=3 11 4 9 5 -7 -8 8 -10 10 -12 12 13 -15 15 20 17 -19 19 -21 21 -23 29 -25 -26 26 27 28 -30 -31
leaf_value=-0.027237711393563804 0.035094032883811431 -0.033550615284689958 -0.025812662619768348 -0.015509350452104154 0.016311389182972643 -0.034436889025344482 -0.034438948233644844 0.02491269908699574 -0.03714655813486583 0.1091333232463768 -0.017552334335076539 -0.013506043566603171 0.042219095190670491 0.0075947013029247917 0.001450971945768301 -0.016762065684045296 0.014087985023240388 -0.022382722887374546 0.020555285567775444 0.066633566082978143 -0.00080144080202484589 0.022436957205046917 -0.043874048437668893 0.0060605934574147705 0.009461686977384514 -0.019209428686833549 0.030614812854293516 -0.087355404514489005 -0.0012322573756182302 -0.00031213669316361957
leaf_weight=931.65421604923904 219.11533893272281 123.01131820678711 188.87096022255719 2604.0385244525969 520.08689036779106 82.460979988798499 80.48789244517684 91.006362557411194 87.958489080891013 58.374926269054413 204.32060809805989 652.38970560207963 262.69070797786117 328.53475664928555 1671.2057064250112 856.18190643563867 889.68607033789158 759.01716961525381 1490.162973690778 167.37349753081799 11425.766467243433 1699.5523028746247 373.36143264733255 1206.3341783694923 5082.706502886489 896.24758701771498 352.59004862606525 61.358528735116124 2524.9741378519684 164.91414856165648
leaf_count=45216 336 391 1049 4378 6163 2249 101 50 129 29 258 986 180 651 1334 2636 1126 717 2719 114 34406 1501 651 3353 11347 1733 619 97 5590 487
internal_value=0.000577113 0.00166591 -0.0142813 -0.0100694 0.000970886 0.00936629 0.00818605 0.0168044 -0.00558848 -0.0131169 0.0105991 0.00255264 0.00269653 0.0229789 0.00230043 0.00264856 0.00525004 0.00272015 0.0132808 0.0252081 0.000349933 0.00220762 -0.00902519 -0.00341344 0.00466288 -0.000499372 -0.00388336 0.000790447 -0.00327546 -0.0305278
internal_weight=36056.4 32711.1 1723.07 3345.3 791.419 602.548 478.568 398.08 178.965 2866.73 262.696 30988.1 30865 591.225 30273.8 29621.4 13895.3 10566.6 3328.74 1657.54 15726.1 13125.3 2600.79 2062.52 9807.56 4724.86 3835.17 2938.92 2586.33 538.276
internal_count=130596 125315 54677 5281 9461 8412 616 515 179 4665 287 70638 70247 831 69416 68430 25396 21229 4167 2833 43034 35907 7127 5989 20512 9165 8039 6306 5687 1138
cat_boundaries=0 1
cat_threshold=8
is_linear=0
shrinkage=0.05


Tree=167
num_leaves=31
num_cat=0
split_feature=3 4 11 11 2 8 6 8 2 7 2 2 6 3 3 4 6 1 1 4 7 4 4 7 11 2 6 1 0 1
split_gain=668.619 275.512 186.415 144.09 153.595 126.505 142.449 131.549 111.371 107.258 100.559 174.644 111.646 100.429 105.002 98.6044 94.2847 95.3747 254.37 114.83 91.276 91.2273 88.4684 165.127 92.4479 126.392 88.2047 91.5893 181.308 128.302
threshold=-6.9170352432702478 42.7426932216746 -28176.183482125529 -46853.069509015375 6305.5000000000009 -0.028536827442102727 -5.5040396272407603 0.014878748900527762 1199.5000000000002 41832.500000000007 10751.500000000002 11163.500000000002 -5.9361040023224918 -8.4302166071782896 -9.4760585394022456 232.23250760912967 -5.2937090763329708 1353.5000000000002 6503.5000000000009 12.008956204924436 7804.5000000000009 5.6185747973908766 59.839609987612711 34426.000000000007 -13969.208740483242 1826.5000000000002 -5.6372348836578245 40864.500000000007 4.5250034953703722 41936.000000000007
decision_type=2 2 2 2 2 2 2 2 2 2 2 2 2 2 2 2 2 2 2 2 2 2 2 2 2 2 2 2 2 2
left_child=1 2 8 9 13 6 20 10 -1 -3 12 -12 22 14 -5 -11 -14 -18 19 -19 21 -2 23 24 -7 -26 27 -10 -29 -30
right_child=5 3 -4 4 -6 7 -8 -9 26 15 11 -13 16 -15 -16 -17 17 18 -20 -21 -22 -23 -24 -25 25 -27 -28 28 29 -31
leaf_value=0.061455756028449764 -0.0037437610291657856 -0.030240235269965523 -0.03181902206594181 -0.034449532861326626 0.065184657302385401 -0.013707158113053132 0.0045373415597643203 0.00064242416302966935 -0.0064319054690750279 0.016993026932333014 0.035906647018084485 0.010180157495036868 0.015961514377944463 -0.035892962751343849 0.050858605868070852 -0.034220191659286518 0.017804985614460696 -0.026595624578138577 0.010594749328535616 -0.10229671180460545 -0.002299566308973201 -0.03553445330627969 -0.039027480086487314 0.077365505220435504 -0.01088674174449933 0.054448942300145735 0.025442478427429388 -0.039796628557926449 0.11159998633970998 0.022959960397921163
leaf_weight=65.531573511660099 347.61021223664284 2567.6910533234477 627.21236828528345 57.403535161167383 84.280475683510303 1040.1025167889893 2339.2814930453897 7305.4589113742113 6748.5026631820947 248.31455744244158 733.27851617336273 6572.356237385422 1764.0277857109904 178.70167799293995 97.063240779563785 151.22841164469719 299.5347715318203 108.75698709487915 311.94602572917938 92.872612833976746 886.71236112341285 643.27164444327354 193.77376129105687 61.154094196856022 168.74275454878807 131.86677274107933 245.71259002387524 103.38039031997323 48.186834113672376 267.17475224472582
leaf_count=77 264 66810 3728 1685 31 1000 1642 5446 32469 2133 194 3644 728 692 334 4674 141 162 200 141 1070 1003 322 53 158 34 338 774 62 587
internal_value=-0.000790014 -0.0106394 -0.00563633 -0.0226208 0.00488356 0.0041304 -0.00369577 0.00588734 -0.00344042 -0.0264903 0.00922547 0.0127624 0.00303312 -0.0103706 0.0191561 -0.00239136 0.00946854 -0.00461785 -0.0176956 -0.0614643 -0.0139534 -0.024382 -0.0073608 -0.00298365 -0.00664863 0.0177737 -0.00401411 -0.00502396 0.0176667 0.036504
internal_weight=34491.1 11490.4 8105.7 3384.68 417.449 23000.7 4216.88 18783.9 7478.49 2967.23 11478.4 7305.63 4172.78 333.168 154.467 399.543 2577.14 813.11 513.576 201.63 1877.59 990.882 1595.64 1401.87 1340.71 300.61 7412.96 7167.24 418.742 315.362
internal_count=130596 114394 38035 76359 2742 16202 3979 12223 34307 73617 6777 3838 2939 2711 2019 6807 1372 644 503 303 2337 1267 1567 1245 1192 192 34230 33892 1423 649
is_linear=0
shrinkage=0.05


Tree=168
num_leaves=31
num_cat=2
split_feature=6 4 6 0 2 3 11 0 5 2 8 2 2 6 2 2 2 4 6 1 5 2 2 8 8 0 8 7 8 1
split_gain=405.19 234.665 138.027 128.397 92.9697 110.47 167.817 129.702 196.235 104.959 92.3162 90.791 152.316 180.959 86.7772 81.8162 142.412 81.1479 74.9557 136.316 68.6948 78.6463 98.7024 80.9624 75.1501 115.032 89.1895 151.276 73.6207 68.4794
threshold=-7.5596420103293172 118.99881610974053 -13.940247676840169 2.3970089699074086 14838.500000000002 -4.269622801651094 -50369.803326607762 3.5193241956018531 0 15132.500000000002 -0.80939547659055566 14621.500000000002 14688.500000000002 -6.8123383202225583 15489.500000000002 14482.500000000002 14409.500000000002 102.90485644959081 -4.9700078719056959 9223.5000000000018 1 15025.500000000002 14957.500000000002 1.1767157163735098 0.012206599489067218 1.8857531770833333 -0.0038516039527252128 4397.5000000000009 -0.1147103480302558 21917.500000000004
decision_type=2 2 2 2 2 2 2 2 1 2 2 2 2 2 2 2 2 2 2 2 1 2 2 2 2 2 2 2 2 2
left_child=1 10 -3 -2 5 11 -7 -8 -9 -6 -1 -5 13 -13 -11 16 -4 -15 -14 -20 -12 22 23 24 25 -22 27 28 -27 -25
right_child=3 2 15 4 9 6 7 8 -10 14 20 12 18 17 -16 -17 -18 -19 19 -21 21 -23 -24 29 -26 26 -28 -29 -30 -31
leaf_value=0.015722670569724723 -0.013749187790762547 0.03082386269149532 0.005487706947474978 -0.002980596219353317 -0.015275482731901956 -0.0054887723108018836 0.010790277827887775 0.28336792793042259 0.071989703872926067 0.050581479682408684 0.021637678332178126 0.00033173330635730722 -0.00055182269055478977 0.12159624913224608 -0.018139322266432681 0.033380212742826799 -0.080934726636212373 0.013020174137128141 0.13332567714983851 -0.034697798501179843 0.016925228249657337 -0.013812604337823609 0.043568234829122449 -0.0017474716640614994 0.011276556707611154 -0.018433507068647357 -0.0072028374275396158 0.018781472742033317 0.0096827040309442718 -0.024792994302501259
leaf_weight=1401.8458540458232 3055.5470617078245 1388.7035243324935 883.71221002191305 14824.241000249982 2119.4247448779643 202.32188398391008 72.930994525551796 12.546960465610027 87.907481871545315 115.85600423812866 434.80405934713781 88.039174396544695 784.9585058838129 79.907608278095722 76.119606740772724 243.26641659252346 50.386677496135235 21.931958168745041 28.776577733457088 20.793394539505243 952.96599336527288 791.43199699372053 144.53917477279902 1085.288683835417 2439.4685774482787 630.54572393745184 3198.9357367679477 1106.7579981256276 369.11570286005735 458.54550090059638
leaf_count=10477 3629 37907 5636 16353 1755 177 88 81 278 276 5974 123 944 291 94 2151 155 28 107 6 8518 1681 1012 2703 8881 1559 12342 5595 1090 685
internal_value=0.000181902 0.00632723 0.0201464 -0.00425258 -0.0026871 -0.00135053 0.0254461 0.0615437 0.0983913 -0.0120688 0.00360246 -0.00198577 0.0124103 0.0528297 0.0233332 0.00755229 0.000825953 0.0982135 0.00321381 0.0628439 0.00213931 0.00138083 0.00253858 0.00195953 0.00383246 0.000930788 -0.00194219 0.00604695 -0.00805186 -0.00859239
internal_weight=37171.6 15580.3 2566.07 21591.3 18535.8 16224.4 375.707 173.385 100.454 2311.4 13014.2 15848.6 1024.41 189.879 191.976 1177.37 934.099 101.84 834.528 49.57 11612.4 11177.6 10386.2 10241.6 8697.79 6258.32 5305.36 2106.42 999.661 1543.83
internal_count=130596 106366 45849 24230 20601 18476 624 447 359 2125 60517 17852 1499 442 370 7942 5791 319 1057 113 50040 44066 42385 41373 37985 29104 20586 8244 2649 3388
cat_boundaries=0 1 2
cat_threshold=8 1
is_linear=0
shrinkage=0.05


Tree=169
num_leaves=31
num_cat=0
split_feature=3 6 4 2 2 2 8 2 2 2 2 1 1 0 0 1 2 6 2 2 2 1 4 7 2 1 2 11 1 7
split_gain=154.623 168.568 106.605 93.257 104.621 226.623 96.5277 92.5811 401.823 303.542 263.871 108.23 132.695 103.528 93.8062 90.6156 77.3828 116.153 96.3199 225.443 195.125 101.808 97.0906 87.2135 101.623 77.1235 75.7473 146.827 100.91 77.5965
threshold=-5.5265860328747483 -12.251540625459345 228.26234571637744 14974.500000000002 14884.500000000002 14856.500000000002 -0.90492285614106815 12544.500000000002 13862.500000000002 13752.500000000002 12590.500000000002 4394.5000000000009 4012.5000000000005 5.1279351157407413 4.0193969039351858 29226.500000000004 14838.500000000002 -6.6855008230486641 14738.500000000002 14757.500000000002 14608.500000000002 993.50000000000011 167.41131139277186 12809.500000000002 14821.500000000002 41936.000000000007 9772.5000000000018 -226394.99999999997 10877.500000000002 11014.500000000002
decision_type=2 2 2 2 2 2 2 2 2 2 2 2 2 2 2 2 2 2 2 2 2 2 2 2 2 2 2 2 2 2
left_child=1 2 7 4 5 16 -5 14 9 10 -9 12 -12 -14 -1 -8 18 -18 20 -20 25 -22 -23 -21 -25 -3 27 28 -16 -30
right_child=-2 3 -4 6 -6 -7 15 8 -10 -11 11 -13 13 -15 26 -17 17 -19 19 23 21 22 -24 24 -26 -27 -28 -29 29 -31
leaf_value=-0.02535172396265364 -0.0097634623013626194 0.0022686437385994905 -0.030492722375445321 -0.03373653187516814 -0.01066690026060732 0.034944983087122961 0.025081999973689512 0.14040566761562986 -0.01177082009749374 0.10472958220915647 0.022957855640761523 -0.019500536224085638 -0.039931911781248976 0.31126732558957226 -0.035574897419625925 -0.022656466064151184 0.019905250831058631 -0.04033283631913244 0.04771372427513676 0.0093794834333407948 0.013804526678121591 -0.038649112183560839 0.01438953921072994 -0.050873240318948125 0.065487242852571209 0.015302370979396785 -0.023052081813780281 0.00019643571498155919 0.41420538803288037 0.11015229530222813
leaf_weight=839.01142499689013 3290.4597009364516 21557.74218952097 457.76050868071616 88.637557695619762 1451.623597284779 547.80635833367705 1023.090082231909 39.949930397793651 1404.1311703268439 131.44922073651105 177.04344543162733 205.74231655802578 2.9627764252945763 7.192627988755703 12.533329073339699 110.1021365635097 119.30071591120213 243.07851534336805 391.36054760869592 589.78730627708137 161.33840630576015 560.63458781316876 101.97949319798499 125.99603074602783 22.047264203429222 1198.0601178780198 304.15834177285433 600.58826321363449 2.2244381569325915 37.027172114700079
leaf_count=20489 5281 34425 25225 446 1845 718 1245 232 19050 548 1499 3746 95 23 174 118 251 67 395 1054 239 1309 281 351 52 2197 3129 5838 16 258
internal_value=0.000565234 0.0016105 -0.00770934 0.00300119 0.00239133 0.00313123 0.0165132 -0.00493854 0.00255072 0.038184 0.0179772 0.00553002 0.03304 0.208807 -0.0131491 0.0204437 0.00243611 -0.0205015 0.00277251 0.017038 0.00208936 -0.0218136 -0.0304862 0.000766963 -0.0335443 0.00295485 -0.00244569 0.00716171 0.0879431 0.127383
internal_weight=35804.8 32514.4 4221.77 28292.6 27070.8 25619.1 1221.83 3764.01 1968.47 564.34 432.891 392.941 187.199 10.1554 1795.54 1133.19 25071.3 362.379 24708.9 1129.19 23579.8 823.952 662.614 737.831 148.043 22755.8 956.532 652.373 51.7849 39.2516
internal_count=130596 125315 80322 44993 43184 41339 1809 55097 25193 6143 5595 5363 1617 118 29904 1363 40621 318 40303 1852 38451 1829 1590 1457 403 36622 9415 6286 448 274
is_linear=0
shrinkage=0.05


Tree=170
num_leaves=31
num_cat=3
split_feature=3 4 11 0 0 5 0 5 6 0 0 4 4 4 2 2 4 1 1 4 7 7 2 2 1 5 6 7 2 8
split_gain=613.024 293.299 120.422 130.979 116.915 101.159 97.5108 95.0064 99.3907 183.486 113.601 108.013 104.117 100.92 99.0718 519.909 185.446 179.871 163.73 150.936 145.448 177.435 173.532 138.909 129.503 112.429 99.6421 186.216 347.883 120.658
threshold=-6.4666728876018658 52.403226522299342 -74832.118257130627 6.4576120775462966 3.2985504340277783 0 0.49194083912037051 1 -27.986532043239819 3.7402859027777784 6.7875911747685196 9.1893487371359424 4.6388387182848723 35.763929680724594 14908.500000000002 14916.500000000002 10.499534748920409 3147.5000000000005 6068.5000000000009 0.0004979401466143501 762.50000000000011 668.50000000000011 13787.500000000002 13474.500000000002 301.50000000000006 2 -6.9679860126858228 6718.5000000000009 14608.500000000002 -2.0174488418089283
decision_type=2 2 2 2 2 1 2 1 2 2 2 2 2 2 2 2 2 2 2 2 2 2 2 2 2 1 2 2 2 2
left_child=1 6 3 -3 5 -4 -1 -8 9 11 14 -9 -12 -11 19 17 -17 -16 -18 -10 21 25 23 24 -23 -21 -22 -28 29 -29
right_child=-2 2 4 -5 -6 -7 7 8 10 13 12 -13 -14 -15 15 16 18 -19 -20 20 26 22 -24 -25 -26 -27 27 28 -30 -31
leaf_value=-0.036086155467731806 0.0049122152369480906 -0.032986114944896276 0.016424109638405314 0.0032894459614314421 -0.031189576681673527 -0.034823349851166155 -0.034827982198111562 0.053383859123793564 0.027206466857231961 0.02834997588908347 0.06274213602546147 -0.025141446906406267 0.0062059842568750381 -0.023722769449338252 -0.03903511376451705 -0.03789301119420959 0.030379477855869742 0.1224524019097528 -0.026861955023041367 -0.022811637899546992 -0.01709468871828369 0.1255093605503538 -0.03865598947263376 0.12025646590807569 0.0057458701506193435 0.014982124024800134 -0.020472284065467035 0.036092425423724865 0.073055417526592781 -0.0091713716234582531
leaf_weight=244.53461016528308 19795.759789641947 1954.7203748011962 479.81245017796755 285.13342798128724 322.42750567011535 120.47187941335142 246.85576537996531 49.082927621901035 285.73782835900784 795.93084307014942 103.4869604036212 406.28037228807807 382.16246055997908 105.36314213275909 20.224422629922628 299.7365388199687 366.95739417523146 116.98727777600288 189.40363901667297 396.72457322478294 4252.9713169578463 29.407409183681011 50.324177131056786 72.842465978115797 97.111481424421072 390.43859411776066 987.63536141440272 174.72091427445412 179.04423634707928 935.70137457177043
leaf_count=2148 12058 64265 957 2283 3025 1864 5827 94 437 1539 79 4410 999 629 92 1125 928 45 545 1512 21506 9 157 30 232 529 1718 235 59 1260
internal_value=-0.000790898 -0.00866258 -0.022106 -0.0283682 -0.00690478 0.00613919 -0.00485962 -0.00416132 -0.00345304 0.00919235 -0.00529147 -0.0166773 0.0182533 0.0222626 -0.00658409 0.0082937 -0.00618819 0.0986498 0.0108926 -0.00846603 -0.00981308 0.00758356 0.0443091 0.0652517 0.0335831 -0.00406566 -0.0125753 -0.00413445 0.00837911 -0.00204928
internal_weight=34138 14342.2 3162.57 2239.85 922.712 600.284 11179.7 10935.1 10688.3 1356.66 9331.62 455.363 485.649 901.294 8845.97 993.309 856.098 137.212 556.361 7852.66 7566.92 1036.85 249.686 199.361 126.519 787.163 6530.07 2277.1 1289.47 1110.42
internal_count=130596 118538 72394 66548 5846 2821 46144 43996 38169 6672 31497 4504 1078 2168 30419 2735 2598 137 1473 27684 27247 2469 428 271 241 2041 24778 3272 1554 1495
cat_boundaries=0 1 2 3
cat_threshold=8 1 4
is_linear=0
shrinkage=0.05


Tree=171
num_leaves=31
num_cat=2
split_feature=3 4 5 7 2 6 2 3 11 0 6 0 2 7 11 2 2 3 2 3 3 0 1 3 1 4 5 4 7 6
split_gain=366.415 235.257 142.607 183.15 128.126 191.684 162.66 121.762 132.435 115.731 121.372 99.9388 99.8222 94.5476 111.07 134.649 125.412 304.77 117.302 99.9043 134.093 113.984 99.3807 180.954 90.67 113.454 86.5705 88.0131 103.421 93.0603
threshold=-12.702130232536012 111.6016047876326 0 995.50000000000011 12864.500000000002 -4.2499165748214489 12778.500000000002 -12.012803148322346 -99522.102278530758 6.4576120775462966 -14.346691083528549 5.4150955034722239 13048.500000000002 22577.500000000004 -79925.315404900248 14738.500000000002 4645.5000000000009 -4.7868808815334676 4108.5000000000009 -6.0867691321245561 -5.6695862740670169 6.7574792361111129 4394.5000000000009 -5.6695862740670169 19183.500000000004 10.178710220534201 1 25.0435371529937 513.50000000000011 -9.1951112767098646
decision_type=2 2 1 2 2 2 2 2 2 2 2 2 2 2 2 2 2 2 2 2 2 2 2 2 2 2 1 2 2 2
left_child=1 9 3 -2 5 6 -4 -6 -9 26 -11 -3 -10 14 15 19 17 18 22 -5 21 -21 23 -16 25 -20 -1 28 -28 -29
right_child=2 11 4 13 7 -7 -8 8 12 10 -12 -13 -14 -15 16 -17 -18 -19 24 20 -22 -23 -24 -25 -26 -27 27 29 -30 -31
leaf_value=0.033121687631728486 -0.020693807751045096 0.033023943653821546 0.0033558643411543869 0.013091678421363466 -0.040123926464387637 0.065957670177366381 0.10481220815077595 0.0060679256500355428 -0.026798066392638199 -0.026696759588708787 0.034787096129956216 -0.0027533008121071296 -0.0051707616936516902 -0.01140775450749742 0.026412787585116254 -0.0067233710172396738 -0.0097172484072489372 0.2670719977599571 0.030858413649838837 0.21603951806492386 0.011712028162744163 0.0020237097999071928 -0.0044836672584220661 0.25711219326089579 -0.01597916579936769 0.17278645645867644 0.033297030689739986 0.017678654886615561 -0.0020517918410245125 -0.017843862873117452
leaf_weight=319.09637504629791 1889.912125941366 1295.7111197505146 9101.1516664661467 1700.5827445462346 227.62161429598927 125.72391774877906 39.678191129118204 2611.4624788686633 611.11653847619891 462.6723477691412 97.115317482501268 229.81080438196659 4202.6632116436958 2956.0629584230483 121.20184857398272 1116.3095664978027 3798.983864877373 11.40087281167507 29.014042235910892 21.33386142924428 37.211685180664062 8.7827079147100466 801.55712663009763 9.140991769731043 24.194048754870892 27.35717373713851 224.14678717404604 1859.7557723149657 2692.1827287375927 204.66283219307661
leaf_count=6024 1607 39867 16411 4635 663 369 165 6872 312 1158 724 2308 3938 5020 280 1908 3923 70 69 110 42 8 1249 55 36 157 923 21835 8773 1085
internal_value=0.000185263 0.0101444 -0.00231028 -0.00634813 0.000685533 0.00463964 0.00379626 -0.00410234 -0.00299809 0.00559099 -0.0160302 0.0276343 -0.00791638 -0.00380553 -0.000889682 0.00687211 -0.00553148 0.0099995 0.00710474 0.0154567 0.0751921 0.153627 0.00210068 0.0425918 0.0649868 0.0997367 0.00787469 0.00625722 0.000665091 0.014157
internal_weight=36857.6 7385.15 29472.5 12553 16919.4 9266.55 9140.83 7652.86 7425.24 5859.63 559.788 1525.52 4813.78 10663.1 7707.07 2884.22 4822.85 1023.87 1012.47 1767.91 67.3283 30.1166 931.9 130.343 80.5653 56.3712 5299.84 4980.75 2916.33 2064.42
internal_count=130596 82697 47899 19169 28730 16945 16576 11785 11122 40522 1882 42175 4250 17562 12542 6703 5839 1916 1846 4795 160 118 1584 335 262 226 38640 32616 9696 22920
cat_boundaries=0 1 2
cat_threshold=8 1
is_linear=0
shrinkage=0.05


Tree=172
num_leaves=31
num_cat=1
split_feature=6 6 4 2 2 2 11 1 2 2 2 2 1 4 3 2 0 0 7 11 2 7 2 5 2 4 7 8 1 4
split_gain=142.384 162.334 99.3666 92.8964 101.505 265.033 155.851 89.1086 84.2277 376.272 260.872 223.303 99.2765 105.676 136.245 112.433 114.026 89.6311 76.8455 124.492 247.717 100.285 161.138 118.983 94.8038 89.1095 77.5516 73.3321 73.2705 74.9629
threshold=-5.545536273944113 -12.251540625459345 228.26234571637744 14974.500000000002 14884.500000000002 14856.500000000002 -88287.527100800813 29226.500000000004 12544.500000000002 13862.500000000002 13752.500000000002 12590.500000000002 4394.5000000000009 16.96411985522268 -29.058240367910376 13338.000000000002 5.1279351157407413 4.0193969039351858 17397.500000000004 -443864.99999999994 14821.500000000002 1774.5000000000002 14184.000000000002 0 15222.500000000002 9.5227116381762738 995.50000000000011 -0.24526148344988694 41936.000000000007 4.6388387182848723
decision_type=2 2 2 2 2 2 2 2 2 2 2 2 2 2 2 2 2 2 2 2 2 2 2 1 2 2 2 2 2 2
left_child=1 2 8 4 5 28 -7 27 17 10 11 -10 13 -13 -15 16 -16 -1 21 20 -20 22 23 -11 -22 26 -24 -5 29 -3
right_child=-2 3 -4 7 -6 6 -8 -9 9 18 -12 12 -14 14 15 -17 -18 -19 19 -21 24 -23 25 -25 -26 -27 -28 -29 -30 -31
leaf_value=-0.024987544979793358 -0.0089893864650045334 0.0088833725159274263 -0.030224404590990246 -0.017382140122416942 -0.01062025502834422 0.028116642817909626 0.11001484168782363 -0.024324238684961596 0.12492259267429513 0.11575903142255919 0.09604912234473803 -0.028542274982535611 -0.019081040837469466 -0.034674831007523797 0.081300229568618737 -0.03907408829352596 0.24467390886387974 -0.0024627656735521091 0.44843304903017978 -0.0056383968600762589 -0.034794041833133317 -0.031847264678908631 -0.0064923198943530498 0.0084357835922083523 0.098313959942769147 -0.031882812908985696 0.073491273328027573 0.025644626884691074 0.014163062292100979 0.00063482130862912208
leaf_weight=820.27947004698217 3515.9823471168056 3186.7902177758515 433.19856130890548 110.39462160225958 1421.0401051556692 437.49048973899335 66.983855314552784 119.38580977916718 43.386949889361858 44.273370262235403 138.4155589863658 53.404322303831577 201.73080796934664 32.811456189490855 76.630379466339946 16.216078063473105 12.409849405288695 956.80790518596768 4.136212643235921 227.43892682623118 21.601661090739071 589.32035229261965 110.47450971603394 61.974627615883946 35.133736360818148 286.71299861744046 41.76261292770505 961.7483092546463 1253.0202222922817 20301.70201889053
leaf_count=20501 5941 2522 25226 455 1815 651 40 175 233 59 549 444 3748 837 162 146 32 9422 40 3598 619 11303 392 251 111 2561 173 1129 2271 35190
internal_value=0.0005624 0.00160971 -0.0075437 0.00299237 0.00238205 0.00311392 0.038991 0.0166516 -0.00494093 0.00210305 0.0362366 0.0172738 0.00539558 0.0311836 0.0542855 0.082017 0.10407 -0.0128599 -0.0116913 0.0113591 0.0748681 -0.017549 -0.00209358 0.0531572 0.0476339 -0.0154671 0.0154493 0.0212143 0.00238239 0.00175394
internal_weight=35582.7 32066.7 4208.12 27858.6 26667 25246 504.474 1191.53 3774.92 1997.83 575.005 436.59 393.203 191.472 138.068 105.256 89.0402 1777.09 1422.83 288.311 60.8716 1134.52 545.198 106.248 56.7354 438.95 152.237 1072.14 24741.5 23488.5
internal_count=130596 124655 80407 44248 42489 40674 691 1759 55181 25258 6151 5602 5369 1621 1177 340 194 29923 19107 4368 770 14739 3436 310 730 3126 565 1584 39983 37712
cat_boundaries=0 1
cat_threshold=8
is_linear=0
shrinkage=0.05


Tree=173
num_leaves=31
num_cat=0
split_feature=3 4 11 11 2 8 3 8 2 2 6 6 7 1 4 0 2 4 1 3 1 3 4 6 7 4 0 4 2 4
split_gain=566.139 251.929 179.527 137.379 139.12 117.413 130.775 125.502 116.784 187.025 108.159 113.116 108.09 101.908 126.437 102.134 100.809 99.5955 283.392 97.3459 95.0221 93.6467 92.8065 91.6911 103.814 127.128 88.6196 108.923 88.5765 87.1817
threshold=-6.9170352432702478 42.7426932216746 -28176.183482125529 -46853.069509015375 6305.5000000000009 -0.028536827442102727 -5.5265860328747483 0.022849051971718829 10751.500000000002 11163.500000000002 -5.9361040023224918 -5.2937090763329708 41832.500000000007 8531.5000000000018 5.6185747973908766 6.6358718402777788 1199.5000000000002 13.194700301946066 8181.5000000000009 -8.4302166071782896 1706.5000000000002 -9.4760585394022456 232.23250760912967 -6.0173444108148955 5660.5000000000009 14.02817224716301 2.2595479224537045 1.4712513167492045 12146.500000000002 3.5327068242902757
decision_type=2 2 2 2 2 2 2 2 2 2 2 2 2 2 2 2 2 2 2 2 2 2 2 2 2 2 2 2 2 2
left_child=1 2 16 12 19 6 13 8 10 -10 20 -12 -3 14 -2 -16 -1 -13 -19 21 -7 -5 -14 24 -22 -26 27 -11 -8 -28
right_child=5 3 -4 4 -6 7 28 -9 9 26 11 17 22 -15 15 -17 -18 18 -20 -21 23 -23 -24 -25 25 -27 29 -29 -30 -31
leaf_value=0.058239894684197373 -0.00054560004196764738 -0.029865165724091442 -0.031567324289256127 -0.03437949719507355 0.061856364587826479 0.012675512314164512 -0.0082451164219081649 -0.00016689767023764224 0.035531997832642 -0.061751378264161917 0.015265743746044223 0.0057545187271219001 0.017170033324629106 -0.00023219866609714099 -0.035479462700082336 0.083852371377761192 -0.0036877072485352377 -0.09821130732038813 0.0047955651994341852 -0.035817396016388212 -0.039425380456478226 0.048146904523505639 -0.034158173838915853 -0.052578778526283676 0.03614458069528894 -0.011565562860641164 0.018172591151766251 0.025456295023526899 0.015038111299058028 0.0037317065463511761
leaf_weight=66.31329683214426 481.43198749423027 2388.0523006515577 600.25373633392155 52.838430306874216 85.565591461956501 416.25672540813684 644.5676180832088 6478.4197387695312 769.85635773092508 37.04627787321806 1800.840838521719 547.13526052236557 245.45661138556898 1101.5381546802819 803.17093011364341 18.340172633528709 7293.3543955087662 101.10067594051361 196.64923769235611 170.22879835218191 237.15996103733778 98.376390801742673 137.34129102807492 142.96535497903824 173.89456739276648 708.47829182073474 1363.2526562511921 1069.0843229591846 1115.2433042228222 4479.0240163765848
leaf_count=77 347 66810 3728 1685 31 201 649 4946 209 23 768 368 2133 1222 1194 5 34230 182 147 692 298 334 4674 85 192 911 527 378 562 2988
internal_value=-0.000793539 -0.0100256 -0.00527418 -0.021927 0.00519788 0.00373909 -0.003847 0.00544474 0.00846353 0.0121491 0.00188556 0.00818433 -0.0259113 -0.0114273 -0.0208918 -0.0328154 -0.00312972 -0.00690944 -0.0301803 -0.00988414 -0.00804132 0.01931 -0.00124564 -0.0148718 -0.0100566 -0.00216304 0.00955838 0.0225356 0.00651014 0.00710138
internal_weight=33823.2 11137.8 7959.92 3177.86 407.009 22685.5 4164.29 18521.2 12042.7 7718.26 4324.48 2645.73 2770.85 2404.48 1302.94 821.511 7359.67 844.885 297.75 321.444 1678.75 151.215 382.798 1262.5 1119.53 882.373 6948.41 1106.13 1759.81 5842.28
internal_count=130596 114394 38035 76359 2742 16202 3979 12223 7277 4125 3152 1465 73617 2768 1546 1199 34307 697 329 2711 1687 2019 6807 1486 1401 1103 3916 401 1211 3515
is_linear=0
shrinkage=0.05


Tree=174
num_leaves=31
num_cat=1
split_feature=6 4 6 0 8 4 8 4 1 4 2 2 1 1 5 2 2 8 11 2 2 2 11 7 2 0 11 2 3 3
split_gain=331.678 205.191 128.916 122.49 100.892 88.0194 83.9311 80.5332 79.7204 206.14 78.0581 133.379 68.9697 64.1263 62.7691 75.5591 98.7115 78.0652 69.8512 69.2749 110.594 76.9753 75.0446 90.2905 91.4251 74.2745 189.829 105.045 97.5751 85.86
threshold=-7.5596420103293172 118.99881610974053 -13.940247676840169 3.4655504918981488 -0.028536827442102727 12.771672403379386 -2.1348115745606293 3.0725797804206416 34451.500000000007 351.35373898508141 14482.500000000002 14409.500000000002 9223.5000000000018 37549.500000000007 0 15025.500000000002 14957.500000000002 1.1767157163735098 -7025.4810305574301 5975.0000000000009 7480.0000000000009 7413.5000000000009 -52755.885559555369 6930.5000000000009 6598.5000000000009 5.0413235474537048 -221041.36787807447 12223.500000000002 -12.61394716023424 -8.1184156488641683
decision_type=2 2 2 2 2 2 2 2 2 2 2 2 2 2 1 2 2 2 2 2 2 2 2 2 2 2 2 2 2 2
left_child=1 6 -3 4 5 -2 -1 -5 9 -9 11 13 -7 -4 -8 16 17 18 19 -16 21 22 23 24 -21 27 -27 29 -28 -22
right_child=3 2 10 7 -6 12 14 8 -10 -11 -12 -13 -14 -15 15 -17 -18 -19 -20 20 25 -23 -24 -25 -26 26 28 -29 -30 -31
leaf_value=0.017914669813871246 -0.013610560704460505 0.030310686894499429 0.015555973336353408 -0.01201654699629298 -0.01428239355870399 0.021493962146794603 0.021075214833177605 0.0006320257700432718 -0.012482071863622317 0.14172388762080076 0.032840394075706769 -0.07813183596473712 -0.0038380912997802255 -0.012515613805635923 0.012705852779445866 -0.013203469619385328 0.042945967236174991 -0.0083934192825625472 -0.025312784182970328 0.041927384547763985 0.034390006102971528 -0.041731886093608145 -0.026255158271333415 0.026600547702654943 -0.029058467659210788 -0.026877939365889336 0.033754254932566417 0.0042979314856510485 0.0014206824466853798 -0.00056523318464594258
leaf_weight=911.98911252245307 719.44085534289479 1252.4607898369431 551.96011177264154 1628.4945664703846 4114.6325304023921 544.14348307624459 423.7928809132427 12547.152652261779 1216.3756007738411 25.941511087119579 236.1445197109133 50.796975668519735 530.79713656380773 322.19972280040383 1979.1377146039158 814.00340257957578 149.47790555655956 1535.5130927115679 201.3836759570986 56.897340025752783 630.99706762842834 190.38513200357556 305.62278705835342 251.3301882520318 223.66776097938418 573.97668815776706 268.43795471638441 2299.1020530387759 1784.0924194231629 243.45231462270021
leaf_count=7720 720 37907 4111 1410 3903 1237 6132 14534 1306 110 2151 155 1010 1525 10420 1751 1085 3388 367 370 5791 242 243 1649 625 1485 1906 11992 5031 320
internal_value=0.000179699 0.00580851 0.0191845 -0.00384702 -0.00996786 -7.43665e-05 0.00329484 -0.00150118 -0.000259345 0.000923134 0.00718281 0.000632341 0.0089852 0.00520929 0.00217735 0.00148138 0.00259922 0.00202724 0.00380346 0.00446923 0.00208178 -0.013034 -0.00651035 0.00483485 -0.0146629 0.00476064 -0.00145888 0.00990807 0.00564939 0.0246582
internal_weight=36583.8 15256.8 2413.56 21327 5909.01 1794.38 12843.3 15418 13789.5 12573.1 1161.1 924.957 1074.94 874.16 11931.3 11507.5 10693.5 10544 9008.48 8807.1 6827.96 1027.9 837.518 531.895 280.565 5800.06 2626.51 3173.55 2052.53 874.449
internal_count=130596 106366 45849 24230 6870 2967 60517 17360 15950 14644 7942 5791 2247 5636 52797 46665 44914 43829 40441 40074 29654 3129 2887 2644 995 26525 8422 18103 6937 6111
cat_boundaries=0 1
cat_threshold=1
is_linear=0
shrinkage=0.05


Tree=175
num_leaves=31
num_cat=0
split_feature=3 3 0 2 4 4 1 2 2 2 11 7 4 1 3 8 4 11 2 2 2 2 2 2 2 7 3 4 7 2
split_gain=131.155 138.705 125.115 69.1808 67.5654 67.7581 66.3137 62.8838 256.033 61.395 90.8192 65.3961 60.9271 60.9154 70.1133 60.852 80.0254 58.411 64.4143 58.2557 242.693 181.662 85.3863 187.103 144.919 200.593 180.174 158.88 114.942 107.406
threshold=-5.5265860328747483 -29.058240367910376 3.7402859027777784 3730.0000000000005 19.50728921640874 11.26096667277489 8405.5000000000018 14946.500000000002 14957.500000000002 192.50000000000003 -7025.4810305574301 2980.5000000000005 228.26234571637744 301.50000000000006 -7.2565294350624425 -0.19019742496516565 0.39339827910599073 -9346.1893204530334 722.50000000000011 14722.500000000002 14608.500000000002 14757.500000000002 14409.500000000002 14356.500000000002 14456.500000000002 21011.500000000004 -8.5236756886338156 70.186859224437583 23761.500000000004 14548.500000000002
decision_type=2 2 2 2 2 2 2 2 2 2 2 2 2 2 2 2 2 2 2 2 2 2 2 2 2 2 2 2 2 2
left_child=1 2 -1 6 5 -4 17 -5 -9 -3 13 -12 -6 14 -11 -15 -17 -2 -19 20 22 -21 23 -18 25 -24 28 29 -27 -26
right_child=3 9 4 7 12 -7 -8 8 -10 10 11 -13 -14 15 -16 16 19 18 -20 21 -22 -23 24 -25 27 26 -28 -29 -30 -31
leaf_value=-0.02637409403645596 0.034233321650653931 -0.03334077518834868 0.14683129885849935 -0.014546507226729774 0.015011467874942178 -0.032994626388461026 -0.033979679168862305 0.099640883044421827 -0.016697045824395434 -0.034146038294895632 0.040790815200896093 0.0070109680676884766 -0.034311544173305952 -0.0034077686907721632 -0.00019929726598005187 -0.02653534693714615 0.0031994141154979647 0.024568722257248331 -0.036246257545688908 0.038653186662284227 -0.027205415653002094 0.0052596744553349735 0.026360642097054916 -0.045326023519570852 -0.023258917447293092 0.45306001222113451 0.064711245115623706 -0.045749431988626701 0.1809159569255987 0.027902098878095822
leaf_weight=825.69097593333572 217.90506903640926 120.57505879551172 5.4189389348030081 2486.6599274370819 538.2057618945837 157.21138625405729 76.275318577885628 62.331053115427494 196.0187243334949 246.31599177606404 257.51205448806286 322.97901320643723 70.853666616603732 3951.0654574055225 397.68185651302338 223.29924974404275 19039.21657713037 90.815247714519501 83.64454054646194 457.64576789923012 667.6427575070411 3699.7104757446796 225.52545933611691 200.74157370813191 132.10657091997564 5.1196769475936916 37.987212255597115 124.14943421632051 16.022313047200441 459.08519328199327
leaf_count=45216 336 391 21 4378 6357 834 101 29 258 695 180 651 2249 18259 291 3911 34705 50 129 699 1691 6338 397 319 463 28 17 969 74 560
internal_value=0.000555458 0.00151725 -0.0128461 -0.00907604 0.0016285 -0.0270027 0.00867876 -0.0121072 0.0113714 0.00226743 0.00240837 0.0219961 0.00927358 0.00202787 -0.0131832 0.0023629 0.00326451 0.0169715 -0.00458895 0.00353 0.00245511 0.00893566 0.0034335 0.00269312 0.0176785 0.0478524 0.129824 0.00567145 0.246817 0.0164698
internal_weight=35395.4 32181.8 1597.38 3213.65 771.69 162.63 468.64 2745.01 258.35 30584.4 30463.8 580.491 609.059 29883.3 643.998 29239.3 25288.3 392.365 174.46 25065 20907.6 4157.36 20240 19240 999.996 284.655 59.1292 715.341 21.142 591.192
internal_count=130596 125315 54677 5281 9461 855 616 4665 287 70638 70247 831 8606 69416 986 68430 50171 515 179 46260 39223 7037 37532 35024 2508 516 119 1992 102 1023
is_linear=0
shrinkage=0.05


Tree=176
num_leaves=31
num_cat=0
split_feature=3 4 11 11 0 8 3 8 2 2 7 2 2 4 6 6 4 1 2 8 8 1 0 4 0 4 7 4 7 3
split_gain=521.698 240.964 173.659 131.801 133.333 111.253 121.494 118.198 108.29 181.902 106.606 101.858 94.517 100.365 93.5241 104.2 98.7049 257.215 92.6995 89.5861 111.411 164.76 93.9409 87.9787 84.6917 101.809 82.726 82.6249 237.627 138.265
threshold=-6.9170352432702478 42.7426932216746 -28176.183482125529 -46853.069509015375 3.2704555150462968 -0.028536827442102727 -5.8184423202478817 0.022849051971718829 10751.500000000002 11163.500000000002 41832.500000000007 10608.500000000002 6305.5000000000009 61.86477065305386 -5.9361040023224918 -5.2937090763329708 13.194700301946066 8181.5000000000009 1199.5000000000002 1.0000000180025095e-35 -1.0000000180025095e-35 1706.5000000000002 3.7959116145833343 232.23250760912967 2.2595479224537045 1.4712513167492045 44055.500000000007 3.5327068242902757 3338.5000000000005 -5.4359260371889944
decision_type=2 2 2 2 2 2 2 2 2 2 2 2 2 2 2 2 2 2 2 2 2 2 2 2 2 2 2 2 2 2
left_child=1 2 18 10 12 6 -2 8 11 -10 -3 14 13 -5 19 -16 -17 -18 -1 20 21 -7 -22 26 25 -11 -12 -26 29 -29
right_child=5 3 -4 4 -6 7 -8 -9 9 24 23 -13 -14 -15 15 16 17 -19 -20 -21 22 -23 -24 -25 27 -27 -28 28 -30 -31
leaf_value=0.055421339957561315 -0.014084490398466458 -0.02963380845383419 -0.031371295245859285 0.037840005900908427 -0.03506247907847914 0.026755459106729468 0.0033250573862022774 -0.00020606713446075077 0.035096762746669397 -0.059331651955171739 0.062106320655657216 -0.083494344724369909 0.07301954352144982 -0.035787411759820073 0.015292316641366011 0.0066216037509882631 -0.09323094564567444 0.0045069379370619713 -0.0035476168911233149 -0.025770055318230581 0.053188902630489143 -0.032399598819294342 0.0051315192301388214 -0.034128032445160106 0.017682028581241033 0.024885388745295056 -0.0018117977406334239 -0.032014422074884252 0.010769271818854641 0.0011484302536409047
leaf_weight=67.262873448431492 1701.940240778029 2299.4529417129233 582.49580489471555 110.25150372460485 136.45549235865474 164.97638304531574 2437.1272545047104 6464.2851078249514 752.58157870918512 37.154986850917339 71.091885196045041 34.694507330656052 75.629276692867279 79.776644761674106 1770.0418614298105 541.28731710463762 102.77498628944159 195.0990055128932 7260.7231617122889 451.89816127344966 128.38238951936364 410.83140257000923 489.07699154317379 130.78242314700037 1342.7570453956723 1050.8491620160639 175.80280104465783 608.03852904587984 3202.6144686080515 650.61138424277306
leaf_count=77 2343 66810 3728 312 1473 65 1636 4946 209 23 464 55 13 944 759 355 182 147 34230 539 58 535 457 4674 527 378 1669 576 2011 401
internal_value=-0.000782501 -0.00971429 -0.00509503 -0.021581 0.00511017 0.00357291 -0.00383356 0.00523917 0.00818877 0.0117564 -0.0255901 0.00182999 0.0257449 0.00693012 0.00252582 0.00841242 -0.00609933 -0.0292154 -0.00300635 -0.00681024 0.00036997 -0.0154509 0.0151236 -0.000970698 0.00920774 0.0220094 0.0165931 0.00680798 0.0035351 -0.0148721
internal_weight=33526.7 10989.7 7910.48 3079.24 402.113 22537 4139.07 18398 11933.7 7644.61 2677.13 4289.06 265.657 190.028 4254.37 2609.2 839.161 297.874 7327.99 1645.17 1193.27 575.808 617.459 377.677 6892.03 1088 246.895 5804.02 4461.26 1258.65
internal_count=130596 114394 38035 76359 2742 16202 3979 12223 7277 4125 73617 3152 1269 1256 3097 1443 684 329 34307 1654 1115 600 515 6807 3916 401 2133 3515 2988 977
is_linear=0
shrinkage=0.05


Tree=177
num_leaves=31
num_cat=1
split_feature=6 4 6 0 2 3 2 1 4 2 11 7 6 4 8 8 1 7 11 4 4 7 5 2 2 2 1 4 2 2
split_gain=297.16 192.089 125.136 119.613 100.869 129.849 103.466 98.8129 114.908 168.873 123.662 209.748 81.6604 84.5088 78.5159 77.3304 83.5832 86.7886 77.2155 148.079 77.0813 113.1 87.4585 75.0201 72.4777 109.556 70.9561 67.181 128.681 112.086
threshold=-7.5596420103293172 118.99881610974053 -13.940247676840169 1.3643870138888892 14838.500000000002 -3.6665527722616669 15132.500000000002 7544.5000000000009 41.962149322402198 13095.500000000002 -82780.460771725615 3547.5000000000005 -5.2937090763329708 49.757308032761053 -2.1348115745606293 -0.064667703759967651 517.50000000000011 1104.5000000000002 -5788.7174583714213 28.953560974573374 15.728093583246443 1498.5000000000002 0 13175.500000000002 14482.500000000002 14409.500000000002 18581.000000000004 55.19715661347437 11981.500000000002 11030.500000000002
decision_type=2 2 2 2 2 2 2 2 2 2 2 2 2 2 2 2 2 2 2 2 2 2 1 2 2 2 2 2 2 2
left_child=1 14 -3 -2 5 7 20 8 15 -10 -11 -12 13 -8 -1 16 -5 -18 27 26 -6 22 -22 -19 25 -4 -20 -9 29 -29
right_child=3 2 24 4 6 -7 12 18 9 10 11 -13 -14 -15 -16 -17 17 23 19 -21 21 -23 -24 -25 -26 -27 -28 28 -30 -31
leaf_value=0.017391213442243904 -0.018901499912361057 0.030042886169526786 0.004961581579981637 0.054283879747843801 -0.02218117665538933 0.064097029425273969 -0.0032936639778517831 -0.0097509715783755998 -0.0011483904025900305 0.030424987497533237 0.033122818733189306 0.19700664859982805 0.096500363217182236 0.10938958076268253 0.0020426745420928337 -0.0020040865914565439 -0.010115768771869045 0.0086554636236863235 0.077625884058379668 -0.022606602459763515 0.15135830663863303 -0.006975576582226032 -0.0041144106934179843 0.042407503338452134 0.031924359881142228 -0.068551759958763017 0.25289407582799539 0.0041701842430000727 -0.0092302545150133447 0.042079572398296926
leaf_weight=896.23026137240231 1210.1758958697319 1192.8562479075044 869.58367840200663 101.77041064202785 1452.1092823967338 75.389788635075092 159.74790248274803 4864.5594204105437 371.10151869431138 238.23212106525898 46.282263569533825 33.76901725679636 30.888718698173761 18.573389647528529 11852.922136893496 6247.9648738130927 474.58724147081375 758.2140701264143 39.850267879664898 47.222598426043987 20.537076592445374 763.40457608550787 16.16565278172493 210.29539620131254 232.25055896677077 53.817600566893816 6.7532147988677016 1605.5264355316758 2171.9070249758661 221.93773850426078
leaf_count=7720 1545 37907 5636 237 983 217 221 4885 454 526 78 163 100 86 52797 6369 476 1121 108 44 95 820 21 471 2151 155 40 2299 2361 510
internal_value=0.000182002 0.00554223 0.0186827 -0.00363765 -0.00271298 -0.00138109 -0.0121906 -0.00166414 0.00220352 0.0217698 0.0484912 0.102256 0.0214443 0.00844307 0.00312163 0.000472615 0.0104892 0.00740074 -0.00532648 0.039794 -0.015315 -0.00285367 0.0828806 0.0159841 0.00695683 0.000677083 0.103024 -0.00580409 -0.00100337 0.00877412
internal_weight=36284.6 15097.7 2348.51 21187 19976.8 17515.4 2461.43 17440 8482.22 689.385 318.283 80.0513 209.21 178.321 12749.2 7792.83 1544.87 1443.1 8957.76 93.8261 2252.22 800.107 36.7027 968.509 1155.65 923.401 46.6035 8863.93 3999.37 1827.46
internal_count=130596 106366 45849 24230 22685 20359 2326 20142 9895 1221 767 241 407 307 60517 8674 2305 2068 10247 192 1919 936 116 1592 7942 5791 148 10055 5170 2809
cat_boundaries=0 1
cat_threshold=4
is_linear=0
shrinkage=0.05


Tree=178
num_leaves=31
num_cat=0
split_feature=6 6 4 2 2 2 11 1 2 2 2 7 7 11 0 4 2 0 4 7 2 6 2 2 2 4 7 7 2 8
split_gain=121.663 131.622 91.9337 86.3808 93.4696 248.27 135.973 83.0599 79.8992 340.04 145.62 128.46 115.09 98.6987 89.2659 87.7834 113.69 90.1145 85.1316 72.9358 70.8029 105.948 86.4886 202.572 166.735 80.6867 93.4008 79.7063 96.3531 68.4218
threshold=-5.545536273944113 -12.251540625459345 250.86548336040229 14974.500000000002 14884.500000000002 14856.500000000002 -88287.527100800813 29226.500000000004 14184.000000000002 12544.500000000002 12590.500000000002 4570.5000000000009 17397.500000000004 -456629.99999999994 4.0193969039351858 25.0435371529937 14163.500000000002 5.5330776273148166 159.40793057987528 2046.5000000000002 14838.500000000002 -6.6855008230486641 14722.500000000002 14608.500000000002 14757.500000000002 167.41131139277186 947.50000000000011 12809.500000000002 14821.500000000002 -0.24526148344988694
decision_type=2 2 2 2 2 2 2 2 2 2 2 2 2 2 2 2 2 2 2 2 2 2 2 2 2 2 2 2 2 2
left_child=1 2 8 4 5 20 -7 29 9 14 -11 15 -10 -14 -1 19 17 -17 -15 -12 22 -22 23 -3 -24 26 -25 -26 -29 -5
right_child=-2 3 -4 7 -6 6 -8 -9 12 10 11 -13 13 18 -16 16 -18 -19 -20 -21 21 -23 24 25 27 -27 -28 28 -30 -31
leaf_value=-0.024527748170705067 -0.008400822854444873 0.0026266052049988301 -0.031268609976629086 -0.016982710120754693 -0.010347061664482659 0.027306918179723028 0.10291343845185107 -0.023745515333452955 -0.023885806997162182 0.11294755623093489 0.0025707386644985997 -0.0007444913838075875 0.08903547462814948 -0.013056788244336509 -0.0017990959303267433 0.039308691859204638 0.20247486411324167 0.14515882844899816 0.066439500947994265 0.058549693355812199 0.018959391817010812 -0.039352233042622663 0.038377832803133838 0.0082983746658368395 0.0087085349344394221 0.017240900564096825 -0.041394000174727968 -0.049656868499438928 0.064623005757603186 0.024757304728741811
leaf_weight=790.85293242055923 3427.4210527958348 22316.116174284369 352.54103406984359 109.50357027631253 1413.4115831451491 431.9498872095719 68.960341826081276 118.22232120018452 904.13105442747474 46.409527949988842 168.91603703610599 348.55252703092992 37.236598959192634 187.21038487087935 952.03153661638498 129.86048303358257 14.432424640282987 23.790913637727499 41.064379805698991 88.765260143205523 116.29743341356516 235.91942509450018 480.52432558778673 117.68106603249907 580.6522055529058 98.315913981758058 481.3104519257322 123.99596165213734 21.667519580572844 949.57774932309985
leaf_count=21343 5941 36060 23191 455 1815 651 40 175 13413 244 781 5934 114 2954 9539 1513 30 36 1020 295 251 63 682 194 1028 236 1067 351 51 1129
internal_value=0.000548812 0.00151493 -0.00686197 0.00275214 0.00216309 0.0028683 0.0377157 0.0160044 -0.00455719 0.000383615 0.0269201 0.021764 -0.0153864 0.0135561 -0.0121125 0.0401905 0.0683011 0.0556982 0.00124381 0.0218542 0.00215794 -0.0200985 0.0024816 0.00179738 0.0155291 -0.0247405 -0.0316312 0.000412492 -0.0326577 0.0204416
internal_weight=35177.3 31749.9 4085.8 27664.1 26486.8 25073.4 500.91 1177.3 3733.25 2563.61 820.727 774.318 1169.64 265.511 1742.88 425.765 168.084 153.651 228.275 257.681 24572.5 352.217 24220.3 23013.4 1206.84 697.307 598.992 726.316 145.663 1059.08
internal_count=130596 124655 80407 44248 42489 40674 691 1759 57216 39715 8833 8589 17501 4088 30882 2655 1579 1549 3974 1076 39983 314 39669 37557 2112 1497 1261 1430 402 1584
is_linear=0
shrinkage=0.05


Tree=179
num_leaves=31
num_cat=3
split_feature=3 4 11 0 0 5 0 0 5 6 0 0 4 2 2 4 1 7 4 7 4 7 0 2 4 5 11 11 3 2
split_gain=479.575 258.9 124.889 127.81 124.817 96.5177 93.3943 92.2003 89.0536 90.4826 163.603 105.987 104.398 94.9637 462.487 181.208 151.509 151.502 133.785 137.21 167.157 175.236 138.078 98.6222 93.5411 87.9995 135.897 87.4068 87.2802 86.9509
threshold=-6.4666728876018658 50.667246900856171 -74832.118257130627 6.4576120775462966 3.2985504340277783 0 0.49194083912037051 0.67034533564814824 1 -27.986532043239819 2.6129846585648155 6.7875911747685196 35.763929680724594 14908.500000000002 14916.500000000002 10.499534748920409 3147.5000000000005 6071.5000000000009 0.0004979401466143501 762.50000000000011 10.499534748920409 668.50000000000011 0.67034533564814824 13787.500000000002 4.6388387182848723 2 -264645.84397915908 -217333.74610683587 -6.00910642487516 977.50000000000011
decision_type=2 2 2 2 2 1 2 2 1 2 2 2 2 2 2 2 2 2 2 2 2 2 2 2 2 1 2 2 2 2
left_child=1 6 3 -3 5 -4 -1 28 -8 10 -10 13 -12 18 16 -16 -15 -17 -11 20 21 25 -23 -24 -13 26 -20 -5 -2 -9
right_child=7 2 4 27 -6 -7 8 29 9 11 12 24 -14 14 15 17 -18 -19 19 -21 -22 22 23 -25 -26 -27 -28 -29 -30 -31
leaf_value=-0.035967715912316796 -0.010437620636684068 -0.032818299198896971 0.016835073750681617 0.036531443417490712 -0.031175335807382132 -0.034730356558485095 -0.0347771754168077 -0.032494543129815805 -0.027786507251332495 0.025760413456744492 0.023139716040006288 0.059808221972897493 -0.025308938079147105 -0.038749667000894418 -0.037764381807587573 0.02987818645425231 0.11241657749212522 -0.026175821143416246 0.063674615223464612 -0.011995621402422614 -0.039364989372550535 0.25024917719327988 0.061020440226220989 -0.037743332350333142 0.0064459418258151768 0.020180313069374504 -0.031164231471279138 -0.019971442580646023 0.031625220174747885 0.0039419467720488459
leaf_weight=228.07224917784333 159.5732696801424 1770.0429149419069 500.10520313866436 116.78904970549047 317.32003698125482 110.86305627878755 224.61104909144342 165.19419008493423 243.87700060382485 283.85057448595762 960.43531109020114 104.96333652734756 125.74834430031478 19.158923007547855 286.55151235684752 364.74068531021476 122.93208929523826 180.04908447340131 44.499019913375378 6277.6256477348506 159.08915334194899 8.7134068384766561 179.3072969801724 29.42458289116621 377.43357056006789 353.5148144736886 249.88372202217579 165.350610550493 542.94557939469814 18534.882158268243
leaf_count=2105 81 64929 989 545 3161 1901 5794 235 3085 437 2389 79 965 92 1125 913 39 523 59 24225 737 6 180 76 971 406 1002 1805 158 11584
internal_value=-0.000780233 -0.00790372 -0.0209528 -0.0278365 -0.00573482 0.00747828 -0.00431072 0.00428813 -0.00362934 -0.00295481 0.0092215 -0.00474597 0.0175308 -0.00603112 0.00867099 -0.00557723 0.092034 0.0113527 -0.00791771 -0.00922687 0.00773977 0.0163998 0.0552385 0.0470979 0.0180569 0.00336483 -0.0168284 0.00341739 0.0220709 0.00362007
internal_weight=33207.5 13805 2980.47 2052.18 928.288 610.968 10824.5 19402.6 10596.4 10371.8 1330.06 9041.74 1086.18 8559.34 973.432 831.341 142.091 544.79 7585.91 7302.06 1024.43 865.343 217.445 208.732 482.397 647.898 294.383 282.14 702.519 18700.1
internal_count=130596 118538 73330 67279 6051 2890 45208 12058 43103 37309 6439 30870 3354 29820 2692 2561 131 1436 27128 26691 2466 1729 262 256 1050 1467 1061 2350 239 11819
cat_boundaries=0 1 2 3
cat_threshold=8 1 4
is_linear=0
shrinkage=0.05


Tree=180
num_leaves=31
num_cat=2
split_feature=6 4 6 0 8 4 1 4 8 2 2 0 1 5 11 0 1 1 5 11 0 7 2 2 11 7 2 1 4 1
split_gain=267.916 177.956 121.493 112.678 84.5014 75.454 76.0596 152.564 73.5969 69.5018 100.391 66.9803 65.0063 62.572 139.981 61.804 60.8643 88.5599 77.4474 73.9669 166.762 64.2286 60.7672 88.9855 94.2332 66.6235 60.5518 73.8996 67.7955 60.1454
threshold=-7.5596420103293172 118.99881610974053 -13.940247676840169 3.7959116145833343 -0.12691306263224697 3.0725797804206416 34451.500000000007 351.35373898508141 -0.80939547659055566 14482.500000000002 14409.500000000002 5.4150955034722239 1219.5000000000002 0 -86439.480890541585 0.84687860532407433 1567.5000000000002 13818.500000000002 1 -217333.74610683587 4.0740392650462978 14339.500000000002 1446.5000000000002 13826.500000000002 -134468.66513963725 668.50000000000011 13962.500000000002 464.50000000000006 25.591551032101616 37549.500000000007
decision_type=2 2 2 2 2 2 2 2 2 2 2 2 2 1 2 2 2 2 1 2 2 2 2 2 2 2 2 2 2 2
left_child=1 8 11 4 -2 -5 7 13 -1 10 29 -3 -13 14 -7 -6 22 -18 -19 20 -20 -21 -10 24 -24 -26 -25 -28 -29 -4
right_child=3 2 9 5 15 6 -8 -9 16 -11 -12 12 -14 -15 -16 -17 17 18 19 21 -22 -23 23 26 25 -27 27 28 -30 -31
leaf_value=0.014138687467718026 0.0024693942090685548 0.034571445290080792 0.014816561192168481 -0.011550173381747396 -0.028081758209867237 -0.0078606766324096702 -0.01202185848353652 0.12902451665287298 -0.039237053317735679 0.031398824911555615 -0.065162453903275838 -0.35729304343022372 0.0020727531757881081 0.00094571572131681592 0.10991785298613398 -0.0097694154770457554 0.0083031374864219309 0.028528454873018552 0.038272309575510664 -0.020266293957566892 -0.03281891345042813 0.0020911531771849643 0.03434457783067818 -0.05178464955149497 0.024862070144931886 -0.009949511169116956 0.01493151551014147 -0.01712622966671732 0.02394131315987957 -0.012481061850229475
leaf_weight=1325.1409575007856 1357.9696032498032 980.56386311724782 545.11794892325997 1489.3260789997876 507.44342121854424 62.383853755891323 1132.2627573609352 23.426739428192377 122.82052856311202 227.9968625921756 54.650183964520693 1.2688546180725087 152.85913541167974 11435.835181392729 42.356205239892006 5007.62343993783 4762.5617349930108 199.02602382935584 100.35394702292979 363.2553007286042 463.41988228261471 2777.069929657504 261.83709908649325 84.058985780924559 186.70315282978117 520.91756251081824 281.49207302555442 1124.7489504143596 110.35488866269588 320.38358537107706
leaf_count=10477 2627 36264 4111 1313 571 96 1225 93 128 2151 155 1 1642 13258 150 4897 25860 3586 1475 767 1043 10294 1783 72 551 1012 731 1675 1063 1525
internal_value=0.000186172 0.00530086 0.0181523 -0.00344889 -0.0087033 -0.000903091 0.000345857 0.00155681 0.00298785 0.00668532 0.000561762 0.0297552 -0.000885716 0.00129806 0.0397682 -0.0114543 0.00168695 0.00372727 -0.00185616 -0.00348876 -0.0201644 -0.000495032 -0.0048787 -0.00323678 0.0087179 -0.000764602 -0.0104773 -0.00818779 -0.0134569 0.00471177
internal_weight=36025.2 14966.6 2282.84 21058.6 6873.04 14185.6 12696.3 11564 12683.8 1148.15 920.152 1134.69 154.128 11540.6 104.74 5515.07 11358.6 8665.69 3903.13 3704.1 563.774 3140.33 2692.93 2570.11 969.458 707.621 1600.65 1516.6 1235.1 865.502
internal_count=130596 106366 45849 24230 8095 16135 14822 13597 60517 7942 5791 37907 1643 13504 246 5468 50040 43025 17165 13579 2518 11061 7015 6887 3346 1563 3541 3469 2738 5636
cat_boundaries=0 1 2
cat_threshold=1 1
is_linear=0
shrinkage=0.05


Tree=181
num_leaves=31
num_cat=1
split_feature=3 3 0 4 2 1 6 1 7 2 0 2 2 2 4 2 11 7 2 1 3 5 2 11 2 7 6 4 6 2
split_gain=111.727 114.023 118.58 64.3653 63.7365 62.2918 61.7139 61.6154 76.111 83.6143 83.7208 69.4196 59.9333 223.425 58.8863 57.4766 82.8936 61.8871 56.2366 55.0753 65.5811 56.4063 106.611 287.331 117.873 102.023 183.088 171.39 119.3 100.649
threshold=-5.5265860328747483 -29.058240367910376 3.7402859027777784 21.431056427988974 3730.0000000000005 8405.5000000000018 -10.384102558202128 1567.5000000000002 16807.500000000004 15222.500000000002 5.2984948553240754 7413.5000000000009 14946.500000000002 14957.500000000002 11.26096667277489 192.50000000000003 -7025.4810305574301 1774.5000000000002 14144.500000000002 301.50000000000006 -7.2565294350624425 0 5343.5000000000009 -52755.885559555369 4645.5000000000009 2820.5000000000005 -5.9361040023224918 6.8046686379792378 -5.7941192911469956 2956.5000000000005
decision_type=2 2 2 2 2 2 2 2 2 2 2 2 2 2 2 2 2 2 2 2 2 1 2 2 2 2 2 2 2 2
left_child=1 2 -1 14 5 -2 7 11 -9 10 -10 -5 -6 -14 -4 -3 19 -18 -8 20 -17 25 24 -24 29 27 -27 -21 -29 -23
right_child=4 15 3 6 12 -7 18 8 9 -11 -12 -13 13 -15 -16 16 17 -19 -20 21 -22 22 23 -25 -26 26 -28 28 -30 -31
leaf_value=-0.025779765826021862 0.016675143196808746 -0.032554007741895041 0.1299798453770786 0.31248612133441278 -0.01388778142068711 -0.033562173237755746 0.07624796755565523 -0.023744155530001396 -0.029597052274280857 0.085785203686456854 0.029070469595205657 0.050724220441038005 0.090151553872572163 -0.01609781629379866 -0.030178848196582682 -0.033080709273526375 0.043100877021372878 0.0088115494351226793 -0.037122085576242345 0.00080856398161227832 -6.6625069302288104e-05 -0.016980558882544735 -0.00090661530320343398 0.021346606898452893 -0.03021671028365271 0.0039493520675859843 -0.021944396268200283 0.019156740229613309 0.063769684127725781 0.0056666813261505768
leaf_weight=766.76866120006889 388.00699343904853 119.20630892552435 5.9431848190724841 2.8637953307479647 2411.6149235824123 73.373179767280817 56.150251585990191 198.39147793315351 99.982302392832935 37.780056487768888 155.21253640204668 21.917536746710539 66.836838573217392 190.516751781106 167.23424296826124 243.31098052859306 204.82915865257382 368.01891901344061 13.585130622610448 1633.5304790697992 394.03229279443622 837.62935216818005 11218.50315781869 1665.9773542359471 529.51505944505334 9566.1745850341395 735.12950784526765 1460.1793629154563 166.98735565319657 1184.1069528553635
leaf_count=45216 515 391 21 9 4378 101 301 3239 3098 72 1409 121 29 258 1028 695 121 710 163 1334 291 2636 34406 1501 1138 20512 717 2677 156 3353
internal_value=0.000539779 0.00142559 -0.0119113 0.00209797 -0.00847379 0.00868591 0.0100138 0.00404903 0.000169429 0.0163628 0.00608523 0.0809741 -0.0114402 0.011496 -0.0246824 0.0020966 0.00223334 0.0210721 0.0541624 0.00186918 -0.01267 0.00218874 0.000121694 0.00197075 -0.00921652 0.00454137 0.0021015 0.0122495 0.0237351 -0.00371634
internal_weight=34983.3 31853 1525.83 759.061 3130.35 461.38 585.883 516.148 491.366 292.975 255.195 24.7813 2668.97 257.354 173.177 30327.1 30207.9 572.848 69.7354 29635.1 637.343 28997.7 15435.7 12884.5 2551.25 13562 10301.3 3260.7 1627.17 2021.74
internal_count=130596 125315 54677 9461 5281 616 8412 7948 7818 4579 4507 130 4665 287 1049 70638 70247 831 464 69416 986 68430 43034 35907 7127 25396 21229 4167 2833 5989
cat_boundaries=0 1
cat_threshold=8
is_linear=0
shrinkage=0.05


Tree=182
num_leaves=31
num_cat=0
split_feature=3 4 11 11 0 7 8 8 3 2 2 1 4 2 0 6 8 4 7 4 0 2 2 8 2 2 8 2 3 0
split_gain=445.611 218.982 166.469 125.34 124.391 106.142 103.855 111.936 111.502 100.982 177.77 96.0645 116.526 94.9073 94.2545 87.9621 98.7946 112.636 143.924 118.059 161.966 132.63 121.078 115.924 97.3427 104.472 108.373 85.5581 95.4596 84.1022
threshold=-6.9170352432702478 42.7426932216746 -28176.183482125529 -46853.069509015375 3.2704555150462968 41832.500000000007 -0.028536827442102727 0.022849051971718829 -5.5265860328747483 10751.500000000002 11163.500000000002 8531.5000000000018 5.6185747973908766 10608.500000000002 6.6358718402777788 -6.9057036377588963 -1.0000000180025095e-35 9.1893487371359424 2046.5000000000002 41.273083110336081 2.7764960763888893 14908.500000000002 14916.500000000002 -0.80939547659055566 14654.500000000002 13717.500000000002 -0.079961916446781953 6305.5000000000009 -8.4302166071782896 4.2407709143518533
decision_type=2 2 2 2 2 2 2 2 2 2 2 2 2 2 2 2 2 2 2 2 2 2 2 2 2 2 2 2 2 2
left_child=1 2 15 5 27 -3 8 9 11 13 -11 12 -2 -8 -14 16 17 -1 23 21 -21 -20 -23 -19 25 29 -27 28 -5 -25
right_child=6 3 -4 4 -6 -7 7 -9 -10 10 -12 -13 14 -15 -16 -17 -18 18 19 20 -22 22 -24 24 -26 26 -28 -29 -30 -31
leaf_value=-0.036202765662618624 -0.00058717640063440544 -0.029236228711094894 -0.031097295125260611 0.036127921456521501 -0.034977962419039638 -3.690566185620946e-05 0.0022764901701623702 -0.00043597953368792043 0.005753723677889979 0.034688297709633914 0.0087339502578072416 -4.8497398220119457e-05 -0.03442919711317536 -0.080706844184260856 0.07897217858043816 0.01418412568336962 -0.00045664810038389318 -0.019339628744014788 -0.030873351638217073 0.13490613065432419 -0.038455438253326167 0.10752769036537219 -0.0037691362815456112 -0.036273877633761262 -0.020368058726024679 0.077420571585539458 -0.038068857645204325 0.069595139604510234 -0.036543715343176471 0.050094926262899277
leaf_weight=437.90429792366922 474.98885345458984 2145.3626252198592 558.53059332817793 112.15715531259775 128.49568030890077 364.04146337322891 4185.5646146014333 6405.7749694660306 1720.1504323445261 730.85660145431757 6781.0129339024425 1089.4601561538875 788.98404236510396 34.741420973092318 18.759042322635651 692.15595269948244 4521.1190331783146 193.79955392889678 806.88549063354731 28.443174246698618 25.59783554263413 32.064685553312302 102.71653394773602 61.950135869905353 81.934353850781918 168.71370815485716 23.093581888824701 76.433197572827339 75.680869517847896 51.715450955554843
leaf_count=2333 347 66810 3728 1082 1473 6807 3097 4946 1211 209 3916 1222 1194 55 5 1210 20745 1425 6654 57 223 5 429 442 391 169 95 13 174 129
internal_value=-0.000777365 -0.00916679 -0.00479764 -0.0208894 0.00537522 -0.0250003 0.00325645 0.00487977 -0.00393836 0.00778217 0.0112591 -0.0109664 -0.0202393 0.00159337 -0.0317956 -0.00276541 -0.00456037 -0.0137688 -0.00753901 -0.0190797 0.0527892 -0.0232041 0.0227086 0.0122322 0.0280259 0.0410062 0.0635157 0.024996 0.00684816 0.00302211
internal_weight=32919.1 10688.8 7786.62 2902.17 392.767 2509.4 22230.3 18138 4092.34 11732.2 7511.87 2372.19 1282.73 4220.31 807.743 7228.09 6535.94 2014.82 1576.91 995.708 54.041 941.667 134.781 581.207 387.407 305.473 191.807 264.271 187.838 113.666
internal_count=130596 114394 38035 76359 2742 73617 16202 12223 3979 7277 4125 2768 1546 3152 1199 34307 33097 12352 10019 7368 280 7088 434 2651 1226 835 264 1269 1256 571
is_linear=0
shrinkage=0.05


Tree=183
num_leaves=31
num_cat=2
split_feature=3 4 5 7 11 2 3 5 0 6 0 7 11 2 2 3 2 3 1 6 3 0 1 4 2 2 11 1 4 7
split_gain=240.702 194.877 125.627 166.359 124.285 116.113 110.238 105.608 103.95 104.515 101.701 91.4663 100.516 123.929 111.112 230.378 108.871 101.308 91.4938 133.959 85.002 80.8197 79.6838 98.0772 75.5309 221.248 331.427 130.062 75.4693 94.6495
threshold=-12.702130232536012 111.6016047876326 0 995.50000000000011 -172019.66826882077 14379.500000000002 -6.6906892972757257 1 6.4576120775462966 -14.346691083528549 5.4150955034722239 22577.500000000004 -80790.136953588531 14738.500000000002 4645.5000000000009 -4.7868808815334676 4108.5000000000009 -6.0867691321245561 4394.5000000000009 -5.692183186491655 -5.6695862740670169 6.7574792361111129 19183.500000000004 10.178710220534201 11911.500000000002 11163.500000000002 -66595.385427233574 6068.5000000000009 25.0435371529937 513.50000000000011
decision_type=2 2 1 2 2 2 2 1 2 2 2 2 2 2 2 2 2 2 2 2 2 2 2 2 2 2 2 2 2 2
left_child=1 7 3 -2 5 -4 -6 -1 28 -10 -3 12 13 17 15 16 18 -5 19 -14 21 -19 23 -18 25 -8 27 -27 29 -9
right_child=2 10 4 11 6 -7 24 8 9 -11 -12 -13 14 -15 -16 -17 22 20 -20 -21 -22 -23 -24 -25 -26 26 -28 -29 -30 -31
leaf_value=0.033004888058445613 -0.019664647667317885 0.032643977014641404 -0.063882877279094849 0.013435849346763354 0.0059555249238929797 0.0043740242445604472 8.5447568124747378e-06 0.032188557042495541 -0.027611901349166353 0.033993875763901747 -0.0048910257837637139 -0.010804882008682595 0.025403450838391396 -0.0059805859154764517 -0.0086975325590436716 0.21365336409211749 0.029797831631785471 0.18116384764237278 -0.0041372647749468314 0.20527866303426059 0.0089383924162727453 0.0027897328165508908 -0.015103770488348853 0.1604548461457049 -0.0064749668403002551 -0.011605390624569209 0.15445084673104148 0.093162729636897229 0.012866762272368796 -0.0025171226836134251
leaf_weight=308.78088717162609 1807.5674646422267 1056.8026276957244 141.28271640092134 1632.3747106976807 7605.8162165433168 111.45984484255314 3739.5915423557162 212.28271482884884 446.90171505510807 81.38215060532093 217.62689458951354 2886.5221656896174 120.27393893897533 1080.7423370480537 3761.8481077067554 13.689327798783777 29.027109593153 23.995357558131218 792.1657684892416 11.325340788811443 23.307397052645683 8.6356931328773481 23.341413252055645 28.430746302008629 4815.5335341040045 118.52507501840591 57.858655881136656 39.493936568498611 1936.0070070400834 2634.4056099355221
leaf_count=6400 1607 39867 122 4568 19157 630 3988 923 960 546 2308 5020 278 1901 4016 70 69 108 1249 57 25 8 36 157 4358 122 242 111 22920 8773
internal_value=0.000187656 0.0085817 -0.00181666 -0.00566045 0.00101327 -0.0337815 0.00155026 0.0045785 0.00292578 -0.0181215 0.0262343 -0.00323478 -0.000340246 0.00724015 -0.00473148 0.00992076 0.00714447 0.0157032 0.00227636 0.0408834 0.081867 0.133958 0.0628007 0.0944483 -0.00226979 0.00284975 0.0520672 0.0145795 0.00525062 7.09428e-05
internal_weight=35767 6894.19 28872.8 12243.2 16629.6 252.743 16376.8 5619.76 5310.98 528.284 1274.43 10435.7 7549.16 2769.06 4780.1 1018.25 1004.56 1688.31 923.765 131.599 55.9384 32.6311 80.7993 57.4579 8771 3955.47 215.878 158.019 4782.7 2846.69
internal_count=130596 82697 47899 19169 28730 752 27978 40522 34122 1506 42175 17562 12542 6610 5932 1916 1846 4709 1584 335 141 116 262 226 8821 4463 475 233 32616 9696
cat_boundaries=0 1 2
cat_threshold=8 1
is_linear=0
shrinkage=0.05


Tree=184
num_leaves=31
num_cat=1
split_feature=6 6 2 2 1 4 2 2 2 2 7 7 0 11 2 2 1 2 2 1 5 2 2 7 4 2 11 1 6 3
split_gain=103.712 105.573 85.5963 90.0166 88.3981 84.779 77.3088 316.423 124.186 120.219 106.426 90.6489 84.9305 81.7215 137.09 78.8952 74.6646 72.5636 161.499 69.7084 82.9219 107.745 69.6884 65.3719 65.2161 64.1224 121.27 75.8553 62.7725 62.3657
threshold=-5.5040396272407603 -12.251540625459345 14974.500000000002 14965.500000000002 764.50000000000011 250.86548336040229 14184.000000000002 12544.500000000002 12590.500000000002 13140.500000000002 17397.500000000004 4570.5000000000009 4.0193969039351858 -443864.99999999994 14821.500000000002 13175.500000000002 41936.000000000007 13862.500000000002 13752.500000000002 2194.5000000000005 0 14163.500000000002 15222.500000000002 42431.500000000007 10.178710220534201 9772.5000000000018 -226394.99999999997 10877.500000000002 -5.8815699543433775 -5.6162743828288439
decision_type=2 2 2 2 2 2 2 2 2 2 2 2 2 2 2 2 2 2 2 2 1 2 2 2 2 2 2 2 2 2
left_child=1 5 3 16 -4 6 7 12 -9 -10 -8 15 -1 14 -12 -11 -3 18 -13 20 21 -17 -16 28 -18 26 27 -14 -6 -7
right_child=-2 2 4 -5 23 29 10 8 9 11 13 17 25 -15 22 19 24 -19 -20 -21 -22 -23 -24 -25 -26 -27 -28 -29 -30 -31
leaf_value=-0.02395785992173486 -0.0080877657008659176 0.0014818550914662536 0.04244843518120596 -0.050436437864188624 0.015955732066742053 -0.032465413040138974 -0.023318036207401836 0.10339204771340181 -0.01687260479457393 0.23438950977727391 0.28275004577163637 -0.014781475241643832 -0.035473069903888869 -0.0034746652275677824 -0.034760460281081006 0.018294844972300408 -0.030896520439567771 -0.029126204091561476 0.088392382303742759 0.068480297382548544 0.0012949465012824807 0.146192522445215 0.076305440132802133 -0.060127828469631196 0.016893756111572216 -0.020798295057577642 0.00066351041510841939 0.10753799954910639 -0.026263058119680934 0.28534667626783822
leaf_weight=757.90376909822226 3169.0259155295789 25138.538189724088 245.02944682724774 81.864144019782543 787.52317640651017 317.72384485974908 872.50213498994708 49.07815464399755 162.37447538785636 5.5384388472884885 6.2695688381791106 91.352292991243303 11.725545050576327 198.27584225311875 21.731564270332456 41.537709154188633 75.999992463737726 86.038296857848763 64.857590527273715 163.53792598564178 131.92075943388045 27.282812118530273 40.341216036118567 33.295705986209214 1175.9636527150869 295.11973182111979 591.96776748076081 44.317602965980768 99.125728719867766 1.551171626895665
leaf_count=21343 5628 40276 218 183 1403 23188 13413 244 2618 33 42 2026 174 3247 685 170 153 1625 409 897 800 11 114 61 2176 3201 5881 283 91 3
internal_value=0.000535679 0.00139993 0.00249671 0.00191298 0.0157611 -0.0062105 -0.00405704 0.000821823 0.0262627 0.0213748 -0.0148697 0.0315215 -0.0114948 0.0127772 0.0599274 0.047095 0.00207537 0.00774671 0.0280558 0.0442474 0.0245057 0.0689979 0.0374215 0.00865287 0.0139927 -0.00147946 0.0073188 0.0776167 0.0112357 -0.0309213
internal_weight=34789.3 31620.3 27637.3 26472.4 1164.97 3982.95 3663.67 2524.55 823.518 774.44 1139.12 612.066 1701.03 266.618 68.3423 369.818 26390.5 242.248 156.21 364.279 200.741 68.8205 62.0728 919.945 1251.96 943.131 648.011 56.0431 886.649 319.275
internal_count=130596 124968 44561 42788 1773 80407 57216 39715 8833 8589 17501 5971 30882 4088 841 1911 42605 4060 2435 1878 981 181 799 1555 2329 9539 6338 457 1494 23191
cat_boundaries=0 1
cat_threshold=8
is_linear=0
shrinkage=0.05


Tree=185
num_leaves=31
num_cat=0
split_feature=3 4 11 11 0 11 11 0 11 8 8 6 2 0 2 6 2 2 2 4 6 0 2 4 2 1 2 0 1 0
split_gain=408.734 208.983 161.028 122.418 165.981 117.483 113.665 112.855 143.578 96.5193 106.226 105.123 86.8745 80.6277 81.404 100.957 107.42 85.2881 78.7424 90.186 77.8413 94.2144 130.396 199.637 187.684 251.253 181.421 292.877 75.7859 160.24
threshold=-6.9170352432702478 42.7426932216746 -28176.183482125529 -68898.004600191023 3.2704555150462968 -67660.292619632863 -46853.069509015375 6.8842725057870382 -96766.998372611866 -0.028536827442102727 0.014878748900527762 -6.1659928052803119 1199.5000000000002 6.6071487326388914 14838.500000000002 -5.9798460178367243 14621.500000000002 15037.500000000002 6305.5000000000009 61.86477065305386 -5.7419616781725731 2.9131450405092605 13419.500000000002 1.4712513167492045 14600.500000000002 1353.5000000000002 14334.500000000002 5.2694864930555561 40864.500000000007 4.5250034953703722
decision_type=2 2 2 2 2 2 2 2 2 2 2 2 2 2 2 2 2 2 2 2 2 2 2 2 2 2 2 2 2 2
left_child=1 2 12 7 5 -5 -7 -3 -9 11 13 -2 -1 14 15 16 -11 -16 19 -8 -17 -22 -23 -24 26 -26 27 -25 -14 -30
right_child=9 3 -4 4 -6 6 18 8 -10 10 -12 -13 28 -15 17 20 -18 -19 -20 -21 21 22 23 24 25 -27 -28 -29 29 -31
leaf_value=0.053849689906739953 -0.024221183037440669 -0.028253491477672428 -0.030897220509222525 0.083423380404775413 -0.03510303324391105 -0.035971654140482319 0.035281660373875166 0.006452798831159976 0.21609406919867516 0.0025349686086052776 -9.6857463189001881e-05 -0.00069600000861568879 -0.0044549659575000315 -0.0026599202224359916 0.024080285710155507 0.021785046107070084 -0.037606651668964881 -0.013234661586546939 0.066907974753601787 -0.03565160585058167 0.020849506501803682 0.008420142277616385 0.032968822482627572 -0.025704237864900611 -0.23423273603126613 -0.048943507190037254 0.012128762498040783 -0.22493696391541992 -0.039484511811879092 0.034760311975953653
leaf_weight=67.415488585829735 548.87353586778045 2087.8291891496629 542.35477597825229 57.138767777942121 241.80280557833612 111.05806144420058 111.52403199672699 45.806765714660287 9.9394187703728658 2748.243405316025 7117.7644869796932 3521.9205455332994 6701.9055505059659 1588.3996251933277 1385.9133686982095 1403.9880392923951 177.42070592939854 172.15202835574746 76.915144510567188 74.908920821733773 988.57573342323303 1951.6791159622371 130.98012448847294 81.680788211524487 25.597425311803818 64.139594897627831 177.07347560673952 23.826956927776337 94.385805662721395 315.92849456518888
leaf_count=77 1200 70609 3728 70 2894 1176 312 302 39 2255 5446 2779 32803 1297 478 425 192 113 13 944 414 1180 32 90 41 100 87 73 777 650
internal_value=-0.000776417 -0.00887944 -0.00462688 -0.0205369 -0.00193938 0.0166428 0.00645135 -0.0263788 0.0438314 0.00308626 0.00465573 -0.00386795 -0.0026424 0.00775361 0.00952623 0.00743542 0.000100665 0.0199573 0.0243418 0.00678061 0.0118622 0.00781652 0.00256837 -0.0201235 -0.0388012 -0.101797 -0.0187961 -0.0706972 -0.00317788 0.0176816
internal_weight=32647.1 10538.9 7721.99 2816.92 673.348 431.545 374.406 2143.58 55.7462 22108.2 18037.4 4070.79 7179.64 10919.7 9331.27 7773.21 2925.66 1558.07 263.348 186.433 4847.54 3443.55 2454.98 503.298 372.318 89.737 282.581 105.508 7112.22 410.314
internal_count=130596 114394 38035 76359 5409 2515 2445 70950 341 16202 12223 3979 34307 6777 5480 4889 2447 591 1269 1256 2442 2017 1603 423 391 141 250 163 34230 1427
is_linear=0
shrinkage=0.05


Tree=186
num_leaves=31
num_cat=4
split_feature=6 4 6 0 2 3 4 1 4 2 3 7 2 1 2 11 4 4 1 2 5 0 5 4 11 5 2 8 5 4
split_gain=217.988 156.125 113.941 108.558 94.7828 137.329 102.139 88.568 99.8837 153.827 98.084 141.838 84.784 116.541 78.7301 72.1126 129.62 69.9947 108.223 122.802 77.887 77.2398 83.4159 82.6689 201.311 70.6797 70.4182 69.8007 72.7897 68.0868
threshold=-7.5596420103293172 118.99881610974053 -13.940247676840169 0.9777775520833335 14838.500000000002 -3.6665527722616669 15.728093583246443 7544.5000000000009 41.962149322402198 13048.500000000002 -6.0523948069364035 1774.5000000000002 14985.500000000002 7423.5000000000009 13862.500000000002 -5788.7174583714213 26.755987656515657 2.095937416300369 413.50000000000006 14738.500000000002 0 4.2986947685185202 1 15.302744961548294 -31390.718680632068 2 3961.5000000000005 -0.0038516039527252128 3 55.19715661347437
decision_type=2 2 2 2 2 2 2 2 2 2 2 2 2 2 2 2 2 2 2 2 1 2 1 2 2 1 2 2 1 2
left_child=1 27 -3 -2 5 7 -6 8 17 -10 -11 -12 -8 -14 -13 29 -17 -5 19 20 -19 23 -23 -20 -25 -24 -26 -1 -29 -9
right_child=3 2 -4 4 6 -7 12 15 9 10 11 14 13 -15 -16 16 -18 18 21 -21 -22 22 25 24 26 -27 -28 28 -30 -31
leaf_value=0.0083424967295715347 -0.022174743252850179 0.029247953115257842 0.0062992246177610419 -0.013557521373829132 -0.019480966937013827 0.065899643291677829 -0.0061950319533485001 -0.0093796172780026572 -0.0014087170566982523 0.026010411818109848 -0.011468937081885221 0.25259912709852927 0.10875996925149869 0.011540531794297657 0.099638411275993086 0.097585408714865637 -0.01885371004348884 -0.005738417267135006 -0.011792018006074755 0.17081698688275915 0.047810366476701949 0.078498648395207163 0.010258837903808167 -3.2118532034028676e-05 0.060045539720226651 -0.003442983767203952 0.1786113833278915 0.022553703736354739 -0.00070218194878054346 -0.00057461751693334523
leaf_weight=3814.0223281849176 720.68066368997097 1032.9671393278986 1135.3946697767824 792.43115739524364 1540.1592605113983 76.040874417871237 710.17194092087448 4845.0302985869348 392.82411099597812 228.65256318822503 28.821070455014706 9.550753351300953 38.780352123081684 150.27868602611125 70.581567466259003 46.911770045757294 48.726592130959034 120.76577719673514 1833.4986946992576 15.098493896424769 155.13887593150139 38.638107612729073 2307.1858562082052 989.18712414428592 53.337512642145157 1589.686288498342 16.36526133865118 350.56307946331799 8368.5661684963852 4014.9576670415699
leaf_count=20881 1007 37907 7942 689 1192 224 779 4943 488 502 23 56 148 260 213 144 49 129 1672 68 317 118 2893 1189 127 1634 74 5786 33850 5292
internal_value=0.000182076 0.00484392 0.0172316 -0.00310763 -0.00242442 -0.00114922 -0.0116633 -0.00143895 0.00217208 0.0198631 0.044614 0.083656 0.00172648 0.0314825 0.117869 -0.00492343 0.0382611 0.000538723 0.00210783 0.0319698 0.0243716 0.000835118 0.00539417 -0.00536813 0.00575502 0.00466933 0.0878832 0.00270073 0.000232849 -0.00538958
internal_weight=35535 14701.5 2168.36 20833.5 20112.8 17673.4 2439.39 17597.4 8641.76 730.43 337.606 108.953 899.231 189.059 80.1323 8955.63 95.6384 7911.33 7118.9 291.003 275.905 6827.9 3935.51 2892.39 1058.89 3896.87 69.7028 12533.2 8719.13 8859.99
internal_count=130596 106366 45849 24230 23223 20844 2379 20620 10192 1282 794 292 1187 408 269 10428 193 8910 8221 514 446 7707 4645 3062 1390 4527 201 60517 39636 10235
cat_boundaries=0 1 2 3 4
cat_threshold=8 1 4 1
is_linear=0
shrinkage=0.05


Tree=187
num_leaves=31
num_cat=2
split_feature=6 3 0 7 4 3 1 2 2 1 8 11 2 1 6 2 4 11 8 6 4 0 3 5 2 8 4 1 3 5
split_gain=95.4728 95.7417 104.66 60.6496 67.2253 93.9649 87.844 84.0331 97.04 81.5182 75.4053 83.3102 69.5385 114.076 77.4644 72.0934 65.3087 62.3698 62.2601 59.7961 96.6174 83.1494 60.1017 70.8641 106.191 58.2717 58.1701 55.1875 54.6595 117.208
threshold=-5.5040396272407603 -29.058240367910376 3.7402859027777784 297.50000000000006 10.178710220534201 -19.812620512908079 41936.000000000007 13896.500000000002 13648.500000000002 41393.500000000007 9.9284542231536914 -84701.226795319861 1826.5000000000002 2897.5000000000005 -9.9946050210679687 3568.0000000000005 2.095937416300369 -208215.10333418191 7.9709342320390304 -6.0937457905877439 3.5327068242902757 6.517793680555557 -6.7235382566165631 0 12263.000000000002 0.3362281685889919 19.50728921640874 24723.500000000004 -10.842392172909454 1
decision_type=2 2 2 2 2 2 2 2 2 2 2 2 2 2 2 2 2 2 2 2 2 2 2 1 2 2 2 2 2 1
left_child=1 2 -1 -3 5 -5 -6 8 9 12 11 18 14 15 -7 -14 17 -15 27 20 -17 -21 23 24 -22 -24 -4 -9 29 -18
right_child=-2 3 26 4 6 7 -8 10 -10 -11 -12 -13 13 16 -16 19 28 -19 -20 21 22 -23 25 -25 -26 -27 -28 -29 -30 -31
leaf_value=-0.025026177970747351 -0.0077706760666868173 -0.012673561897140265 -0.026010141501255326 0.058115699429054118 -1.0957018430635426e-05 -0.028939258640289369 0.013165973695432596 0.012651161301589671 -0.032080920396429152 -0.035284796325259729 -0.032740287102544417 0.048099908329731246 -0.029949684906312675 0.16419900973461496 0.023709935312043698 0.018457423139204288 0.18538746424173425 -0.016942080474810571 0.12787850947975207 -0.025836718011674888 -0.025448284942526034 0.074187744794511457 0.021135636847756035 -0.016857183351514645 0.10777373155851161 -0.023632610516720772 0.0089032955502232353 -0.033228465624805907 0.01240074224494438 0.030194658766778255
leaf_weight=702.90931664500386 3140.4685199856758 690.25011163577437 149.30443235114217 86.119168125092983 19802.182840227149 77.872006688266993 1351.1022038664669 2397.1217654719949 201.22297937422991 133.30480807088315 88.161952236667275 170.22850843518972 258.88146761618555 4.8538162708282462 679.4604629650712 584.08249602466822 13.504659729078412 226.6356085781008 11.525499414652584 361.62806513160467 30.713396059349179 22.043695472180843 298.87724953889847 844.64202937111259 29.159467184916139 96.045342709869146 593.74036639276892 67.387876246124506 1398.2591282352805 122.75476860255003
leaf_count=45123 5628 977 847 359 51380 272 3512 3484 237 765 273 165 393 2 637 538 107 1495 15 351 172 31 210 1774 23 70 8576 1013 1720 447
internal_value=0.000542602 0.00137157 -0.0111956 0.00197632 0.00232077 0.00616259 0.00083068 0.00561148 0.00198618 0.00330886 0.0127495 0.014265 0.00432774 0.00186299 0.0182963 -0.00495266 0.011612 -0.013144 0.0119389 -0.00209835 0.00156651 -0.0200899 -0.00602577 -0.0131311 0.0394339 0.010248 0.00188793 0.0113967 0.0153466 0.0455758
internal_weight=34634.4 31494 1445.95 30048 29357.8 8204.49 21153.3 8118.37 5383.94 5182.72 2734.43 2646.26 5049.41 4292.08 757.332 2526.07 1766.01 231.489 2476.04 2267.19 1883.52 383.672 1299.44 904.515 59.8729 394.923 743.045 2464.51 1534.52 136.259
internal_count=130596 124968 54546 70422 69445 14553 54892 14194 9244 9007 4950 4677 8242 7333 909 3562 3771 1497 4512 3169 2787 382 2249 1969 195 280 9423 4497 2274 554
cat_boundaries=0 1 2
cat_threshold=1 1
is_linear=0
shrinkage=0.05


Tree=188
num_leaves=31
num_cat=1
split_feature=3 4 11 11 0 0 11 11 8 3 8 2 6 6 4 5 2 2 1 1 1 2 4 4 2 2 11 2 1 2
split_gain=375.582 199.063 155.532 117.737 159.285 111.943 104.898 108.007 91.0744 100.261 100.154 82.1889 81.5999 93.4327 196.784 165.19 220.868 179.249 160.575 141.465 180.945 131.039 130.924 115.151 114.455 389.583 122.9 193.33 122.056 138.986
threshold=-6.9170352432702478 42.7426932216746 -28176.183482125529 -68898.004600191023 3.2704555150462968 6.4576120775462966 -67660.292619632863 -46853.069509015375 -0.028536827442102727 -5.8184423202478817 0.014878748900527762 12544.500000000002 -6.9057036377588963 -12.033201456146854 40.542088507648209 0 6897.5000000000009 6598.5000000000009 301.50000000000006 40864.500000000007 41936.000000000007 1199.5000000000002 35.763929680724594 4.2649771925406528 14908.500000000002 14916.500000000002 -59868.371678258663 6305.5000000000009 5436.5000000000009 7990.5000000000009
decision_type=2 2 2 2 2 2 2 2 2 2 2 2 2 2 2 1 2 2 2 2 2 2 2 2 2 2 2 2 2 2
left_child=1 2 12 5 6 -3 -5 -8 9 -2 -10 -11 13 15 18 22 17 21 -15 24 -21 -17 -1 -22 26 -26 -20 -28 29 -29
right_child=8 3 -4 4 -6 -7 7 -9 10 11 -12 -13 -14 14 -16 16 -18 -19 19 20 23 -23 -24 -25 25 -27 27 28 -30 -31
leaf_value=0.011123147660815857 -0.013281786546573297 -0.030647856219543052 -0.030698333882801989 0.07818289403833667 -0.035048616249935036 0.0033989943463000878 -0.03588872910541787 0.023684966123903101 0.0074813113683520824 -0.00800343436505104 -0.00015900652581341652 0.010729223252491142 0.013753627801565442 0.036568884989734922 0.048261109047918339 0.06681755289457654 -0.036785029048323606 0.073889004577572526 -0.028484563945439918 0.11496431194775661 0.11067943094439203 -0.035605693549312728 -0.040597499080767908 -0.038710030650587271 0.10332940404314535 -0.0201040146309482 -0.029054344840116722 0.037898555187938068 0.001684170963810583 0.1752154712878273
leaf_weight=2268.3556427434087 1660.9464079365134 1791.8110617278144 526.78258813731372 59.007258202880621 233.58067977521569 279.02005698531866 107.21004501637071 262.04260196443647 10828.043876722455 1023.8898206725717 7102.9911091029644 1367.677582167089 693.31908191740513 156.31642684899271 137.65000176616013 40.882362030446529 526.60227940231562 95.571629896759987 1787.1862093899399 46.319940770044923 16.106392104178667 132.23819313943386 129.33415787853301 64.783691294491291 83.419722322374582 273.55229984782636 362.47081816382706 93.013553891330957 219.32172160595655 22.979991085827351
leaf_count=8928 2343 68416 3728 70 2894 2534 1176 1269 6777 918 5446 718 1210 349 425 31 7591 53 8138 26 6 2132 1567 239 62 995 2115 123 307 10
internal_value=-0.000779898 -0.00860424 -0.00447867 -0.0201932 -0.00183501 -0.0260604 0.0162803 0.00638814 0.00292481 -0.00384474 0.00445476 0.0027093 -0.00254676 -0.00429726 -0.0102472 0.00178343 -0.0179634 0.0189247 -0.012824 -0.0154244 0.0361607 -0.0114185 0.00833328 -0.00896442 -0.0177334 0.00874077 -0.0215365 -0.00374104 0.0236223 0.065103
internal_weight=32392.4 10408.9 7676.21 2732.67 661.841 2070.83 428.26 369.253 21983.5 4052.51 17931 2391.57 7149.42 6456.11 3263.12 3192.98 795.294 268.692 3125.47 2969.15 127.21 173.121 2397.69 80.8901 2841.94 356.972 2484.97 697.786 335.315 115.994
internal_count=130596 114394 38035 76359 5409 70950 2515 2445 16202 3979 12223 1636 34307 33097 12795 20302 9807 2216 12370 12021 271 2163 10495 245 11750 1057 10693 2555 440 133
cat_boundaries=0 1
cat_threshold=4
is_linear=0
shrinkage=0.05


Tree=189
num_leaves=31
num_cat=2
split_feature=3 4 5 7 11 2 0 5 3 0 6 7 11 2 2 6 2 3 1 3 2 2 3 2 2 11 7 0 3 1
split_gain=196.673 174.9 113.814 156.589 119.245 107.512 102.274 98.8179 96.9184 94.9838 96.9348 86.0594 91.4641 111.185 103.295 185.795 90.2862 89.6092 82.6647 110.935 74.6442 249.084 193.263 71.4998 199.062 276.953 117.511 72.0611 69.2676 68.6191
threshold=-12.702130232536012 111.6016047876326 0 995.50000000000011 -172019.66826882077 14379.500000000002 5.2408985648148159 1 -6.6906892972757257 6.4576120775462966 -14.346691083528549 22577.500000000004 -80790.136953588531 14738.500000000002 4645.5000000000009 -4.8750070105028049 4108.5000000000009 -6.0867691321245561 4394.5000000000009 -5.4359260371889944 13419.500000000002 14265.000000000002 -5.6695862740670169 11911.500000000002 11163.500000000002 -66595.385427233574 5248.5000000000009 0.95019500578703731 -5.6695862740670169 19183.500000000004
decision_type=2 2 1 2 2 2 2 1 2 2 2 2 2 2 2 2 2 2 2 2 2 2 2 2 2 2 2 2 2 2
left_child=1 7 3 -2 5 -4 -3 -1 -6 -9 -11 12 13 17 15 16 18 -5 19 -14 -16 22 -22 24 -10 26 -26 -27 -19 -18
right_child=2 6 4 11 8 -7 -8 9 23 10 -12 -13 14 -15 20 -17 29 28 -20 -21 21 -23 -24 -25 25 27 -28 -29 -30 -31
leaf_value=0.032790655187500899 -0.019078232246112173 0.032908118668697021 -0.061895163518112556 0.012891024103509997 0.0057320017939387 0.003950890192713402 -0.0039471767880080331 0.0048690596833118856 0.00023974422008598455 -0.026488977906164918 0.033617021671197095 -0.010355190697632494 0.027153325817496694 -0.0055454342970145173 -0.010279353943520014 0.16129211073635877 0.08608581430059041 0.12039961788883394 -0.0039084995827849377 0.21832147679512676 -0.016014947174775963 0.0035825557767042585 0.30760847558168947 -0.0061259205875671512 -0.012511324318809408 -0.0028454698014071904 0.083600301509525965 0.1590198790450329 0.0090631562642330393 -0.016485707736721429
leaf_weight=286.14719662070274 1763.9822804499418 932.73376248218119 141.599514067173 1632.97993972525 7583.227733310312 110.26757501810789 235.83122339472175 4711.0285543091595 3713.2476450353861 448.68760204315186 78.869538456201553 2848.4832450933754 124.00359892100096 1067.2893357649446 3423.5045427791774 19.832721658051014 58.247232109308243 35.026922710239887 783.03339344263077 8.0835794992744905 7.3323423191905048 262.97704393044114 12.440214075148104 4758.4955701157451 114.98757385462523 7.8725793585181227 43.961632922291756 54.315102741122246 23.238147810101509 22.644309401512146
leaf_count=6400 1607 39467 122 4568 19157 630 2708 32616 3988 960 546 5020 290 1901 3661 83 221 116 1245 42 5 264 86 4358 117 8 116 234 25 35
internal_value=0.000180148 0.0078961 -0.0016243 -0.00531038 0.00107272 -0.0330677 0.0254703 0.0041789 0.00160103 0.00261604 -0.0175032 -0.00295914 -0.000142862 0.00709074 -0.00436855 0.00975667 0.00673927 0.015065 0.00226357 0.0388526 -0.00824012 0.0164507 0.187598 -0.00200263 0.00298435 0.0490707 0.0140709 0.138529 0.0759947 0.0573725
internal_weight=35314.4 6693.3 28621.1 12093.1 16528 251.867 1168.56 5524.73 16276.1 5238.59 527.557 10329.1 7480.63 2758.53 4722.1 1015.84 996.012 1691.25 915.121 132.087 3706.25 282.75 19.7726 8692.88 3934.38 221.137 158.949 62.1877 58.2651 80.8915
internal_count=130596 82697 47899 19169 28730 752 42175 40522 27978 34122 1506 17562 12542 6610 5932 1916 1833 4709 1577 332 4016 355 91 8821 4463 475 233 242 141 256
cat_boundaries=0 1 2
cat_threshold=8 1
is_linear=0
shrinkage=0.05


Tree=190
num_leaves=31
num_cat=2
split_feature=3 3 0 2 2 4 2 7 2 0 0 4 2 11 7 5 5 2 7 0 7 8 4 8 1 7 3 8 8 2
split_gain=88.5283 85.1983 104.096 61.0055 61.2343 57.5626 57.4331 154.343 272.839 64.069 61.7001 55.4636 54.248 75.1549 56.954 52.5713 51.2622 66.9846 54.3951 50.2374 61.5202 48.5191 60.7971 63.226 75.524 75.9679 72.9701 89.0679 69.1168 64.359
threshold=-5.5265860328747483 -29.058240367910376 3.7402859027777784 3730.0000000000005 3644.5000000000005 19.50728921640874 14923.500000000002 762.50000000000011 14957.500000000002 4.047488043981482 6.5453951678240765 11.26096667277489 192.50000000000003 -7025.4810305574301 4483.5000000000009 0 1 722.50000000000011 4397.5000000000009 6.7875911747685196 44055.500000000007 -0.19019742496516565 0.00072406306272025016 0.019451442467959715 1100.5000000000002 297.50000000000006 -6.9170352432702478 -0.0055874463094025542 -0.12691306263224697 14574.500000000002
decision_type=2 2 2 2 2 2 2 2 2 2 2 2 2 2 2 1 1 2 2 2 2 2 2 2 2 2 2 2 2 2
left_child=1 2 -1 4 16 11 -5 8 -8 -10 -9 -4 -3 19 -15 -7 18 -18 -2 20 21 -14 -23 26 25 -25 27 -24 -28 -27
right_child=3 12 5 6 -6 15 7 10 9 -11 -12 -13 13 14 -16 -17 17 -19 -20 -21 -22 22 23 24 -26 29 28 -29 -30 -31
leaf_value=-0.024730938725781984 -0.050816988687470588 -0.032166951563332602 0.11876333436360031 -0.013382094618808816 0.058027159995836124 -0.034323398187304809 0.15055271225671849 -0.02931738288967338 0.05890106841564402 -0.034849944222527997 0.062656524277958439 -0.032342519151416241 -0.0035717762955688433 0.034644704724101104 0.0026492616361653083 0.014183580899925372 0.023781920322141711 -0.029359496842481844 0.039166203092080111 -0.0087755533933827901 0.014022900475089093 -0.028602525998312717 0.0018651898786693371 -0.0236172494825676 -0.0029269577780384622 0.0054473938213550968 0.025576328836157788 0.013281744946876912 0.0004940077327095846 0.029996394819073315
leaf_weight=681.89874368254095 19.498953521251678 116.47042302601039 6.3475875444710246 2264.6694237738848 56.321919918060303 62.328423001803458 45.237562701106071 167.36025387048721 27.708072699606419 53.239455923438072 20.464302521198988 140.25418801419437 3849.059464238584 306.94647478312254 254.33466959930956 538.01300251670182 91.205088242888451 169.5104779554531 121.10661761462688 1106.3440942820162 1039.605496186763 156.19839544780552 2999.5596008263528 146.55660099349916 6875.072616760619 714.22376551479101 284.71663679555058 3968.9052371075377 7772.3271407335997 426.35707007162273
leaf_count=45216 58 391 21 4333 29 1835 37 172 39 44 40 834 17958 228 603 6771 52 394 83 2073 3194 3271 9363 299 17648 1167 301 8145 5384 613
internal_value=0.000535244 0.00132249 -0.0106063 -0.00761783 0.00920564 0.00228841 -0.0106035 0.00943582 0.0522033 -0.00275928 -0.0192964 -0.0257999 0.00189032 0.00202298 0.0201465 0.00914751 0.00235397 -0.0107692 0.0266875 0.00167626 0.00208583 0.00162947 0.00248708 0.00269651 -0.000845908 0.0102697 0.00462083 0.00836752 0.00138036 0.014624
internal_weight=34481.8 31445.5 1428.84 3036.32 457.643 746.943 2578.68 314.01 126.185 80.9475 187.825 146.602 30016.7 29900.2 561.281 600.341 401.321 260.716 140.606 29338.9 28232.6 27193 23343.9 23187.7 8162.21 1287.14 15025.5 6968.46 8057.04 1140.58
internal_count=130596 125315 54677 5281 616 9461 4665 332 120 83 212 855 70638 70247 831 8606 587 446 141 69416 67343 64149 46191 42920 19727 2079 23193 17508 5685 1780
cat_boundaries=0 1 2
cat_threshold=1 8
is_linear=0
shrinkage=0.05


Tree=191
num_leaves=31
num_cat=1
split_feature=3 4 11 11 0 0 11 11 2 2 2 4 6 2 2 6 2 1 8 8 11 4 5 4 3 11 2 2 3 0
split_gain=347.3 189.267 149.489 113.769 152.629 110.324 94.402 102.16 85.3962 188.052 160.274 221.82 342.372 227.517 291.743 158.112 137.079 112.337 111.724 111.916 110.453 102.119 96.5384 98.5994 129.592 93.6487 88.06 126.063 106.356 121.699
threshold=-6.9170352432702478 42.7426932216746 -28176.183482125529 -68898.004600191023 3.2704555150462968 6.4576120775462966 -67660.292619632863 -46853.069509015375 10027.500000000002 6792.5000000000009 8341.5000000000018 11.26096667277489 -5.692183186491655 7480.0000000000009 7413.5000000000009 -4.5257111732763216 9879.5000000000018 413.50000000000006 -0.28627561653390993 0.022849051971718829 -45357.853525420833 4.6388387182848723 0 89.320345513228162 -5.9689959068912115 -45357.853525420833 11163.500000000002 11352.500000000002 -6.1618438335499954 6.224872401620372
decision_type=2 2 2 2 2 2 2 2 2 2 2 2 2 2 2 2 2 2 2 2 2 2 1 2 2 2 2 2 2 2
left_child=1 2 -1 5 6 -3 -5 -8 9 -2 11 17 22 14 -14 16 -12 -11 21 26 -15 -10 -13 24 -24 -19 -20 -28 29 -29
right_child=8 3 -4 4 -6 -7 7 -9 18 10 15 12 13 20 -16 -17 -18 25 19 -21 -22 -23 23 -25 -26 -27 27 28 -30 -31
leaf_value=-0.0024648612179388506 0.0038771261429346609 -0.030462240573902784 -0.030484174268383325 0.073575132077492653 -0.034996639716640708 0.0034412293924799865 -0.035804458288282597 0.022773933182299769 0.016719343314445342 -0.15058453938640104 0.0040504381577495798 0.048365059633536635 -0.14801162536520845 -0.096035091987499002 0.012160175819543291 -0.10768432636245069 -0.1162212246984673 -0.033042661867112542 0.021137239303005404 -0.0011244325500739374 -0.20017493358320079 -0.027656087057844461 -0.042056103763415086 -0.079993695257476641 0.018152859032408885 0.021815211380543528 -0.060009817244696506 -0.010710002282374639 0.010794914188340587 0.015472690545611126
leaf_weight=7091.9357361402363 5187.5525139607489 1726.4495216542855 510.28053414449096 60.682990514673293 225.8707613311708 278.6827922873199 103.64307412598282 264.05692807026207 179.80698443949223 11.635157346725462 1244.9959239847958 46.323225975036621 45.8342524766922 49.046460449695587 74.866828560829163 33.880135275423527 24.150645986199379 106.45727345347404 1276.3905293121934 3904.7633825130761 52.948985941708088 464.73038989305496 213.679697483778 74.403283644467592 153.62326128035784 288.97524183243513 69.509797494858503 1386.658978112042 6347.9729441478848 652.72005980461836
leaf_count=34307 4027 68416 3728 70 2894 2534 1176 1269 105 46 965 3 86 24 12 128 102 159 617 3060 168 629 366 85 54 166 125 1623 3084 568
internal_value=-0.000771884 -0.00836184 -0.00434559 -0.0198428 -0.00173821 -0.0257502 0.0157978 0.00626253 0.00278599 -0.00149274 -0.0129998 -0.0268902 -0.0437469 -0.0951198 -0.0486624 -0.00108394 0.00176178 0.00254098 0.00506528 0.00602665 -0.150097 -0.0152766 -0.0203045 -0.0275061 -0.0168739 0.00704652 0.0088955 0.00704786 0.0076036 -0.00233002
internal_weight=32152.5 10261.6 7602.22 2659.39 654.254 2005.13 428.383 367.7 21890.9 7608.37 2420.82 1117.79 710.726 222.697 120.701 1303.03 1269.15 407.068 14282.6 13638 101.995 644.537 488.029 441.706 367.303 395.433 9733.25 8456.86 8387.35 2039.38
internal_count=130596 114394 38035 76359 5409 70950 2515 2445 16202 6391 2364 1169 798 290 98 1195 1067 371 9811 9077 192 734 508 505 420 325 6017 5400 5275 2191
cat_boundaries=0 1
cat_threshold=1
is_linear=0
shrinkage=0.05


Tree=192
num_leaves=31
num_cat=0
split_feature=6 4 6 0 2 3 4 1 4 2 3 7 2 1 0 11 4 2 2 4 1 6 8 4 2 2 3 0 2 11
split_gain=178.093 137.415 106.287 103.911 86.3945 124.273 96.0399 85.1809 90.0231 137.128 83.7768 119.621 78.2624 103.031 67.4868 66.4533 115.057 65.566 110.335 65.161 113.9 88.7324 118.376 65.1502 126.51 100.846 228.729 124.1 121.749 91.6738
threshold=-7.5596420103293172 118.99881610974053 -13.940247676840169 0.9777775520833335 14838.500000000002 -3.6665527722616669 15.728093583246443 7544.5000000000009 41.962149322402198 13048.500000000002 -6.00910642487516 1774.5000000000002 14985.500000000002 7423.5000000000009 5.4150955034722239 -5788.7174583714213 28.953560974573374 14456.500000000002 14409.500000000002 1.4712513167492045 172.50000000000003 -5.8815699543433775 0.40995848312540245 55.19715661347437 11981.500000000002 11030.500000000002 -5.8184423202478817 3.0519686168981486 11163.500000000002 -81764.114112577357
decision_type=2 2 2 2 2 2 2 2 2 2 2 2 2 2 2 2 2 2 2 2 2 2 2 2 2 2 2 2 2 2
left_child=1 -1 14 -2 5 7 -6 8 19 -10 -11 -12 -8 -14 -3 23 -17 18 -4 -5 21 -21 -23 -9 25 -25 28 -28 -27 -26
right_child=3 2 17 4 6 -7 12 15 9 10 11 -13 13 -15 -16 16 -18 -19 -20 20 -22 22 -24 24 29 26 27 -29 -30 -31
leaf_value=0.0024430717587008346 -0.021742380785769809 0.034505211871260301 0.0041312896766828745 -0.017346139130735256 -0.018821178833480317 0.062604608761091571 -0.0057998300792747402 -0.0090186993473350217 -0.0012344948426024826 0.02523134973614909 -0.010662686095127152 0.10887057529369948 0.10154970348192574 0.011346382854320798 -0.0021081550939134578 0.087501282372035971 -0.021594936570410252 0.030015914581851412 -0.072895769192363347 0.034363796793090179 0.0014607472203759912 0.31810990648769977 0.017032176212769878 0.0048753864328012703 0.00040430964435058352 0.1764562513662247 0.045719954195021374 0.36464842469541692 0.018493101532943351 -0.020439419119500819
leaf_weight=12412.602970574051 699.55440071597695 795.88060689717531 849.96270053647459 466.08245620876551 1493.0571484155953 76.649255104362965 703.2881124317646 4791.4887024946511 389.54972951859236 235.16221534833312 28.167506352066994 81.457789570093155 40.091560496017337 150.46446330286562 149.49877186492085 51.703183531761169 45.379536993801594 226.53441267833114 49.180811692029238 28.599184319376945 7336.5678631141782 7.6975933909416181 5.6691267937421799 1612.6182932704687 1220.5419419854879 12.989779107272623 4.8988651633262625 8.0827411860227567 200.15392809361219 929.0450492426753
leaf_count=60517 1007 36264 5636 367 1192 224 779 4943 488 512 23 259 148 260 1643 149 44 2183 123 57 8423 55 8 2371 1871 66 9 65 377 533
internal_value=0.000183123 0.00443243 0.0163554 -0.00280177 -0.00213659 -0.00092161 -0.011061 -0.00120056 0.00235235 0.0190928 0.0420592 0.0781573 0.00190141 0.0303245 0.0287153 -0.00463421 0.0365063 0.00597507 -8.18901e-05 0.000785272 0.00193058 0.0840686 0.190416 -0.00508912 -0.000368224 0.00926016 0.0405303 0.244294 0.02812 -0.00860429
internal_weight=35102.6 14483.7 2071.06 20619 19919.4 17532.5 2386.9 17455.9 8578.95 734.337 344.788 109.625 893.844 190.556 945.379 8876.9 97.0827 1125.68 899.144 7844.62 7378.53 41.9659 13.3667 8779.82 3988.33 1838.74 226.125 12.9816 213.144 2149.59
internal_count=130596 106366 45849 24230 23223 20844 2379 20620 10192 1282 794 282 1187 408 37907 10428 193 7942 5759 8910 8543 120 63 10235 5292 2888 517 74 443 2404
is_linear=0
shrinkage=0.05


Tree=193
num_leaves=31
num_cat=2
split_feature=6 6 2 2 7 1 0 2 2 7 2 4 1 8 7 5 2 11 0 1 11 7 3 1 3 2 2 4 5 6
split_gain=81.5483 79.1689 79.8628 268.92 151.423 97.4997 86.8024 74.4474 83.8005 73.5442 69.6451 66.1911 64.118 63.7564 63.681 72.3679 57.2671 81.319 68.6026 56.4282 62.3774 56.0163 60.5871 55.627 55.4773 57.5498 213.434 80.4098 55.2 72.0413
threshold=-5.545536273944113 -12.251540625459345 14184.000000000002 12544.500000000002 4570.5000000000009 52688.500000000007 3.1610740277777785 14974.500000000002 14965.500000000002 42431.500000000007 12590.500000000002 27.835055385272994 41936.000000000007 -1.1491468302040271 1161.5000000000002 0 9772.5000000000018 -226394.99999999997 5.6780309201388892 764.50000000000011 -88287.527100800813 48515.000000000007 -6.1923635144265097 34050.500000000007 -12.168482182683231 4475.5000000000009 4271.5000000000009 12.393196924726686 1 -19.020178591416151
decision_type=2 2 2 2 2 2 2 2 2 2 2 2 2 2 2 1 2 2 2 2 2 2 2 2 2 2 2 2 1 2
left_child=1 2 3 6 14 -4 -1 8 12 13 11 -6 -3 -9 15 -5 17 18 -8 -15 -21 -14 -23 -18 25 26 -19 -28 29 -25
right_child=-2 7 5 4 10 -7 16 9 -10 -11 -12 -13 21 19 -16 -17 23 24 -20 20 -22 22 -24 28 -26 -27 27 -29 -30 -31
leaf_value=-0.027797712311630963 -0.0069959470613786866 0.0013217193102559397 -0.016659661859619628 0.050297864228704747 0.16254740404120008 0.24748381345926945 -0.0019329327746486361 -0.04301792975904084 -0.051233806634751182 -0.058799039847812179 -0.0046681783173340369 -0.01971039029177931 0.020741648070870474 0.041133512088240627 0.053044203162452432 -0.025558520026221266 -0.034167328296058147 -0.010614088579294054 0.098198590033381036 0.018143440246716085 -0.02524707127602531 0.0064382114447702424 -0.045523200845035902 0.1328931749282104 0.022558896073993116 -0.02336300501914149 0.15268868697271876 -0.034755216650439055 -0.013233619242322726 -0.019770031046555663
leaf_weight=569.85187486652285 3256.1739980429411 24757.174829795025 1225.1132559422404 61.287367703393102 12.408464673906566 3.5035137645900241 30.140550633892417 42.594786616042256 74.486577858217061 32.983073248527944 390.37737560272217 8.3229912947863323 807.49080457817763 232.67015096917748 338.22593143489212 64.563399567268789 244.60761194303632 216.75141313299537 39.553174160420895 738.99677173420787 93.283527702093124 359.92356545384973 66.457865174859762 17.301748622208837 181.18956725299358 318.14606862701476 30.893187956884503 7.021925742737948 83.076089384965599 13.96525663603097
leaf_count=25532 5941 39987 26505 205 53 14 799 359 174 61 10684 207 1440 185 1930 619 3806 3378 147 1089 65 840 48 176 413 4492 64 172 1011 200
internal_value=0.000532 0.00132113 -0.00538354 -0.000463389 0.0221713 -0.0159064 -0.011767 0.00227148 0.00172436 0.0147753 7.43431e-05 0.089377 0.00187613 0.0169664 0.0417461 0.0113824 -0.00404265 0.00322057 0.0548946 0.0193655 0.0132802 0.0130002 -0.00166074 -0.0207098 -0.00155575 -0.00918359 0.00853027 0.117974 0.00807914 0.0647069
internal_weight=34318.5 31062.4 3856.3 2627.68 875.186 1228.62 1752.5 27206.1 26065.5 1140.53 411.109 20.7315 25991 1107.55 464.077 125.851 1182.65 823.696 69.6937 1064.95 832.28 1233.87 426.381 358.951 754.002 572.813 254.667 37.9151 114.343 31.267
internal_count=130596 124655 80407 53888 13698 26519 40190 44248 42489 1759 10944 260 42315 1698 2754 824 14658 9465 946 1339 1154 2328 888 5193 8519 8106 3614 236 1387 376
cat_boundaries=0 1 2
cat_threshold=8 8
is_linear=0
shrinkage=0.05


Tree=194
num_leaves=31
num_cat=0
split_feature=6 4 0 8 8 8 4 6 6 0 4 0 0 2 7 2 2 0 3 7 1 4 4 2 11 1 4 2 11 8
split_gain=317.246 210.141 135.501 126.094 136.429 133.228 122.487 112.465 125.291 228.711 103.688 118.785 102.64 100.79 97.533 124.984 185.822 89.6687 114.5 89.1991 116.109 88.6123 88.3615 158.608 124.152 87.3726 126.238 297.024 134.579 121.68
threshold=-6.0596080446663345 62.831686958412341 6.4576120775462966 -1.0000000180025095e-35 1.0000000180025095e-35 0.11423180959039404 18.655998893886856 -7.3324536705268164 -6.8123383202225583 2.7235250231481491 22.394052040659574 2.423712876157408 6.5453951678240765 14116.500000000002 2046.5000000000002 14838.500000000002 14916.500000000002 2.8853423263888893 -8.4793200033011384 1643.5000000000002 1641.5000000000002 13.623141164071198 2.5892505814121369 7480.0000000000009 -107532.10273723418 9365.5000000000018 30.168295320861784 8466.0000000000018 -82780.460771725615 -0.25745281339588771
decision_type=2 2 2 2 2 2 2 2 2 2 2 2 2 2 2 2 2 2 2 2 2 2 2 2 2 2 2 2 2 2
left_child=1 3 7 14 6 -6 22 -3 9 -9 -8 -12 25 -4 19 -16 21 18 -13 -1 -21 -17 23 24 -5 26 -2 -28 -29 -30
right_child=12 2 13 4 5 -7 10 8 -10 -11 11 17 -14 -15 15 16 -18 -19 -20 20 -22 -23 -24 -25 -26 -27 27 28 29 -31
leaf_value=-0.0051860137923274256 0.0058306134253111345 -0.032563689584057823 -0.021316824268835247 0.052996694934387439 -0.012806840475953405 0.00200046825521732 -0.039293689393867293 0.039885812114709762 -0.024546676726844491 -0.027011638858756112 -0.035526529193787869 -0.035305508916313906 -0.0098034447029295615 0.031435790168323506 -0.019133933675069228 -0.037578188789594791 -0.020687621317143648 0.002982616679878538 0.085389599069729039 0.068130689018753424 0.00062957069914611641 0.064605072608426795 0.019858822539822976 -0.030100100281072309 -0.014329699420168205 0.012285862731454983 -0.089611373417325307 -0.048579614891712031 -0.061525797444710331 0.0056884920220061285
leaf_weight=1312.6982877068222 7995.4880996309221 1242.5822833199054 151.2977957483381 156.67995568923652 2663.6007327921689 3535.3235230622813 179.76310794427991 265.43468790780753 733.79161909781396 246.33385372441262 188.13046581856906 26.944073765538633 1123.6333456523716 225.49634388461709 2567.304063078016 24.777102805674076 202.75505690276623 1013.29754056409 72.588446542620659 102.9691383689642 167.07506723515689 147.64083372242749 1840.0963326618075 272.32213901728392 121.62920384481549 3848.2828341769055 108.76576690934598 149.18420496955514 71.540207132697105 1145.2915285155177
leaf_count=4408 4937 62009 1197 10 6399 8973 1087 356 1851 1225 3993 628 843 1116 13985 69 832 4478 11 152 765 298 3736 2977 629 2200 208 395 94 735
internal_value=-0.000773776 -0.00530841 -0.0176892 -0.0028782 0.000237126 -0.00436205 0.00760127 -0.0219208 -0.0113033 0.0076855 -0.00369946 0.00121885 0.00470857 0.0102535 -0.00981102 -0.0151946 0.0117619 0.00743088 0.0527167 0.000197677 0.0263681 0.049921 0.0146005 -0.00297171 0.0235731 0.00593289 0.00335134 -0.01009 -0.0037583 0.00173682
internal_weight=31902.7 17460.5 2864.94 14595.6 10070.4 6198.92 3871.45 2488.14 1245.56 511.769 1480.72 1300.96 14442.2 376.794 4525.22 2942.48 375.173 1112.83 99.5325 1582.74 270.044 172.418 2390.73 550.631 278.309 13318.6 9470.27 1474.78 1366.02 1216.83
internal_count=130596 121184 67754 53430 32921 15372 17549 65441 3432 1581 10197 9110 9412 2313 20509 15184 1199 5117 639 5325 917 367 7352 3616 639 8569 6369 1432 1224 829
is_linear=0
shrinkage=0.05


Tree=195
num_leaves=31
num_cat=2
split_feature=3 4 0 2 4 3 3 2 2 4 5 1 7 1 7 5 1 4 6 2 7 1 7 2 2 11 2 7 11 1
split_gain=162.427 125.02 89.3595 77.6198 133.055 136.434 120.8 113.857 275.776 84.1214 75.2971 104.324 66.8484 87.3602 65.9544 65.2548 93.8111 107.042 91.234 112.049 88.2587 73.1969 72.323 72.0566 81.7683 70.7758 101.734 143.9 70.9656 85.3539
threshold=-6.7235382566165631 360.64117146010193 0.95019500578703731 14838.500000000002 85.225989531957239 -5.9170352432702478 -3.6665527722616669 14621.500000000002 14688.500000000002 95.21657023777216 0 35730.500000000007 1498.5000000000002 764.50000000000011 461.50000000000006 1 39096.500000000007 31.986322361260296 -10.519131289744662 12263.000000000002 11582.500000000002 20383.500000000004 21459.500000000004 14456.500000000002 13752.500000000002 -456629.99999999994 14184.000000000002 2820.5000000000005 -425034.43001765141 2570.5000000000005
decision_type=2 2 2 2 2 2 2 2 2 2 1 2 2 2 2 1 2 2 2 2 2 2 2 2 2 2 2 2 2 2
left_child=1 15 -2 6 -5 -6 7 10 9 -9 11 12 13 -4 -10 -1 17 20 19 -19 -17 25 23 24 -23 -21 27 28 -27 -30
right_child=2 -3 3 4 5 -7 -8 8 14 -11 -12 -13 -14 -15 -16 16 -18 18 -20 21 -22 22 -24 -25 -26 26 -28 -29 29 -31
leaf_value=0.019294244535568231 -0.02505154010247438 0.025693223985812502 0.12012416703093641 -0.015265504149482559 0.030566491465555692 0.25128830874199487 0.060254221162152226 0.11099419989436371 0.072107340540285975 0.0088682285372617339 -0.0038720590039140017 -0.02897697719042297 0.10979115376258014 -0.0081793325675588047 0.00046704549718217761 0.0022611853126342759 -0.01029015649712192 0.029093720190614125 0.0037462826480792952 -0.030153650371206011 -0.0083773896013886445 0.039750756498480581 -0.00028431068852242958 -0.0022396003223930884 -0.12810866779122451 -0.17455093842441416 0.031147341538322638 0.020235792508139044 0.008263816545488847 -0.069739503687836588
leaf_weight=554.24963217042387 481.65749615244567 592.05095840990543 18.475143104791641 1772.0744748674333 55.053558722138405 8.0212897695600969 78.200209628790617 88.906053025275469 33.822714768350124 26.078492358326912 11042.266318269074 49.161154486238956 40.350574254989624 47.064230896532536 640.77193380892277 7767.0008699446917 1460.6398503445089 930.40572545677423 5217.8834435082972 86.578610582277179 2602.8534113243222 9.0036674048751575 254.50783989205956 37.430305439978838 37.353401452302933 9.3058810122311098 551.67058057151735 271.09694101475179 67.985331991687417 72.436260456219316
leaf_count=9305 482 17293 64 1408 104 47 226 289 81 30 10803 17 132 42 703 19922 5248 21144 14158 177 5778 178 3869 323 140 11 12048 5747 666 161
internal_value=0.000195492 0.0030508 -0.00387893 -0.00314528 -0.0127255 0.0586359 -0.00168809 -0.00209219 0.0162586 0.087832 -0.0033862 0.0312152 0.0591604 0.0279886 0.00405893 0.00237819 0.00189431 0.0028877 0.00741845 0.0156499 -0.000409117 0.00669865 -0.0135491 -0.0538413 -0.0955063 0.0131663 0.0170229 -0.00149312 -0.0408355 -0.0319741
internal_weight=34904.4 20522.5 14381.9 13900.2 1835.15 63.0748 12065.1 11986.9 789.579 114.985 11197.3 155.051 105.89 65.5394 674.595 19930.4 19376.2 17915.5 7545.66 2327.77 10369.9 1397.37 338.295 83.7874 46.3571 1059.07 972.495 420.824 149.727 140.422
internal_count=130596 116168 14428 13946 1559 151 12387 12161 1103 319 11058 255 238 106 784 98875 89570 84322 58622 44464 25700 23320 4510 641 318 18810 18633 6585 838 827
cat_boundaries=0 1 2
cat_threshold=1 1
is_linear=0
shrinkage=0.05


Tree=196
num_leaves=31
num_cat=0
split_feature=3 2 3 0 2 7 2 0 2 11 1 4 1 11 2 4 6 6 4 1 2 4 1 7 2 0 2 11 1 3
split_gain=74.7272 72.3812 68.2911 98.0793 64.819 175.634 385.763 66.1683 56.4744 72.0904 57.4224 78.9681 55.886 59.3886 76.6827 55.3906 50.8631 53.8044 46.4454 46.3404 98.3478 175.637 45.6752 74.4444 63.3903 74.4594 54.7013 44.4506 43.1313 65.1891
threshold=-5.4359260371889944 3730.0000000000005 -29.058240367910376 3.7402859027777784 14946.500000000002 762.50000000000011 14957.500000000002 4.047488043981482 192.50000000000003 -7025.4810305574301 4479.5000000000009 4.9569986769654344 8405.5000000000018 -9346.1893204530334 722.50000000000011 19.50728921640874 -10.384102558202128 -9.9946050210679687 11.26096667277489 23098.500000000004 8163.5000000000009 13.623141164071198 1567.5000000000002 16807.500000000004 15222.500000000002 5.2984948553240754 1976.5000000000002 -5788.7174583714213 301.50000000000006 -7.2565294350624425
decision_type=2 2 2 2 2 2 2 2 2 2 2 2 2 2 2 2 2 2 2 2 2 2 2 2 2 2 2 2 2 2
left_child=2 12 3 -1 19 6 -6 -8 -4 28 -11 27 13 -2 -15 18 22 -18 -5 -3 21 -21 26 -24 25 -25 -17 -12 29 -10
right_child=1 4 8 15 5 -7 7 -9 9 10 11 -13 -14 14 -16 16 17 -19 -20 20 -22 -23 23 24 -26 -27 -28 -29 -30 -31
leaf_value=-0.024087503783643091 0.040733605563967566 -0.015460460477020389 -0.031848401306843771 0.097773086844451351 0.21849340008171914 -0.023247574407974848 0.086804181974518058 -0.034545765197292778 -0.032068974341314012 0.033887319829920257 0.032348999442687799 0.009651544836929914 -0.041295016218016831 0.032834267147494121 -0.03897319344011118 0.25295440744664371 0.23355294783452926 0.038342442842000585 -0.032090522361166537 -0.034485397981280211 -0.017240243181227789 0.20374942945424956 -0.023585103103223523 -0.029217428738968904 0.074228172965263614 0.026959374401592351 0.039865288172101283 -0.14413695333627607 0.0017575013494642612 0.00098635654511007175
leaf_weight=637.31187362968922 167.76886875834316 1917.1889702817425 125.12497063260525 7.2573280408978453 29.01140284538269 123.68354929983616 15.03101474419236 44.46186126768589 238.53611357323825 311.4277469702065 4.8373171165585545 235.33965182863176 41.612758755683899 75.211092904210091 73.524244992993772 3.4321750402450588 3.7161110378801814 70.409750021994114 134.22280023619533 14.440902478992941 57.440087638795376 16.663975086063147 196.01231359411031 91.646484914235771 40.5146704018116 165.51313776150346 24.584920497611165 13.594262667000292 28887.85963206552 398.04299276694655
leaf_count=45216 289 3760 393 21 15 159 33 37 695 234 3 494 77 44 121 2 34 442 834 9 118 31 3341 3137 72 1429 149 113 68989 305
internal_value=0.000509407 -0.0076792 0.00117717 -0.00972216 -0.011047 0.0152329 0.0690089 -0.00388642 0.00167303 0.00181243 0.0195009 0.00184591 0.0131785 0.0203405 -0.00266227 0.00269489 0.00937294 0.0481288 -0.0254291 -0.0138272 0.021537 0.0931454 0.00386634 0.000341948 0.0160974 0.0069391 0.0659693 -0.0978187 0.00147381 -0.0114
internal_weight=34165.4 2576.04 31589.4 1374.62 2217.92 212.188 88.5043 59.4929 30214.8 30089.6 565.199 253.771 358.117 316.504 148.735 737.31 595.83 74.1259 141.48 2005.73 88.545 31.1049 521.704 493.687 297.674 257.16 28.0171 18.4316 29524.4 636.579
internal_count=130596 4693 125903 54677 4162 244 85 70 71226 70833 844 610 531 454 165 9461 8606 476 855 3918 158 40 8130 7979 4638 4566 151 116 69989 1000
is_linear=0
shrinkage=0.05


Tree=197
num_leaves=31
num_cat=2
split_feature=3 4 11 11 0 0 5 8 6 8 11 2 2 11 5 7 7 6 7 1 1 6 11 4 2 1 1 7 2 2
split_gain=298.155 173.074 143.2 108.225 144.583 103.867 88.495 83.0243 90.2705 87.6706 80.5331 135.16 142.168 121.599 217.278 186.252 133.883 118.535 139.924 121.377 126.173 115.511 101.974 188.785 123.327 240.383 200.255 171.141 141.265 131.586
threshold=-6.9170352432702478 42.7426932216746 -28176.183482125529 -68898.004600191023 3.2704555150462968 6.4576120775462966 0 -0.028536827442102727 -5.5040396272407603 0.014878748900527762 -51636.807693928531 6305.5000000000009 6381.5000000000009 -107532.10273723418 1 237.50000000000003 513.50000000000011 -7.3864224311105522 40788.000000000007 946.50000000000011 670.50000000000011 -6.5604304900234203 -109751.60633460041 7.9051493632947709 14163.500000000002 9223.5000000000018 9365.5000000000018 3547.5000000000005 15222.500000000002 4645.5000000000009
decision_type=2 2 2 2 2 2 1 2 2 2 2 2 2 2 1 2 2 2 2 2 2 2 2 2 2 2 2 2 2 2
left_child=1 2 10 5 6 -3 -5 8 -2 -9 13 -12 -13 14 16 -16 -1 -15 19 20 -19 -17 23 -18 25 29 -27 -26 -29 -25
right_child=7 3 -4 4 -6 -7 -8 9 -10 -11 11 12 -14 17 15 21 22 18 -20 -21 -22 -23 -24 24 27 26 -28 28 -30 -31
leaf_value=-0.030995981727138917 -0.012376053200091513 -0.030122680387554175 -0.03021400376615881 0.025894644329304856 -0.034936138106735404 0.0028787045179724923 -0.0345509595892141 0.0068809943240425138 0.0027691911199696408 -0.0003179759402667764 -0.00023313421642559502 0.061306662330683048 -0.036337490385627884 -0.025269445777725792 0.06143425587052577 -0.029156809243698734 -0.03128260342113711 -0.014403943807651599 0.06964645479200772 -0.016067386013227759 0.061869675910688399 0.028801828641959418 0.043180077505508618 0.047981118733098765 0.033026414958294614 0.27247833780301622 0.021081219431311079 -0.038291151223987428 0.022883620622307296 -0.037051230057773291
leaf_weight=205.11249826103449 1774.7700490728021 1607.4751603771001 489.97466752771288 351.34915144275874 213.87440574169159 279.94922267645597 73.160785797052085 10613.600455746055 2207.7407240532339 7030.6069615669549 649.39102097600698 201.26238656044006 45.75185789167881 1108.8238748386502 68.571378137916327 916.1889698561281 272.49103267863393 101.46204813197255 64.417591325938702 745.20617151632905 116.44755478203297 94.867905914783478 224.40855952352285 51.394739838317037 989.69152216613293 8.087213631719349 386.40400313585997 181.71707383170724 196.32421393692493 396.45580765791237
leaf_count=1132 2337 68416 3728 825 2894 2534 1690 6777 1642 5446 3124 53 124 6587 138 10328 1350 179 43 1474 89 166 236 144 2302 24 1558 1228 111 3917
internal_value=-0.000765075 -0.00788557 -0.0040796 -0.0192086 -0.00141241 -0.0252278 0.0154773 0.00254063 -0.00398015 0.00401245 -0.00225666 0.0117411 0.0432211 -0.00430424 0.000848411 -0.0183101 0.00795126 -0.0139318 -0.00169721 -0.006469 0.0263555 -0.0237185 0.0109024 0.00798466 0.0128261 -0.00222444 0.026235 0.0220953 -0.0065219 -0.027293
internal_weight=31667 10040.3 7514.45 2525.81 638.384 1887.42 424.51 21626.7 3982.51 17644.2 7024.48 896.405 247.014 6128.07 3991.71 1079.63 2912.09 2136.36 1027.53 963.116 217.91 1011.06 2706.97 2482.57 2210.07 842.342 394.491 1367.73 378.041 447.851
internal_count=130596 114394 38035 76359 5409 70950 2515 16202 3979 12223 34307 3301 177 31006 22634 10632 12002 8372 1785 1742 268 10494 10870 10634 9284 5643 1582 3641 1339 4061
cat_boundaries=0 1 2
cat_threshold=8 4
is_linear=0
shrinkage=0.05


Tree=198
num_leaves=31
num_cat=2
split_feature=3 4 0 2 4 3 2 2 2 4 5 1 2 6 2 1 0 2 11 0 4 0 11 5 1 4 6 2 7 2
split_gain=146.104 116.5 86.3181 73.7449 121.765 111.558 107.479 105.775 246.503 72.4296 69.7507 95.3013 65.4495 86.4955 86.1318 70.899 69.4976 63.9694 112.683 174.512 100.314 130.553 61.9041 60.2862 86.9554 98.4509 84.4511 109.284 82.8937 70.0482
threshold=-6.7235382566165631 360.64117146010193 0.95019500578703731 14838.500000000002 86.503444366713168 -3.6665527722616669 14868.500000000002 14621.500000000002 14688.500000000002 95.21657023777216 0 35730.500000000007 14589.500000000002 -4.2499165748214489 10027.500000000002 3728.5000000000005 2.9675051504629635 14772.500000000002 -82780.460771725615 2.2335042650462973 15.728093583246443 4.6976684317129642 -78928.873914772601 1 39096.500000000007 31.986322361260296 -10.519131289744662 12263.000000000002 11582.500000000002 14456.500000000002
decision_type=2 2 2 2 2 2 2 2 2 2 1 2 2 2 2 2 2 2 2 2 2 2 2 1 2 2 2 2 2 2
left_child=1 23 -2 5 -5 7 -6 10 9 -9 11 22 13 -12 -15 16 -16 -10 20 -20 21 -19 -4 -1 25 28 27 -27 -25 -29
right_child=2 -3 3 4 6 -7 -8 8 17 -11 12 -13 -14 14 15 -17 -18 18 19 -21 -22 -23 -24 24 -26 26 -28 29 -30 -31
leaf_value=0.018693334039935307 -0.024774720962620275 0.02503256090252964 -0.011219351859464918 -0.014807764382961559 -0.011846316524494208 0.057613812263334889 0.12038470465406458 0.1027752645117459 -0.0072469300978037655 0.0086149112229932205 -0.0036939207725217027 -0.028676743956978602 -0.026007917303540608 0.07133470578104803 -0.005459612330894514 -0.032210731309067785 0.078822397006780842 0.017708934537950399 -0.017470832747901802 0.17636877898769338 -0.0080028474909122228 0.2427009719931118 0.077255257818490103 0.002184328425906538 -0.0099568324850371429 0.02876137440390655 0.0036239963945165262 -0.0045746580039249833 -0.0081440863522984682 0.018067282110996879
leaf_weight=542.69514952786267 469.40663312748075 577.90821004286408 26.031915813684464 1750.076319642365 29.626671940088272 79.137713111937046 31.928468555212021 92.775383841246367 440.41636759787798 26.187840029597282 10426.744956672192 47.989919431507587 318.56371469795704 74.372098572552204 52.333230454474688 68.945813193917274 45.921472378075123 19.193302735686306 20.217710874974728 27.276721313595772 158.41604541987181 9.7090023979544622 82.199841216206551 7744.2750489003956 1455.1113453172147 896.02383000776172 5217.083836119622 711.28512711636722 2593.1343702450395 657.22447959892452
leaf_count=9305 482 17293 23 1414 33 226 112 289 416 30 10244 17 142 208 47 27 135 32 14 122 145 55 215 19922 5248 21144 14158 11197 5778 12123
internal_value=0.000186817 0.00290361 -0.00368857 -0.00297278 -0.0123767 -0.00155502 0.0567415 -0.00194728 0.0156826 0.0820474 -0.00320379 0.029971 -0.0036755 -0.00300864 0.0265694 0.00665743 0.0339314 0.00399031 0.0250669 0.093854 0.00762604 0.0932894 0.0559753 0.00225827 0.00179551 0.00275522 0.00712385 0.0151869 -0.00040655 0.0062991
internal_weight=34692.2 20394.7 14297.5 13828.1 1811.63 12016.4 61.5551 11937.3 794.192 118.963 11143.1 156.222 10986.9 10668.3 241.573 167.201 98.2547 675.229 234.813 47.4944 187.318 28.9023 108.232 19816.8 19274.1 17819 7481.62 2264.53 10337.4 1368.51
internal_count=130596 116168 14428 13946 1559 12387 145 12161 1103 319 11058 255 10803 10661 417 209 182 784 368 136 232 87 238 98875 89570 84322 58622 44464 25700 23320
cat_boundaries=0 1 2
cat_threshold=1 1
is_linear=0
shrinkage=0.05


Tree=199
num_leaves=31
num_cat=1
split_feature=6 3 0 7 4 3 2 2 1 1 8 8 6 1 1 2 2 6 0 4 11 2 2 7 5 2 0 1 0 11
split_gain=69.8145 63.3675 91.426 52.3521 60.7264 80.103 74.7975 88.5896 74.6947 70.9863 68.918 75.6955 87.0369 92.6213 62.5143 145.21 99.0817 62.5827 80.6995 66.4756 84.2987 72.0598 74.6338 91.4084 68.9529 85.5144 80.4061 91.2639 57.059 62.6428
threshold=-5.5040396272407603 -29.058240367910376 3.7402859027777784 297.50000000000006 10.178710220534201 -19.812620512908079 13896.500000000002 13648.500000000002 41936.000000000007 41393.500000000007 9.9284542231536914 0.065473904399101293 -6.1659928052803119 1421.5000000000002 2897.5000000000005 1446.5000000000002 507.50000000000006 -6.0937457905877439 6.5453951678240765 3.5327068242902757 -16217.51211467161 5138.5000000000009 7343.5000000000009 17757.500000000004 0 12263.000000000002 3.2985504340277783 1219.5000000000002 2.2865950925925929 -95068.305367675799
decision_type=2 2 2 2 2 2 2 2 2 2 2 2 2 2 2 2 2 2 2 2 2 2 2 2 1 2 2 2 2 2
left_child=1 2 -1 -3 5 -5 7 9 -6 14 11 28 -13 -14 15 -7 -16 19 -19 20 -17 -21 23 -23 25 -24 -26 -28 29 -8
right_child=-2 3 -4 4 8 6 10 -9 -10 -11 -12 12 13 -15 16 17 -18 18 -20 21 -22 22 24 -25 26 -27 27 -29 -30 -31
leaf_value=-0.023685043301754461 -0.0067502862210070116 -0.012006744927620756 0.0025862227975966307 0.052495454095138519 -0.00017858258008768724 0.031908359230619139 0.01299175934135832 -0.03100007469234678 0.012067383782636228 -0.03331031175124894 -0.032209911146930066 0.019336109509907395 0.093124500526363146 -0.0071922729734829952 -0.07137391701044328 0.017819696743832426 0.011772273824626544 -0.027128305129531616 0.068256182893064996 -0.030701440079790577 -0.033126426036473228 0.027817650801569373 -0.02098767121281896 -0.067997483026195057 0.010123153284875501 0.10085971212335208 -0.042032431143023172 0.0022409347695167962 0.013683299494712456 -0.022648966633810427
leaf_weight=610.71872136369348 3013.9657240845263 680.71013181097806 723.48249107878655 90.433706907555461 19598.982350533828 300.34524811245501 233.82878237124532 199.052131511271 1329.6954507464543 131.13512329012156 85.524386851117015 429.11385787837207 89.730720669031143 30.944231778383255 36.446400047279894 618.58182563632727 2119.0795296775177 415.25348961353302 23.425493415445089 272.78214041888714 93.465201780200005 275.05393645912409 27.619182417169213 27.368721291422844 231.28405585512519 30.084030063822865 312.69003754109144 185.42595422267914 1564.144650070928 260.78975846618414
leaf_count=45123 5628 977 9423 359 51380 272 1116 237 3512 765 273 610 63 18 130 589 4231 419 31 601 29 438 145 8 363 26 574 386 2802 68
internal_value=0.000514835 0.00122057 -0.00943922 0.00169954 0.00202113 0.00570188 0.00517246 0.00172374 0.00059946 0.00300094 0.0119559 0.0134039 0.029886 0.0674006 0.00395923 -0.000949752 0.0103664 -0.00487679 -0.0220348 -0.00124827 0.0111324 -0.00771934 -0.00196537 0.0191465 -0.010077 0.0425384 -0.0142395 -0.0255515 0.00900244 -0.00579997
internal_weight=34041.2 31027.2 1334.2 29693 29012.3 8083.6 7993.17 5299.09 20928.7 5100.04 2694.08 2608.55 549.789 120.675 4968.91 2813.38 2155.53 2513.03 438.679 2074.36 712.047 1362.31 1089.53 302.423 787.103 57.7032 729.4 498.116 2058.76 494.619
internal_count=130596 124968 54546 70422 69445 14553 14194 9244 54892 9007 4950 4677 691 81 8242 3881 4361 3609 450 3159 618 2541 1940 446 1494 171 1323 960 3986 1184
cat_boundaries=0 1
cat_threshold=1
is_linear=0
shrinkage=0.05


Tree=200
num_leaves=31
num_cat=2
split_feature=3 4 11 11 0 0 5 8 6 8 2 2 2 1 1 6 11 6 0 4 1 6 6 0 4 11 2 2 11 5
split_gain=275.265 163.292 137.717 104.678 138.478 100.997 82.6548 77.8878 87.421 81.7617 91.9274 173.814 89.9393 78.0822 114.222 85.2355 123.299 108.104 106.144 88.7833 222.426 76.6908 104.872 75.9241 96.2676 75.3027 124.828 129.903 115.064 214.337
threshold=-6.9170352432702478 42.7426932216746 -28176.183482125529 -68898.004600191023 3.2704555150462968 6.4576120775462966 0 -0.028536827442102727 -6.1659928052803119 0.022849051971718829 10751.500000000002 11163.500000000002 10608.500000000002 37549.500000000007 36647.000000000007 -5.9798460178367243 -13969.208740483242 -5.2937090763329708 5.1544388368055571 13.194700301946066 11312.500000000002 -5.8340142025023809 -5.7941192911469956 2.2595479224537045 1.4712513167492045 -51636.807693928531 6305.5000000000009 6381.5000000000009 -106543.3197579207 1
decision_type=2 2 2 2 2 2 1 2 2 2 2 2 2 2 2 2 2 2 2 2 2 2 2 2 2 2 2 2 2 1
left_child=1 2 25 5 6 -3 -5 8 -2 10 12 -12 13 14 15 16 -9 -17 -18 -19 -21 -4 -23 24 -13 28 -27 -28 29 -1
right_child=7 3 21 4 -6 -7 -8 9 -10 -11 11 23 -14 -15 -16 17 18 19 -20 20 -22 22 -24 -25 -26 26 27 -29 -30 -31
leaf_value=0.0076912317697200045 -0.02309150660474775 -0.029912264610995276 -0.034959622372292297 0.024878385213671458 -0.034883416399501252 0.0027225391571834168 -0.034509003353837477 -0.016182669648221057 -0.0010471931052788454 -0.00072551001915129693 0.03376367708463035 -0.061325306971465099 -0.080277990348282383 -0.040861448988267934 0.08716289550669537 0.014026423386363214 -0.024326881652030487 0.0042449950480804239 0.039332424626211122 -0.079905861256539035 0.0091597135254539875 0.1575949646780106 -0.038902954376400928 0.004985502669251558 0.023058066720902833 -0.00024608390160366138 0.058134144508589371 -0.03623329701320651 -0.013881464796299901 -0.018349397113387581
leaf_weight=2944.3419956173748 517.20715486630797 1546.2218206766993 448.40007243771106 354.1758641358465 206.31505641154945 280.00913628749549 70.202774977311492 1108.6640630625188 3447.7910023666918 6302.1935590803623 684.03562837839127 35.046238154172897 34.259740669280291 108.02598765678704 39.188780389726162 1701.9661416709423 94.797132648527622 500.84205961227417 211.73239228129387 127.07248666882515 156.34199095517397 12.551316991448404 14.793345302343367 5519.7339632101357 949.87461141496897 648.83756626397371 205.21512486040592 44.349624432623386 2037.052256224677 1080.0548586435616
leaf_count=12140 1200 68416 3681 825 2894 2534 1690 1262 2779 4946 209 23 55 161 16 770 106 355 100 224 103 4 43 3515 378 3124 53 124 8150 10716
internal_value=-0.000763783 -0.00766811 -0.00397547 -0.0188435 -0.00128157 -0.0249085 0.0150542 0.0024073 -0.00392272 0.00383548 0.00638563 0.00978861 0.000394052 0.0010767 0.00222638 0.00137321 -0.00842239 0.00694901 0.0196452 -0.00841015 -0.030774 -0.0300022 0.0512904 0.00726736 0.0200555 -0.0021964 0.0113128 0.0413643 -0.00419867 0.00070253
internal_weight=31431.3 9892.52 7435.6 2456.92 630.694 1826.23 424.379 21538.8 3965 17573.8 11271.6 7188.69 4082.89 4048.63 3940.61 3901.42 1415.19 2486.22 306.53 784.257 283.414 475.745 27.3447 6504.65 984.921 6959.85 898.402 249.565 6061.45 4024.4
internal_count=130596 114394 38035 76359 5409 70950 2515 16202 3979 12223 7277 4125 3152 3097 2936 2920 1468 1452 206 682 327 3728 47 3916 401 34307 3301 177 31006 22856
cat_boundaries=0 1 2
cat_threshold=8 4
is_linear=0
shrinkage=0.05


end of trees

feature_importances:
relative_speed=1517
mahalanobis_distance=729
current_risk=660
time_to_tca=601
prev_risk=571
miss_distance=466
risk_speed_interaction=430
prev_miss_distance=394
risk_delta=357
object_type_encoded=305

parameters:
[boosting: gbdt]
[objective: multiclass]
[metric: multi_logloss]
[tree_learner: serial]
[device_type: cpu]
[data_sample_strategy: bagging]
[data: ]
[valid: ]
[num_iterations: 500]
[learning_rate: 0.05]
[num_leaves: 31]
[num_threads: 0]
[seed: 42]
[deterministic: 0]
[force_col_wise: 0]
[force_row_wise: 0]
[histogram_pool_size: -1]
[max_depth: -1]
[min_data_in_leaf: 20]
[min_sum_hessian_in_leaf: 0.001]
[bagging_fraction: 1]
[pos_bagging_fraction: 1]
[neg_bagging_fraction: 1]
[bagging_freq: 0]
[bagging_seed: 400]
[bagging_by_query: 0]
[feature_fraction: 1]
[feature_fraction_bynode: 1]
[feature_fraction_seed: 30056]
[extra_trees: 0]
[extra_seed: 12879]
[early_stopping_round: 0]
[early_stopping_min_delta: 0]
[first_metric_only: 0]
[max_delta_step: 0]
[lambda_l1: 0]
[lambda_l2: 0]
[linear_lambda: 0]
[min_gain_to_split: 0]
[drop_rate: 0.1]
[max_drop: 50]
[skip_drop: 0.5]
[xgboost_dart_mode: 0]
[uniform_drop: 0]
[drop_seed: 17869]
[top_rate: 0.2]
[other_rate: 0.1]
[min_data_per_group: 100]
[max_cat_threshold: 32]
[cat_l2: 10]
[cat_smooth: 10]
[max_cat_to_onehot: 4]
[top_k: 20]
[monotone_constraints: ]
[monotone_constraints_method: basic]
[monotone_penalty: 0]
[feature_contri: ]
[forcedsplits_filename: ]
[refit_decay_rate: 0.9]
[cegb_tradeoff: 1]
[cegb_penalty_split: 0]
[cegb_penalty_feature_lazy: ]
[cegb_penalty_feature_coupled: ]
[path_smooth: 0]
[interaction_constraints: ]
[verbosity: -1]
[saved_feature_importance_type: 0]
[use_quantized_grad: 0]
[num_grad_quant_bins: 4]
[quant_train_renew_leaf: 0]
[stochastic_rounding: 1]
[linear_tree: 0]
[max_bin: 255]
[max_bin_by_feature: ]
[min_data_in_bin: 3]
[bin_construct_sample_cnt: 200000]
[data_random_seed: 175]
[is_enable_sparse: 1]
[enable_bundle: 1]
[use_missing: 1]
[zero_as_missing: 0]
[feature_pre_filter: 1]
[pre_partition: 0]
[two_round: 0]
[header: 0]
[label_column: ]
[weight_column: ]
[group_column: ]
[ignore_column: ]
[categorical_feature: 5]
[forcedbins_filename: ]
[precise_float_parser: 0]
[parser_config_file: ]
[objective_seed: 16083]
[num_class: 3]
[is_unbalance: 0]
[scale_pos_weight: 1]
[sigmoid: 1]
[boost_from_average: 1]
[reg_sqrt: 0]
[alpha: 0.9]
[fair_c: 1]
[poisson_max_delta_step: 0.7]
[tweedie_variance_power: 1.5]
[lambdarank_truncation_level: 30]
[lambdarank_norm: 1]
[label_gain: ]
[lambdarank_position_bias_regularization: 0]
[eval_at: ]
[multi_error_top_k: 1]
[auc_mu_weights: ]
[num_machines: 1]
[local_listen_port: 12400]
[time_out: 120]
[machine_list_filename: ]
[machines: ]
[gpu_platform_id: -1]
[gpu_device_id: -1]
[gpu_device_id_list: ]
[gpu_use_dp: 0]
[num_gpu: 1]

end of parameters

pandas_categorical:[]
