tree
version=v4
num_class=3
num_tree_per_iteration=3
label_index=0
max_feature_idx=5
objective=multiclass num_class:3
feature_names=time_to_tca miss_distance relative_speed current_risk mahalanobis_distance object_type_encoded
feature_infos=[-0.14980810185185181:6.9938324074074076] [9:67206] [4:17087] [-30:-1.4428538576816372] [4.6613296278716614e-07:11862.779678742419] -1:2:3:0
tree_sizes=3402 3315 3314 3433 3360 3341 3440 3369 3336 3432 3381 3355 3437 3404 3369 3434 3407 3372 3462 3410 3390 3445 3433 3382 3428 3396 3390 3452 3420 3388 3431 3412 3364 3450 3414 3393 3408 3409 3393 3416 3408 3402 3453 3414 3380 3422 3419 3375 3444 3438 3404 3469 3410 3394 3451 3424 3402 3461 3412 3395 3435 3408 3407 3456 3420 3430 3443 3441 3435 3446 3452 3399 3451 3413 3381 3446 3432 3394 3487 3430 3430 3477 3418 3392 3466 3460 3395 3445 3407 3440 3446 3394 3420 3457 3415 3413 3443 3430 3414 3464 3411 3383 3469 3449 3417 3476 3432 3411 3463 3458 3409 3425 3415 3425 3451 3450 3394 3448 3436 3439 3460 3460 3402 3441 3442 3414 3470 3395 3412 3454 3449 3438 3443 3456 3419 3443 3467 3458 3466 3454 3422 3438 3434 3397 3431 3420 3401 3469 3427 3408 3474 3440 3414 3470 3430 3407 3469 3439 3427 3461 3453 3415 3422 3440 3432 3462 3462 3422 3440 3458 3419 3443 3475 3423 3446 3445 3442 3429 3420 3442 3452 3456 3410 3467 3455 3418 3464 3469 3423

Tree=0
num_leaves=31
num_cat=1
split_feature=3 0 5 1 0 4 4 1 3 3 3 4 1 0 0 4 2 4 1 2 2 1 2 4 3 2 2 2 2 4
split_gain=21783.5 2663.65 1271.8 511.326 463.187 382.154 375.479 443.527 318.298 206.969 167.423 158.732 156.577 147.029 130.349 104.612 101.652 173.176 107.893 99.4239 120.612 94.567 91.6439 87.6369 78.9889 81.9723 106.606 76.3143 100.508 75.9061
threshold=-7.9937480013767246 1.755878854166667 0 22158.000000000004 0.69724801504629641 9.1893487371359424 3.5327068242902757 30740.500000000004 -6.9505881823674214 -4.9907616810571973 -6.1297131749536229 53.32582869498497 42514.000000000007 2.6678039699074083 3.2160878414351859 3.0725797804206416 14862.500000000002 15.728093583246443 6937.5000000000009 14884.500000000002 1976.5000000000002 993.50000000000011 14548.500000000002 48.13050742481942 -7.8203046404058112 13004.500000000002 14800.500000000002 14878.500000000002 14892.500000000002 1.4712513167492045
decision_type=2 2 1 2 2 2 2 2 2 2 2 2 2 2 2 2 2 2 2 2 2 2 2 2 2 2 2 2 2 2
left_child=-1 4 3 5 -2 10 8 9 -4 13 15 -5 24 -8 -7 -3 18 27 -15 20 -10 -12 -6 -20 -13 -26 -27 -18 -29 -22
right_child=1 2 6 11 22 14 7 -9 19 -11 21 12 -14 16 -16 -17 17 -19 23 -21 29 -23 -24 -25 25 26 -28 28 -30 -31
leaf_value=-0.040062673701629824 -0.49532819585467758 -0.38109886921314318 -0.40308346236487402 -0.36673876776125408 -0.3098914782329048 -0.24482846856910995 -0.212623722256854 -0.24157002369074859 -0.33941011952197975 -0.079927727792986999 -0.27090343352701463 -0.090523959834344775 -0.37695180203975237 -0.11629073267773532 -0.17868574136419219 -0.27923118831525678 -0.48048222168561538 -0.13444014547804017 -0.17412649926577883 -0.31217127952535828 -0.25803676044901547 -0.16465667203102546 -0.40851831531874055 -0.12818155249633981 -0.2355168218720301 -0.37705717163783747 -0.112980781679327 -0.03639726102849021 -0.29453997841025825 -0.14009025998390501
leaf_weight=10230.77193801105 59.703974470496178 35.102825380861759 23.726009398698807 65.538239076733589 115.90739017724991 90.917290113866329 79.443236388266087 117.949382789433 10.8906272649765 128.64553456753492 40.937089987099171 7.3900685012340537 29.657511748373508 367.36419470608234 412.19079443067312 89.361486218869686 4.2784607112407675 47.938207514584064 230.16173871606588 17.405556075274944 16.919367358088493 42.881844855844975 29.560274004936218 189.03017324209213 88.389108784496784 23.33705842494965 4.5701739415526381 4.4729361981153515 24.017722629010677 70.400126248598099
leaf_count=105214 614 361 244 674 1192 935 817 1213 112 1323 421 76 305 3778 4239 919 44 493 2367 179 174 441 304 1944 909 240 47 46 247 724
internal_value=-0.0722272 -0.205557 -0.189916 -0.23478 -0.378062 -0.214218 -0.158598 -0.149529 -0.236266 -0.139433 -0.271174 -0.301608 -0.273772 -0.147519 -0.190638 -0.307961 -0.141556 -0.194995 -0.136072 -0.202032 -0.182513 -0.216547 -0.329933 -0.153408 -0.249032 -0.259104 -0.333811 -0.283581 -0.254012 -0.162944
internal_weight=12698.9 2468.09 2262.92 930.273 205.172 711.391 1332.64 1193.3 139.342 1075.35 208.283 218.882 153.344 946.707 503.108 124.464 867.263 80.7073 786.556 115.616 98.2101 83.8189 145.468 419.192 123.686 116.296 27.9072 32.7691 28.4907 87.3195
internal_count=130596 25382 23272 9567 2110 7316 13705 12272 1433 11059 2142 2251 1577 9736 5174 1280 8919 830 8089 1189 1010 862 1496 4311 1272 1196 287 337 293 898
cat_boundaries=0 1
cat_threshold=8
is_linear=0
shrinkage=1


Tree=1
num_leaves=31
num_cat=2
split_feature=3 3 0 5 0 4 1 1 4 3 1 4 2 2 2 5 3 4 4 1 2 4 1 2 3 2 2 2 3 0
split_gain=16397.3 6138.48 2294.07 1115.66 597.813 554.323 481.944 476.86 407.226 157.856 152.87 201.55 134.204 124.436 112.939 112.844 103.41 123.551 98.9153 178.462 130.824 129.48 119.49 97.8696 95.477 94.4539 111.102 89.9765 88.7308 87.5947
threshold=-7.9937480013767246 -6.00910642487516 2.2865950925925929 0 0.87142094328703734 3.5327068242902757 21253.500000000004 30740.500000000004 9.1893487371359424 -6.9790176063682514 42514.000000000007 54.208990967612259 5223.0000000000009 722.50000000000011 15489.500000000002 1 -6.1297131749536229 3.0725797804206416 48.13050742481942 6937.5000000000009 14757.500000000002 8.5395426052325742 670.50000000000011 14856.500000000002 -7.8203046404058112 14916.500000000002 15025.500000000002 13686.500000000002 -8.199179859084337 3.823567494212964
decision_type=2 2 2 1 2 2 2 2 2 2 2 2 2 2 2 1 2 2 2 2 2 2 2 2 2 2 2 2 2 2
left_child=28 2 4 6 -2 9 8 18 16 -5 11 12 -8 -3 -15 -6 17 -4 19 20 27 22 -22 -17 -13 -21 -27 -7 -1 -10
right_child=1 13 3 5 15 7 10 -9 29 -11 -12 24 -14 14 -16 23 -18 -19 -20 25 21 -23 -24 -25 -26 26 -28 -29 -30 -31
leaf_value=-2.9436892800766694 -2.3935834692901556 -2.7253741130890639 -2.5316101003843312 -2.4980097164648334 -2.5585364403162618 -2.8293878486462205 -2.4602355682915036 -2.6850948492130904 -2.7026964690090853 -2.6987339620652633 -2.4987112363594806 -2.8787504087598599 -2.6333351671097471 -2.9134781295203425 -2.5050249154113087 -2.6715613717003448 -2.8231681287569748 -2.658807571803206 -2.8503519808843119 -2.7721023083023129 -2.8749597398554485 -2.8231681287569748 -2.5335607561652398 -2.4306162459078453 -2.6691805707588347 -2.4109672864597185 -2.7996632711632783 -2.9098833110813045 -2.8993396454591402 -2.7707229336322912
leaf_weight=8001.4116761907935 45.356065839529037 9.0249314680695516 26.84338590502739 17.818454436957836 62.943111777305603 122.02941523492336 21.058173425495625 76.750485561788082 62.017477780580521 21.752398923039436 23.757939249277115 5.862348645925521 23.912211582064629 623.80017762631178 1.69699566066265 57.003626964986324 6.8651188090443602 66.105694599449635 166.61411941051483 148.10143947601318 3.4711274877190581 20.595356427133083 9.7962931320071203 4.5510338172316542 74.513536736369133 4.0110806524753562 3.3939913213253021 48.518648661673069 114.39293476194143 199.70553479343653
leaf_count=103731 588 117 348 231 816 1582 273 995 804 282 308 76 310 8087 22 739 89 857 2160 1920 45 267 127 59 966 52 44 629 1483 2589
internal_value=-2.91173 -2.78185 -2.72055 -2.74581 -2.54899 -2.78964 -2.69064 -2.80153 -2.72183 -2.60835 -2.615 -2.63704 -2.55228 -2.90971 -2.91237 -2.60561 -2.6359 -2.62207 -2.8185 -2.80376 -2.83446 -2.7447 -2.62288 -2.65375 -2.68447 -2.76339 -2.58912 -2.85229 -2.94306 -2.7546
internal_weight=10073.7 1957.87 1323.35 1153.49 169.854 642.853 510.641 603.282 361.537 39.5709 149.104 125.346 44.9704 634.522 625.497 124.498 99.8142 92.9491 526.531 359.917 204.411 33.8628 13.2674 61.5547 80.3759 155.507 7.40507 170.548 8115.8 261.723
internal_count=130596 25382 17156 14954 2202 8334 6620 7821 4687 513 1933 1625 583 8226 8109 1614 1294 1205 6826 4666 2650 439 172 798 1042 2016 96 2211 105214 3393
cat_boundaries=0 1 2
cat_threshold=8 8
is_linear=0
shrinkage=1


Tree=2
num_leaves=31
num_cat=1
split_feature=3 0 5 0 4 1 4 2 3 2 3 2 2 2 1 2 2 1 2 0 2 3 2 0 4 1 1 1 3 2
split_gain=13885.1 3412.07 852.92 535.204 529.306 387.962 374.549 537.512 444.451 342.431 309.351 277.811 396.453 572.269 506.474 307.125 340.914 392.922 279.381 255.813 251.393 229.915 315.144 183.325 179.353 156.257 317.266 157.338 137.073 127.41
threshold=-6.00910642487516 0.9777775520833335 0 1.8857531770833333 2.095937416300369 28056.500000000004 3.0725797804206416 14482.500000000002 -4.9907616810571973 13390.500000000002 -4.675100551583407 13579.500000000002 13140.500000000002 13175.500000000002 13304.500000000002 4108.5000000000009 6091.5000000000009 11020.500000000002 10027.500000000002 0.67034533564814824 12671.000000000002 -4.675100551583407 14862.500000000002 2.3970089699074086 56.157940091236902 13818.500000000002 10450.500000000002 620.50000000000011 -6.225957734494636 7106.0000000000009
decision_type=2 2 1 2 2 2 2 2 2 2 2 2 2 2 2 2 2 2 2 2 2 2 2 2 2 2 2 2 2 2
left_child=28 19 3 -3 10 11 7 -4 23 24 29 12 15 -14 -15 -6 17 -17 -18 -2 25 -13 -23 -8 -7 26 27 -20 -1 -5
right_child=1 2 6 4 5 9 8 -9 -10 -11 -12 21 13 14 -16 16 18 -19 20 -21 -22 22 -24 -25 -26 -27 -28 -29 -30 -31
leaf_value=-4.2094283829897927 -2.3092708183292592 -3.0952057235065449 -3.8490938965758756 -3.5026106204743122 -4.1161971032300224 -2.6819923349706061 -3.5924581222559948 -3.2509950401709427 -4.0667088753204723 -2.2777618461854479 -3.7785416505362122 -4.0355627282406985 -2.0011830907008648 -4.0733286873472583 -2.2777618461854487 -3.5908396270782701 -3.9504047960207775 -2.4692394461363119 -2.6745922344893991 -2.9870083577746227 -4.024699455613705 -3.8450414605980794 -2.6965811044906722 -3.8698810034049846 -3.6428118329319332 -4.150595133323904 -2.5408489550610271 -3.5733149639816473 -4.1160865527981452 -2.7032676238540345
leaf_weight=2725.353959299624 3.5704116411507121 4.0675575658679 12.338257949799301 0.63273117691278491 4.6098985746502903 0.58753609284758512 6.5984822735190383 5.4008125457912675 32.969813825562596 0.72312134504318226 1.3784500639885653 12.903196500614287 0.81351151317357961 1.4236451480537651 0.54234100878238667 2.3275468293577464 9.4909676536917704 1.1750721856951711 0.51974346674978189 2.2823517452925444 2.6439124178141347 2.4405345395207401 0.79091397114098061 61.058558572083712 2.8020952120423317 0.7909139711409815 0.92649922333657819 7.7283593751490116 39.907259229570627 2.3501443713903427
leaf_count=120604 158 180 546 28 204 26 292 239 1459 32 61 571 36 63 24 103 420 52 23 101 117 108 35 2702 124 35 41 342 1766 104
internal_value=-4.17996 -3.76166 -3.80028 -3.64951 -3.68865 -3.73203 -3.87883 -3.667 -3.91618 -3.26554 -3.15909 -3.77108 -3.68793 -3.11649 -3.578 -3.74051 -3.67286 -3.21456 -3.7455 -2.57356 -3.59126 -3.94111 -3.56395 -3.84282 -3.47627 -3.47627 -3.41814 -3.51668 -4.20808 -2.87283
internal_weight=2951.15 185.887 180.035 61.6687 57.6011 53.2398 118.366 17.7391 100.627 4.11275 4.36133 49.1271 32.9924 2.7795 1.96599 30.2129 25.603 3.50262 22.1004 5.85276 12.6094 16.1346 3.23145 67.657 3.38963 9.96552 9.1746 8.2481 2765.26 2.98288
internal_count=130596 8226 7967 2729 2549 2356 5238 785 4453 182 193 2174 1460 123 87 1337 1133 155 978 259 558 714 143 2994 150 441 406 365 122370 132
cat_boundaries=0 1
cat_threshold=8
is_linear=0
shrinkage=1


Tree=3
num_leaves=31
num_cat=1
split_feature=3 0 5 1 4 3 3 3 3 1 4 3 0 1 4 2 4 1 2 3 1 2 2 0 2 1 2 2 1 2
split_gain=15466.6 816.302 470.204 197.992 170.592 170.165 144.897 131.705 122.244 92.5004 141.55 76.3544 73.603 54.7551 87.9884 53.6003 100.552 77.6879 47.5735 58.5691 47.3277 47.183 57.2487 44.4038 43.7594 43.6141 41.9367 40.8673 41.0109 38.4085
threshold=-7.9937480013767246 2.6678039699074083 0 35275.500000000007 3.0725797804206416 -5.6162743828288439 -4.9907616810571973 -5.6695862740670169 -5.7724989540696763 27497.000000000004 17.832099523315907 -8.199179859084337 1.3900669907407412 13644.500000000002 14.02817224716301 14862.500000000002 44.972294903272605 7423.5000000000009 14868.500000000002 -7.5041089258661939 4296.5000000000009 977.50000000000011 2120.5000000000005 4.8382148495370378 14838.500000000002 1219.5000000000002 15051.500000000002 14800.500000000002 8990.5000000000018 9280.5000000000018
decision_type=2 2 1 2 2 2 2 2 2 2 2 2 2 2 2 2 2 2 2 2 2 2 2 2 2 2 2 2 2 2
left_child=11 8 5 4 7 9 15 -4 12 10 23 -1 -2 14 24 17 18 -6 -17 -20 -16 -11 -23 27 -14 -7 -21 28 -3 -24
right_child=1 2 3 -5 6 25 -8 -9 -10 21 -12 -13 13 -15 20 16 -18 -19 19 26 -22 22 29 -25 -26 -27 -28 -29 -30 -31
leaf_value=0.03234533392005625 -0.18447102572388621 -0.12838709193889361 -0.16255703431714708 -0.13049234918426902 -0.039729223478810159 -0.10805800992614321 -0.0021094397444906075 -0.063387872967345812 -0.10990071171685314 0.024611783968294304 -0.089496578932787882 -0.0047630055574265744 -0.14988702450331706 -0.17677723079932994 -0.057371835656780328 -0.27515002600245719 -0.011106309622624815 -0.068424723405078394 0.00095584632379355479 -0.15365954516727143 -0.12654252843761446 -0.26281616597308938 -0.11197552893089902 -0.11900129192151482 -0.2456875968364973 -0.053640521929269096 -0.056382403070436987 -0.22476907982131353 -0.20555127543002638 -0.16101885232743224
leaf_weight=9547.0567895025015 189.7034263163805 78.586981818079948 66.048148266971111 103.99599474668503 440.72168660908937 48.059336103498936 126.17789527028799 67.898325636982918 160.16513013094664 3.8999549448490134 415.01732275635004 140.66405820846558 63.916431397199631 84.832617208361626 42.900698818266392 4.7940385267138472 27.505067802965641 507.43716341257095 9.8180213421583158 46.719680674374104 58.383027471601963 10.808368697762488 60.580249801278114 184.87188180536032 14.652554698288439 157.45200338959694 14.523456558585165 19.273317784070969 22.050421975553036 117.0670789629221
leaf_count=103731 1117 593 478 810 4097 341 1255 546 1098 28 3414 1483 476 618 322 32 255 4506 83 371 439 69 424 1394 100 1287 122 139 165 803
internal_value=0.000520026 -0.095766 -0.0832252 -0.0640849 -0.0588197 -0.107468 -0.0527384 -0.112288 -0.147461 -0.116729 -0.108498 0.0318065 -0.160701 -0.143665 -0.128046 -0.0588137 -0.0930045 -0.0550865 -0.122701 -0.112416 -0.0972439 -0.14753 -0.151092 -0.134371 -0.167753 -0.0663662 -0.130591 -0.158068 -0.145294 -0.144294
internal_weight=12835.6 3147.86 2533.31 1415.64 1311.64 1117.67 1177.7 133.946 614.554 912.156 719.8 9687.72 454.389 264.685 179.853 1051.52 103.36 948.159 75.8552 71.0612 101.284 192.356 188.456 304.783 78.569 205.511 61.2431 119.911 100.637 177.647
internal_count=130596 25382 21212 12555 11745 8657 10721 1024 4170 7029 5705 105214 3072 1955 1337 9466 863 8603 608 576 761 1324 1296 2291 576 1628 493 897 758 1227
cat_boundaries=0 1
cat_threshold=8
is_linear=0
shrinkage=0.05


Tree=4
num_leaves=31
num_cat=2
split_feature=3 3 0 5 4 1 3 1 4 2 0 1 4 3 2 2 1 4 3 1 4 3 4 2 2 2 3 0 5 4
split_gain=11745.2 3391.2 682.329 376.972 192.854 193.518 146.487 121.242 121.331 86.0772 74.2588 84.3718 89.4925 73.9874 66.8371 61.5656 53.5334 65.8872 80.6638 53.006 73.6369 75.4992 57.5795 52.7467 124.341 52.6669 50.6052 48.4653 41.941 57.1721
threshold=-8.0783915555075758 -6.00910642487516 2.7489276504629636 0 3.0725797804206416 35275.500000000007 -7.8631209890270393 22158.000000000004 17.832099523315907 722.50000000000011 1.3900669907407412 12186.500000000002 14.02817224716301 -5.5265860328747483 15489.500000000002 14821.500000000002 1836.5000000000002 3.0725797804206416 -5.7241130549365069 7423.5000000000009 44.972294903272605 -7.657478638312222 5.939637663942011 14974.500000000002 15092.500000000002 14892.500000000002 -8.9815075964536124 4.9265114178240754 1 9.1893487371359424
decision_type=2 2 2 1 2 2 2 2 2 2 2 2 2 2 2 2 2 2 2 2 2 2 2 2 2 2 2 2 1 2
left_child=26 2 10 6 -5 14 -4 8 -8 28 -2 12 -12 15 19 -11 17 -17 -19 22 21 -21 -6 25 -25 -10 -1 -23 29 -3
right_child=1 9 3 4 5 -7 7 -9 23 13 11 -13 -14 -15 -16 16 -18 18 -20 20 -22 27 -24 24 -26 -27 -28 -29 -30 -31
leaf_value=-0.032333576765104642 0.21500960319503865 0.28789633498751982 0.054099893908464217 0.19099833102762986 0.097719014451057018 0.15860540093455175 0.15972757324578546 0.17790890188713229 0.1096423198803223 0.0076183579009001939 0.19135293626583316 0.20970357685094873 0.1110774819966695 -0.016038541357155277 0.37646295694090637 0.014418400249192621 0.0079763563693735755 0.08804748080889567 0.33316910222664647 0.031666769670223659 0.06332876908519712 0.1633828548016916 0.04370153888474379 0.46006901153189195 0.01473360233804911 0.011863079609701016 -0.014347470132165481 0.10276808427413545 -0.035958424517015156 0.032261828231821804
leaf_weight=7215.8383018225431 154.04148901253939 5.3999599516391754 46.722266405820847 43.474634289741516 64.348232917487621 74.965976677834988 203.23929304629564 201.98822028934956 222.01026976853609 207.74866775423288 61.898639425635338 83.693461865186691 79.066118568181992 435.47499813884497 1.8182024508714665 7.991444610059264 16.08475336432457 7.6766322106122979 5.9635557308793041 27.459504716098309 187.53241312503815 47.931464478373528 211.42243333905935 3.3271269872784606 2.9635046496987343 14.682361871004103 413.48542207479477 105.69911946356297 2.8349718526005718 3.6761683821678162
leaf_count=98983 1072 50 512 358 673 699 1819 1642 2275 2464 542 731 723 5221 18 89 186 84 65 299 2126 492 2461 34 30 152 5636 1093 28 39
internal_value=-0.000394751 0.0929367 0.128467 0.112951 0.0887267 0.0825615 0.139605 0.145768 0.13122 -0.00133375 0.188271 0.169937 0.146327 -0.00366461 0.0737397 0.0182878 0.0770568 0.128423 0.195216 0.0728856 0.085289 0.10803 0.056306 0.107375 0.250272 0.103577 -0.0313588 0.121679 0.131918 0.184355
internal_weight=10160.5 2531.14 1838.28 1459.59 764.652 721.177 694.933 648.211 446.223 692.851 378.7 224.658 140.965 680.94 646.211 245.465 37.7164 21.6316 13.6402 644.393 368.623 181.09 275.771 242.983 6.29063 236.693 7629.32 153.631 11.9111 9.07613
internal_count=130596 25977 17751 14683 8219 7861 6464 5952 4310 8226 3068 1996 1265 8109 7162 2888 424 238 149 7144 4010 1884 3134 2491 64 2427 104619 1585 117 89
cat_boundaries=0 1 2
cat_threshold=8 4
is_linear=0
shrinkage=0.05


Tree=5
num_leaves=31
num_cat=1
split_feature=3 0 2 2 2 1 1 4 3 2 2 3 3 5 1 2 1 4 0 2 2 3 1 3 2 4 2 4 4 3
split_gain=6914.43 126.099 92.3614 83.1641 120.929 230.557 87.79 86.2209 96.031 124.02 128.06 104.234 80.1491 78.9541 82.7189 76.2283 64.8569 132.233 101.66 93.6059 89.2191 114.278 80.1932 65.7096 61.3833 92.5799 58.0423 65.4813 62.5278 55.9254
threshold=-6.0523948069364035 2.8853423263888893 1199.5000000000002 1976.5000000000002 1669.5000000000002 5338.5000000000009 6838.5000000000009 0.39339827910599073 -4.9907616810571973 14862.500000000002 15132.500000000002 -5.9170352432702478 -6.9170352432702478 0 10877.500000000002 14574.500000000002 464.50000000000006 14.891940818146713 0.69724801504629641 12864.500000000002 11582.500000000002 -4.675100551583407 2650.5000000000005 -5.4867158005630516 8163.5000000000009 19.50728921640874 10027.500000000002 12.393196924726686 4.2649771925406528 -4.549981967677529
decision_type=2 2 2 2 2 2 2 2 2 2 2 2 2 1 2 2 2 2 2 2 2 2 2 2 2 2 2 2 2 2
left_child=12 16 -3 4 6 -6 -4 -5 11 13 -11 -9 -1 15 -15 26 29 18 -18 20 21 23 -19 -20 25 -24 -10 28 -28 -2
right_child=1 2 3 7 5 -7 -8 8 9 10 -12 -13 -14 14 -16 -17 17 22 19 -21 -22 -23 24 -25 -26 -27 27 -29 -30 -31
leaf_value=-0.030780209527615083 0.096694099700971259 -0.015608345189098106 -0.034099036051459114 0.51733822310768163 1.3196666234500316 0.10441713115992046 0.59561283185733971 0.11050932223612225 0.086825774127397781 0.37186708492559784 -0.034720346247485011 0.22251163298792048 0.0027165226427370874 0.03575347187959782 0.35350907460457665 -0.034235697717140211 0.23394588527004562 0.11341556010883198 0.39983323836519991 0.53533419155259665 0.016077943403122057 0.64671271059541136 0.55261319053379532 0.089031787413159869 0.30172484395281418 0.096761673887921881 0.21350662939256537 0.17617756979019034 0.53121652063061064 0.29156644576725349
leaf_weight=2475.5490191299468 10.568187551572921 5.4031763747334471 1.5122123807668684 1.9914319850504387 0.84943291731178738 0.72205081023275852 0.87300460413098324 24.127750441431999 6.5947063341736856 9.2115129195153695 2.4521765671670428 149.39092255011201 192.46431497856975 30.827552001923323 2.1938938051462165 3.7361968886107197 11.939315393567083 12.740025701001285 4.2587066125124666 9.2935630399733764 1.9674516413360823 2.9351217225194022 1.2772183455526818 2.8311476148664951 25.030516667291522 8.7054621484130603 2.8157124184072009 8.7025252338498813 3.4414408206939697 5.6500481851398936
leaf_count=114394 176 166 48 35 24 23 25 682 173 160 64 3952 7682 1133 85 107 72 224 94 175 42 65 28 62 401 164 51 133 62 94
internal_value=-0.000882091 0.207393 0.188912 0.193342 0.420747 0.761295 0.19638 0.189677 0.186997 0.137551 0.286386 0.206938 -0.0283638 0.107781 0.0568647 0.174262 0.255848 0.274127 0.350726 0.416227 0.323925 0.384342 0.220831 0.275723 0.259916 0.155085 0.210403 0.26488 0.388247 0.164583
internal_weight=3020.06 352.042 254.846 249.443 3.9567 1.57148 2.38522 245.486 243.494 69.9757 11.6637 173.519 2668.01 58.312 33.0214 25.2906 97.1968 80.9785 33.2253 21.286 11.9924 10.025 47.7532 7.08985 35.0132 9.98268 21.5544 14.9597 6.25715 16.2182
internal_count=130596 8520 6923 6757 120 47 73 6637 6602 1968 224 4634 122076 1744 1218 526 1597 1327 510 438 263 221 817 156 593 192 419 246 113 270
cat_boundaries=0 1
cat_threshold=8
is_linear=0
shrinkage=0.05


Tree=6
num_leaves=31
num_cat=2
split_feature=3 0 5 1 4 3 3 3 3 0 1 4 2 1 4 2 4 2 2 1 2 2 4 1 5 2 4 2 4 1
split_gain=12167.6 450.923 264.121 115.15 101.954 99.3727 90.5397 76.8165 76.271 68.5409 51.8195 77.7179 44.8107 53.4381 44.1394 39.1218 68.2412 58.7911 45.4141 41.7571 60.7188 43.2994 34.8836 37.2369 34.0422 32.4352 31.0776 30.8217 30.2155 29.8041
threshold=-7.9937480013767246 2.8853423263888893 0 35275.500000000007 3.5327068242902757 -4.9907616810571973 -5.5700056233421522 -8.9815075964536124 -5.6695862740670169 1.4149594560185188 27497.000000000004 25.0435371529937 14838.500000000002 9887.5000000000018 3.8867423158524548 14862.500000000002 44.972294903272605 13686.500000000002 12864.500000000002 26696.500000000004 13245.500000000002 12913.500000000002 2.5892505814121369 8405.5000000000018 1 12745.500000000002 65.053736679763801 977.50000000000011 20.882092430422869 5856.5000000000009
decision_type=2 2 1 2 2 2 2 2 2 2 2 2 2 2 2 2 2 2 2 2 2 2 2 2 1 2 2 2 2 2
left_child=7 9 6 4 8 15 10 28 -4 -2 11 22 13 14 -11 17 -17 18 24 21 -21 -20 -3 -24 25 -6 -15 -12 -1 -23
right_child=1 2 3 -5 5 -7 -8 -9 -10 12 27 -13 -14 26 -16 16 -18 -19 19 20 -22 29 23 -25 -26 -27 -28 -29 -30 -31
leaf_value=0.026216864479549736 -0.12617651149611259 -0.13083369128866215 -0.11130782597009681 -0.098850889745457068 -0.050953450794106583 0.00047293805795441406 -0.053317668460809688 0.013521380995545926 -0.047437067584794004 -0.12191741304699436 0.025743058934667745 -0.0674525226426783 -0.14047183444744224 -0.13809088438782838 -0.069459131011289532 -0.098341480199538284 -0.0082867911513841604 -0.024185069297639319 -0.22047339490629292 -0.046216291542960357 -0.28560111054053228 -0.026769173117741265 -0.081503818510546777 -0.11563912606122154 0.022105713422522318 0.028898642105875696 -0.096067649768787219 -0.11269147994207646 0.033986534578958942 -0.090746746235183057
leaf_weight=1519.3239540606737 330.12647630274296 68.248238012194633 104.7338342666626 124.38510923087597 609.54256661236286 116.96013370156288 207.62725611031055 561.02436550706625 84.412271216511726 48.38014055788517 4.0926793962717047 394.59393844008446 53.254794269800186 74.144513517618179 234.28032493591309 84.545910596847534 28.004573442041874 255.66694539040327 4.6707857102155677 4.8112309575080854 5.8939891681075096 31.675497241318226 260.4306952804327 115.24674466997385 17.157407492399216 12.987955592572687 108.19684239476919 228.78906860947609 7093.4269161522388 42.801712162792683
leaf_count=17461 1526 366 616 796 4967 1156 1482 6231 621 299 27 2803 306 434 1583 578 246 2199 40 37 47 276 1719 741 139 107 649 1268 81522 354
internal_value=0.000710107 -0.0764262 -0.0667726 -0.0527422 -0.0486568 -0.0433398 -0.0835369 0.0314482 -0.0828035 -0.10837 -0.0893931 -0.0835981 -0.0970272 -0.0920517 -0.0784379 -0.0480078 -0.0759343 -0.0448175 -0.0520481 -0.0853338 -0.178015 -0.0727981 -0.0979495 -0.0919755 -0.0473726 -0.0492875 -0.113155 -0.110259 0.0326159 -0.0635368
internal_weight=12829.4 3655.66 2807.28 1528.25 1403.86 1214.72 1279.03 9173.78 189.146 848.383 1071.4 838.52 518.257 465.002 282.66 1097.76 112.55 985.208 729.541 89.8532 10.7052 79.148 443.926 375.677 639.688 622.531 182.341 232.882 8612.75 74.4772
internal_count=130596 25382 20585 12179 11383 10146 8406 105214 1237 4797 6924 5629 3271 2965 1882 8990 824 8166 5967 754 84 670 2826 2460 5213 5074 1083 1295 98983 630
cat_boundaries=0 1 2
cat_threshold=8 4
is_linear=0
shrinkage=0.05


Tree=7
num_leaves=31
num_cat=2
split_feature=3 3 0 5 1 4 4 5 3 2 0 3 1 1 3 4 4 2 2 2 1 1 2 4 1 4 3 1 3 1
split_gain=9212.24 2298.77 340.657 155.331 79.8881 94.7377 73.0271 84.7073 71.7622 67.6098 61.6412 61.2565 58.0547 57.2987 51.7969 49.8199 49.5236 45.3845 41.4396 42.6164 40.7549 39.1388 50.9821 68.1514 35.5314 40.1292 40.8146 35.2566 39.1661 34.4538
threshold=-8.0783915555075758 -6.00910642487516 3.6310336226851865 0 30740.500000000004 4.2649771925406528 3.8867423158524548 1 -7.8631209890270393 722.50000000000011 1.1027131944444448 -5.5265860328747483 4394.5000000000009 21253.500000000004 -8.9815075964536124 14.02817224716301 17.832099523315907 14821.500000000002 14862.500000000002 7413.5000000000009 2570.5000000000005 11873.500000000002 6897.5000000000009 17.395043626706709 1836.5000000000002 3.0725797804206416 -5.7241130549365069 1836.5000000000002 -7.3460642672774759 1285.5000000000002
decision_type=2 2 2 1 2 2 2 1 2 2 2 2 2 2 2 2 2 2 2 2 2 2 2 2 2 2 2 2 2 2
left_child=14 2 6 8 5 27 -2 21 -4 -3 -9 17 15 16 -1 18 -10 -11 19 29 -21 22 -8 -24 25 -19 -27 28 -5 -12
right_child=1 9 3 4 -6 -7 7 10 13 11 12 -13 -14 -15 -16 -17 -18 24 -20 20 -22 -23 23 -25 -26 26 -28 -29 -30 -31
leaf_value=-0.032057019062086287 0.17619988487062832 0.1052893142056915 0.042250353435822667 0.14988122703838952 0.10693635551264112 0.055117916757454866 0.078388104025409355 0.14538489588843104 0.11287711724427257 0.0044267785153087767 0.23200074624160505 -0.016645788409687185 0.10959931649886843 0.126406135166342 -0.013521370598826292 0.015353498086079912 0.079793346991972672 0.0091004289660039598 0.1845528045706174 0.0058903651557623057 0.19610219666472004 0.15624931825276911 0.18330188510347872 0.11088037451612416 0.0043295352810903166 0.066180248921782744 0.21718943042094316 0.15377607458831319 0.057161194740678468 0.076361905586979764
leaf_weight=6813.2438352033496 68.489323057234287 14.08396492153406 47.181500509381294 16.766727119684219 120.58526737987995 557.19536776840687 47.762081377208233 66.935461074113846 218.01765459775925 223.29525379836559 5.763883911073207 447.69218898564577 155.11818672716618 228.8353358283639 398.97252184152603 37.751353837549686 235.08724579960108 8.881337374448778 9.6416334062814695 22.309241466224197 3.2229028791189185 167.37065076082945 52.301435485482216 85.735848948359489 17.450654476881027 9.2689748927950877 8.6505644395947439 31.628352582454681 35.513139009475708 9.2820850908756238
leaf_count=98983 414 117 466 115 921 5597 322 335 1550 2464 46 5221 1290 1468 5636 352 2074 89 59 190 28 1044 317 584 186 84 65 230 272 77
internal_value=-0.000578651 0.0738276 0.0991038 0.08539 0.0695994 0.0625767 0.127046 0.12197 0.101886 -0.00319777 0.102897 -0.00533402 0.0911982 0.106012 -0.0310316 0.0587518 0.0957121 0.0135942 0.0913752 0.0692356 0.0299007 0.138712 0.122914 0.13832 0.0598536 0.0960065 0.139079 0.112107 0.0868975 0.135985
internal_weight=10164 2951.82 2222.49 1490.81 761.689 641.104 731.684 663.195 729.122 729.323 310.025 715.239 243.089 681.94 7212.22 87.9711 453.105 267.547 50.2197 40.5781 25.5321 353.17 185.799 138.037 44.2515 26.8009 17.9195 83.9082 52.2799 15.046
internal_count=130596 25977 17751 12693 7135 6214 5058 4644 5558 8226 2377 8109 2042 5092 104619 752 3624 2888 400 341 218 2267 1223 901 424 238 149 617 387 123
cat_boundaries=0 1 2
cat_threshold=8 8
is_linear=0
shrinkage=0.05


Tree=8
num_leaves=31
num_cat=1
split_feature=3 2 3 2 2 3 1 1 4 1 2 2 1 2 2 2 2 2 2 2 2 4 2 5 4 2 3 1 2 1
split_gain=4998.69 75.2533 71.0244 70.8127 58.6648 99.6476 85.8472 91.3132 55.156 70.7549 68.4974 86.125 74.1649 84.4166 80.8619 87.6479 145.634 95.2688 93.047 205.511 84.3083 81.8874 77.0752 91.6176 76.5556 74.3648 79.025 99.0902 71.6749 71.128
threshold=-6.0523948069364035 977.50000000000011 -6.9170352432702478 15132.500000000002 14838.500000000002 -3.6665527722616669 7672.5000000000009 4835.5000000000009 1.4712513167492045 464.50000000000006 14621.500000000002 14334.500000000002 9365.5000000000018 1976.5000000000002 3487.5000000000005 13896.500000000002 13787.500000000002 13175.500000000002 10965.500000000002 11163.500000000002 3568.0000000000005 65.053736679763801 12864.500000000002 0 24.528193406474625 13048.500000000002 -5.4359260371889944 3633.5000000000005 14356.500000000002 620.50000000000011
decision_type=2 2 2 2 2 2 2 2 2 2 2 2 2 2 2 2 2 2 2 2 2 2 2 1 2 2 2 2 2 2
left_child=2 -2 -1 4 5 8 7 -6 9 -3 11 12 13 -10 -15 16 17 18 20 21 -16 24 23 -21 -20 26 -24 29 -13 -28
right_child=1 3 -4 -5 6 -7 -8 -9 10 -11 -12 28 -14 14 15 -17 -18 -19 19 22 -22 -23 25 -25 -26 -27 27 -29 -30 -31
leaf_value=-0.030611478872407945 -0.013085213361002095 0.14707232937769452 -0.00017727389429825528 0.018024100172113085 0.21435315586294559 -0.013022462341073772 0.037402583275957628 0.58885499095388827 0.29507727264295064 0.35621757472854071 0.081489888852100109 0.49387432352346655 0.18317451374326799 0.01070160482463111 0.5225287789880031 0.023596627362108949 0.46437158038824294 0.021933622181738308 0.42523178012241092 0.20449319761116935 0.109374033416685 0.14614619465985931 0.19523243283694514 0.048673891719472014 0.83911378826218075 0.16107248297611643 0.3914815090981455 0.034042602231735004 0.21766677227728248 0.90494946996716663
leaf_weight=2361.1976848971099 6.8430263046175233 8.7352002784609812 208.63958091288805 9.377369796857236 48.288191191852093 9.1660324633121473 6.7823493089526883 1.6844448130577792 7.5523460302501908 7.5297532193362704 33.327608272433281 2.6422131881117847 105.96238958649337 14.391137422993777 1.2548556737601746 16.265163945034146 3.5016574170440427 15.786666320636867 3.6909493952989569 19.163221254944801 77.131112949922681 1.6398319862782953 2.817606108263135 18.580093737691641 1.6023232601583002 7.7401258274912834 1.1676474306732405 0.73260755464434613 21.146781077608466 1.5968022942543028
leaf_count=114394 164 118 7682 185 636 234 104 40 118 107 680 42 1801 369 28 385 74 348 70 282 1580 19 55 463 31 71 18 20 439 39
internal_value=-0.00106706 0.151475 -0.0281406 0.153982 0.15688 0.149853 0.204322 0.226977 0.153845 0.243895 0.14975 0.156764 0.149515 0.131189 0.124572 0.134063 0.14555 0.138249 0.151641 0.199225 0.115988 0.454875 0.165006 0.127787 0.550518 0.264955 0.392288 0.551057 0.248345 0.688071
internal_weight=3025.94 456.1 2569.84 449.256 439.879 383.124 56.755 49.9726 373.958 16.265 357.693 324.366 300.577 194.614 187.062 172.671 156.406 152.904 137.117 58.7312 78.386 6.9331 51.7981 37.7433 5.29327 14.0548 6.31466 3.49706 23.789 2.76445
internal_count=130596 8520 122076 8356 8171 7391 780 676 7157 225 6932 6252 5771 3970 3852 3483 3098 3024 2676 1068 1608 120 948 745 101 203 132 77 481 57
cat_boundaries=0 1
cat_threshold=8
is_linear=0
shrinkage=0.05


Tree=9
num_leaves=31
num_cat=3
split_feature=3 0 5 3 3 4 1 3 0 2 4 2 1 4 5 4 4 3 1 4 5 2 3 4 2 4 3 1 1 2
split_gain=9961.12 305.705 172.995 81.7553 76.6289 63.8563 77.0236 58.4339 52.5239 37.5248 49.8322 43.0115 34.4415 47.0098 33.5924 32.5708 31.546 30.6483 30.9152 29.3627 27.9962 27.9907 30.1284 27.4792 27.0942 26.0556 48.5683 62.2721 27.5664 50.252
threshold=-7.9937480013767246 2.8853423263888893 0 -5.2622906929759417 -8.9815075964536124 3.0725797804206416 30740.500000000004 -5.6162743828288439 0.9777775520833335 14862.500000000002 44.972294903272605 13686.500000000002 36161.500000000007 18.255617303829769 1 3.8867423158524548 20.882092430422869 -6.3638131163992062 946.50000000000011 400.55916313426752 2 14878.500000000002 -7.5041089258661939 0.39339827910599073 722.50000000000011 48.13050742481942 -5.7241130549365069 18166.500000000004 6937.5000000000009 13338.000000000002
decision_type=2 2 1 2 2 2 2 2 2 2 2 2 2 2 1 2 2 2 2 2 1 2 2 2 2 2 2 2 2 2
left_child=4 8 7 5 16 -4 9 12 -2 11 21 20 13 -3 17 -16 -1 -10 -19 -15 25 -11 -23 -5 -25 28 -27 -28 -7 -30
right_child=1 2 3 23 -6 6 -8 -9 14 10 -12 -13 -14 19 15 -17 -18 18 -20 -21 -22 22 -24 24 -26 26 27 -29 29 -31
leaf_value=0.025606056781456117 -0.10766886939435326 -0.082799062330152773 -0.083824595507088526 -0.16377148896439164 0.013021469578557342 -0.039490041818498883 -0.075584309883278897 -0.046091661024327699 -0.10307134962910498 -0.16140771777790008 -0.0086886478160997892 -0.020347257515783139 -0.097396966000752094 -0.06273175541496194 -0.10535238454198891 -0.064334024138017074 0.033754863185792454 -0.12154424103477997 -0.059067002592691591 0.032682531163866817 0.012943542266799515 0.0039230453284604498 -0.08687886749238577 -0.13145325873670671 -0.013837607492349885 -0.021367480715763623 -0.030712195807529735 -0.24699217647086924 -0.058491200563179219 -0.18265260563258931
leaf_weight=1443.8100301921368 252.98119020462036 436.55744881927967 124.03663508594036 3.2000130265951148 549.73801297694445 255.43226383626461 191.05516764521599 240.35683447867632 228.5179838091135 10.6561042368412 27.656450994312763 255.90272726863623 130.02526922523975 630.81161309033632 57.256755359470844 312.73527394235134 6694.762281909585 24.942748188972473 96.03491884469986 8.1676227152347547 20.838876739144325 10.475998841226099 71.385679960250854 5.0003753378987303 235.70299168676138 160.73638283461332 8.1324500143527967 5.6336579024791709 269.38170719146729 8.4035121500492078
leaf_count=17461 934 2333 665 17 6231 2011 1102 1571 1094 52 233 2073 603 3852 300 1851 81522 118 500 47 161 76 425 30 2011 1258 62 42 1904 57
internal_value=0.000820204 -0.0636046 -0.0559526 -0.044958 0.0310888 -0.0495521 -0.0462712 -0.0686028 -0.0880724 -0.0412013 -0.0675776 -0.0379815 -0.0730909 -0.0701524 -0.081182 -0.0706817 0.0323092 -0.0922981 -0.0719483 -0.0615121 -0.0441755 -0.0851813 -0.0752588 -0.018216 -0.016281 -0.0458574 -0.0290871 -0.119223 -0.0513457 -0.0622473
internal_weight=12770.3 4082.02 3109.55 1663.63 8688.31 1419.73 1295.69 1445.92 972.469 1104.64 120.174 984.462 1205.56 1075.54 719.488 369.992 8138.57 349.496 120.978 638.979 728.559 92.5178 81.8617 243.903 240.703 707.72 174.502 13.7661 533.217 277.785
internal_count=130596 25382 20585 12179 105214 10121 9456 8406 4797 8354 786 7568 6835 6232 3863 2151 98983 1712 618 3899 5495 553 501 2058 2041 5334 1362 104 3972 1961
cat_boundaries=0 1 2 3
cat_threshold=8 8 4
is_linear=0
shrinkage=0.05


Tree=10
num_leaves=31
num_cat=2
split_feature=3 3 0 5 2 0 3 1 4 5 4 1 2 3 3 2 1 2 2 2 3 1 1 2 1 1 1 4 2 2
split_gain=7528.2 1711.08 207.533 84.2823 56.0402 53.9013 52.0417 51.038 51.7198 50.6498 59.7313 46.5014 43.9497 41.1095 35.0963 34.7947 34.0227 33.0857 34.994 32.1283 30.9925 32.3086 55.022 58.1111 47.8064 37.1854 29.882 42.8443 52.3262 42.1863
threshold=-8.0783915555075758 -5.9689959068912115 3.9638315277777783 0 722.50000000000011 1.0278024247685187 -8.9815075964536124 30740.500000000004 4.2649771925406528 1 3.8867423158524548 36647.000000000007 15489.500000000002 -7.9025691807160827 -5.5265860328747483 14821.500000000002 21253.500000000004 1446.5000000000002 507.50000000000006 14938.500000000002 -6.225957734494636 14528.500000000002 1158.5000000000002 14548.500000000002 1567.5000000000002 301.50000000000006 4394.5000000000009 55.19715661347437 5223.0000000000009 7413.5000000000009
decision_type=2 2 2 1 2 2 2 2 2 1 2 2 2 2 2 2 2 2 2 2 2 2 2 2 2 2 2 2 2 2
left_child=6 2 5 13 -3 -2 -1 8 -5 20 -11 26 14 -4 15 -6 17 18 -15 -17 21 22 25 -24 -25 -7 -12 28 -28 -29
right_child=1 4 3 7 12 9 -8 -9 -10 10 11 -13 -14 16 -16 19 -18 -19 -20 -21 -22 -23 23 24 -26 -27 27 29 -30 -31
leaf_value=-0.031776190306897899 0.12312479533201481 0.087143319615337791 0.030926617939859333 0.086701415251581523 -0.0027093507720409599 0.018779470323829858 -0.012956138987642144 0.085904950798788862 0.046373333856441948 0.13428091966462744 0.047028825753283904 0.13714266351312185 0.17383941130206987 0.058504138874001958 -0.017600995356868772 0.086748121225447061 0.09820545936952213 0.073147438432880407 0.20154413111999792 -0.00047927238431375502 0.059277547433375502 0.12491870511446852 0.068142342701685982 -0.01716304031057966 0.15100135493873568 0.161636492678538 0.047385601681508488 0.11573670615135007 0.1290362057068026 0.040107562375559069
leaf_weight=6430.4460043758154 178.34832234680653 15.665032736957071 39.343854121863842 92.34031430631876 211.47037429362535 5.1357625126838675 389.57839837670326 133.07764769345522 571.85828001052141 44.105379745364189 116.2897032648325 25.66070295125246 3.2909331470727912 7.2525770515203503 456.0237757563591 23.080787055194378 254.33988276124001 471.86852672696114 10.41760742664337 19.454515337944031 34.908032216131687 170.21051535010338 139.72245729714632 4.7200758457183829 40.398093737661839 40.297984182834625 28.352029994130135 23.825703024864197 63.723951697349548 81.553599581122398
leaf_count=98983 749 114 371 593 2213 26 5636 879 5282 245 924 156 19 46 5212 199 1399 3316 62 173 225 913 877 29 249 214 210 173 475 634
internal_value=-0.000682769 0.061229 0.0803559 0.0690866 -0.00640525 0.0982162 -0.0307011 0.0576426 0.05198 0.0927914 0.079542 0.0724288 -0.00845964 0.080736 -0.00930458 0.0055902 0.0833704 0.0756628 0.142835 0.0468526 0.104462 0.1084 0.0961907 0.0840734 0.133409 0.145488 0.0671359 0.0789779 0.103894 0.0572069
internal_weight=10126.8 3306.74 2577.75 1580.5 728.985 997.252 6820.02 797.276 664.199 818.904 383.511 339.406 713.32 783.222 710.029 254.006 743.879 489.539 17.6702 42.5353 435.393 400.485 230.274 184.841 45.1182 45.4337 313.745 197.455 92.076 105.379
internal_count=130596 25977 18047 11948 7930 6099 104619 6754 5875 5350 2817 2572 7816 5194 7797 2585 4823 3424 108 372 2533 2308 1395 1155 278 240 2416 1492 685 807
cat_boundaries=0 1 2
cat_threshold=8 8
is_linear=0
shrinkage=0.05


Tree=11
num_leaves=31
num_cat=1
split_feature=3 3 2 2 2 3 5 1 4 3 2 2 3 2 2 1 1 4 1 0 3 2 2 4 1 1 3 3 0 4
split_gain=3864.78 64.7158 50.8482 46.8805 34.3618 41.955 37.3312 45.6578 34.4031 45.7134 45.7415 66.7025 61.2852 43.7183 37.9582 47.3134 37.2297 99.0588 51.5704 36.3802 56.7318 36.1371 96.9451 36.9036 81.6263 85.9434 47.3906 36.3612 33.7449 55.1766
threshold=-6.0523948069364035 -6.9170352432702478 977.50000000000011 15132.500000000002 15092.500000000002 -3.6665527722616669 0 19779.500000000004 14.891940818146713 -5.9170352432702478 10027.500000000002 10369.000000000002 -5.2622906929759417 10306.500000000002 6702.0000000000009 13139.500000000002 6395.5000000000009 9.5227116381762738 16262.500000000002 5.8238750636574093 -5.5265860328747483 14621.500000000002 14574.500000000002 40.542088507648209 3533.5000000000005 6731.5000000000009 -4.9907616810571973 -4.8996295916595267 2.3156029224537042 3.0725797804206416
decision_type=2 2 2 2 2 2 1 2 2 2 2 2 2 2 2 2 2 2 2 2 2 2 2 2 2 2 2 2 2 2
left_child=1 -1 -2 4 5 6 7 -4 16 -10 12 13 14 -12 15 -11 28 -18 19 20 -19 22 27 24 -23 26 -26 -13 -8 -30
right_child=2 -3 3 -5 -6 -7 8 -9 9 10 11 21 -14 -15 -16 -17 17 18 -20 -21 -22 23 -24 -25 25 -27 -28 -29 29 -31
leaf_value=-0.030432344708894211 -0.01410928885011343 -0.0020567110632540449 -0.0034706106352030835 0.013759570834456173 0.29513196431405203 0.03585015476017691 0.16580980809636375 0.34222648214049606 0.052344141072668583 0.093281862197815729 0.20699786873661094 0.14970266114831804 0.033353219095839756 0.50862336017403731 0.084671408735418591 0.23051853771106387 0.11475318928016456 0.3366431557049524 0.11305416396919342 0.23772667906254014 0.70633559352697506 0.026927737518563494 0.40661071935869669 0.018182593727178169 0.52933164762952523 0.010066061779478115 0.19974163900900285 0.079256933429100881 0.15733287372730281 0.098337532408423869
leaf_weight=2249.3235593494028 7.1347267776727668 220.64741467684507 9.5843118485063368 10.143621604889629 2.859334733337163 13.975363278761504 58.086667239665985 1.0608531199395645 27.797362001612782 11.628937609493734 3.4876005481928578 87.629694128409028 29.883634937927127 1.8326052892953155 30.705525893718004 13.654804129153488 12.916975019499661 2.5400063879787922 2.0082414261996746 2.2021831274032593 1.7545710112899522 8.127461217343809 3.3850864805281153 13.043299246579407 2.5695568434894085 2.2428592760115862 1.8949648961424816 23.158569633960724 65.31678843125701 100.79257896542549
leaf_count=114394 164 7682 191 185 32 280 428 18 492 182 43 1256 587 20 462 156 180 29 26 43 35 176 56 248 42 47 23 355 777 1987
internal_value=-0.00117828 -0.0278975 0.118505 0.120244 0.122266 0.121335 0.123645 0.0309801 0.125592 0.112954 0.120177 0.137079 0.0911702 0.310896 0.122029 0.167398 0.139024 0.201999 0.334503 0.402956 0.487683 0.130569 0.143031 0.0795334 0.133475 0.262581 0.389437 0.134977 0.133006 0.121535
internal_weight=3021.39 2469.97 551.418 544.283 534.14 531.281 517.305 10.6452 506.66 261.042 233.245 147.372 85.8729 5.32021 55.9893 25.2837 245.618 21.422 8.505 6.49676 4.29458 142.051 114.173 27.8781 14.8348 6.70738 4.46452 110.788 224.196 166.109
internal_count=130596 122076 8520 8356 8171 8139 7859 209 7650 4145 3653 2266 1387 63 800 338 3505 313 133 107 64 2203 1667 536 288 112 65 1611 3192 2764
cat_boundaries=0 1
cat_threshold=1
is_linear=0
shrinkage=0.05


Tree=12
num_leaves=31
num_cat=2
split_feature=3 0 5 3 4 4 1 2 1 4 0 3 3 3 1 2 4 2 2 1 4 1 3 2 2 5 4 3 1 2
split_gain=8366.78 237.13 130.664 59.0016 48.0629 45.8403 54.8622 44.7092 41.0201 58.9801 38.0286 37.9206 34.1845 30.0491 28.3815 40.7503 51.7371 28.3973 26.4351 27.2643 29.8067 27.1175 25.6176 41.4809 164.681 25.3669 30.9087 33.0868 32.8821 34.2647
threshold=-8.0783915555075758 2.6129846585648155 0 -4.9907616810571973 20.882092430422869 3.5327068242902757 35730.500000000007 14868.500000000002 22158.000000000004 18.255617303829769 0.34354118634259267 -4.0029633089292487 -5.6695862740670169 -7.8631209890270393 7423.5000000000009 14856.500000000002 15.728093583246443 13648.500000000002 14821.500000000002 413.50000000000006 3.8867423158524548 36647.000000000007 -11.574791979504832 15062.500000000002 15071.500000000002 1 46.601118668377531 -7.657478638312222 21917.500000000004 2266.0000000000005
decision_type=2 2 1 2 2 2 2 2 2 2 2 2 2 2 2 2 2 2 2 2 2 2 2 2 2 1 2 2 2 2
left_child=4 10 8 5 22 12 14 -5 9 -3 -2 -9 -4 -10 15 17 -17 -7 19 -12 -21 -22 -1 -24 -25 26 27 -16 29 -29
right_child=1 2 3 7 -6 6 -8 11 13 -11 18 -13 -14 -15 25 16 -18 -19 -20 20 21 -23 23 24 -26 -27 -28 28 -30 -31
leaf_value=0.02709255017562498 -0.10695628998368277 -0.064281774673978637 -0.077187940167633917 -0.0015192554481035236 0.032907172372055746 -0.030701642055153123 -0.06664553483302145 -0.016592773599751667 -0.01460388702062137 -0.042157356676466647 -0.03373057286408785 -0.13829152735856637 -0.030055000896553344 -0.073372412072394311 -0.011218413205818387 -0.08471354159493974 -0.010415415005222403 -0.0063301271215499269 -0.096025426400260905 -0.10508545576521314 -0.066057614131401834 -0.10785790393201 0.015000010658817934 -0.49765234271233727 0.0155321687106941 0.029085378324909834 -0.032680361084743779 -0.009752632349305403 -0.026759318633099646 -0.072168651678872847
leaf_weight=1097.7043596208096 90.068507596850395 598.14129335433245 142.97922264039516 154.75463342666626 6644.0675317049026 338.87933988124132 158.19645355641842 13.89417800307274 22.857859395444393 606.85128070414066 49.81268560141325 11.868776470422743 52.630628615617752 449.24903558194637 41.248850472271442 62.651852048933506 37.428373493254185 184.64943616837263 107.13176907598972 62.088302701711655 593.85311012715101 41.512125998735428 415.23419131338596 1.9701671302318553 7.5693851336836815 12.263876199722288 346.01298081874847 24.188829228281975 64.7560064047575 241.724554926157
leaf_count=13964 290 3087 657 1358 85382 2544 806 108 164 3702 237 74 323 1985 299 330 257 1481 426 249 2736 168 5154 25 94 90 2501 156 401 1548
internal_value=0.000884811 -0.053779 -0.0478778 -0.0388565 0.031071 -0.0417303 -0.0387837 -0.011672 -0.0580342 -0.0531396 -0.0760551 -0.0726584 -0.0645064 -0.070527 -0.0355279 -0.0276941 -0.0569273 -0.0221058 -0.0727976 -0.0694675 -0.0720199 -0.0687887 0.023058 0.0126317 -0.0904539 -0.0422182 -0.0434363 -0.053443 -0.0587102 -0.066491
internal_weight=12676.2 4509.69 3565.23 1888.13 8166.55 1707.61 1512 180.518 1677.1 1204.99 944.467 25.763 195.61 472.107 1353.8 623.609 100.08 523.529 854.398 747.266 697.454 635.365 1522.48 424.774 9.53955 730.195 717.931 371.918 330.669 265.913
internal_count=130596 25977 21871 12933 104619 11393 10413 1540 8938 6789 4106 182 980 2149 9607 4612 587 4025 3816 3390 3153 2904 19237 5273 119 4995 4905 2404 2105 1704
cat_boundaries=0 1 2
cat_threshold=8 4
is_linear=0
shrinkage=0.05


Tree=13
num_leaves=31
num_cat=2
split_feature=3 3 0 3 1 0 5 4 2 1 2 1 4 5 2 4 2 1 3 3 2 2 2 3 1 4 4 2 2 2
split_gain=6302.64 1340.32 147.88 52.6744 50.6271 46.9259 45.7749 45.4264 122.681 152.662 45.3701 44.7709 50.4123 48.4874 34.2716 34.2158 32.2082 140.341 30.9865 30.8983 29.17 28.2324 39.0406 33.96 26.7389 42.5138 41.6378 58.1065 36.3067 97.0033
threshold=-8.0783915555075758 -5.9689959068912115 4.3834742592592608 -11.793309207584175 32609.500000000004 0.39234469907407415 0 6.2376527853301784 15062.500000000002 413.50000000000006 722.50000000000011 36647.000000000007 3.8867423158524548 1 15489.500000000002 4.6388387182848723 1446.5000000000002 946.50000000000011 -5.5265860328747483 -6.3304506924356714 14821.500000000002 10369.000000000002 11352.500000000002 -7.7797611397542754 4479.5000000000009 14.02817224716301 46.601118668377531 5223.0000000000009 6464.0000000000009 5860.5000000000009
decision_type=2 2 2 2 2 2 1 2 2 2 2 2 2 1 2 2 2 2 2 2 2 2 2 2 2 2 2 2 2 2
left_child=3 2 5 -1 6 -2 21 8 16 -10 -3 12 -7 -14 18 -8 17 -5 20 -13 -12 23 -23 -4 25 -15 27 -26 29 -28
right_child=1 10 4 7 -6 11 15 -9 9 -11 14 19 13 24 -16 -17 -18 -19 -20 -21 -22 22 -24 -25 26 -27 28 -29 -30 -31
leaf_value=-0.032484476511620619 0.11979265402410522 0.071525743899175265 0.020791774551561615 0.43724122946138461 0.078328425521838607 0.10390303046023933 0.071068617995671129 -0.023768300329803316 0.73256415217091719 -0.034908238176267932 -0.0040882349678695749 0.11563549924543126 0.081325311124257615 0.065017898206120125 0.13816864431749806 0.039304657846993496 -0.0067360176606043433 -0.020211094606658087 -0.017900484264476126 0.008974442197842724 0.039557538767189343 0.0021551698223264619 0.058790392090730573 0.080137527382563939 0.039107128920055668 0.015169783881854484 0.04347549553552648 0.11306937938401207 0.040446376378449576 0.23101703320358358
leaf_weight=5287.8645464107394 70.363821566104889 17.790411710739136 26.586818642914295 2.2237539477646333 240.99694714695215 132.10077523440123 99.90278273075819 1062.4431734643877 1.3030948229134076 1.288803845643997 219.81441669166088 101.30263524502516 533.62637905031443 100.50269981473684 3.9194938838481894 560.10173484683037 88.744843259453773 6.8143584653735161 462.50983657687902 7.2776921018958083 46.354667693376541 33.481870070099831 333.69193986058235 258.36144487559795 38.32222506403923 74.465095803141594 23.294657491147518 86.48008731752634 132.75803425908089 9.7938174530863744
leaf_count=86251 249 114 202 34 1276 610 596 16808 21 20 2213 470 2814 652 19 4780 1378 107 5212 41 372 208 2121 1471 262 570 158 557 953 57
internal_value=-0.000750508 0.052113 0.0677011 -0.0303657 0.0572644 0.0800721 0.0533956 -0.0207307 0.0114213 0.350944 -0.00736965 0.077818 0.0748746 0.071037 -0.00928554 0.0441127 0.00242174 0.0923413 -0.0100787 0.108486 0.00351289 0.0627908 0.0536259 0.0746003 0.0592459 0.0438029 0.0685425 0.0903583 0.0521257 0.0989857
internal_weight=10064.5 3613.8 2863.41 6450.68 1553.12 1310.29 1312.13 1162.82 100.375 2.5919 750.389 1239.92 1131.34 999.243 732.598 660.005 97.783 9.03811 728.679 108.58 266.169 652.122 367.174 284.948 465.617 174.968 290.649 124.802 165.847 33.0885
internal_count=130596 25977 18047 104619 10654 7393 9378 18368 1560 41 7930 7144 6633 6023 7816 5376 1519 141 7797 511 2585 4002 2329 1673 3209 1222 1987 819 1168 215
cat_boundaries=0 1 2
cat_threshold=8 8
is_linear=0
shrinkage=0.05


Tree=14
num_leaves=31
num_cat=1
split_feature=3 3 2 2 2 3 3 3 4 1 4 0 2 2 1 1 2 2 2 2 2 3 1 3 3 2 5 4 2 2
split_gain=3131.37 50.873 40.0473 34.1774 30.7524 50.7002 48.7263 42.117 38.8807 30.8223 33.2972 31.2771 42.8148 30.9486 24.3417 53.1148 38.601 53.7927 48.9978 48.1113 35.4861 34.7361 42.8685 30.7995 30.6723 42.5798 46.5276 79.1744 54.4926 41.1115
threshold=-6.0867691321245561 -6.9170352432702478 977.50000000000011 15132.500000000002 14838.500000000002 -3.6665527722616669 -4.4224507614001194 -5.9689959068912115 39.831334079005778 413.50000000000006 1.4712513167492045 2.1004641203703707 14621.500000000002 14608.500000000002 6937.5000000000009 5144.5000000000009 14334.500000000002 13175.500000000002 10965.500000000002 14356.500000000002 11163.500000000002 -5.4359260371889944 4110.5000000000009 -5.5700056233421522 -5.2622906929759417 12361.000000000002 0 62.831686958412341 13985.500000000002 13717.500000000002
decision_type=2 2 2 2 2 2 2 2 2 2 2 2 2 2 2 2 2 2 2 2 2 2 2 2 2 2 1 2 2 2
left_child=1 -1 -2 4 5 7 8 -4 -6 -9 -11 -12 13 14 15 16 17 18 23 -18 -20 22 -22 -13 25 -16 27 -27 29 -29
right_child=2 -3 3 -5 6 -7 -8 9 -10 10 11 12 -14 -15 24 -17 19 -19 20 -21 21 -23 -24 -25 -26 26 -28 28 -30 -31
leaf_value=-0.030244021195330428 -0.016008802621332863 -0.0050267887891038525 0.046278763948988812 0.010080216970246773 0.12023064541765825 -0.015568365739882434 0.20229398034927615 0.057413625887080488 -0.011256151657420379 0.18562850533162212 0.1283942947920364 0.13061554480918355 0.031376713714447051 0.34102808625587433 0.10769015576571012 0.020750165876654528 0.37712586840425855 0.020679692335255403 0.25306171923585441 0.13480700121460376 0.013338113236989468 0.15858928658974164 0.32532690357511801 0.055482958018477906 0.081519688923584133 0.093331654188296753 0.13054539857099776 0.33999609613905207 0.1655386396392371 0.63809043797069365
leaf_weight=2141.3654622007161 7.8301132880151263 220.60533869452775 37.957169430330396 10.92385186254978 60.950902562588453 10.188038328662513 17.259527456015348 37.591049259528518 6.1935442630201569 12.311149470508097 91.071149721741676 19.223714303225265 24.222779139876366 1.3292532004415978 71.666677940636873 26.136990828439593 2.4228038489818564 23.494681544601917 6.5674443468451491 13.254974842071531 9.279266878962515 25.054119687527418 1.2492636926472176 46.964960863813772 49.896374501287937 4.6786847077310085 20.330387141555548 3.0662025213241577 2.4930648170411587 1.8572141379117963
leaf_count=114394 178 7388 753 191 556 234 144 451 107 99 604 265 502 19 930 501 29 492 69 226 145 350 21 898 687 74 177 45 38 29
internal_value=-0.00121785 -0.0278888 0.0963798 0.0977599 0.0992882 0.0949187 0.127363 0.0970341 0.108102 0.100933 0.104516 0.102268 0.0955312 0.100255 0.0992783 0.0864444 0.0980845 0.0892642 0.104138 0.172254 0.146274 0.126565 0.0503572 0.0773043 0.113751 0.129201 0.176743 0.254394 0.356 0.452443
internal_weight=3007.44 2361.97 645.465 637.635 626.711 542.307 84.404 532.119 67.1444 494.162 456.571 444.26 353.189 328.966 327.637 173.648 147.511 131.833 108.339 15.6778 42.1501 35.5827 10.5285 66.1887 153.989 104.092 32.4256 12.0952 7.41648 4.92342
internal_count=130596 121782 8814 8636 8445 7638 807 7404 663 6651 6200 6101 5497 4995 4976 2996 2495 2240 1748 255 585 516 166 1163 1980 1293 363 186 112 74
cat_boundaries=0 1
cat_threshold=4
is_linear=0
shrinkage=0.05


Tree=15
num_leaves=31
num_cat=2
split_feature=3 0 5 4 3 4 1 0 1 4 2 2 2 2 3 3 1 2 0 2 2 4 1 4 3 5 1 2 1 4
split_gain=7142.32 187.865 95.3374 49.5242 45.3082 37.6081 42.1775 34.9588 30.8179 46.2539 27.4677 33.4858 32.2271 27.2031 25.1148 25.0986 24.7555 53.3094 53.2663 40.7594 33.6573 24.2936 40.4636 29.9562 24.4106 22.4192 22.1935 22.1522 21.3075 23.4649
threshold=-8.0783915555075758 2.8853423263888893 0 20.882092430422869 -5.2622906929759417 3.0725797804206416 27497.000000000004 0.9777775520833335 22158.000000000004 18.255617303829769 14862.500000000002 15051.500000000002 15489.500000000002 13686.500000000002 -7.8631209890270393 -12.702130232536012 1567.5000000000002 1446.5000000000002 2.9961520659722232 15062.500000000002 15163.500000000002 85.225989531957239 10877.500000000002 15.728093583246443 -5.6695862740670169 1 1836.5000000000002 14838.500000000002 9887.5000000000018 14.02817224716301
decision_type=2 2 1 2 2 2 2 2 2 2 2 2 2 2 2 2 2 2 2 2 2 2 2 2 2 1 2 2 2 2
left_child=3 7 8 15 5 -4 10 -2 9 -3 13 21 -13 25 -10 -1 17 18 -17 -19 -21 22 23 -12 -25 -7 -15 28 29 -9
right_child=1 2 4 -5 -6 6 -8 27 14 -11 11 12 -14 26 -16 16 -18 19 -20 20 -22 -23 -24 24 -26 -27 -28 -29 -30 -31
leaf_value=0.027217976486517099 -0.078860633840022037 -0.055114997306189739 -0.060479727322648696 0.032648787716183014 -0.014163319819882695 -0.033640119828583941 -0.051625762523855916 -0.061046040968235661 -0.0094658004972179612 -0.035822125695767482 -0.079509713498848306 0.017908518331491288 -0.13565866220941555 0.011555556565538978 -0.062803809446652384 -0.33980958648630155 0.021512879412421006 0.0086638042309953294 -0.031810636718608773 -0.18890840503008433 0.035302480831621165 0.018690225006386934 -0.1483494966992486 0.0035160979033635343 -0.10835249860410859 0.01595571703545752 -0.021817550552446042 -0.081835606443919129 -0.066662435517173171 -0.038719051031992198
leaf_weight=948.35406669974327 302.25675918161869 623.98380337655544 149.73130801320076 6275.6778273135424 260.8745808750391 784.86910346895456 282.60121963918209 230.78758459538221 23.15971577167511 618.70458997786045 56.047290466725826 24.849771529436115 3.9609202593564978 64.659642361104488 468.9281515032053 2.2613732367753974 331.05944503843784 163.49963571876287 3.7015013918280602 4.8376238346099845 2.5593286082148552 8.2585394531488401 14.32926221936941 25.008050046861175 6.0576303824782363 23.467413477599621 217.01000530272722 95.531742334365845 302.81689575314522 240.1121724024415
leaf_count=12717 960 2988 668 85382 2058 5228 1461 1056 161 3555 264 162 18 491 1914 22 4287 2105 41 32 33 64 75 174 30 172 1603 374 1269 1232
internal_value=0.000926739 -0.0467884 -0.0412056 0.0307212 -0.0335348 -0.0365775 -0.0342091 -0.0642132 -0.0497032 -0.0455095 -0.0302027 -0.0511758 -0.00320404 -0.0275376 -0.0602935 0.0224142 0.0134448 -0.00165765 -0.148617 0.00347 -0.111332 -0.0637746 -0.0704881 -0.0576806 -0.0182976 -0.0322003 -0.0141565 -0.05912 -0.0563153 -0.0496615
internal_weight=12560 4828.01 3656.5 7731.95 1921.72 1660.85 1511.12 1171.51 1734.78 1242.69 1228.52 138.511 28.8107 1090.01 492.088 1456.27 507.919 176.859 5.96287 170.897 7.39695 109.701 101.442 87.113 31.0657 808.337 281.67 869.248 773.717 470.9
internal_count=130596 25977 21086 104619 12468 10410 9742 4891 8618 6543 8281 787 180 7494 2075 19237 6520 2233 63 2170 65 607 543 468 204 5400 2094 3931 3557 2288
cat_boundaries=0 1 2
cat_threshold=8 4
is_linear=0
shrinkage=0.05


Tree=16
num_leaves=31
num_cat=3
split_feature=3 3 0 3 3 4 2 1 4 1 4 2 3 2 1 2 4 0 5 0 2 1 2 1 4 5 2 5 2 1
split_gain=5366.77 1077.11 118.99 57.2873 48.6711 44.7374 50.5434 44.3514 53.3011 39.5698 46.6629 38.0943 41.0021 35.4864 42.0989 37.7339 33.2565 30.3889 26.3176 25.6283 25.4262 25.2572 24.4651 77.7476 24.3268 29.1456 22.2748 22.259 21.8288 21.7577
threshold=-8.1184156488641683 -6.00910642487516 3.4655504918981488 -7.7797611397542754 -11.793309207584175 6.2376527853301784 15062.500000000002 27497.000000000004 44.972294903272605 7544.5000000000009 9.1893487371359424 722.50000000000011 -5.5265860328747483 14306.000000000002 464.50000000000006 10027.500000000002 2.5892505814121369 0.34354118634259267 0 4.9832883159722234 14821.500000000002 1836.5000000000002 1446.5000000000002 946.50000000000011 3.8867423158524548 1 14974.500000000002 2 10210.500000000002 1836.5000000000002
decision_type=2 2 2 2 2 2 2 2 2 2 2 2 2 2 2 2 2 2 1 2 2 2 2 2 2 1 2 1 2 2
left_child=4 2 17 -4 -1 6 22 8 9 10 13 27 20 15 -15 -5 -17 -2 -10 -11 -13 -12 23 -6 -19 -26 28 -3 -20 -22
right_child=1 11 3 7 5 -7 -8 -9 18 19 21 12 -14 14 -16 16 -18 24 26 -21 29 -23 -24 -25 25 -27 -28 -29 -30 -31
leaf_value=-0.032252283093102997 0.10478923802511877 0.089717215642727499 0.027096791733369971 0.064266132687167202 0.28350357151577804 -0.023796982715484319 0.16894961899912769 0.068906409495128912 0.020647702676007247 0.085771047791791399 -0.0025613684302317227 -0.0011394904076904393 -0.017698815404165531 0.018205056904121455 0.096551962134392544 0.071240340558639453 0.0049545012314104429 0.094533186329043895 0.071130483995402186 0.059545449557588427 0.05906654424365855 0.039372895006192316 -0.0052768254957598799 -0.019516615191424974 0.075955861599981953 0.057119531891312393 0.1472501092359621 -0.037840236247209724 0.033924102417428499 -0.0042241816731959907
leaf_weight=4987.8190692141652 68.377084456384182 15.545268833637238 213.91053174436092 158.53071837872267 3.1321453675627691 995.75832705572248 4.8443759679794303 411.94391988962889 182.9780634790659 135.45431295782328 41.95269226282835 256.0228715389967 469.67488721013069 20.82116761803627 97.144245021045208 26.578392401337624 65.68975206464529 92.736687876284122 54.142042741179466 298.31503415107727 36.465628452599049 249.20055227726698 84.486221641302109 6.5301131457090378 459.25463957339525 371.46997548639774 5.3686029836535445 4.3847284018993387 144.99525635689497 21.636031605303288
leaf_count=86251 219 89 1722 856 33 16550 41 2026 1563 776 327 2464 5221 116 483 114 425 358 309 1857 238 1847 1342 106 2028 2096 30 28 895 186
internal_value=-0.000795155 0.044968 0.0583455 0.0516233 -0.0301569 -0.0206101 0.0114469 0.0543947 0.0503587 0.0560044 0.0482937 -0.00661063 -0.00834642 0.0601077 0.0827236 0.0494702 0.0240485 0.0726259 0.0344236 0.067735 0.00563715 0.0333305 0.00334269 0.0787113 0.0702444 0.0675329 0.0467493 0.0616538 0.0440399 0.0354982
internal_weight=9985.16 3902.59 3098.86 2107.03 6082.57 1094.75 98.9929 1893.11 1481.17 1093.69 659.918 803.729 783.799 368.764 117.965 250.799 92.2681 991.838 387.484 433.769 314.125 291.153 94.1485 9.66226 923.461 830.725 204.506 19.93 199.137 58.1017
internal_count=130596 26273 18047 13346 104323 18072 1522 11624 9598 6801 4168 8226 8109 1994 599 1395 539 4701 2797 2633 2888 2174 1481 139 4482 4124 1234 117 1204 424
cat_boundaries=0 1 2 3
cat_threshold=4 8 4
is_linear=0
shrinkage=0.05


Tree=17
num_leaves=31
num_cat=1
split_feature=3 3 1 3 2 2 2 2 3 1 3 2 2 2 3 3 2 2 2 0 3 4 1 2 4 5 2 2 2 2
split_gain=2610.9 35.2896 45.0147 32.5897 28.5928 25.6902 18.4905 49.216 46.8936 34.5954 34.1611 31.3608 27.0791 29.9889 40.2207 29.6188 23.8832 44.0629 32.6604 25.4618 24.0869 31.4652 108.227 37.7656 28.4356 21.5896 20.1508 41.115 19.7513 21.0911
threshold=-6.1618438335499954 -6.00910642487516 301.50000000000006 -6.9170352432702478 977.50000000000011 15132.500000000002 12146.500000000002 12410.500000000002 -4.269622801651094 17021.500000000004 -5.1995235008846867 12590.500000000002 11485.500000000002 10965.500000000002 -5.0687710340664163 -5.8184423202478817 7480.0000000000009 7990.5000000000009 7413.5000000000009 1.4664721296296299 -5.4359260371889944 19.50728921640874 6290.5000000000009 1826.5000000000002 86.503444366713168 0 5055.5000000000009 5667.5000000000009 3800.5000000000005 4763.5000000000009
decision_type=2 2 2 2 2 2 2 2 2 2 2 2 2 2 2 2 2 2 2 2 2 2 2 2 2 1 2 2 2 2
left_child=3 2 -2 -1 -3 6 8 9 12 10 -8 -9 13 16 15 -15 18 -18 20 -20 24 22 23 -22 -6 -24 -23 -28 -25 -30
right_child=1 4 -4 -5 5 -7 7 11 -10 -11 -12 -13 -14 14 -16 -17 17 -19 19 -21 21 26 25 28 -26 -27 27 -29 29 -31
leaf_value=-0.030046724016589112 0.310972158940235 -0.015042465604997191 0.027487302842738481 -0.0092534540468583518 0.10045654878871633 0.0087014494620990118 0.034201483649311956 0.014923902292806835 0.0074533216428259805 0.35534825214051119 0.21049085044557991 0.092203427805696736 0.032431393154570325 0.2002905130795356 0.18873017984552287 0.023208754031997333 -0.035416649583932584 0.073130921763057452 0.10527232209372302 0.33600775170819697 0.16166239672516522 -0.031342878112870384 0.30136180303896221 -0.026235100265919853 0.22682937143599921 0.14245005582608411 0.22356664990506273 0.015173044176495322 0.1726590794339796 0.031284493399464541
leaf_weight=2037.8469897136092 1.4475992619991291 7.3972859755158415 42.898363115265965 207.64124604687095 72.164902776479721 11.208167148753999 4.2378911040723315 13.679598089307545 22.904780276119709 2.4290819764137259 7.8166563026607028 325.57488300465047 25.59487908706069 3.1660893931984893 15.587997822090982 9.290164779871704 10.416186194866894 91.265087679028511 2.3633800297975531 2.4198459051549435 6.250400085002183 10.310403740033509 5.9310035854578018 11.016917299479248 4.7440043166279784 3.3415088318288308 3.0355395451188079 10.744445275515316 3.3338626809418193 12.641499135643242
leaf_count=114394 33 161 1144 6799 772 183 43 179 405 27 60 3530 338 32 140 104 162 1058 11 29 62 145 72 209 47 39 22 163 42 191
internal_value=-0.00123801 0.0799933 0.0367412 -0.028124 0.0827378 0.0837838 0.0850209 0.0929408 0.0764408 0.183203 0.148515 0.0890873 0.0816452 0.0861759 0.135203 0.0682188 0.0806756 0.0620114 0.0934729 0.222002 0.0891892 0.0671778 0.0930469 0.0509143 0.108252 0.244095 0.0215237 0.0610793 0.0252692 0.0607876
internal_weight=2988.7 743.212 44.346 2245.49 698.866 691.469 680.261 353.738 326.523 14.4836 12.0545 339.254 303.618 278.023 28.0443 12.4563 249.979 101.681 148.298 4.78323 143.514 66.6056 42.5152 33.2427 76.9089 9.27251 24.0904 13.78 26.9923 15.9754
internal_count=130596 9403 1177 121193 8226 8065 7882 3839 4043 130 103 3709 3638 3300 276 136 3024 1220 1804 40 1764 945 615 504 819 111 330 185 442 233
cat_boundaries=0 1
cat_threshold=4
is_linear=0
shrinkage=0.05


Tree=18
num_leaves=31
num_cat=1
split_feature=3 0 5 4 3 2 4 1 3 3 3 0 3 3 1 2 2 0 4 2 2 2 3 1 3 3 1 4 1 0
split_gain=6170.77 156.881 89.3673 50.9899 39.8608 37.6491 30.9838 34.1814 29.8455 33.2187 29.1272 27.4145 24.8194 24.5576 23.3229 35.2353 31.3479 27.1236 23.2031 22.6887 22.4191 33.1061 22.297 39.8656 22.4712 22.2156 21.8103 26.0853 21.5874 21.2274
threshold=-8.0783915555075758 2.1004641203703707 0 20.882092430422869 -4.9907616810571973 14868.500000000002 3.5327068242902757 35730.500000000007 -5.6162743828288439 -7.8203046404058112 -4.4224507614001194 4.8382148495370378 -6.9790176063682514 -12.702130232536012 1567.5000000000002 1446.5000000000002 15062.500000000002 4.5532027835648163 0.39339827910599073 15163.500000000002 2120.5000000000005 977.50000000000011 -6.7235382566165631 6731.5000000000009 -6.4666728876018658 -9.0388875314224375 1100.5000000000002 4.6388387182848723 1219.5000000000002 0.34354118634259267
decision_type=2 2 1 2 2 2 2 2 2 2 2 2 2 2 2 2 2 2 2 2 2 2 2 2 2 2 2 2 2 2
left_child=3 29 8 13 6 18 12 22 9 -3 -7 -11 -4 -1 15 17 -17 -15 -6 -18 21 -13 23 -8 -24 -5 27 -12 -10 -2
right_child=1 2 4 25 5 10 7 -9 28 11 26 20 -14 14 -16 16 19 -19 -20 -21 -22 -23 24 -25 -26 -27 -28 -29 -30 -31
leaf_value=0.02667924722403104 -0.08294307609608359 -0.021136002139542462 -0.074836476227043869 0.033107731493379304 -0.11914820878469404 0.0062830242484771233 -0.0059356624424443376 -0.050411882497416953 -0.053049692830594554 -0.05640526832008759 -0.077985076501651984 -0.018447294126593031 -0.039329264230384707 -0.16892636545392403 0.020873381087475589 0.0079329456685082837 -0.14376248943489428 0.036103623373849932 0.002289246682315331 0.035301404080382182 -0.041233802007592954 -0.10035351873452712 -0.050422901001417032 -0.030124017543740653 -0.029713037976087292 0.019317968837671222 0.022321478000176483 -0.21263533165923434 -0.023514120941051968 -0.058472325877049813
leaf_weight=899.43362474441528 101.49132105708122 110.79897712171078 69.294705748558044 5620.4452626109123 4.0262677520513526 11.16150291264057 259.16030436009169 191.93482613563538 83.219185411930084 753.72445358335972 12.893568269908434 18.239433497190475 169.84085572510958 5.326851211488246 318.16527662426233 159.4352972432971 5.9699956178665143 2.3136975094676018 170.74837899208069 2.513955257833004 808.3628799021244 38.124543681740761 161.39558958262205 497.04754854738712 695.08628353476524 308.07749982178211 3.4166765585541716 4.9884488433599463 241.10124216973782 698.90666520595551
leaf_count=12717 290 655 239 81331 17 84 1762 836 379 3191 54 78 797 39 4287 2105 32 24 1430 33 3665 145 986 3042 4328 4051 27 32 1365 2575
internal_value=0.000947691 -0.0412484 -0.0374687 0.0303684 -0.0305876 -0.00969273 -0.0327063 -0.0304652 -0.0450114 -0.0476219 -0.0591442 -0.0494351 -0.0496182 0.0217609 0.0128009 -0.00182864 0.00294949 -0.10684 -0.000508297 -0.0907025 -0.0433597 -0.0738486 -0.0280913 -0.0218344 -0.0336156 0.0323911 -0.0934311 -0.115548 -0.0310928 -0.0615752
internal_weight=12426.6 5104.96 4304.57 7321.68 2250.99 207.235 2043.76 1804.62 2053.57 1729.25 32.4602 1618.45 239.136 1393.16 493.725 175.56 167.919 7.64055 174.775 8.48395 864.727 56.364 1612.69 756.208 856.482 5928.52 21.2987 17.882 324.32 800.398
internal_count=130596 25977 23112 104619 13634 1644 11990 10954 9478 7734 197 7079 1036 19237 6520 2233 2170 63 1447 65 3888 223 10118 4804 5314 85382 113 86 1744 2865
cat_boundaries=0 1
cat_threshold=8
is_linear=0
shrinkage=0.05


Tree=19
num_leaves=31
num_cat=0
split_feature=3 3 0 3 4 0 2 2 1 4 3 1 4 2 2 1 2 2 2 3 3 4 1 4 2 3 2 1 4 3
split_gain=4627.99 897.706 91.6468 49.9971 41.6602 36.7868 34.5208 34.4318 33.1352 44.9071 32.6311 32.8796 28.7081 28.6801 28.0402 24.1691 23.3206 40.4872 32.6618 31.2343 23.0266 24.1135 21.4447 28.1241 23.7432 34.4052 29.2194 21.3673 29.3488 23.3859
threshold=-8.1184156488641683 -5.9689959068912115 4.5250034953703722 -11.793309207584175 6.2376527853301784 1.4664721296296299 722.50000000000011 15062.500000000002 17767.500000000004 22.923179279297461 -7.6981023368751105 32609.500000000004 241.20189124312574 4108.5000000000009 14821.500000000002 301.50000000000006 4645.5000000000009 8677.5000000000018 8263.5000000000018 -6.9790176063682514 -6.0867691321245561 2.5892505814121369 7306.5000000000009 39.831334079005778 14722.500000000002 -7.1035840270257022 14812.500000000002 1836.5000000000002 3.0725797804206416 -5.4867158005630516
decision_type=2 2 2 2 2 2 2 2 2 2 2 2 2 2 2 2 2 2 2 2 2 2 2 2 2 2 2 2 2 2
left_child=3 2 5 -1 7 -2 -3 -5 9 15 -4 12 20 -10 -8 -7 -11 18 19 -18 21 -12 24 -24 -23 -26 -27 28 -16 -30
right_child=1 6 10 4 -6 8 14 -9 13 16 11 -13 -14 -15 27 -17 17 -19 -20 -21 -22 22 23 -25 25 26 -28 -29 29 -31
leaf_value=-0.032018389309252014 0.073788186176835399 0.054991851260708026 0.024956345394954327 0.0033012814188897498 -0.023184260064521747 0.014525112087739912 -0.014472008638464557 0.12650962181706252 0.094216772644802313 0.00043741721546228539 0.070991168595722742 0.062584857962449142 -0.016383752932583484 0.06065489433987066 -0.015150847506733692 0.06302259122898575 0.022406589506378635 0.033333917209719927 0.15794327773459638 0.09673542455143419 0.014443302822910604 0.027764078587800129 0.05832575418417342 0.037855020629060647 0.0078632525127594662 0.13490976706528479 0.057107218542207322 -0.017899157700179576 0.084734969591093237 0.015656147254794171
leaf_weight=4705.53222771734 344.17970356345177 20.689714625477791 224.48274636268616 94.087434839457273 949.23166684061289 27.257294610142708 648.16223777830601 6.0341422632336608 78.61561094969511 38.468927726149559 81.701866060495377 234.69928298145533 20.564195267856121 334.48081392049789 25.757110498845577 446.73464976996183 26.878635853528973 291.01793425530195 10.385296024382113 29.807624526321892 66.030025385320187 332.16777047514915 346.37802989035845 325.41333055496216 26.746018074452877 15.581405282020567 53.513157680630684 38.20644922554493 24.917118333280087 24.104135848581791
leaf_count=86251 1197 114 1636 1481 16550 140 6837 41 342 235 320 1016 136 1592 228 2289 161 1805 56 166 460 2180 1961 2077 162 102 310 369 137 245
internal_value=-0.000820856 0.0395164 0.0507599 -0.0298176 -0.0199487 0.0592723 -0.00873305 0.0107268 0.0553803 0.0498465 0.0427376 0.0453938 0.042212 0.067042 -0.0104652 0.0602337 0.037431 0.0414052 0.0764258 0.0614913 0.0431779 0.0447838 0.0428369 0.0484098 0.0340898 0.0560137 0.0746523 0.0125205 0.0280628 0.0507684
internal_weight=9891.83 4136.94 3355.1 5754.89 1049.35 1627.83 781.837 100.122 1283.65 870.55 1727.28 1502.8 1268.1 413.096 761.147 473.992 396.558 358.089 67.0716 56.6863 1247.53 1181.5 1099.8 671.791 428.008 95.8406 69.0946 112.985 74.7784 49.0213
internal_count=130596 26273 18343 104323 18072 7983 7930 1522 6786 4852 10360 8724 7708 1934 7816 2429 2423 2188 383 327 7572 7112 6792 4038 2754 574 412 979 610 382
is_linear=0
shrinkage=0.05


Tree=20
num_leaves=31
num_cat=1
split_feature=3 3 3 1 2 4 1 2 5 1 2 2 3 2 2 0 2 3 2 2 1 4 2 2 0 1 4 2 4 2
split_gain=2217.36 30.8834 27.1465 33.1534 25.1399 21.7545 24.4967 21.4617 16.0054 19.991 15.9543 48.8831 19.1508 62.5806 16.5101 41.6089 15.067 26.3636 16.8265 20.6431 14.4922 24.8225 21.7442 35.4413 20.0311 17.0386 24.6589 40.5864 66.9702 45.332
threshold=-6.1618438335499954 -6.9170352432702478 -5.9689959068912115 1706.5000000000002 977.50000000000011 1.4712513167492045 1567.5000000000002 15132.500000000002 0 22865.500000000004 12590.500000000002 12671.000000000002 -6.1297131749536229 13579.500000000002 2266.0000000000005 5.7356091608796307 15092.500000000002 -3.6665527722616669 15051.500000000002 15013.500000000002 172.50000000000003 3.0725797804206416 14884.500000000002 14868.500000000002 1.7819519039351854 2975.5000000000005 26.755987656515657 14548.500000000002 24.528193406474625 13175.500000000002
decision_type=2 2 2 2 2 2 2 2 1 2 2 2 2 2 2 2 2 2 2 2 2 2 2 2 2 2 2 2 2 2
left_child=1 -1 3 5 -4 -2 -7 8 9 -6 14 -12 13 -13 15 -5 17 18 19 20 -10 22 23 -22 -23 -26 27 29 -29 -27
right_child=2 -3 4 10 7 6 -8 -9 16 -11 11 12 -14 -15 -16 -17 -18 -19 -20 -21 21 24 -24 -25 25 26 -28 28 -30 -31
leaf_value=-0.029840625956250283 0.23495082549080881 -0.0097181416465021691 -0.021412068386402198 0.0058095598244974744 0.0077409782187144466 0.053665867251541634 0.2230164574448269 0.0040792708275151158 0.031233760198243112 0.20067257401811803 0.30838273929427668 0.52382973553100276 0.012890353102593222 -0.0062893985920547671 -0.014278146198038187 0.43039296970629248 0.16488962502914473 0.0077408918799539332 -0.03814971653549537 0.18012537870739831 0.096727311386557713 0.092870470481631898 0.14670217478897515 -0.038313467493250847 0.054576832260357748 0.096062179762477162 0.064875682021266215 0.11175838016859885 0.41190175974929022 -0.024516580286781012
leaf_weight=1939.0054381052032 2.4033487178385284 211.47496540099382 7.1526626050472251 2.471564438194036 14.954007901251318 16.678073337301615 2.4489247538149348 11.193233821541069 17.908692944794893 1.4751082733273495 1.7216273397207285 0.80651115998626055 18.121511237695813 1.7974497284740207 29.252433558925986 0.75278369151055802 4.629706446081399 14.528624268248675 3.2242475748062125 4.7580148987472048 76.999703880399466 100.62885331735015 19.693360179662704 5.1859304979443541 152.37145849876106 85.399734759703279 201.62150572426617 6.7397438511252385 2.5661245211958885 8.5776913687586767
leaf_count=114394 34 6799 155 54 227 270 24 176 145 13 20 24 325 55 649 18 32 240 29 37 613 486 97 33 2077 1103 2248 73 25 121
internal_value=-0.0012327 -0.0278618 0.0689401 0.0405763 0.0718721 0.0931644 0.0753487 0.072783 0.0738493 0.0250636 0.0199615 0.0523757 0.0311097 0.157902 -0.00244233 0.104936 0.0749864 0.074392 0.0758042 0.0763426 0.075614 0.0768186 0.0995136 0.0882062 0.0726743 0.0682298 0.0750527 0.0949195 0.194524 0.0850565
internal_weight=2966.54 2150.48 816.063 76.4542 739.608 21.5303 19.127 732.456 721.263 16.4291 54.9239 22.4471 20.7255 2.60396 32.4768 3.22435 704.833 700.204 685.675 682.451 677.693 659.784 101.879 82.1856 557.905 457.276 304.905 103.283 9.30587 93.9774
internal_count=130596 121193 9403 1473 7930 328 294 7775 7599 240 1145 424 404 79 721 72 7359 7327 7087 7058 7021 6876 743 646 6133 5647 3570 1322 98 1224
cat_boundaries=0 1
cat_threshold=1
is_linear=0
shrinkage=0.05


Tree=21
num_leaves=31
num_cat=3
split_feature=3 0 5 4 3 2 3 1 4 4 1 2 5 3 5 2 4 2 2 2 1 0 2 2 4 2 2 2 2 2
split_gain=5378.87 131.235 75.1428 50.2593 31.6699 32.1033 27.4054 28.5273 37.1332 26.0816 26.6474 24.5158 23.2986 22.6034 20.6711 24.2322 23.4664 30.6522 31.8356 27.2107 26.2626 27.9838 31.7475 23.9167 29.3974 23.2925 29.9859 22.8747 25.4606 26.7842
threshold=-8.1184156488641683 2.1004641203703707 0 20.882092430422869 -4.9907616810571973 14868.500000000002 -7.8631209890270393 22158.000000000004 22.923179279297461 2.095937416300369 35730.500000000007 15132.500000000002 1 -7.9467294757955615 2 13474.500000000002 46.601118668377531 14916.500000000002 14938.500000000002 14517.500000000002 4479.5000000000009 4.2986947685185202 8163.5000000000009 8938.0000000000018 8.5395426052325742 11760.500000000002 10369.000000000002 977.50000000000011 3371.5000000000005 4763.5000000000009
decision_type=2 2 1 2 2 2 2 2 2 2 2 2 1 2 1 2 2 2 2 2 2 2 2 2 2 2 2 2 2 2
left_child=3 -2 6 12 9 -6 -3 8 -8 -4 13 -7 -1 -11 16 -16 17 20 -19 25 23 22 -22 24 27 26 -18 -15 -29 -30
right_child=1 2 4 -5 5 11 7 -9 -10 10 -12 -13 -14 14 15 -17 19 18 -20 -21 21 -23 -24 -25 -26 -27 -28 28 29 -31
leaf_value=0.033249459058982696 -0.054675579213344441 -0.013959172032518029 -0.054108238105531219 0.032212785718377351 4.6068117362011175e-05 -0.072684804867039807 -0.044307442923231806 -0.050571094010456341 -0.028355144652816251 0.0038494829237199022 -0.044664247656089687 0.036446766246668205 0.017676210502310163 -0.11275441660839398 0.028484953861016262 -0.042797931055372725 -0.023644412335884466 -0.10811443277986613 -0.042387044983809803 0.0053545705032253315 -0.033495052417655151 -0.029746059833697144 -0.078747106344240175 -0.013155160495709231 -0.0084691084057689249 -0.036706281692660492 0.020201234835549819 -0.0051736499809996112 -0.12057889143602599 -0.043089660620647771
leaf_weight=315.1187930777669 843.0793499276042 97.085751578211784 97.520314805209637 5584.3912412449718 176.81020636111498 28.135998539626598 852.85098794102669 577.85553024709225 637.47631414234638 62.359232611954212 206.85313645750284 6.2981502115726462 1009.7134692072868 13.632260888814924 34.736145302653313 18.152929149568081 154.65153604745865 23.740840077400208 82.247370228171349 96.135926276445389 84.649110645055771 464.27506993710995 71.495138853788376 346.89621792733669 60.132359638810158 194.06981818377972 52.141916915774345 29.53784953057766 14.680633589625357 46.389840617775917
leaf_count=4654 2904 642 389 85182 1447 140 3659 2092 3184 532 857 57 14487 65 215 103 895 93 378 657 424 2665 358 2135 378 1196 313 158 83 254
internal_value=0.000955301 -0.036562 -0.0331915 0.0301357 -0.027031 -0.00855581 -0.0399218 -0.0411405 -0.037484 -0.0288426 -0.0276447 -0.0527242 0.0213804 -0.0257416 -0.0267739 0.00401878 -0.0277127 -0.0313979 -0.0571097 -0.0185355 -0.0289898 -0.0359043 -0.054215 -0.0205992 -0.0363094 -0.0242649 -0.012589 -0.0523694 -0.0432843 -0.0617172
internal_weight=12283.1 5373.89 4530.81 6909.22 2365.54 211.244 2165.27 2068.18 1490.33 2154.3 2056.78 34.4341 1324.83 1849.92 1787.56 52.8891 1734.68 1237.68 105.988 496.999 1131.69 620.419 156.144 511.269 164.373 400.863 206.793 104.241 90.6083 61.0705
internal_count=130596 26273 23369 104323 13792 1644 9577 8935 6843 12148 11759 197 19141 10902 10370 318 10052 6991 471 3061 6520 3447 782 3073 938 2404 1208 560 495 337
cat_boundaries=0 1 2 3
cat_threshold=8 1 4
is_linear=0
shrinkage=0.05


Tree=22
num_leaves=31
num_cat=1
split_feature=3 3 0 3 3 4 5 2 3 2 2 1 4 4 1 3 0 1 3 2 2 3 2 2 3 2 2 4 2 0
split_gain=4031.51 744.276 77.1562 65.997 42.4214 37.1726 36.121 30.6946 26.1777 26.2099 25.5821 22.212 22.1057 22.0109 29.14 26.7865 23.5145 19.7801 19.7562 19.3459 52.4091 19.2881 24.3922 59.5912 25.9155 22.4666 46.6356 30.8197 23.6646 19.1086
threshold=-8.199179859084337 -5.9689959068912115 2.5866712152777782 -7.9467294757955615 -12.459983534769718 6.2376527853301784 0 722.50000000000011 -5.5265860328747483 14821.500000000002 15062.500000000002 21253.500000000004 22.923179279297461 3.8867423158524548 6731.5000000000009 -6.8852223000276203 5.7658256597222231 1836.5000000000002 -6.0867691321245561 7106.0000000000009 8677.5000000000018 -6.2999023299505419 5860.5000000000009 7343.5000000000009 -6.6262606913584756 14757.500000000002 14812.500000000002 9.8730282729676997 12913.500000000002 0.34354118634259267
decision_type=2 2 2 2 2 2 1 2 2 2 2 2 2 2 2 2 2 2 2 2 2 2 2 2 2 2 2 2 2 2
left_child=4 2 29 -4 -1 10 11 -3 9 -9 -6 12 18 17 15 -15 -16 -8 -5 -14 -21 22 -17 24 -24 28 -27 -28 -25 -2
right_child=1 7 3 6 5 -7 13 8 -10 -11 -12 -13 19 14 16 21 -18 -19 -20 20 -22 -23 23 25 -26 26 27 -29 -30 -31
leaf_value=-0.031968749850245774 0.082092179415878916 0.049244788118131586 0.0072913310614328491 0.052397809812127411 0.0010542582432605874 -0.023884894520220256 0.039599318868046053 -0.0063928216354692986 -0.018009937835750875 0.031325512901694413 0.099289321658191806 0.056728837785766352 0.0095654346191521872 0.0063532680765906241 0.046369904375660492 -0.0081453864735014699 0.028698020645245244 0.076605864383905181 0.0054431607880693362 0.10912510977095674 0.033765622467271654 0.014925638870379569 0.30118424716441961 0.064091657011252828 0.10524707821799698 0.2331034707600429 0.11458457901929392 -0.0048163089938935734 0.0054747742177356836 0.055842718319449675
leaf_weight=4299.1138384863734 76.988718651235104 21.904848203063011 141.01144431531429 490.59249529242516 93.003885574638844 1008.995536390692 90.815448634326458 235.09316775202751 476.26276273280382 57.279195293784142 7.1359006911516181 476.74251036345959 64.83935920894146 153.59997521340847 473.21284206956625 17.309925399720669 312.58016971498728 59.941779211163521 23.473889529705048 24.943820089101791 307.31747440993786 78.776504747569561 3.2517972514033318 30.635820232331753 3.5082765817642203 4.4414991885423687 10.869888797402384 10.748666696250437 39.31487300246954 697.03038707375526
leaf_count=83586 229 114 1497 2159 1489 18611 397 2213 5221 382 45 1858 351 1171 2853 129 1929 242 126 132 1721 605 24 227 25 33 49 79 335 2764
internal_value=-0.000837443 0.0348047 0.0444713 0.0406307 -0.0297195 -0.0210012 0.0423869 -0.00911702 -0.0107802 0.000996645 0.00805443 0.0479842 0.0434089 0.0363601 0.0339823 0.022037 0.0393402 0.0543133 0.0502537 0.0345479 0.0394231 0.0341513 0.046764 0.0560125 0.199499 0.0459097 0.0855363 0.0552189 0.0311468 0.0584537
internal_weight=9790.74 4382.49 3591.95 2817.93 5408.25 1109.14 2676.92 790.54 768.635 292.372 100.14 1387.91 911.167 1289.01 1138.25 352.457 785.793 150.757 514.066 397.101 332.261 198.857 120.081 102.771 6.76007 96.0107 26.0601 21.6186 69.9507 774.019
internal_count=130596 26865 18935 15942 103731 20145 14445 7930 7816 2595 1534 6347 4489 8098 7459 2677 4782 639 2285 2204 1853 1506 901 772 49 723 161 128 562 2993
cat_boundaries=0 1
cat_threshold=8
is_linear=0
shrinkage=0.05


Tree=23
num_leaves=31
num_cat=1
split_feature=3 3 2 2 3 3 2 2 2 4 2 2 4 4 5 2 2 3 2 3 3 2 2 2 2 0 4 1 1 2
split_gain=1914.54 29.2639 24.1085 40.3179 35.8518 31.7857 23.8853 33.0884 20.4337 19.3396 17.6278 52.3628 20.1428 41.456 17.9522 21.5728 18.7209 15.6275 41.4728 15.5264 17.0612 15.197 15.8084 33.5418 19.1131 33.991 18.3667 49.7181 21.7632 20.3815
threshold=-6.1618438335499954 -6.9170352432702478 12146.500000000002 12410.500000000002 -6.00910642487516 -4.269622801651094 12590.500000000002 12671.000000000002 15132.500000000002 51.560251340112792 11163.500000000002 10965.500000000002 24.528193406474625 6.8046686379792378 0 11648.500000000002 11911.500000000002 -4.0029633089292487 14548.500000000002 -5.0687710340664163 -5.4867158005630516 977.50000000000011 7480.0000000000009 7990.5000000000009 7413.5000000000009 2.0477117881944453 12.771672403379386 11169.500000000002 568.50000000000011 4645.5000000000009
decision_type=2 2 2 2 2 2 2 2 2 2 2 2 2 2 1 2 2 2 2 2 2 2 2 2 2 2 2 2 2 2
left_child=1 -1 4 -4 -2 10 -5 9 17 -8 11 21 13 -12 16 -16 -15 -9 -19 20 -13 -6 24 -24 26 -26 28 -28 -23 -29
right_child=2 -3 3 6 5 -7 7 8 -10 -11 12 19 -14 14 15 -17 -18 18 -20 -21 -22 22 23 -25 25 -27 27 29 -30 -31
leaf_value=-0.029625066361595866 -0.0033914440083911085 -0.010134723233035508 0.13977884845458585 0.0061165262625185249 -0.01425100799099417 0.0020511832815045517 0.081501530760038091 0.065117911794901284 0.0033551228304903261 0.25398504458581267 -0.021511155424899068 0.14129218838308649 -0.011315685884045712 -0.022089460210257202 0.21031803880833941 0.052152433053752514 0.16653786884542748 -0.025178677093106075 0.13134435297675282 0.17666221887565609 -0.0049426183205153037 0.024232239062120044 -0.035712123607381428 0.054402121295517483 0.066951412103004523 0.30644568509171433 0.0076951090698467997 0.035558093305043073 0.093359121367183009 0.10524688558521221
leaf_weight=1844.6503225127235 27.428826509043574 215.04092761315405 18.985336914658546 16.38105888850987 7.0738535970449439 25.802047558128834 2.8847611993551245 373.2768080085516 12.665438152849672 3.7218911275267601 9.8919033408164996 5.5890359356999397 17.833800509572029 3.8980222567915916 5.9571852944791299 3.3785399571061134 1.9853693954646585 5.1542000919580486 23.653110222890973 12.13125031813979 3.1013380512595194 13.501310925930737 11.408395890146492 108.85644699633121 4.070462852716445 2.3293697610497475 38.724924191832542 15.24129645898938 72.669608920812607 33.668600343167782
leaf_count=114394 666 6799 140 205 150 416 36 3658 201 25 117 43 199 64 35 28 31 103 165 72 25 132 162 1058 19 21 519 153 731 229
internal_value=-0.00120196 -0.0275902 0.0604726 0.0684459 0.051895 0.0557137 0.0653521 0.067655 0.0658866 0.178671 0.0594426 0.0633824 0.0293178 0.0581757 0.109969 0.153079 0.0415634 0.0678563 0.103339 0.140118 0.0891053 0.0581872 0.0598926 0.0458538 0.0692617 0.154121 0.066137 0.0500196 0.0825283 0.0835305
internal_weight=2940.96 2059.69 881.264 456.723 424.542 397.113 437.737 421.356 414.75 6.60665 371.311 328.366 42.9448 25.111 15.2191 9.33573 5.88339 402.084 28.8073 20.8216 8.69037 307.544 300.47 120.265 180.206 6.39983 173.806 87.6348 86.1709 48.9099
internal_count=130596 121193 9403 4533 4870 4204 4393 4188 4127 61 3788 3314 474 275 158 63 95 3926 268 140 68 3174 3024 1220 1804 40 1764 901 863 382
cat_boundaries=0 1
cat_threshold=4
is_linear=0
shrinkage=0.05


Tree=24
num_leaves=31
num_cat=3
split_feature=3 0 5 4 0 1 2 4 3 5 2 4 1 2 3 4 1 3 4 5 2 1 1 2 2 3 2 1 4 1
split_gain=4721.59 112.622 52.7874 51.8206 29.0998 25.7108 28.9812 35.334 31.7297 23.7067 20.781 20.4864 28.0393 20.3716 20.2184 19.3603 23.9776 18.8855 18.4241 18.16 17.2412 17.046 15.6034 15.3682 14.8394 14.7919 14.6346 14.034 24.3015 20.0767
threshold=-8.1184156488641683 2.8853423263888893 0 20.882092430422869 0.9777775520833335 35730.500000000007 14847.500000000002 14.465140358121516 -4.9907616810571973 1 1976.5000000000002 18.255617303829769 23332.500000000004 14985.500000000002 -9.0388875314224375 3.8867423158524548 7423.5000000000009 -6.9790176063682514 0.39339827910599073 2 14838.500000000002 8058.5000000000009 22158.000000000004 15163.500000000002 1976.5000000000002 -7.9937480013767246 5138.5000000000009 12018.500000000002 104.59260519972791 23564.000000000004
decision_type=2 2 1 2 2 2 2 2 2 1 2 2 2 2 2 2 2 2 2 1 2 2 2 2 2 2 2 2 2 2
left_child=3 4 11 9 -2 6 8 23 15 -1 -10 22 -13 27 -5 17 -17 -4 -12 21 -6 26 -3 -8 -19 -23 -18 -9 29 -29
right_child=1 2 5 14 20 -7 7 13 10 -11 18 12 -14 -15 -16 16 19 24 -20 -21 -22 25 -24 -25 -26 -27 -28 28 -30 -31
leaf_value=0.033046899724884164 -0.058043912783959463 -0.038744827548849302 -0.055586676119796521 0.032671476086786104 -0.038848442108232045 -0.040314373139051569 -0.058055170443002603 -0.012830589531659936 -0.059690569002004285 0.016917289527108356 -0.094232832959227866 -0.0244974075666409 -0.039972621083862514 0.018024731430697032 0.018545851324248849 -0.011360334021514878 0.0095573387435451806 -0.067719089206004945 0.010786976679142067 0.033874273030969508 -0.059688529890955556 0.020027610988790037 -0.064169556076386192 -0.0060385866171780416 -0.018834419117377228 -0.025191225053882733 -0.070955040561749935 -0.1298821835937666 0.028853336352731559 -0.02264931488400208
leaf_weight=297.64149545133114 337.51777770370245 731.08598600327969 75.173667818307877 5009.1338744498789 912.56997203826904 204.13186740875244 136.68058816343546 42.370711132884026 12.472356177866457 970.89885505288839 4.3063368201255789 748.31550878286362 480.75938622653484 32.659096017479897 266.81428932398558 562.47764865309 6.7840944007039061 17.659088596701622 138.22763554751873 12.968451946973799 111.35500599443913 18.542560048401356 65.775099024176598 15.845897629857062 128.41885026544333 733.25263069570065 33.588481321930885 11.338495157659059 5.7860271409153929 7.0970511585474005
leaf_count=4654 969 3005 275 81331 3612 814 562 254 69 14487 16 3722 1766 219 3851 3750 37 64 1214 88 375 174 213 86 619 4059 185 52 40 34
internal_value=0.00095428 -0.0328053 -0.0287759 0.0297755 -0.0453118 -0.0234129 -0.0216841 -0.0375416 -0.0193946 0.0207018 0.00219848 -0.0345991 -0.0305506 -0.0143216 0.0319571 -0.0215012 -0.0192812 -0.0352233 0.00761404 -0.0248148 -0.0411149 -0.0257756 -0.0408435 -0.0526512 -0.024744 -0.0240759 -0.057426 -0.0301853 -0.0605438 -0.0886012
internal_weight=12131.6 5587.16 4225.72 6544.49 1361.44 2199.78 1995.65 251.778 1743.87 1268.54 155.006 2025.94 1229.07 99.2514 5275.95 1588.87 1367.61 221.252 142.534 805.136 1023.92 792.168 796.861 152.526 146.078 751.795 40.3726 66.5923 24.2216 18.4355
internal_count=130596 26273 21317 104323 4956 12611 11797 1247 10550 19141 1299 8706 5488 599 85182 9251 8293 958 1230 4543 3987 4455 3218 648 683 4233 222 380 126 86
cat_boundaries=0 1 2 3
cat_threshold=8 1 4
is_linear=0
shrinkage=0.05


Tree=25
num_leaves=31
num_cat=0
split_feature=3 3 0 3 4 0 3 2 3 1 4 1 3 2 1 4 1 2 2 2 2 2 2 2 2 2 3 4 4 4
split_gain=3536.34 639.856 65.285 43.8721 36.2865 30.5543 29.4959 26.8143 24.2052 23.7351 24.5373 23.6697 24.6563 26.0646 27.7006 25.0925 33.7797 23.4523 23.071 22.471 21.08 20.2861 22.2057 25.2202 20.5073 20.036 19.8497 22.0952 19.5308 20.8851
threshold=-8.199179859084337 -5.9689959068912115 4.2407709143518533 -12.459983534769718 6.2376527853301784 0.9777775520833335 -7.7797611397542754 722.50000000000011 -5.5265860328747483 32609.500000000004 241.20189124312574 40864.500000000007 -7.8203046404058112 14731.500000000002 358.50000000000006 55.19715661347437 8531.5000000000018 14821.500000000002 14757.500000000002 15062.500000000002 15489.500000000002 15092.500000000002 14974.500000000002 14985.500000000002 14965.500000000002 14644.500000000002 -6.1297131749536229 15.728093583246443 175.9093201798066 236.59731523805416
decision_type=2 2 2 2 2 2 2 2 2 2 2 2 2 2 2 2 2 2 2 2 2 2 2 2 2 2 2 2 2 2
left_child=3 2 5 -1 19 -2 28 -3 17 10 20 12 -7 15 -15 16 25 -9 -16 -5 21 22 24 -24 -8 -14 27 -20 -4 -30
right_child=1 7 6 4 -6 11 9 8 -10 -11 -12 -13 13 14 18 -17 -18 -19 26 -21 -22 -23 23 -25 -26 -27 -28 -29 29 -31
leaf_value=-0.031740741089991982 0.063555737818883462 0.043427500173673139 0.011783656346272183 0.0016761584733548586 -0.023287021914276833 0.020607025736671069 0.034049103331104003 -0.006913574183007482 -0.018056327866102454 0.049038538230979228 -0.014320511751976892 0.070302024105488067 0.04062974394308904 -0.018162051242957382 0.11586954621086668 0.031125743958133667 0.062777595039382614 0.028110100587470446 0.083185419587979675 0.091618284946927322 0.10356635896325039 -0.019667493600806999 0.14785224871916874 0.049362359307922848 -0.039096026676086554 -0.040964633234813412 -0.0052664012580441013 0.044518014444917438 0.11864736575820833 0.019859026361871555
leaf_weight=4057.8441096879542 243.73328570276499 23.248807102441788 199.92121472582221 91.495379682630301 961.42804987728596 114.64389306306839 1492.0297868400812 238.79022186249495 477.05023918300867 293.45604395866394 26.312199033796787 82.953371305018663 423.37544301897287 10.22925044596195 20.856338992714882 362.179069660604 233.97337122261524 59.758603349328041 77.388173758983612 7.514800213277339 10.928835168480871 17.48735273629427 8.6844727396965009 25.839217953383923 9.64443191885948 7.6597880646586409 10.873410716652868 70.691753126680851 9.2445278428494948 12.700261875987051
leaf_count=83586 745 114 1638 1489 18611 836 8172 2213 5221 1133 159 296 1990 45 79 1668 963 382 265 45 44 97 37 123 58 35 50 335 76 91
internal_value=-0.000840477 0.0311611 0.0397852 -0.0293743 -0.0203189 0.0472051 0.0339425 -0.00948267 -0.0110687 0.0359728 0.0335627 0.0443883 0.0427743 0.0448622 0.0618725 0.0417151 0.0474823 9.68901e-05 0.0664257 0.0085027 0.034368 0.0338812 0.0344908 0.0741376 0.0335793 0.0391798 0.0599381 0.064726 0.0166986 0.0614749
internal_weight=9681.94 4563.65 3764.81 5118.28 1060.44 1658.56 2106.25 798.848 775.599 1884.38 1590.93 1414.82 1331.87 1217.23 190.039 1027.19 665.009 298.549 179.81 99.0102 1564.61 1553.69 1536.2 34.5237 1501.67 431.035 158.953 148.08 221.866 21.9448
internal_count=130596 26865 18935 103731 20145 7307 11628 7930 7816 9823 8690 6562 6266 5430 774 4656 2988 2595 729 1534 8531 8487 8390 160 8230 2025 650 600 1805 167
is_linear=0
shrinkage=0.05


Tree=26
num_leaves=31
num_cat=1
split_feature=3 3 2 2 3 3 2 2 2 4 2 2 4 4 5 2 0 4 1 2 2 1 0 0 2 1 1 3 1 2
split_gain=1665.59 27.9908 19.6437 30.1051 29.6863 26.2634 19.6615 25.1482 16.6945 15.4225 14.018 40.8714 17.3975 34.0569 14.8882 14.2267 13.789 13.7846 37.9582 20.4461 33.8973 35.0893 24.3981 19.0178 24.6263 24.4676 18.2416 17.4698 15.7942 14.3724
threshold=-6.1618438335499954 -6.9170352432702478 12146.500000000002 12410.500000000002 -6.00910642487516 -4.269622801651094 12590.500000000002 12671.000000000002 15132.500000000002 25.0435371529937 11163.500000000002 10965.500000000002 24.528193406474625 7.6146885290671245 0 11911.500000000002 3.5193241956018531 37.102394474006971 7176.5000000000009 13985.500000000002 13717.500000000002 13139.500000000002 3.6853036342592604 4.2407709143518533 12778.500000000002 2897.5000000000005 6503.5000000000009 -5.4867158005630516 4201.5000000000009 13534.000000000002
decision_type=2 2 2 2 2 2 2 2 2 2 2 2 2 2 1 2 2 2 2 2 2 2 2 2 2 2 2 2 2 2
left_child=1 9 4 -4 -2 10 -5 -8 17 -1 11 -6 13 -12 15 -15 -7 23 -19 20 29 22 -22 25 28 27 -26 -9 -25 -20
right_child=2 -3 3 6 5 16 7 8 -10 -11 12 -13 -14 14 -16 -17 -18 18 19 -21 21 -23 -24 24 26 -27 -28 -29 -30 -31
leaf_value=-0.021249149220438527 -0.0039571589085683322 -0.010369473309977588 0.11840376296144828 0.004765441352607501 0.051299039422587338 0.037299216523699871 0.15044119210882956 0.044560939439061704 0.0023181628230484097 -0.032095658515920937 -0.01458886926438047 0.11984501832924693 -0.011745616306922141 -0.021579824919633974 0.13926349397809065 0.13554627711209796 -0.034955433219264455 0.0066470309977244195 0.072841029808343671 0.027490768484574268 0.12724539879159344 0.015788309210768719 0.30942387140601979 0.082227717500767031 0.056307488117619986 0.12261413173164518 0.0021073873677062713 0.083067144086892239 0.28094464985527068 -0.037895753552940552
leaf_weight=436.06155842356384 27.91999189928174 217.09622917510569 21.416982442140579 16.857264311984181 329.54469932429492 13.139738831669094 7.5187497511506072 46.432121440768242 12.962308345362542 1319.1667069140822 11.214211452752354 23.283289298415184 18.081132113933563 3.74348209425807 9.4016891866922361 2.3418178111314774 13.27286642976105 41.196923702955246 35.593199845403433 22.537436475977302 3.4784828536212427 2.8072951659560204 3.8964835666120052 2.1215204223990431 144.99395694769919 25.550413182005286 17.385407246649265 80.562632782384753 1.8913909643888471 3.1929821297526351
leaf_count=26072 666 6799 140 205 3174 135 61 318 201 88322 128 140 199 61 55 31 281 481 260 289 21 23 30 26 1547 155 178 544 18 36
internal_value=-0.00118008 -0.0273062 0.0535021 0.0604323 0.0459822 0.0492705 0.0577849 0.0597617 0.0582282 -0.029401 0.0524777 0.0558224 0.0261258 0.0517711 0.0998227 0.0388873 0.000989799 0.0599072 0.0448761 0.0669011 0.0850395 0.166231 0.223497 0.0652188 0.0535284 0.0779704 0.0505045 0.0689884 0.175888 0.0637249
internal_weight=2914.66 1972.32 942.338 490.396 451.943 424.023 468.979 452.121 444.603 1755.23 397.61 352.828 44.7823 26.7012 15.487 6.0853 26.4126 431.64 112.703 71.5059 48.9684 10.1823 7.37497 318.937 166.392 152.545 162.379 126.995 4.01291 38.7862
internal_count=130596 121193 9403 4533 4870 4204 4393 4188 4127 114394 3788 3314 474 275 147 92 416 3926 1140 659 370 74 51 2786 1769 1017 1725 862 44 296
cat_boundaries=0 1
cat_threshold=4
is_linear=0
shrinkage=0.05


Tree=27
num_leaves=31
num_cat=2
split_feature=3 0 5 4 5 4 1 2 4 3 3 3 0 0 3 4 1 2 2 3 3 4 1 2 2 2 4 3 0 1
split_gain=4167.51 99.8854 53.9298 53.1799 24.0496 23.7789 32.6988 37.8807 35.2803 27.2704 26.767 24.9739 21.0122 20.7754 20.7169 20.1923 33.1118 24.8761 41.0813 22.795 19.7944 19.6694 18.78 17.6267 28.1357 30.1122 17.5623 30.5456 27.0193 20.6232
threshold=-8.1184156488641683 2.1004641203703707 0 20.882092430422869 1 3.5327068242902757 6731.5000000000009 14856.500000000002 14.465140358121516 -4.675100551583407 -6.8852223000276203 -4.0029633089292487 0.34354118634259267 3.823567494212964 -9.0388875314224375 18.255617303829769 8634.5000000000018 14738.500000000002 14144.500000000002 -7.4074901662812271 -6.9790176063682514 4.2649771925406528 6395.5000000000009 10115.500000000002 11709.500000000002 11416.500000000002 65.053736679763801 -7.9467294757955615 4.8382148495370378 43048.500000000007
decision_type=2 2 1 2 1 2 2 2 2 2 2 2 2 2 2 2 2 2 2 2 2 2 2 2 2 2 2 2 2 2
left_child=3 12 15 4 -1 20 7 9 11 10 21 -9 -2 -12 -5 -3 17 18 23 -19 -4 -7 -21 -17 25 -25 28 -28 -18 -29
right_child=1 2 5 14 -6 6 -8 8 -10 -11 13 -13 -14 -15 -16 16 26 19 -20 22 -22 -23 -24 24 -26 -27 27 29 -30 -31
leaf_value=0.032851467817437127 -0.065714339633047153 -0.038064660300594688 -0.056020680660545663 0.032450277153978496 0.016186466411020017 -0.046020718180349827 -0.024954461958005564 -0.046380252227042902 -0.0007592318309533122 0.021200212736321614 -0.033821234543743375 -0.15186648968001271 -0.042119067980281817 -0.010918362543574325 0.017887517634127666 0.00099579838243372661 -0.054936065873702117 0.02347556592604174 0.023894486897329363 -0.063741064788509494 -0.027407727670368576 0.0092791735761136099 0.0025320461891316999 -0.048255094470584813 -0.017177268940522298 -0.17334031762064836 0.032275740978156997 -0.025440932248423233 -0.030455266837238489 -0.051938945062289847
leaf_weight=281.63411070778966 107.10139789432287 915.23054318875074 78.931130990386009 4725.7503279186785 935.92618088796735 17.64944539219141 1291.24855864048 93.765381500124931 48.656827442348003 72.15618072450161 138.30879509449005 5.9680704027414313 792.76179336756468 348.54059574753046 257.52688724920154 67.447595506906509 186.70569560676813 12.122057177126406 73.364199474453926 55.217776775360107 258.07769279927015 180.81075271964073 13.25573246181011 27.189991317689419 100.14625197649002 5.8458409309387198 20.800089053809643 491.98289151489735 284.38937372714281 86.311223357915878
leaf_count=4654 291 3530 250 81331 14487 101 6647 396 287 648 785 29 2613 2279 3851 332 722 62 385 248 1148 1222 65 119 476 27 166 1959 1222 264
internal_value=0.000945542 -0.029622 -0.0267963 0.0294089 0.0200413 -0.0217424 -0.0198455 -0.0125629 -0.0356637 -0.00803734 -0.0111158 -0.0526926 -0.0449274 -0.0174248 0.0316977 -0.0322695 -0.0285469 -0.0153049 -0.00812226 -0.0397231 -0.0341092 0.00436125 -0.0509113 -0.0198298 -0.0303766 -0.0703895 -0.0329345 -0.0272546 -0.0401576 -0.0293958
internal_weight=11974.8 5773.99 4874.12 6200.84 1217.56 2534.11 2197.1 905.856 148.39 757.466 685.31 99.7335 899.863 486.849 4983.28 2340.01 1424.78 354.589 273.994 80.5956 337.009 198.46 68.4735 200.63 133.182 33.0358 1070.19 599.094 471.095 578.294
internal_count=130596 26273 23369 104323 19141 13792 12394 5747 712 5035 4387 425 2904 3064 85182 9577 6047 1714 1339 375 1398 1323 313 954 622 146 4333 2389 1944 2223
cat_boundaries=0 1 2
cat_threshold=8 1
is_linear=0
shrinkage=0.05


Tree=28
num_leaves=31
num_cat=1
split_feature=3 3 0 3 3 4 3 2 2 4 1 0 2 2 2 2 2 4 1 2 5 1 1 0 4 1 4 2 2 1
split_gain=3118.88 556.252 56.9408 46.1196 45.1296 35.4024 34.0895 33.8729 49.0844 30.6061 42.4988 28.421 22.5892 20.643 38.3082 25.6631 19.8527 19.3109 18.3588 18.174 24.1843 33.6436 54.1279 17.9566 17.5554 31.794 23.1184 30.4984 45.9202 20.103
threshold=-8.199179859084337 -6.0523948069364035 2.5866712152777782 -7.9467294757955615 -12.459983534769718 6.2376527853301784 -5.5265860328747483 3730.0000000000005 3644.5000000000005 3.0725797804206416 8634.5000000000018 6.4870321875000014 977.50000000000011 14731.500000000002 14644.500000000002 14878.500000000002 15062.500000000002 16.96411985522268 764.50000000000011 199.50000000000003 0 4651.5000000000009 6937.5000000000009 0.34354118634259267 48.13050742481942 40864.500000000007 389.9424527656227 13245.500000000002 13474.500000000002 22158.000000000004
decision_type=2 2 2 2 2 2 2 2 2 2 2 2 2 2 2 2 2 2 2 2 1 2 2 2 2 2 2 2 2 2
left_child=4 2 23 -4 -1 16 -3 8 19 12 13 24 -5 14 -11 -15 -6 18 -17 -8 21 -21 -23 -2 -12 26 27 29 -29 -26
right_child=1 6 3 9 5 -7 7 -9 -10 10 11 -13 -14 15 -16 17 -18 -19 -20 20 -22 22 -24 -25 25 -27 -28 28 -30 -31
leaf_value=-0.031507053483085704 0.070758147738555641 0.0033623792686373419 0.0057729632163327311 -0.021316806698145705 0.0022653632371235294 -0.022703154354895248 0.11463935903824916 -0.02113278003637838 0.22916008196253224 0.023290541705720418 0.046903251531695625 0.021950359187649367 0.056559792532721267 0.058827237343372633 -0.035349082472495304 -0.0094467994555742993 0.085096683786991048 -0.0006513862778492834 0.054888052837255966 -0.022423487782298846 -0.018223212132991523 0.28092089952252203 0.01675627014863439 0.045685188753615734 0.011761075389151986 0.057339050935456062 -0.014654362933667221 0.13864868149188503 0.042879931321162995 0.033936911584037055
leaf_weight=3828.8963772654533 79.003437019884586 417.45277015119791 145.42706427723169 9.7631530165672284 90.108305897563696 918.64011022076011 3.8096168935298911 426.46454399079084 2.6421000584959975 735.55274893343449 630.42327999323606 236.5006507486105 201.35733577609062 90.53807920217514 28.947651356458664 14.157832518219946 7.865282103419303 48.718386061489582 51.157876059412956 7.2498971521854401 40.944318033754826 3.3138126879930496 4.6746086329221725 742.83477982878685 162.29615193605423 140.68992210924625 26.429921686649323 13.432322993874548 183.66154463589191 275.98590487986803
leaf_count=83586 223 3239 1497 32 1489 18611 15 4665 29 4181 2853 1158 680 467 180 65 45 298 212 67 431 33 41 2681 946 484 130 69 981 1208
internal_value=-0.000837055 0.028075 0.0364371 0.0332381 -0.0290206 -0.019656 -0.00713253 -0.0160901 0.0182446 0.0346398 0.033174 0.0380087 0.0529584 0.0248451 0.0210702 0.0389524 0.00891503 0.0231727 0.0409428 0.00895574 0.00178958 0.0555626 0.126339 0.0480955 0.0406591 0.0357539 0.0311652 0.0330712 0.0494068 0.0257252
internal_weight=9568.94 4723.43 3816.88 2995.04 4845.51 1016.61 906.552 489.099 62.6344 2849.61 2638.49 1669.42 211.12 969.073 764.5 204.572 97.9736 114.034 65.3157 59.9923 56.1826 15.2383 7.98842 821.838 1432.92 802.496 661.806 635.376 197.094 438.282
internal_count=130596 26865 18345 15441 103731 20145 8520 5281 616 13944 13232 7829 712 5403 4361 1042 1534 575 277 587 572 141 74 2904 6671 3818 3334 3204 1050 2154
cat_boundaries=0 1
cat_threshold=8
is_linear=0
shrinkage=0.05


Tree=29
num_leaves=31
num_cat=2
split_feature=3 4 3 2 3 4 4 1 2 2 5 1 2 2 4 1 1 2 3 2 2 2 2 2 2 4 2 1 5 0
split_gain=1463.08 28.0285 18.0986 17.2351 15.2494 16.5212 10.7847 17.5882 15.2678 29.2313 29.4404 10.6263 17.054 19.5474 25.5783 25.2523 29.4561 24.9458 24.0076 19.8877 36.8723 27.1022 33.2712 20.5038 23.5436 18.9478 18.8251 16.5517 27.5333 14.9653
threshold=-6.1618438335499954 50.667246900856171 -6.9170352432702478 977.50000000000011 -5.9170352432702478 14.891940818146713 12.393196924726686 7423.5000000000009 14838.500000000002 14938.500000000002 0 9365.5000000000018 15132.500000000002 14334.500000000002 38.473919700717282 3239.5000000000005 6068.5000000000009 14356.500000000002 -4.0029633089292487 13896.500000000002 13787.500000000002 13175.500000000002 12864.500000000002 1976.5000000000002 2678.5000000000005 6.4988130048797972 15092.500000000002 5144.5000000000009 1 1.8857531770833333
decision_type=2 2 2 2 2 2 2 2 2 2 1 2 2 2 2 2 2 2 2 2 2 2 2 2 2 2 2 2 1 2
left_child=1 2 -1 -2 5 6 8 -8 -5 10 -10 12 13 18 15 17 -17 -15 19 20 21 22 23 -6 -25 -21 29 28 -26 -19
right_child=3 -3 -4 4 11 -7 7 -9 9 -11 -12 -13 -14 14 -16 16 -18 26 -20 25 -22 -23 -24 24 27 -27 -28 -29 -30 -31
leaf_value=-0.023503381144567622 -0.019477446740919238 -0.032300925287001341 -0.0041006110280359699 0.025814287829952317 0.093839651591516873 0.015054484815270325 0.15554746500305736 -0.034995481959154605 0.29712018897970588 0.028112129097346714 0.069965717625864621 0.060088803745099506 -0.020483088883231935 0.149998550669523 0.009943285596662195 0.13262479386541978 -0.0052676552888354421 0.079969496849540925 -0.010425304732829339 0.059507278033602819 0.1502152415681276 -0.0020329090069371373 0.09875261105930408 -0.021669625946520978 0.070648411598241076 -0.023733346844366315 0.15931876773374984 0.020463339089405976 0.033253027601843496 0.043861651975715198
leaf_weight=665.36590310465544 9.4169473778456432 1077.0630367258564 146.68317554146051 34.332166263833642 19.496518522500992 66.226323429495096 5.1988808121532193 1.5788887552917001 2.6422059759497643 8.4000019878149015 3.0998756140470496 227.64284640550613 9.0916155874729139 7.1980153024196616 22.619645297527313 23.528820417821411 4.6359654292464247 37.311664335429668 20.761726560071111 10.563491478562357 8.6205469444394094 27.56901528686285 31.120059423148632 14.308434367179869 94.137929297983646 19.3760208748281 4.2082887887954703 56.793355282396078 103.16428615711629 124.27442928776145
leaf_count=42465 192 74159 4569 461 125 1043 72 29 21 69 25 1721 129 37 248 148 46 133 361 105 63 310 191 194 599 255 21 631 1163 1011
internal_value=-0.00114777 -0.0270127 -0.0199986 0.0478453 0.0484871 0.0318967 0.0520842 0.11116 0.0438241 0.0875458 0.17449 0.0508131 0.0475076 0.0484892 0.060354 0.0660226 0.109927 0.0588744 0.0419482 0.0447715 0.04807 0.0455294 0.0496397 0.0443309 0.0407347 0.00563626 0.0549182 0.0442487 0.0510953 0.0521993
internal_weight=2886.43 1889.11 812.049 997.318 987.901 121.478 55.252 6.77777 48.4742 14.1421 5.74208 866.423 638.78 629.688 223.777 201.157 28.1648 172.992 405.911 385.15 355.21 346.59 319.021 287.901 268.404 29.9395 165.794 254.096 197.302 161.586
internal_count=130596 121193 47034 9403 9211 1720 677 101 576 115 46 7491 5770 5641 1644 1396 194 1202 3997 3636 3276 3213 2903 2712 2587 360 1165 2393 1762 1144
cat_boundaries=0 1 2
cat_threshold=8 8
is_linear=0
shrinkage=0.05


Tree=30
num_leaves=31
num_cat=3
split_feature=3 0 4 5 3 1 4 3 3 1 5 2 1 2 3 2 5 0 4 2 2 2 2 4 0 3 2 1 2 2
split_gain=3694.7 88.2401 52.391 49.4651 24.1976 23.939 29.9388 23.8854 22.4443 21.563 36.67 21.441 32.849 30.4145 26.2581 25.2789 20.6616 19.8394 19.6997 18.8934 18.3579 18.2549 45.6388 18.6675 32.8464 24.5424 23.5178 20.4098 17.3162 17.2836
threshold=-8.199179859084337 1.7285043344907411 65.053736679763801 0 -7.8631209890270393 35730.500000000007 3.8867423158524548 -12.459983534769718 -6.0867691321245561 1567.5000000000002 1 14862.500000000002 2815.5000000000005 14878.500000000002 -8.0343750354346799 7480.0000000000009 2 4.6976684317129642 83.933244842588095 1669.5000000000002 7106.0000000000009 3371.5000000000005 3487.5000000000005 46.601118668377531 3.2440643865740744 -5.7724989540696763 3644.5000000000005 21030.500000000004 14517.500000000002 11981.500000000002
decision_type=2 2 2 1 2 2 2 2 2 2 1 2 2 2 2 2 1 2 2 2 2 2 2 2 2 2 2 2 2 2
left_child=2 -2 7 4 -3 6 -5 -1 17 10 19 12 15 -13 -14 20 21 -6 -15 -9 -8 -16 -23 24 27 -26 -27 -24 29 -25
right_child=1 3 -4 5 8 -7 11 9 -10 -11 -12 13 14 18 16 -17 -18 -19 -20 -21 -22 22 23 28 25 26 -28 -29 -30 -31
leaf_value=0.02698112362355834 -0.043241606596681227 -0.0081405374617253019 0.033259462665804498 -0.030856430168836792 -0.039215216354993004 -0.034795079790013235 -0.019924472651509192 -0.17133408475884426 -0.022583240747893488 0.020689718060557655 0.016750535963686388 -0.085731980911886857 0.022950149090667112 -0.029678395236494466 -0.004956621935270549 0.0052509025838670545 0.026639399571700181 -0.028589369574065954 0.023376311588737722 -0.027386268147064748 -0.11459537732842023 -0.14077664159864364 -0.062625100905145212 -0.0082887199974772709 -0.027387199237153867 -0.13963325061037235 0.00041886969810876079 0.019874984488865724 0.010631352990520315 -0.027440319131440544
leaf_weight=1673.9913369379938 708.22349382191896 126.20829524099827 3401.1283791437745 400.87801237404346 817.78064623475075 242.34183079749346 72.626133501529694 2.3861606121063224 640.6738048940897 594.75306909903884 109.1224420145154 22.56098310649395 38.92729789018631 177.0452469214797 188.73544271290302 307.33008716255426 24.743136145174503 949.10149702429771 19.415210410952568 50.995806962251663 5.5091559812426558 7.9878484457731238 79.594004914164543 254.27378879487514 478.34058671444654 3.0699760615825644 126.94044121354818 8.2762163877487165 63.561722978949547 219.49997091293335
leaf_count=29791 2190 880 61821 1682 2858 919 428 16 2804 9802 1611 81 432 856 997 2061 158 3598 123 690 30 37 348 1352 2548 16 826 31 401 1209
internal_value=0.000933437 -0.02667 0.0292528 -0.0244453 -0.0294817 -0.0197909 -0.018336 0.0236479 -0.0306004 0.0162794 0.000138113 -0.0159442 -0.0142188 -0.0307493 -0.0175765 -0.0012053 -0.0186608 -0.0335074 -0.0244353 -0.0338207 -0.0265995 -0.0194444 -0.0216468 -0.0208754 -0.026279 -0.0221515 -0.00288822 -0.0548547 -0.013874 -0.0171617
internal_weight=11816 5983.64 5832.38 5275.42 2533.76 2741.66 2499.32 2431.25 2407.56 757.257 162.504 2098.44 1879.42 219.021 1493.95 385.465 1455.02 1766.88 196.46 53.382 78.1353 1430.28 1241.54 1233.56 696.221 608.351 130.01 87.8702 537.335 473.774
internal_count=130596 26865 103731 24675 10140 14535 13616 41910 9260 12119 2317 11934 10874 1060 8355 2519 7923 6456 979 706 458 7765 6768 6731 3769 3390 842 379 2962 2561
cat_boundaries=0 1 2 3
cat_threshold=8 8 4
is_linear=0
shrinkage=0.05


Tree=31
num_leaves=31
num_cat=0
split_feature=3 3 0 3 3 4 3 4 1 2 0 2 2 1 4 2 2 3 2 2 4 0 4 4 3 3 1 4 4 2
split_gain=2763.06 487.627 50.8208 46.3584 35.7518 34.4531 27.1407 31.7346 37.7432 24.389 23.1642 21.3794 21.1662 18.6973 21.1901 17.6426 33.6921 19.7858 19.3937 17.6194 16.6622 16.4464 16.0202 20.9329 14.9726 17.0442 14.519 23.6187 19.4426 18.3781
threshold=-8.199179859084337 -5.9170352432702478 2.5866712152777782 -12.459983534769718 -7.9467294757955615 6.2376527853301784 -6.0867691321245561 3.0725797804206416 8634.5000000000018 722.50000000000011 6.4870321875000014 977.50000000000011 14821.500000000002 1976.5000000000002 3.0725797804206416 14731.500000000002 14644.500000000002 -7.1931080967987242 14812.500000000002 15062.500000000002 16.96411985522268 0.49194083912037051 11.26096667277489 4.9569986769654344 -5.4867158005630516 -5.7241130549365069 44121.500000000007 48.13050742481942 520.56053613934114 13245.500000000002
decision_type=2 2 2 2 2 2 2 2 2 2 2 2 2 2 2 2 2 2 2 2 2 2 2 2 2 2 2 2 2 2
left_child=3 2 21 -1 -4 19 7 11 15 -3 26 -6 -11 14 -14 16 -9 22 -19 -5 -20 -2 23 -17 25 -16 27 -10 29 -29
right_child=1 9 4 5 6 -7 -8 8 10 12 -12 -13 13 -15 24 17 -18 18 20 -21 -22 -23 -24 -25 -26 -27 -28 28 -30 -31
leaf_value=-0.031268971632941948 0.060216054571708789 0.040097278913439525 0.005297883260472337 0.0028177081306142385 -0.02170774367632651 -0.022108718042766217 0.010835904591725927 0.020896344114939881 0.042561049099321846 -0.016139606702796981 0.020313321095264042 0.053828072493365325 -0.016198249829023958 -0.023475623321553583 0.01505159481936845 -0.019644626576482166 -0.035128075001196288 0.078331508709735126 0.052526398315280047 0.079455044299954244 0.012458047965299394 0.040264831660001887 -0.010417475115180852 0.066228954368225235 0.011089525277008877 0.094920135485694404 0.053126736388872435 0.024914919602942853 -0.036103724685693825 0.042340809778684881
leaf_weight=3613.6839330717921 119.66637352108955 22.664517998695374 146.81533762067556 88.843648448586464 9.8237324953079206 878.45743107423186 165.11856660991907 740.72478151321411 629.96517437696457 634.01430946961045 241.30181367695332 201.75855492055416 26.680988602340221 34.934495061635971 10.982007242739202 10.505222469568251 27.844536423683167 34.802736595273018 60.376713261008263 8.1912768408656103 45.498029358685017 754.94853019714355 35.046646609902382 21.871499881148338 26.259500339627266 17.051348149776459 127.85171395540237 486.91645269840956 11.187757343053816 219.5157046765089
leaf_count=83586 343 103 1497 1489 32 18611 1011 4084 2736 6596 1146 649 224 331 60 42 176 169 244 45 261 2691 210 90 249 72 422 2264 58 1105
internal_value=-0.000828318 0.0254282 0.0323075 -0.028658 0.0294019 -0.0189857 0.0305546 0.0316754 0.0302107 -0.0110036 0.0346751 0.050321 -0.012548 0.00709806 0.0202884 0.0223634 0.0188666 0.0352781 0.0459515 0.00928711 0.0353076 0.0429946 0.0130082 0.0383657 0.038219 0.0636318 0.0370239 0.0354961 0.0292941 0.0303298
internal_weight=9453.3 4864.13 4091.54 4589.18 3216.92 975.492 3070.11 2904.99 2693.41 772.587 1716.74 211.582 749.923 115.908 80.9738 976.67 768.569 208.101 140.677 97.0349 105.875 874.615 67.4234 32.3767 54.2929 28.0334 1475.44 1347.59 717.62 706.432
internal_count=130596 26865 19230 103731 16196 20145 14699 13688 13007 7635 7731 681 7532 936 605 5276 4260 1016 674 1534 505 3034 342 132 381 132 6585 6163 3427 3369
is_linear=0
shrinkage=0.05


Tree=32
num_leaves=31
num_cat=2
split_feature=3 4 3 2 3 1 1 1 2 1 2 5 4 1 1 5 1 1 3 2 2 1 1 4 3 2 3 2 4 0
split_gain=1292.23 28.3098 16.8271 14.8735 12.7971 14.3208 11.253 28.4189 15.6696 11.3454 10.7963 11.8459 9.99885 12.5405 9.19013 13.987 11.9836 23.2395 19.8475 23.8751 28.2365 18.9027 37.9166 17.9791 14.0076 20.2729 13.0937 12.816 11.8899 11.5447
threshold=-6.1618438335499954 50.667246900856171 -6.9170352432702478 977.50000000000011 -5.9170352432702478 1706.5000000000002 4394.5000000000009 7306.5000000000009 13616.500000000002 5436.5000000000009 12639.500000000002 0 1.4712513167492045 1567.5000000000002 413.50000000000006 1 1219.5000000000002 2044.5000000000002 -5.2622906929759417 5055.5000000000009 5667.5000000000009 4567.5000000000009 2975.5000000000005 21.431056427988974 -4.8996295916595267 9472.0000000000018 -5.3190305174488666 14548.500000000002 38.473919700717282 1.4149594560185188
decision_type=2 2 2 2 2 2 2 2 2 2 2 1 2 2 2 1 2 2 2 2 2 2 2 2 2 2 2 2 2 2
left_child=1 2 -1 -2 5 12 -7 8 9 -8 11 -11 -5 -14 15 -6 26 -18 -19 -20 -21 22 23 -22 25 -24 29 -26 -25 -16
right_child=3 -3 -4 4 14 6 7 -9 -10 10 -12 -13 13 -15 16 -17 17 18 19 20 21 -23 24 28 27 -27 -28 -29 -30 -31
leaf_value=-0.023107019670723341 -0.019492916482916223 -0.032208304537931262 -0.0044117683469231455 0.12380332329440663 0.058181589045775396 -0.015271383594848933 0.051722061956773008 0.011386104866211701 0.0032680152693997534 0.032945407626870454 0.25071773881235965 0.19426864497656238 0.033179980037870781 0.12722389700672518 0.087592494277750968 0.017512140959305065 0.01913267172445518 0.055171117279657227 -0.0085618085017895116 0.14768162647217417 -0.016326432342272337 0.024585820340013626 0.266509845486742 0.10960205821715281 0.034752366256010768 0.10607756612550936 0.06812153410209143 0.1194665405166726 0.010181079763203224 0.034360960264555478
leaf_weight=641.12724345549941 9.4164678882807475 1020.2382793817669 148.17909357324243 4.6348159611225119 31.643167056143284 19.777422677725554 3.7264982555061561 56.155688052996993 3.795640852302312 2.2030113991349936 2.22111601755023 2.3536567538976669 27.744820337742571 4.0640559270977965 11.954803451895712 63.699078433215618 81.94151721522212 333.56026598438621 26.963507993146777 6.1034036464989176 16.795484159141782 99.92011390067637 2.3135324977338305 6.5023960433900339 12.07425429672003 13.227378904819487 123.67268005572259 7.0838910918682805 5.5945346429944038 68.82464212179184
leaf_count=42465 192 74159 4569 39 158 349 50 792 59 45 27 15 314 30 37 494 810 2544 369 51 199 956 26 80 136 106 897 56 52 520
internal_value=-0.00111957 -0.0267075 -0.0195973 0.0430636 0.0436308 0.0287395 0.0180555 0.0274107 0.090339 0.121801 0.160332 0.116274 0.0551926 0.0451955 0.0456994 0.0310099 0.0474147 0.0439139 0.0477442 0.0351419 0.0420895 0.038148 0.0594581 0.0171472 0.0946886 0.129961 0.0578952 0.0660762 0.0636223 0.0422389
internal_weight=2857.51 1809.54 789.306 1047.97 1038.55 126.677 90.233 70.4556 14.2999 10.5043 6.77778 4.55667 36.4437 31.8089 911.875 95.3422 816.532 612.08 530.139 196.578 169.615 163.512 63.5915 28.8924 34.6991 15.5409 204.452 19.1581 12.0969 80.7794
internal_count=130596 121193 47034 9403 9211 1720 1337 988 196 137 87 60 383 344 7491 652 6839 5385 4575 2031 1662 1611 655 331 324 132 1454 192 132 557
cat_boundaries=0 1 2
cat_threshold=4 8
is_linear=0
shrinkage=0.05


Tree=33
num_leaves=31
num_cat=2
split_feature=3 0 4 5 3 4 1 1 5 1 1 4 3 3 3 1 2 4 2 4 2 3 0 3 1 2 2 2 1 2
split_gain=3288.21 79.0777 54.1656 45.1239 23.6292 22.8506 25.3794 20.5891 33.5329 20.3029 28.7436 25.8731 23.1962 18.8525 21.1445 18.3777 16.915 28.4574 20.4635 27.4487 17.547 16.6327 16.4302 16.2762 16.1954 15.8531 74.8714 20.6652 20.3831 15.6821
threshold=-8.199179859084337 1.4149594560185188 65.053736679763801 0 -12.459983534769718 3.5327068242902757 35730.500000000007 1567.5000000000002 1 1044.5000000000002 22158.000000000004 54.208990967612259 -7.8631209890270393 -4.9907616810571973 -6.7235382566165631 6731.5000000000009 9879.5000000000018 31.986322361260296 12361.000000000002 15.302744961548294 10027.500000000002 -7.6196982991156821 5.8530739062500006 -6.8493970753394056 358.50000000000006 6986.0000000000009 6598.5000000000009 1446.5000000000002 764.50000000000011 13474.500000000002
decision_type=2 2 2 1 2 2 2 2 1 2 2 2 2 2 2 2 2 2 2 2 2 2 2 2 2 2 2 2 2 2
left_child=2 -2 4 9 -1 23 13 8 25 -3 -11 -12 -13 14 15 -7 -17 18 19 -18 -19 -20 -23 -5 -16 26 27 -6 29 -27
right_child=1 3 -4 5 7 6 -8 -9 -10 10 11 12 -14 -15 24 16 17 20 21 -21 -22 22 -24 -25 -26 28 -28 -29 -30 -31
leaf_value=0.026491967482907931 -0.042399081370987211 -0.039223272948199911 0.033093021944304399 -0.047306402033690478 -0.15156864921799193 -0.0012832122605345867 -0.031619709617899526 0.020080407683684302 0.016199418819200836 -0.021930342747953586 -0.047301756340147494 0.015410273333130001 -0.030039465868514199 0.0013861474842235492 0.028905795013424714 -0.0065254465046312568 -0.0059535939359542404 -0.10647779251613101 0.025986935685729552 -0.10455403072381685 -0.012841489564699576 -0.06163165177199751 0.0014428151417519794 -0.023586799017149208 -0.021558310993848091 0.024808601652459059 -0.40120723653612195 0.013347281957376212 0.014855724014189713 -0.077386535331105941
leaf_weight=1588.5362109355628 549.29664851725101 309.71760758012533 3206.1776281259954 96.372498340904713 2.6207493841648066 337.43659286201 248.13167729973793 572.45506740361452 106.18286907300353 1641.0297471433878 239.93149717897177 29.870323523879051 466.64192144572735 167.13037304580212 16.13466739654541 284.96961792558432 9.8175225481390935 5.0987021401524535 11.302919283509253 25.114819683134556 267.3637093603611 32.343559548258781 15.165926769375799 289.81873814761639 1087.8316415920854 4.8878741487860706 1.6048350036144263 6.9028925001621246 22.367490027099848 16.180998627096415
leaf_count=29791 1628 1071 61821 299 15 2056 913 9802 1611 6828 758 234 1519 1354 78 1441 54 28 67 121 1493 123 70 1203 5527 71 24 98 337 161
internal_value=0.000917366 -0.0242978 0.0288813 -0.0225163 0.0230651 -0.0181841 -0.0164406 0.0156405 -0.000171101 -0.0271819 -0.0256133 -0.03382 -0.0273052 -0.0147739 -0.0160645 -0.0107533 -0.0156607 -0.0227694 -0.0465315 -0.076843 -0.0145937 -0.0285276 -0.0414971 -0.0295059 -0.0208208 -0.032028 -0.0852731 -0.0320349 -0.0183865 -0.0536778
internal_weight=11658.4 6130.52 5527.92 5581.22 2321.74 2894.03 2507.84 733.203 160.748 2687.19 2377.47 736.444 496.512 2259.71 2092.58 988.613 651.177 366.207 93.7447 34.9323 272.462 58.8124 47.5095 386.191 1103.97 54.5648 11.1285 9.52364 43.4364 21.0689
internal_count=130596 26865 103731 25237 41910 14827 13325 12119 2317 10410 9339 2511 1753 12412 11058 5453 3397 1956 435 175 1521 260 193 1502 5605 706 137 113 569 232
cat_boundaries=0 1 2
cat_threshold=8 8
is_linear=0
shrinkage=0.05


Tree=34
num_leaves=31
num_cat=2
split_feature=3 3 3 0 4 1 3 3 4 5 2 2 2 2 2 2 2 2 1 4 2 2 2 3 2 2 2 2 1 5
split_gain=2454.04 426.8 47.32 46.1903 32.5967 29.1315 32.8072 24.9178 32.8541 28.0808 25.5139 22.09 22.0663 25.4125 24.5388 39.6549 73.6651 23.6697 21.5183 30.7946 27.2164 21.6772 30.3 19.8741 19.7419 18.8768 51.2231 32.7824 43.282 19.6764
threshold=-8.199179859084337 -5.9170352432702478 -12.459983534769718 1.4664721296296299 6.2376527853301784 42514.000000000007 -7.8203046404058112 -6.0867691321245561 3.0725797804206416 0 507.50000000000006 722.50000000000011 14974.500000000002 14884.500000000002 14838.500000000002 14757.500000000002 14738.500000000002 15092.500000000002 11873.500000000002 67.038115617190783 13534.000000000002 13245.500000000002 14163.500000000002 -7.4074901662812271 15489.500000000002 14722.500000000002 13686.500000000002 13245.500000000002 26158.500000000004 1
decision_type=2 2 2 2 2 2 2 2 2 1 2 2 2 2 2 2 2 2 2 2 2 2 2 2 2 2 2 2 2 1
left_child=2 3 -1 -2 -4 6 -5 8 10 12 -8 -3 13 14 15 16 18 -14 -10 20 -20 -21 -23 -24 -13 26 27 29 -29 -11
right_child=1 11 4 5 -6 -7 7 -9 9 25 -12 24 17 -15 -16 -17 -18 -19 19 21 -22 22 23 -25 -26 -27 -28 28 -30 -31
leaf_value=-0.031023106567013705 0.045228434206061575 0.036674104120181253 0.0090704571805612904 0.010874311286698381 -0.021511616544027213 0.045468909709364916 -0.041692520452903642 0.0099012651430841828 0.024285984026881369 0.02348543379543877 0.049786720198130414 -0.013214958336131497 0.097123022566453568 -0.0016322478645529907 0.076005130321727385 -0.010677709926149923 0.11360207491722062 0.030621874924580402 0.05081065045738048 0.017849282604391139 0.0062346852527688009 0.075780163158307878 0.069554626204810371 -0.011699829250613506 0.088598779589445578 0.037137932768709435 -0.0029974813832408936 0.038253347709253774 0.14036156311092413 -0.025009260214490056
leaf_weight=3409.4566611461341 413.50524150580168 23.493646487593651 97.200511381030083 305.04448626935482 841.21612615138292 215.92839628085494 7.8797155022621146 179.45284198969603 583.17924535274506 878.47098904848099 233.0821495950222 744.28068984299898 26.684334486722946 57.019673734903336 31.565366432070732 53.758410215377808 27.83991239964962 26.838334381580353 357.10444827377796 233.12260583043098 37.874604403972626 44.007223933935165 10.913007631897925 24.24316368997097 4.7918467223644248 185.4693713709712 200.96026588231325 49.041586391627789 13.164096191525458 21.427124053239822
leaf_count=83586 1261 103 1534 2333 18611 748 25 1062 2384 4562 723 7515 89 248 124 214 98 97 1284 843 138 166 41 102 17 925 1293 282 56 132
internal_value=-0.000826452 0.0230993 -0.0282865 0.0293577 -0.0183439 0.0276325 0.0265592 0.0280165 0.0290639 0.0275714 0.0467952 -0.0110663 0.0322448 0.0310894 0.0324186 0.0314159 0.0331324 0.0637768 0.0313964 0.0372593 0.0465363 0.0255258 0.0481319 0.0135228 -0.0125637 0.022324 0.0199617 0.0247573 0.0598617 0.0223307
internal_weight=9338.02 4990.14 4347.87 4217.58 938.417 3804.07 3588.14 3283.1 3103.65 2862.68 240.962 772.566 1514.15 1460.63 1403.61 1372.04 1318.28 53.5227 1290.44 707.265 394.979 312.286 79.1634 35.1562 749.073 1348.53 1163.06 962.104 62.2057 899.898
internal_count=130596 26865 103731 19230 20145 17969 17221 14888 13826 13078 748 7635 5828 5642 5394 5270 5056 186 4958 2574 1422 1152 309 143 7532 7250 6325 5032 338 4694
cat_boundaries=0 1 2
cat_threshold=8 4
is_linear=0
shrinkage=0.05


Tree=35
num_leaves=31
num_cat=1
split_feature=3 4 3 2 2 3 3 2 2 4 4 2 1 3 3 1 2 0 1 2 4 2 2 2 3 4 1 5 2 2
split_gain=1152.17 28.5155 15.6547 14.0661 21.9222 20.1287 18.3024 14.8175 19.6667 11.9615 14.9904 25.1541 14.009 17.9123 19.9854 14.2873 13.9672 13.7348 19.769 15.9597 13.36 12.6831 18.8251 14.4223 14.2245 13.7613 21.5596 15.4622 17.7111 12.3221
threshold=-6.1618438335499954 50.667246900856171 -6.9170352432702478 12146.500000000002 12410.500000000002 -6.00910642487516 -4.269622801651094 12590.500000000002 12671.000000000002 307.60809633704594 37.102394474006971 14517.500000000002 7176.5000000000009 -5.2622906929759417 -5.9170352432702478 14528.500000000002 13338.000000000002 4.2407709143518533 2897.5000000000005 12778.500000000002 3.0725797804206416 14265.000000000002 14621.500000000002 13175.500000000002 -6.0523948069364035 11.26096667277489 2650.5000000000005 0 14529.500000000002 14946.500000000002
decision_type=2 2 2 2 2 2 2 2 2 2 2 2 2 2 2 2 2 2 2 2 2 2 2 2 2 2 2 1 2 2
left_child=1 2 -1 5 -5 -2 -7 -6 -9 10 17 12 -12 14 -14 16 -16 18 29 -19 -21 23 25 -22 -25 -23 27 -27 -29 -10
right_child=3 -3 -4 4 7 6 -8 8 9 -11 11 -13 13 -15 15 -17 -18 19 -20 20 21 22 -24 24 -26 26 -28 28 -30 -31
leaf_value=-0.022713739894193268 -0.0063829543448473587 -0.032111806805614117 -0.0046860576775457343 0.089714892516385758 -0.00083173681181029175 0.038052242725869739 -0.0030013025621833524 0.11775072773618525 0.055209236439894532 0.098039957072184339 0.01092467394959535 -0.0082975074098494452 -0.0079249749293232013 0.0042049986355482327 0.056193209992193918 0.057474144850775614 0.15239701316125537 0.12309016090402072 0.092475513112589544 0.053531549097055681 0.045989715825734225 0.039631520445478012 0.022056676000877032 0.13217078037969468 -0.026218173740633639 0.060824739158917757 0.034916002286221881 0.33608416695242599 0.1342456788521538 0.016470963339918036
leaf_weight=618.72343143820763 30.223322752863169 966.0895660687238 149.52312824502587 25.688364431262016 19.083030359819531 464.49457858502865 28.833820413798094 8.8912900872528535 127.41403916850686 9.6004079878330213 26.369144443422556 36.518700744956732 7.0304597914218894 13.547348938882349 5.798398137092593 22.217998035252094 10.799859635531901 5.3055460266768923 31.529389746487141 65.914394948631525 13.12262202054262 13.770832128822805 63.801017802208662 1.4986137263476838 26.193964492529634 2.0449354536831379 4.8843690305948257 2.0181213803589326 2.3553766682744026 24.470322776585817
leaf_count=42465 666 74159 4569 140 205 3788 416 61 768 46 248 463 101 113 42 109 63 44 168 365 117 142 667 30 378 17 51 25 28 142
internal_value=-0.001053 -0.0263946 -0.019205 0.0391427 0.0445784 0.0332261 0.0356528 0.0424477 0.0440206 0.0427506 0.0417029 0.026455 0.0412529 0.0547177 0.0696438 0.0836932 0.118789 0.0465544 0.0564471 0.0375231 0.0352022 0.0258864 0.0364826 0.00281318 -0.0176468 0.0731901 0.114076 0.174317 0.227383 0.0489681
internal_weight=2827.76 1734.34 768.247 1093.42 569.869 523.552 493.328 544.18 525.097 516.206 506.605 122.282 85.7632 59.3941 45.8467 38.8163 16.5983 384.324 183.414 200.91 195.604 129.69 88.8747 40.8152 27.6926 25.0736 11.3028 6.41843 4.3735 151.884
internal_count=130596 121193 47034 9403 4533 4870 4204 4393 4188 4127 4081 1139 676 428 315 214 105 2942 1078 1864 1820 1455 930 525 408 263 121 70 53 910
cat_boundaries=0 1
cat_threshold=8
is_linear=0
shrinkage=0.05


Tree=36
num_leaves=31
num_cat=4
split_feature=3 0 4 1 4 0 3 5 2 1 5 2 3 3 1 4 3 2 2 2 3 2 3 4 2 4 5 4 1 5
split_gain=2935.47 73.9269 55.9377 31.517 32.2024 27.2205 23.2921 20.7842 20.3633 19.6239 30.9055 18.8241 17.6417 17.1437 17.0599 18.6137 16.0686 15.6663 15.2605 14.0338 14.0298 13.6283 13.9521 13.1147 13.0089 16.3394 23.7108 12.8687 14.9013 15.9789
threshold=-8.199179859084337 3.2160878414351859 65.053736679763801 27497.000000000004 3.0725797804206416 0.34354118634259267 -12.459983534769718 0 14838.500000000002 1567.5000000000002 1 10659.500000000002 -5.5700056233421522 -4.9907616810571973 413.50000000000006 3.8867423158524548 -5.3801765120484015 507.50000000000006 722.50000000000011 4901.5000000000009 -4.549981967677529 10751.500000000002 -7.9937480013767246 1.4712513167492045 15222.500000000002 18.255617303829769 2 14.891940818146713 10177.500000000002 3
decision_type=2 2 2 2 2 2 2 1 2 2 1 2 2 2 2 2 2 2 2 2 2 2 2 2 2 2 1 2 2 1
left_child=2 5 6 4 12 -2 24 11 14 10 -8 20 17 -9 19 -16 -14 -3 -12 -7 -6 -13 -23 -19 -1 -26 -27 -10 29 -29
right_child=1 3 -4 -5 7 8 9 13 27 -11 18 21 16 -15 15 -17 -18 23 -20 -21 -22 22 -24 -25 25 26 -28 28 -30 -31
leaf_value=0.026492912902946475 -0.05541392209227522 0.034332632272165868 0.032927144165747789 -0.027776215691948648 -0.026853985163217461 -0.055126384906074612 -0.0305536744095119 -0.012804338303653812 -0.054353057999887044 0.019472153741171977 -0.08362901410376207 0.041224781263877616 0.018949000311560427 0.0060618324802524043 -0.047463250835924967 -0.026951589941645517 -0.023336634120275951 -0.055477166569911335 0.019389490875169217 0.0022676830053469893 0.021867401627320013 0.02452342963576333 -0.016281060294567908 -0.03175403528112055 0.034600130245612877 -0.1280724399791999 0.034515634919987333 0.031375382697249092 -0.054871390971041878 -0.038882880073125695
leaf_weight=1490.6739854477346 106.67526645213366 7.6053765416145316 3022.7537412494421 808.37378541380167 646.74191669374704 12.425171270966528 55.535043071955442 1584.4824809655547 122.72239072620869 551.64981186762452 3.729140304028987 10.806978747248648 27.784773513674736 130.31795350462198 121.28004910796881 1256.5045574307442 117.36779972910881 80.762530937790871 99.811856176704168 74.581798046827316 15.121268466114996 21.480260163545609 847.11659263074398 209.0701572522521 8.1986776702106017 5.5356163531541824 3.769232511520384 16.396130874752998 24.691315516829491 15.979843735694883
leaf_count=29448 298 25 61821 2953 2572 44 706 8641 368 9802 34 48 120 1130 373 4584 516 244 1577 294 90 212 3482 671 155 112 76 73 78 49
internal_value=0.000898851 -0.02222 0.0285017 -0.0188326 -0.0168779 -0.030938 0.0224731 -0.0151578 -0.0293504 0.0150106 -0.000461181 -0.0193715 -0.0295322 -0.0113706 -0.0274011 -0.0287571 -0.0152424 -0.0365057 0.0156792 -0.00592857 -0.0257409 -0.0145777 -0.015272 -0.0383645 0.0259897 -0.0168644 -0.0622108 -0.0452311 -0.0256146 -0.00330206
internal_weight=11499.9 6258.29 5241.66 4507.03 3698.66 1751.26 2218.9 3256.07 1644.58 710.726 159.076 1541.27 442.591 1714.8 1464.79 1377.78 145.153 297.438 103.541 87.007 661.863 879.404 868.597 289.833 1508.18 17.5035 9.30485 179.79 57.0673 32.376
internal_count=130596 26865 103731 20704 17751 6161 41910 16175 5863 12119 2317 6404 1576 9771 5295 4957 636 940 1611 338 2662 3742 3694 915 29791 343 188 568 200 122
cat_boundaries=0 1 2 3 4
cat_threshold=8 8 4 4
is_linear=0
shrinkage=0.05


Tree=37
num_leaves=31
num_cat=2
split_feature=3 3 3 0 4 5 1 0 2 4 1 2 1 4 1 3 2 1 4 2 2 2 1 4 1 2 2 5 3 3
split_gain=2188.24 378.976 48.248 43.284 33.6735 21.8009 21.6784 21.5706 20.1521 19.9385 24.0851 19.452 18.5637 25.032 18.2752 21.3441 19.5913 17.0373 18.5495 15.7825 27.487 20.3008 15.8731 18.4074 19.2377 18.566 25.3795 14.9895 16.3239 16.0866
threshold=-8.199179859084337 -5.9170352432702478 -12.702130232536012 3.9638315277777783 12.771672403379386 0 670.50000000000011 0.49194083912037051 722.50000000000011 3.8867423158524548 17767.500000000004 14821.500000000002 27497.000000000004 40.542088507648209 464.50000000000006 -9.4760585394022456 15062.500000000002 1976.5000000000002 3.0725797804206416 3730.0000000000005 3961.5000000000005 4397.5000000000009 301.50000000000006 23.982518133485517 4296.5000000000009 8677.5000000000018 8263.5000000000018 1 -6.9790176063682514 -6.0867691321245561
decision_type=2 2 2 2 2 1 2 2 2 2 2 2 2 2 2 2 2 2 2 2 2 2 2 2 2 2 2 1 2 2
left_child=2 3 -1 7 5 6 14 -2 -3 -9 19 -10 13 -5 16 -16 -4 18 -13 -11 -21 -22 -23 24 27 26 -25 -24 -29 -30
right_child=1 8 4 12 -6 -7 -8 9 11 10 -12 17 -14 -15 15 -17 -18 -19 -20 20 21 22 23 25 -26 -27 -28 28 29 -31
leaf_value=-0.030843060451182694 0.053452912944029207 0.033711625775492957 -0.014979745229960179 0.024161203521461255 -0.023196642520328679 -0.01221902428458627 0.0055593492476178766 0.048105412109843579 -0.016070899280081069 0.0073901991043381623 0.038993256165656465 -0.016099761813496257 0.030614163502194071 0.01201255287131566 0.27061759704217442 0.050999753295131969 0.10244872268705252 -0.023361392301171915 0.034586330857189956 0.10841439197205754 -0.024672525646512351 -0.020351803119489986 0.043143261215544716 0.030036558430461949 0.05701220269964398 0.016607235474477462 0.099963889514667711 -0.00079086521255092757 0.042354302408571326 -0.028975443008686486
leaf_weight=3182.7973941639066 120.7651736587286 24.255775213241577 7.5806646719574946 1435.2332354485989 717.74616726115346 145.12326029315591 57.040661364793777 162.57459361106157 631.74671952798963 111.51780813932419 460.74354195594788 26.540277913212776 594.53305507078767 601.80597401037812 2.1248576454818249 2.3080035895109168 6.6832752712070942 34.673116020858288 56.430756829679012 10.343939021229742 19.009875684976578 16.896459199488163 119.86941918730736 77.879669971764088 90.901443865150213 350.7801790125668 15.569729745388029 59.387981750071049 68.181343488395214 8.9408224523067457
leaf_count=82697 343 103 131 6979 16864 2862 1085 508 6596 457 1650 224 2321 3459 34 33 25 331 381 41 73 80 417 318 338 1551 54 309 281 51
internal_value=-0.000812434 0.0210879 -0.0279052 0.0268533 -0.0179432 -0.000870628 0.0208744 0.0330889 -0.0111428 0.0315251 0.0296134 -0.0125946 0.0228408 0.0205721 0.0675981 0.156272 0.0400406 0.00607279 0.0183732 0.0250607 0.0274129 0.0264003 0.0276013 0.0286249 0.0372488 0.0218831 0.0416872 0.0302415 0.0189124 0.034085
internal_weight=9219.99 5098.58 4121.4 4324.93 938.607 220.861 75.7375 1693.36 773.647 1572.6 1410.02 749.391 2631.57 2037.04 18.6968 4.43286 14.2639 117.644 82.971 949.279 837.761 827.417 808.407 791.511 347.281 444.23 93.4494 256.38 136.51 77.1222
internal_count=130596 26865 103731 19230 21034 4170 1308 6471 7635 6128 5620 7532 12759 10438 223 67 156 936 605 3970 3513 3472 3399 3319 1396 1923 372 1058 641 332
cat_boundaries=0 1 2
cat_threshold=8 8
is_linear=0
shrinkage=0.05


Tree=38
num_leaves=31
num_cat=1
split_feature=3 4 3 2 2 2 2 2 2 3 2 3 4 4 2 3 2 3 4 3 4 1 1 5 1 2 1 3 3 2
split_gain=1027.41 28.7301 14.6335 12.5171 18.4695 29.9734 18.1723 12.9919 16.4194 12.194 10.7223 10.6435 10.2067 13.0289 20.2435 12.8939 19.8984 16.9359 17.837 17.6933 16.4096 12.6121 21.0687 12.253 12.9253 22.841 12.1811 15.2789 16.7909 12.1651
threshold=-6.1618438335499954 50.667246900856171 -6.9170352432702478 12146.500000000002 11163.500000000002 10965.500000000002 12410.500000000002 12590.500000000002 12671.000000000002 -5.0687710340664163 15132.500000000002 -6.00910642487516 307.60809633704594 37.102394474006971 14517.500000000002 -5.4359260371889944 13048.500000000002 -5.7241130549365069 35.763929680724594 -5.8643903930433314 1.4712513167492045 2416.5000000000005 6068.5000000000009 0 2975.5000000000005 13004.500000000002 7176.5000000000009 -5.2622906929759417 -5.9170352432702478 15025.500000000002
decision_type=2 2 2 2 2 2 2 2 2 2 2 2 2 2 2 2 2 2 2 2 2 2 2 1 2 2 2 2 2 2
left_child=1 2 -1 4 5 11 -5 -8 -9 -7 12 -2 13 15 26 17 23 19 -19 20 -10 -21 -23 24 25 -17 -15 28 -28 -18
right_child=3 -3 -4 6 -6 9 7 8 10 -11 -12 -13 -14 14 -16 16 29 18 -20 21 -22 22 -24 -25 -26 -27 27 -29 -30 -31
leaf_value=-0.02230765869587038 -0.0010893891917814144 -0.032011020035223284 -0.0048561588576346744 0.080398017016776901 0.005347539252706774 0.045596748273457464 -0.0015126525652329101 0.10509418905557477 0.13910464603498415 0.11027108807532518 -0.002987073968026104 0.032227594589862539 0.090130535042045407 0.0094928732523206286 -0.007814535761812012 0.032267987028225274 0.044895446798666604 0.0098374260305525638 0.13110394963834682 0.047707379883472137 0.020073973988662838 0.12331128386925094 -0.020886868364089275 0.021313454196725812 0.2077054035406134 0.19601947086993754 -0.0081783977739993165 0.0032733611368225089 0.075142152862621159 0.10523318472700245
leaf_weight=597.15303067211062 25.411124823614955 914.71222816966474 150.3706057164818 27.411280497908592 66.021031944081187 12.868477184325458 19.385480470955372 9.5590529181063157 3.0749874934554091 16.807195324450731 14.798164522275327 423.07571375928819 10.027674891054629 26.995980493724346 33.982201552018523 5.4762615002691728 191.55195286870003 69.502042025327682 3.1706902161240569 27.62934947758913 49.599775779992342 16.062800325453285 3.0074032917618743 3.4052352458238611 3.6371432133018979 3.4845761358737946 7.0835439413785926 13.783311944454907 41.304182015359402 8.7345963120460492
leaf_count=42465 548 74159 4569 140 672 80 205 61 19 75 201 3495 45 248 419 41 1341 493 14 164 493 88 29 26 22 17 101 113 214 39
internal_value=-0.0010168 -0.0260686 -0.0187971 0.0356125 0.0301372 0.03356 0.0406398 0.0387118 0.0401403 0.0822259 0.0389825 0.0303399 0.0401734 0.039194 0.0250232 0.0436879 0.0518137 0.0334726 0.0151282 0.0468878 0.0270226 0.0692947 0.100571 0.105465 0.128212 0.0959456 0.0375379 0.0497156 0.0629447 0.0475268
internal_weight=2799.09 1662.24 747.524 1136.85 544.184 478.163 592.668 565.256 545.871 29.6757 536.312 448.487 521.514 511.486 123.149 388.337 216.29 172.047 72.6727 99.3743 52.6748 46.6996 19.0702 16.0032 12.598 8.96084 89.167 62.171 48.3877 200.287
internal_count=130596 121193 47034 9403 4870 4198 4533 4393 4188 155 4127 4043 3926 3881 1095 2786 1486 1300 507 793 512 281 117 106 80 58 676 428 315 1380
cat_boundaries=0 1
cat_threshold=4
is_linear=0
shrinkage=0.05


Tree=39
num_leaves=31
num_cat=4
split_feature=3 0 4 5 3 1 5 0 3 1 1 2 3 4 2 2 1 2 2 5 1 1 2 4 2 3 2 4 5 2
split_gain=2627.23 66.6058 55.8388 33.247 21.0602 20.5941 27.3264 18.962 16.7419 16.2803 21.0598 15.2276 25.3843 23.7605 23.4401 35.9328 32.5724 25.6174 19.1889 18.9267 18.3667 18.5637 14.8334 14.478 13.7573 13.6473 12.8699 14.9985 19.6672 12.7541
threshold=-8.2408989977791709 2.1004641203703707 65.053736679763801 0 -12.459983534769718 1567.5000000000002 1 0.34354118634259267 -7.8203046404058112 22158.000000000004 1044.5000000000002 14847.500000000002 -4.4224507614001194 14.465140358121516 13686.500000000002 12864.500000000002 26696.500000000004 12913.500000000002 12745.500000000002 2 47857.500000000007 41936.000000000007 14946.500000000002 52.403226522299342 722.50000000000011 -8.0783915555075758 15222.500000000002 18.255617303829769 3 6986.0000000000009
decision_type=2 2 2 1 2 2 1 2 2 2 2 2 2 2 2 2 2 2 2 1 2 2 2 2 2 2 2 2 1 2
left_child=2 7 4 8 26 6 29 -2 -3 10 -10 12 14 -13 15 18 17 -17 19 25 21 -18 -15 -11 -8 -5 -1 -28 -29 -6
right_child=1 3 -4 11 5 -7 24 -9 9 23 -12 13 -14 22 -16 16 20 -19 -20 -21 -22 -23 -24 -25 -26 -27 27 28 -30 -31
leaf_value=0.026000344027558332 -0.052374078181151973 -0.0067530551075247114 0.032774596640317274 0.020065683133568234 -0.074250357110365039 0.01952842921320419 -0.076834015879978443 -0.029939243242231857 -0.033190136243192947 -0.040655503032317998 -0.018362392651399825 -0.035419112954516392 0.014370247155196603 -0.02496290999196446 -0.004610894189425817 -0.091558791313678833 -0.069635449873595351 -0.020001508067803323 0.026770919364872355 0.013938379016464478 0.0028618043525809418 -0.15868577589122085 0.0079580046921583197 -0.024876019995504546 0.018490329939810632 -0.016375977905014702 0.034522797662219017 -0.11370665324934 0.034442651703543069 -0.016482614047723606
leaf_weight=1415.5329314023256 105.73130374029279 163.84178344160318 2844.3150803372264 26.125642597675323 12.173605337738989 522.5974250882864 3.9426414743065825 862.39227966591716 285.49596239626408 213.40079461038113 1485.2715592384338 198.84625697135925 81.702529154717922 67.807877011597157 523.23336333036423 13.560222968459128 32.85949032753706 161.09703642874956 28.299625903367996 55.501715153455734 6.8959066271781913 7.1206049099564543 69.070223614573479 455.96191048622131 94.670308634638786 1546.3331335559487 7.732507377862933 6.0671434067189693 3.5515226274728757 44.415265437215567
leaf_count=29448 305 1073 61725 332 134 9644 34 2714 937 616 5834 730 654 337 3006 63 124 847 145 298 24 32 376 1436 1547 7278 155 112 76 560
internal_value=0.000877668 -0.0203088 0.0282023 -0.0181519 0.0220406 0.0147788 -0.00121402 -0.0323894 -0.0222251 -0.023264 -0.020753 -0.0143887 -0.0130372 -0.024383 -0.0139698 -0.0165777 -0.0354896 -0.0255571 -0.0140481 -0.0147577 -0.0724974 -0.0854956 -0.00835065 -0.0299067 0.0146792 -0.0157705 0.0254757 -0.0173246 -0.0590051 -0.0289098
internal_weight=11345.5 6390.55 4955 5422.43 2110.68 677.799 155.202 968.124 2603.97 2440.13 1770.77 2818.45 2482.73 335.724 2401.03 1877.79 221.533 174.657 1656.26 1627.96 46.876 39.9801 136.878 669.363 98.613 1572.46 1432.88 17.3512 9.61867 56.5889
internal_count=130596 27161 103435 24142 41710 11919 2275 3019 9896 8823 6771 14246 12803 1443 12149 9143 1090 910 8053 7908 180 156 713 2052 1581 7610 29791 343 188 694
cat_boundaries=0 1 2 3 4
cat_threshold=8 8 4 4
is_linear=0
shrinkage=0.05


Tree=40
num_leaves=31
num_cat=2
split_feature=3 3 3 0 4 3 0 4 1 3 2 2 4 1 2 4 2 5 1 2 2 2 2 1 1 5 2 1 2 1
split_gain=1955.69 334.653 46.7868 39.9382 32.2867 28.4006 26.8478 26.7524 28.0129 26.5782 29.4324 36.4417 19.1448 23.4283 22.1498 21.6118 28.6233 17.2847 20.5833 17.0493 16.2233 21.9243 15.6074 22.6886 15.1517 14.8739 26.6477 25.6712 36.7588 41.3708
threshold=-8.2408989977791709 -6.0523948069364035 -12.702130232536012 1.0278024247685187 12.771672403379386 -7.9937480013767246 4.8382148495370378 2.5892505814121369 22158.000000000004 -5.5265860328747483 3730.0000000000005 3644.5000000000005 31.986322361260296 8862.5000000000018 977.50000000000011 14.891940818146713 2390.5000000000005 0 1567.5000000000002 977.50000000000011 4763.5000000000009 14916.500000000002 4271.5000000000009 1158.5000000000002 301.50000000000006 1 722.50000000000011 4651.5000000000009 1976.5000000000002 8298.5000000000018
decision_type=2 2 2 2 2 2 2 2 2 2 2 2 2 2 2 2 2 1 2 2 2 2 2 2 2 1 2 2 2 2
left_child=2 3 -1 -2 17 -5 7 19 12 -3 11 25 13 22 -15 20 -17 18 -4 -7 -16 -22 23 -9 -24 27 -27 -11 -29 -30
right_child=1 9 4 5 -6 6 -8 8 -10 10 -12 -13 -14 14 15 16 -18 -19 -20 -21 21 -23 24 -25 -26 26 -28 28 29 -31
leaf_value=-0.03058851175159636 0.043739185239834444 0.00088219126507464544 0.042417806818944255 0.0020983213490520362 -0.022900131125273476 -0.014562807463771563 0.020444925389412269 0.063852596457080121 0.037423189963408238 -0.022794978070631092 -0.02095695268520404 0.17787932632895087 0.016816861125286756 -0.018383679346863215 0.055945498228459657 -0.034491933048281721 0.07508515934815449 -0.011129525569932675 -0.0099026204329945404 0.060369434899300738 -0.0060604092509329082 0.088403803579243281 -0.012094394852868283 -0.0021262382232704797 0.029830824438929121 0.052107974912942591 -0.032452771130838193 -0.038236036967723201 0.2622980444610829 -0.011675955349200628
leaf_weight=3004.4334899559617 269.66991932690144 437.45201771706343 41.241825934499502 144.50871126353741 675.7977803722024 8.2843376994132978 1906.0262506604195 15.122047916054724 509.82644157111645 7.397829137742522 420.98848801851273 3.2647553458809844 581.44927489757538 12.879404768347738 35.026440337300301 6.4390460401773444 80.045994460582733 138.55507829040289 34.54254312068224 90.724303185939789 35.78349082171917 7.4151115119457236 22.591752395033836 94.175643280148506 467.41147157549858 13.046675384044645 32.587799735367298 3.1209548488259298 4.1790726482868195 2.0556733310222626
leaf_count=82697 787 3239 568 1692 16643 25 8488 58 1714 67 4665 29 2573 48 119 28 291 2812 715 264 128 22 99 386 1919 52 394 21 33 20
internal_value=-0.000801171 0.0192299 -0.0276055 0.0251123 -0.0175373 0.023862 0.024674 0.0287716 0.0274293 -0.00806144 -0.0161011 0.0150367 0.0236783 0.0288136 0.0447641 0.0497019 0.0669268 -0.000628565 0.0185701 0.0540996 0.0306581 0.0101545 0.024087 0.00700236 0.0278978 0.00651513 -0.00827726 0.0468077 0.101845 0.171965
internal_weight=9106.04 5211.47 3894.57 4287.38 890.137 4017.71 3873.2 1967.17 1868.17 924.093 486.641 65.6528 1358.34 776.89 177.589 164.71 86.485 214.339 75.7844 99.0086 78.225 43.1986 599.301 109.298 490.003 62.388 45.6345 16.7535 9.3557 6.23475
internal_count=130596 27161 103435 18641 20738 17854 16162 7674 7385 8520 5281 616 5671 3098 636 588 319 4095 1283 289 269 150 2462 444 2018 587 446 141 74 53
cat_boundaries=0 1 2
cat_threshold=8 8
is_linear=0
shrinkage=0.05


Tree=41
num_leaves=31
num_cat=1
split_feature=3 4 3 2 2 2 2 2 2 1 4 2 5 2 4 4 3 1 3 2 2 1 2 2 3 0 4 4 4 1
split_gain=922.569 28.9207 13.7017 11.5192 9.2573 17.4392 24.6184 15.4505 13.4046 14.566 22.0944 19.1706 29.4142 28.6294 31.8453 19.9829 25.6589 12.745 12.1104 11.4948 13.9433 11.2395 15.8077 10.4241 10.3354 9.74878 11.0292 9.69464 9.58936 19.7207
threshold=-6.1618438335499954 50.667246900856171 -6.9170352432702478 977.50000000000011 12146.500000000002 11163.500000000002 10965.500000000002 12410.500000000002 6792.5000000000009 5650.5000000000009 14.02817224716301 5055.5000000000009 0 3568.0000000000005 13.194700301946066 31.986322361260296 -5.4359260371889944 9116.0000000000018 -5.6162743828288439 12590.500000000002 12671.000000000002 18767.500000000004 9280.5000000000018 3262.5000000000005 -5.0687710340664163 1.3900669907407412 307.60809633704594 51.560251340112792 37.102394474006971 7176.5000000000009
decision_type=2 2 2 2 2 2 2 2 2 2 2 2 1 2 2 2 2 2 2 2 2 2 2 2 2 2 2 2 2 2
left_child=1 2 -1 -2 5 6 8 -6 9 10 -5 13 -13 14 17 16 -14 18 -11 -9 27 -10 -23 -16 -8 -22 28 -21 -27 -30
right_child=3 -3 -4 4 7 -7 24 19 21 11 -12 12 15 -15 23 -17 -18 -19 -20 20 25 22 -24 -25 -26 26 -28 -29 29 -31
leaf_value=-0.021897574408804774 -0.020675665177932064 -0.031907313573838587 -0.004978447522631619 0.034057100797564258 0.073021974181028224 0.0045292319949979797 0.041523406873811314 -0.0020367500404449615 0.026166393745666705 0.15400771082849829 -0.024075501409738777 0.10788821648635588 -0.015351861931477563 -0.0081858031639957859 0.0065133788668438886 -0.0077956596745785041 0.12970057000590748 0.1821528298918739 0.038394691243865256 0.037302890917875246 0.052537055892800645 -0.021727971416953512 0.035326572970458853 0.098404683078391064 0.099577032075175737 0.036252882093615831 0.090758604010672345 0.13635158024966568 -0.0099856238011825308 0.034115012425219624
leaf_weight=576.81484843138605 10.037930937483905 866.52401833422482 150.98471983149648 101.9755053203553 28.920455038547516 67.091029562056065 13.444896630942823 19.624018136411905 162.36894295550883 3.7072931863367549 19.46478159725666 27.258474819362164 4.7334270104765883 27.084784971550107 18.43916288763285 13.809136383235453 8.5663659237325209 4.9673036970198146 5.8225129246711722 4.2447207272052747 75.393325220793486 32.694755434989929 19.310842223465443 3.7066525518894187 17.839060716331005 355.33203402720392 8.1784012094140035 5.9101794362068176 37.735681550577283 77.231988951563835
leaf_count=42465 192 74159 4569 896 140 672 80 205 1411 23 241 120 46 225 187 138 61 33 46 36 254 248 136 40 75 2751 35 25 456 631
internal_value=-0.000961329 -0.0257357 -0.0183876 0.0326573 0.0331169 0.0284226 0.0317264 0.0373492 0.0287697 0.0368982 0.0247394 0.0494014 0.071212 0.0307944 0.0596068 0.0343335 0.0780761 0.117217 0.0833706 0.0355816 0.0368904 0.0196871 -0.000542342 0.0218937 0.0746273 0.0358259 0.0331928 0.0949495 0.0321917 0.0196399
internal_weight=2769.22 1594.32 727.8 1174.89 1164.86 552.285 485.194 612.571 453.91 239.535 121.44 118.095 54.3674 63.7277 36.6429 27.1089 13.2998 14.4971 9.52981 583.65 564.026 214.375 52.0056 22.1458 31.284 553.871 478.478 10.1549 470.3 114.968
internal_count=130596 121193 47034 9403 9211 4678 4006 4533 3851 2056 1137 919 365 554 329 245 107 102 69 4393 4188 1795 384 227 155 4127 3873 61 3838 1087
cat_boundaries=0 1
cat_threshold=8
is_linear=0
shrinkage=0.05


Tree=42
num_leaves=31
num_cat=2
split_feature=3 0 4 5 3 1 5 4 1 2 2 1 3 2 2 2 4 4 1 2 2 3 0 4 0 3 2 1 4 1
split_gain=2356.09 60.7513 57.5014 32.8356 20.5888 19.1263 23.4935 17.2925 18.3978 16.5176 26.0943 25.0489 25.5655 22.9706 16.3807 35.9115 16.3 16.2695 23.2484 22.0909 33.7298 16.8465 15.447 15.3933 34.333 20.8366 22.6539 16.373 14.643 14.9333
threshold=-8.2408989977791709 1.4149594560185188 65.053736679763801 0 -12.459983534769718 1567.5000000000002 1 3.5327068242902757 35730.500000000007 14862.500000000002 14878.500000000002 2815.5000000000005 -8.0343750354346799 7480.0000000000009 3371.5000000000005 3487.5000000000005 83.933244842588095 18.255617303829769 8181.5000000000009 14738.500000000002 14144.500000000002 -7.4729504099000987 4.0193969039351858 48.13050742481942 3.2440643865740744 -5.7724989540696763 3568.0000000000005 23332.500000000004 65.053736679763801 50532.000000000007
decision_type=2 2 2 1 2 2 1 2 2 2 2 2 2 2 2 2 2 2 2 2 2 2 2 2 2 2 2 2 2 2
left_child=2 -2 4 17 -1 6 -6 -5 9 11 -11 13 -13 -9 -14 -16 -12 -3 19 20 -19 -21 28 24 27 -26 -27 -17 -20 -30
right_child=1 3 -4 7 5 -7 -8 8 -10 10 16 12 14 -15 15 23 -18 18 22 21 -22 -23 -24 -25 25 26 -28 -29 29 -31
leaf_value=0.024947833045768756 -0.03440239435737906 -0.025799695096299098 0.032607934645962879 -0.023186445187160731 -0.026020207697482874 0.018905707667512737 0.014082489459947087 -0.019481481914712395 -0.024598226786802062 -0.070581726931210606 -0.021903459768011606 0.024773186278026202 -0.00027651483950617899 0.0069267027658173252 -0.11086457942627526 -0.048109346884770483 0.023676697208725554 -0.010927282056991778 -0.040985687527594745 0.025652181343239228 0.026195554962103507 -0.03667600875247988 -0.017529858866638982 -0.0082641344601475184 -0.019024612066537119 -0.12904884011172149 0.0049718184803161508 0.026858026248791463 -0.01942765542024092 -0.075211527334473394
leaf_weight=1362.0979903899133 560.49237326160073 1103.2325427941978 2681.6064606010914 407.91688073426485 58.972589943557978 503.54735897853971 95.926611326634884 106.70225093141198 266.46655733510852 25.785109400749207 200.54965028166771 45.537870388478041 213.15077672898769 360.72394771873951 9.7301143258810026 114.34982273727655 21.740736570209265 241.41832084953785 160.96292190626264 12.431403726339338 81.962646070867777 84.756038442254066 894.79391241446137 585.34144039452076 563.49926441907883 3.2232870906591407 144.82255095988512 7.7786541432142249 261.54939218610525 12.573936909437178
leaf_count=29791 1657 3816 61725 1503 694 9644 1581 554 927 84 898 529 1031 2248 38 434 130 995 529 63 395 330 3472 2930 2730 14 898 27 895 34
internal_value=0.000855602 -0.0186678 0.0278084 -0.0171809 0.0214386 0.0141793 -0.00118525 -0.0135983 -0.0121331 -0.0107508 -0.0229686 -0.00934429 -0.0121815 0.000898344 -0.0132065 -0.0151355 -0.0174456 -0.0210442 -0.018047 -0.00780042 -0.0015183 -0.0287035 -0.0212875 -0.0144791 -0.0188427 -0.014639 0.00205389 -0.0433345 -0.0290153 -0.0219864
internal_weight=11193.6 6491.49 4702.15 5931 2020.54 658.447 154.899 3077.32 2669.4 2402.94 248.075 2154.86 1687.43 467.426 1641.9 1428.75 222.29 2853.68 1750.45 420.568 323.381 97.1874 1329.88 1419.02 833.674 711.545 148.046 122.128 435.086 274.123
internal_count=130596 27161 103435 25504 41710 11919 2275 14975 13472 12545 1112 11433 8631 2802 8102 7071 1028 10529 6713 1783 1390 393 4930 7033 4103 3642 912 461 1458 929
cat_boundaries=0 1 2
cat_threshold=8 8
is_linear=0
shrinkage=0.05


Tree=43
num_leaves=31
num_cat=1
split_feature=3 3 3 4 0 0 3 4 2 1 2 2 2 1 5 2 1 4 1 1 4 4 2 2 1 1 0 4 1 2
split_gain=1755.66 292.804 51.8836 41.2103 39.4372 23.4303 20.2641 18.4971 28.7934 25.2611 17.8285 17.8548 17.7217 16.7668 20.2768 16.7326 15.5537 16.6457 14.864 27.1328 20.1214 15.5068 13.9579 22.8798 20.8062 38.022 15.944 13.3308 30.6464 13.1898
threshold=-8.5236756886338156 -5.9170352432702478 -7.9937480013767246 65.053736679763801 0.9777775520833335 4.8382148495370378 -12.459983534769718 2.5892505814121369 507.50000000000006 17767.500000000004 4108.5000000000009 3644.5000000000005 199.50000000000003 568.50000000000011 0 14821.500000000002 1976.5000000000002 3.0725797804206416 43621.000000000007 47187.500000000007 154.28016277007839 15.728093583246443 8466.0000000000018 8065.5000000000009 19979.500000000004 28056.500000000004 3.4655504918981488 12.393196924726686 2897.5000000000005 1446.5000000000002
decision_type=2 2 2 2 2 2 2 2 2 2 2 2 2 2 1 2 2 2 2 2 2 2 2 2 2 2 2 2 2 2
left_child=3 2 18 6 -4 7 -1 8 -6 -9 11 -11 -3 14 -8 22 17 -17 21 20 -20 27 23 -14 26 -26 -25 29 -29 -2
right_child=1 12 4 -5 5 -7 13 9 -10 10 -12 -13 15 -15 -16 16 -18 -19 19 -21 -22 -23 -24 24 25 -27 -28 28 -30 -31
leaf_value=-0.025370668509727919 0.083628040125411959 0.068170533190172786 0.042473838414362461 -0.032326000649696596 -0.048347875708568244 0.018315597347620848 0.057989705454779161 0.020698634920123204 0.052403131178948952 0.040075137787346435 0.02867145624565139 0.086759587913608716 -0.0092163801342887396 -0.015968602233321954 -0.010883516292740656 -0.01607997743699242 -0.023149604157830319 0.031728011244753232 0.023603501319145376 -0.015804759435876999 0.24789390818282708 -0.011458243906790174 -0.020693640164555382 0.12219144176987236 0.27175303779759802 0.0015363669706751327 -0.035632502048581517 0.18723705731192636 -0.00484378796571696 0.0012945672011970399
leaf_weight=1057.6879073791206 5.3370112031698218 6.9727786779403678 253.5889540463686 2080.7297937273979 7.6058395951986304 2020.1389410346746 17.601835928857327 1309.6473588421941 104.85176625847816 102.50180090218782 544.50778632611036 25.595147669315338 224.97227873280644 429.41093350574374 27.201146192848682 26.469427704811096 34.174440458416939 58.328747540712357 1.6856733113527278 5.0726421438157558 2.4580983370542526 162.13919518515468 407.81257697567344 2.2097302004694921 2.596564218401908 2.6107504293322563 5.8020201325416565 3.5646083280444127 4.9745797552168369 54.924626473337412
leaf_count=29791 49 24 697 61065 25 8944 174 5455 314 335 1895 82 2191 10103 525 224 331 381 28 80 27 2535 4352 21 23 21 67 38 91 708
internal_value=-0.000782919 0.0173193 0.022093 -0.0277439 0.0233369 0.0221576 -0.0215201 0.0258628 0.045589 0.0247436 0.0326198 0.0494032 -0.01118 -0.0129317 0.0161748 -0.0119033 0.00532814 0.0168049 -0.000533438 0.0617337 0.156653 -0.00301841 -0.0150768 -0.00546 0.058469 0.136277 0.0078971 0.0168713 0.0753387 0.00858635
internal_weight=8993.17 5380.54 4608.59 3612.63 4368.44 4114.85 1531.9 2094.71 112.458 1982.25 672.605 128.097 771.949 474.214 44.803 764.977 118.973 84.7982 240.156 9.21641 4.14377 230.94 646.004 238.191 13.2191 5.20731 8.01175 68.8008 8.53919 60.2616
internal_count=130596 28938 21303 101658 17747 17050 40593 8106 339 7767 2312 417 7635 10802 699 7611 936 605 3556 135 55 3421 6675 2323 132 44 88 886 129 757
cat_boundaries=0 1
cat_threshold=8
is_linear=0
shrinkage=0.05


Tree=44
num_leaves=31
num_cat=0
split_feature=3 4 3 2 1 2 2 3 0 2 1 1 0 3 4 1 2 2 1 2 4 4 2 3 3 1 1 2 2 0
split_gain=829.871 26.7703 13.0054 14.8364 14.7426 16.4584 66.1604 9.7592 9.44438 9.32143 9.21389 8.89499 8.41302 28.5167 7.91866 7.60655 13.9799 247.093 583.227 13.0531 59.2695 182.109 7.62719 11.5585 20.1771 8.39264 31.0958 7.59528 36.029 7.6024
threshold=-6.225957734494636 50.667246900856171 -6.0523948069364035 12590.500000000002 464.50000000000006 13534.000000000002 13419.500000000002 -6.9170352432702478 1.4149594560185188 977.50000000000011 413.50000000000006 11169.500000000002 3.2985504340277783 -6.1618438335499954 17.395043626706709 946.50000000000011 14644.500000000002 14654.500000000002 568.50000000000011 15025.500000000002 14.02817224716301 16.96411985522268 15222.500000000002 -15.116878801148289 -16.45191783382981 5964.5000000000009 14706.500000000002 5343.5000000000009 4901.5000000000009 6.5453951678240765
decision_type=2 2 2 2 2 2 2 2 2 2 2 2 2 2 2 2 2 2 2 2 2 2 2 2 2 2 2 2 2 2
left_child=1 7 3 27 -5 6 11 15 10 -10 -4 -6 13 -7 -12 16 -1 18 -18 -19 -21 -22 -17 24 25 -24 -27 28 29 -2
right_child=2 -3 8 4 5 12 -8 -9 9 -11 14 -13 -14 -15 -16 22 17 19 -20 20 21 -23 23 -25 -26 26 -28 -29 -30 -31
leaf_value=-0.021272386654022125 -0.023321406726888663 -0.031908538531430296 0.012089554625042407 0.14384915842465298 -0.034815608215690345 0.27590011883984811 0.42971568992999265 -0.0065367861698790268 -0.027673006376646016 0.029501500282609325 0.061263151060584144 0.10356755530860501 -0.01552978095823088 -0.034802467019106824 0.035245340668876156 -0.024516701649970208 -0.033739093967051957 -0.028044182299615385 2.6440033525990434 -0.033760449265154889 1.4076054550494976 0.018267336178038846 -0.033600365570964567 -0.0208427523904023 0.53082799939807923 0.56057367894047172 -0.033615484879784406 -0.03011439519562395 0.29842464637340682 0.12680398408358018
leaf_weight=52.338406912051141 9.0390835665166342 816.1130527863279 20.447897776961327 2.7760644257068661 3.2671231832355287 1.1286086048930886 1.1824467610567806 135.9753126334399 7.1788623221218577 1022.753568360582 59.465374246239662 1.8015580400824545 15.883956888690589 2.1365209445357349 57.545706674456596 474.96303129848093 0.63673779554665344 17.732853577472273 0.2987594548612833 3.9565025409683576 0.31221961975097634 0.96440572664141655 1.0154729159548881 3.8615206601098171 0.26575040724128474 0.33659070264548052 0.63669021800160408 23.947982601821423 1.0514026824384917 0.9300715848803528
leaf_count=3832 216 74002 77 38 62 31 16 4137 155 7890 190 30 383 37 208 36450 42 1329 21 253 24 90 87 236 22 27 52 614 23 22
internal_value=-0.000925705 -0.0257712 0.0295505 0.00744887 0.0344488 0.0224921 0.0929355 -0.0185467 0.030746 0.029103 0.0430562 0.0143698 -0.000503801 0.0725935 0.0484677 -0.0214769 -0.00680356 0.0248797 0.821422 -0.00756674 0.0618227 0.358053 -0.0238023 0.0316781 0.121636 0.066957 0.171874 -0.0143066 0.0200441 -0.00931547
internal_weight=2739.94 1509.41 1230.54 63.1448 28.1763 25.4002 6.25113 693.294 1167.39 1029.93 137.459 5.06868 19.1491 3.26513 117.011 557.319 76.2399 23.9015 0.935497 22.966 5.23313 1.27663 481.079 6.11602 2.2545 1.98875 0.973281 34.9685 11.0206 9.96916
internal_count=130596 120604 9992 1472 597 559 108 46602 8520 8045 475 92 451 68 398 42465 5591 1759 63 1696 367 114 36874 424 188 166 79 875 261 238
is_linear=0
shrinkage=0.05


Tree=45
num_leaves=31
num_cat=4
split_feature=3 4 0 0 5 3 1 5 4 1 4 2 1 2 2 4 5 4 4 1 3 2 1 2 2 3 4 5 4 2
split_gain=2117.44 58.5312 55.531 23.1843 22.5515 20.2395 18.0273 20.9826 14.3918 28.4879 21.681 16.3367 15.637 15.5345 12.8532 14.0298 16.7301 12.5744 12.545 14.3227 13.6367 12.4938 12.4641 15.0882 17.8153 16.0271 17.5521 19.151 13.3898 13.3624
threshold=-8.2408989977791709 65.053736679763801 2.8853423263888893 0.34354118634259267 0 -12.459983534769718 1567.5000000000002 1 14.02817224716301 4296.5000000000009 33.299863860054323 2390.5000000000005 413.50000000000006 13419.500000000002 15222.500000000002 18.255617303829769 2 44.972294903272605 18.255617303829769 27497.000000000004 -5.4359260371889944 722.50000000000011 35730.500000000007 14862.500000000002 15051.500000000002 -4.4224507614001194 2.095937416300369 3 85.225989531957239 15489.500000000002
decision_type=2 2 2 2 1 2 2 1 2 2 2 2 2 2 2 2 1 2 2 2 2 2 2 2 2 2 2 1 2 2
left_child=1 5 3 -2 18 14 7 -7 12 17 11 -11 -5 -14 -1 -16 -17 -10 -4 -20 -21 -9 23 25 28 26 -6 -28 -25 -26
right_child=2 -3 4 8 22 6 -8 21 9 10 -12 -13 13 -15 15 16 -18 -19 19 20 -22 -23 -24 24 29 -27 27 -29 -30 -31
leaf_value=0.025036963319855384 -0.048439465214707982 0.032433838782546569 -0.022602688767584329 -0.013219808921253479 -0.029662086620608253 -0.024283658474672436 0.018329568874728478 -0.071592773844044083 0.0012624905765085488 0.01578686474551904 -0.020933786229456155 -0.048792729708713484 -0.027603823464563439 -0.047481419318842415 0.034427230006782876 -0.10458801357662227 0.034349808762852034 -0.023537694074858045 -0.012047480816308775 -0.024297226055813886 0.034891670114662508 0.017447250640287452 -0.022020399603607261 -0.030500433571603036 0.013277468192229648 0.0144386025523149 -0.0093949864932735983 0.021662198851359497 0.024741908613100497 -0.056691356509020553
leaf_weight=1285.4620771743357 102.42564186453819 2523.3020505160093 948.28142512962222 107.4117720797658 103.95515037328005 60.362192675471306 487.02857424691319 4.1211996078491202 181.50762104615569 10.652171239256857 528.45201902091503 121.40590204298496 281.94880953431129 150.8926088064909 7.1115968897938755 6.4599258378148079 3.2601879984140378 71.145374309271574 1037.5159792639315 417.93956123664975 9.9632188081741315 89.460378721356392 250.58152288198471 210.45074493810534 49.482706777751446 71.476431556046009 1855.1852508150041 51.001686785370111 11.572276651859282 7.9151240885257712
leaf_count=29448 305 61725 3287 370 363 694 9644 34 677 37 1744 380 903 463 155 112 76 253 4311 1364 38 1547 859 811 268 595 9713 315 80 25
internal_value=0.000840143 0.0274109 -0.0171932 -0.0254476 -0.0146376 0.0208887 0.0136152 -0.00129934 -0.0238273 -0.0200003 -0.0254622 -0.0435836 -0.0302958 -0.0345333 0.0244686 -0.0189411 -0.0579874 -0.00572107 -0.0181217 -0.015222 -0.0229191 0.0135261 -0.0114175 -0.0102922 -0.0212018 -0.00882781 -0.00965512 -0.00856402 -0.0276211 0.00362881
internal_weight=11047.7 4466.57 6581.16 1555.84 5025.32 1943.27 640.972 153.944 1453.42 913.163 660.51 132.058 540.253 432.841 1302.29 16.8317 9.72011 252.653 2413.7 1465.42 427.903 93.5816 2611.62 2361.04 279.421 2081.62 2010.14 1906.19 222.023 57.3978
internal_count=130596 103435 27161 5132 22029 41710 11919 2275 4827 3091 2161 417 1736 1366 29791 343 188 930 9000 5713 1402 1581 13029 12170 1184 10986 10391 10028 891 293
cat_boundaries=0 1 2 3 4
cat_threshold=8 8 4 4
is_linear=0
shrinkage=0.05


Tree=46
num_leaves=31
num_cat=2
split_feature=3 3 3 4 0 0 3 2 3 1 4 2 2 2 2 2 2 2 2 5 2 1 5 4 1 3 2 2 3 2
split_gain=1578.27 262.731 43.9951 42.0964 36.9258 20.9338 19.8804 17.0185 17.2459 20.3731 20.3018 16.5307 16.4698 18.032 16.3862 17.2817 16.2294 16.8561 15.9143 21.3077 18.9483 15.4626 17.0775 15.1506 26.8397 19.7345 17.084 24.2522 14.5474 14.5134
threshold=-8.5236756886338156 -5.9170352432702478 -7.9937480013767246 65.053736679763801 0.9777775520833335 4.8382148495370378 -12.459983534769718 14974.500000000002 -6.3638131163992062 27497.000000000004 3.0725797804206416 14930.500000000002 14731.500000000002 14757.500000000002 15051.500000000002 15208.500000000002 722.50000000000011 14821.500000000002 14838.500000000002 0 14878.500000000002 568.50000000000011 1 78.683415288925019 8298.5000000000018 -6.9505881823674214 14644.500000000002 14562.500000000002 -6.9170352432702478 2266.0000000000005
decision_type=2 2 2 2 2 2 2 2 2 2 2 2 2 2 2 2 2 2 2 1 2 2 1 2 2 2 2 2 2 2
left_child=3 2 -2 6 -4 7 -1 8 9 10 -6 12 23 -14 -9 -16 -3 -18 19 28 -20 22 -8 24 26 -25 27 -12 -15 -26
right_child=1 16 4 -5 5 -7 21 14 -10 -11 11 -13 13 18 15 -17 17 -19 20 -21 -22 -23 -24 25 29 -27 -28 -29 -30 -31
leaf_value=-0.024900862022563371 -0.00049347914893314621 0.027863835013959101 0.040058009300408072 -0.032161824693638381 0.045368569955713554 0.016793865345786151 0.052158244512863272 0.068388329465862346 0.013078380746467109 0.036398755574316731 0.013808968525986341 -0.033293757347010768 0.08067386274204115 0.0098579674482552337 -0.0024570168749456752 0.053430561932183866 -0.015800463781549305 0.0046393544601566359 0.073275800796778562 -0.015832979257130533 0.019759371113365298 -0.015388514264204282 -0.010301510786511071 0.01829186288261261 0.0045443767265529031 -0.012401944579324023 -0.037557228226757881 0.066978108012255774 0.11491427147622522 0.03563648934880001
leaf_weight=1008.4522421248257 239.41136405989528 25.776181310415268 253.05758562684059 1956.4185283258557 89.526478707790375 2059.1390251219273 18.597430549561977 40.92895495146513 367.20265885442495 319.58044996857643 455.67693798243999 14.003739684820173 20.89532233774662 6.9050879925489426 26.535689160227776 28.894022598862648 623.24778365716338 120.34137118980289 31.903563767671585 31.034879565238953 34.346574403345585 416.91874896362424 26.591386690735817 158.1179913431406 42.122680157423019 78.300359502434731 15.185684286057947 22.506612591445446 6.3031467646360397 344.4348816126585
leaf_count=29791 3556 103 697 61065 251 8944 174 129 1539 996 1920 59 68 38 98 93 6596 936 103 110 130 10103 525 634 143 317 78 94 26 1280
internal_value=-0.000765189 0.0159396 0.0203856 -0.0273573 0.0215098 0.0203905 -0.0209655 0.0238603 0.0228895 0.0250457 0.0223607 0.0207282 0.0213345 0.038079 0.0443934 0.0266757 -0.0111404 -0.0124925 0.0300239 0.0068037 0.0455309 -0.0123774 0.0154038 0.0193637 0.022383 0.00812626 0.0146534 0.0163115 0.0599922 0.0322484
internal_weight=8882.36 5455.38 4686.01 3426.98 4446.6 4193.54 1470.56 2134.41 2038.05 1670.84 1351.26 1261.74 1247.73 131.389 96.3587 55.4297 769.365 743.589 110.493 44.2431 66.2501 462.108 45.1888 1116.35 879.927 236.418 493.369 478.184 13.2082 386.558
internal_count=130596 28938 21303 101658 17747 17050 40593 8106 7786 6247 5251 5000 4941 475 320 191 7635 7532 407 174 233 10802 699 4466 3515 951 2092 2014 64 1423
cat_boundaries=0 1 2
cat_threshold=4 8
is_linear=0
shrinkage=0.05


Tree=47
num_leaves=31
num_cat=0
split_feature=3 4 2 3 3 0 2 4 2 1 2 2 4 2 4 2 4 2 3 1 2 2 0 3 4 4 2 2 3 2
split_gain=750.385 26.6327 11.6184 20.4669 13.7935 13.0223 12.1671 11.1156 10.3036 10.1462 16.1948 22.5356 10.8502 20.0426 13.0328 11.9163 9.63404 18.269 19.2825 11.5935 9.55879 30.4621 9.43918 9.22918 8.81709 10.2152 9.98951 11.334 8.62765 8.27541
threshold=-6.225957734494636 50.667246900856171 12146.500000000002 -6.00910642487516 -4.269622801651094 3.8767472627314823 12457.500000000002 3.0725797804206416 12457.500000000002 413.50000000000006 14946.500000000002 14862.500000000002 37.102394474006971 13579.500000000002 307.60809633704594 12864.500000000002 57.963386657819761 6464.0000000000009 -5.4359260371889944 4110.5000000000009 5343.5000000000009 5223.0000000000009 3.5193241956018531 -6.9170352432702478 139.82881601800216 232.23250760912967 11030.500000000002 8466.0000000000018 -5.7724989540696763 15051.500000000002
decision_type=2 2 2 2 2 2 2 2 2 2 2 2 2 2 2 2 2 2 2 2 2 2 2 2 2 2 2 2 2 2
left_child=1 23 3 20 16 6 -4 8 -7 10 11 -8 15 -14 -15 -11 -5 18 28 -19 21 -2 -6 -1 -21 26 27 -26 -18 -10
right_child=2 -3 5 4 22 7 9 -9 29 12 -12 -13 13 14 -16 -17 17 19 -20 24 -22 -23 -24 -25 25 -27 -28 -29 -30 -31
leaf_value=-0.021147577475785224 0.00073047975890773399 -0.031800621790218864 0.091044541840202886 0.029817813244291832 0.018919719663507882 0.11646089702403382 -0.0012324905136078428 0.021271512537155649 0.041835784833336692 -0.010650854022423092 -0.042498094146574995 0.077707463414579375 0.059094176447870767 -0.0082112445442419201 0.07758273149010915 0.053801760582318552 0.045413002526795865 0.057491923798939581 -0.0023421988860790706 -0.020568245369156548 -0.027500364358561333 0.26938635467773275 -0.035539720446638501 -0.0065882318528238245 0.002568128652742664 -0.022590460140353583 -0.024410258869125886 0.1141228371416468 0.12846731393580382 -0.014993930567148612
leaf_weight=541.6870553959161 12.742142599076029 772.74791110027581 11.325265206396578 437.58449815958738 16.612428093329076 4.3209402263164511 21.731728395447135 296.41025054268539 82.04018484428525 7.5677579827606669 9.1935790963470918 15.481844130903481 26.948191564530134 33.855608893558383 5.0923577137291423 136.91036213561893 5.5594048127532005 7.8197874724864951 9.3964844569563848 41.803665399551392 28.867215817794204 1.1503913439810283 15.270473331212996 136.22008267603815 3.6318740360438841 9.1123673543333989 3.6580104120075694 6.1031276546418667 7.1461976021528262 6.9484230317175379
leaf_count=42465 279 74002 43 3204 135 19 152 2817 419 58 53 53 147 284 25 695 29 28 55 300 684 19 281 4137 28 52 28 35 29 41
internal_value=-0.000915302 -0.0254552 0.027242 0.02225 0.0247798 0.0318442 0.0403259 0.0260093 0.0410596 0.038089 0.0169276 0.0316086 0.042757 0.0259433 0.00300612 0.0504257 0.0266949 0.0121929 0.051964 6.0224e-06 -0.0111004 0.0229769 -0.0071639 -0.018222 -0.00698409 0.0182484 0.0460345 0.0725047 0.0921265 0.0373984
internal_weight=2714.94 1450.66 1264.28 606.458 563.698 657.826 268.107 389.72 93.3095 256.781 46.4072 37.2136 210.374 65.8962 38.948 144.478 531.815 94.2309 22.1021 72.1288 42.7597 13.8925 31.8829 677.907 64.309 22.5054 13.393 9.735 12.7056 88.9886
internal_count=130596 120604 9992 5186 4204 4806 1510 3296 479 1467 258 205 1209 456 309 753 3788 584 113 471 982 298 416 46602 443 143 91 63 58 460
is_linear=0
shrinkage=0.05


Tree=48
num_leaves=31
num_cat=2
split_feature=3 4 0 5 3 1 5 0 1 1 4 3 0 2 2 2 2 3 2 3 4 1 2 4 3 1 2 2 2 2
split_gain=1905.16 59.6717 51.2343 26.5881 19.7235 17.0591 18.8039 15.6876 13.5675 17.4678 22.4712 29.3314 24.2708 18.7862 45.0539 25.504 15.161 37.0152 14.9645 15.9208 13.4436 16.0112 22.3586 28.661 17.1644 13.3734 15.439 34.9279 13.6212 24.4818
threshold=-8.2408989977791709 65.053736679763801 1.7285043344907411 0 -12.459983534769718 1567.5000000000002 1 0.34354118634259267 1044.5000000000002 8634.5000000000018 65.053736679763801 -7.9467294757955615 4.8382148495370378 14738.500000000002 14608.500000000002 14757.500000000002 14562.500000000002 -6.9505881823674214 14789.500000000002 -7.222972166579507 3.8867423158524548 4651.5000000000009 14856.500000000002 14.465140358121516 -4.0029633089292487 43048.500000000007 13245.500000000002 13534.000000000002 14772.500000000002 14738.500000000002
decision_type=2 2 2 1 2 2 1 2 2 2 2 2 2 2 2 2 2 2 2 2 2 2 2 2 2 2 2 2 2 2
left_child=1 4 7 8 -1 6 -6 -2 -4 13 12 -12 -11 14 16 -15 -10 -18 -17 -20 -5 22 -22 24 -24 26 -13 -28 29 -29
right_child=2 -3 3 20 5 -7 -8 -9 9 10 11 25 -14 15 -16 18 17 -19 19 -21 21 -23 23 -25 -26 -27 27 28 -30 -31
leaf_value=0.023954138816053624 -0.04664790854890169 0.032257564756849953 -0.027444495459711456 -0.019074165066295716 -0.022796370809570563 0.017767453864433087 0.012957770592646632 -0.025381868165040056 -0.0097372387248303646 -0.035567768513974522 0.032527217993341691 -0.0069297373141116924 -0.01819572156176899 -0.079413008880204597 0.038606735920185702 0.022792808675113116 -0.10321522597983959 0.025875453248647425 0.0070144852245465341 -0.033589664308298066 0.0002356521228101886 -0.012325598030582667 -0.028840386383043023 0.013294797460192236 -0.10527706979345115 -0.03277640074423966 -0.085735023354365281 -0.01632865945842223 0.0056810028320045816 -0.076033834645480441
leaf_weight=1243.8351003155112 100.26975325495005 2374.7145782895386 323.59720773249865 450.94311901181936 61.601883497089148 471.84979382157326 91.238815192133188 641.78168047964573 713.30130898207426 346.89001557603478 33.128613498061895 387.45339339971542 478.25896651297808 19.776251375675201 48.748570937663317 18.709860846400261 13.713431730866434 9.3317999094724637 30.833556931465864 111.23139169812202 648.73607281595469 1821.1596975028515 104.66975263506174 44.240888990461826 7.8987812474369994 97.697090476751328 20.538314074277878 116.94454801082611 48.73835189640522 20.124139428138733
leaf_count=29791 305 61725 1040 1701 694 9644 1581 1917 2741 1121 315 1304 1747 71 234 78 54 40 129 380 3893 8439 383 237 28 271 64 423 183 63
internal_value=0.0008144 0.026998 -0.015871 -0.0143178 0.0203136 0.0130649 -0.00145281 -0.0282554 -0.0178076 -0.0165678 -0.0198568 -0.013432 -0.0254989 -0.0112893 -0.00794494 -0.0258319 -0.0110268 -0.050942 -0.0192412 -0.024777 -0.0110986 -0.00972934 -0.00385978 -0.020803 -0.0342038 -0.0156339 -0.0128134 -0.0238611 -0.0170219 -0.0250944
internal_weight=10902 4243.24 6658.72 5916.67 1868.53 624.69 152.841 742.051 2839.02 2515.42 1549.77 724.624 825.149 965.646 785.095 180.551 736.347 23.0452 160.775 142.065 3077.65 2626.71 805.545 156.809 112.569 691.496 593.799 206.345 185.807 137.069
internal_count=130596 103435 27161 24939 41710 11919 2275 2222 10258 9218 5491 2623 2868 3727 3069 658 2835 94 587 509 14681 12980 4541 648 411 2308 2037 733 669 486
cat_boundaries=0 1 2
cat_threshold=8 8
is_linear=0
shrinkage=0.05


Tree=49
num_leaves=31
num_cat=1
split_feature=3 3 4 3 0 4 3 2 2 2 1 3 4 1 2 0 1 2 4 2 1 2 1 2 5 4 2 2 4 2
split_gain=1421.03 236.782 42.9246 40.4914 36.1393 22.4218 22.3092 26.6092 28.6644 21.1525 20.8701 19.457 17.023 23.3797 19.6536 21.1893 15.5761 15.7883 28.5864 23.841 19.948 15.128 14.2077 14.6377 15.0069 13.8921 28.1104 21.5343 16.8707 15.8894
threshold=-8.5236756886338156 -6.0523948069364035 65.053736679763801 -7.9937480013767246 1.0278024247685187 2.5892505814121369 -5.5265860328747483 3730.0000000000005 3644.5000000000005 507.50000000000006 27497.000000000004 -12.459983534769718 31.986322361260296 8634.5000000000018 977.50000000000011 5.2984948553240754 301.50000000000006 14409.500000000002 12.393196924726686 14608.500000000002 718.50000000000011 14088.500000000002 568.50000000000011 722.50000000000011 0 14.02817224716301 2390.5000000000005 3262.5000000000005 9.1893487371359424 14916.500000000002
decision_type=2 2 2 2 2 2 2 2 2 2 2 2 2 2 2 2 2 2 2 2 2 2 2 2 1 2 2 2 2 2
left_child=2 3 11 -2 -5 9 -3 8 -8 -6 12 -1 13 16 -15 25 -7 21 20 -20 -19 -18 23 -13 -25 27 -27 28 -16 -29
right_child=1 6 -4 4 5 10 7 -9 -10 -11 -12 22 -14 14 15 -17 17 18 19 -21 -22 -23 -24 24 -26 26 -28 29 -30 -31
leaf_value=-0.024421465145153788 -0.00064027625089106113 -0.00032676305777196542 -0.031993931974163246 0.038662604649317922 -0.043733313214442272 -0.013914687156211534 0.0053174978760706301 -0.020612951946703525 0.14652946522010671 0.038191354874435306 0.025415366461723567 0.12768233991981862 0.012168541469889936 -0.010007995896266405 0.074575135426456093 0.019979685979952869 0.014738478346338688 0.0051657159717278505 0.05745381363135519 -0.0046948464502872605 0.045406830597794795 -0.01748230295153717 -0.014810055154782998 0.041579555194820289 -0.018169551097529404 -0.028517687641115383 0.054998547379396169 0.00037071067857805996 0.0052588903970801192 0.064239374284375816
leaf_weight=962.32893543876708 240.05146292969584 447.00855196267366 1839.754626205191 256.43489289283752 8.1922389864921552 42.698380343616009 63.346313927322626 412.02555803209543 3.809820555150508 206.08683520555496 841.25503477454185 2.6942918039858332 1293.4189388155937 31.941042214632034 30.850114211440086 255.79035258293152 792.93880712240934 38.043184190988541 18.606045618653297 90.435491636395454 161.6685408577323 38.183365285396576 405.11763828992844 18.443082757294178 24.429439164698124 10.797260716557501 150.71542426943779 62.196758568286896 12.269295647740362 11.545719146728514
leaf_count=29791 3556 3239 61065 700 25 175 587 4665 29 591 2720 18 5732 121 92 1042 3400 140 99 418 536 209 10103 169 512 46 522 218 42 34
internal_value=-0.000745164 0.0147017 -0.0269602 0.0193512 0.0204534 0.0193139 -0.00836117 -0.0158561 0.0133286 0.0350592 0.0184451 -0.0204062 0.0165175 0.0197343 0.0280903 0.0303684 0.0157342 0.0168448 0.0264994 0.00590974 0.0377413 0.0132582 -0.0118327 0.0146378 0.00753357 0.0399143 0.0494154 0.0267831 0.0548517 0.0103705
internal_weight=8773.08 5520.31 3252.77 4594.12 4354.07 4097.63 926.19 479.182 67.1561 214.279 3883.35 1413.01 3042.1 1748.68 566.106 534.165 1182.57 1139.88 308.753 109.042 199.712 831.122 450.684 45.5668 42.8725 278.375 161.513 116.862 43.1194 73.7425
internal_count=130596 28938 101658 20418 16862 16162 8520 5281 616 616 15546 40593 12826 7094 2117 1996 4977 4802 1193 517 676 3609 10802 699 681 954 568 386 134 252
cat_boundaries=0 1
cat_threshold=8
is_linear=0
shrinkage=0.05


Tree=50
num_leaves=31
num_cat=1
split_feature=3 4 2 3 3 0 4 2 2 0 3 4 2 3 3 1 4 2 3 0 2 2 2 3 2 2 2 5 2 1
split_gain=678.826 26.7874 10.4402 18.2493 12.2234 11.9461 9.4073 8.96057 21.3812 8.85795 8.64752 8.51809 10.0683 10.1528 8.69238 9.63494 8.41332 16.4771 16.5913 10.8773 8.14743 7.97484 12.0205 20.0819 9.78842 10.4248 25.2906 19.3025 18.6866 10.8703
threshold=-6.225957734494636 50.667246900856171 12146.500000000002 -6.00910642487516 -4.269622801651094 3.0239483333333346 1.4712513167492045 5343.5000000000009 5223.0000000000009 3.5193241956018531 -6.9170352432702478 2.095937416300369 15051.500000000002 -4.675100551583407 -5.8643903930433314 5749.5000000000009 57.963386657819761 6464.0000000000009 -5.4359260371889944 1.2324569733796298 12457.500000000002 12041.000000000002 11911.500000000002 -5.4359260371889944 11648.500000000002 11030.500000000002 11163.500000000002 0 11352.500000000002 8531.5000000000018
decision_type=2 2 2 2 2 2 2 2 2 2 2 2 2 2 2 2 2 2 2 2 2 2 2 2 2 2 2 1 2 2
left_child=1 10 3 7 16 6 -4 8 -2 -6 -1 12 13 -7 15 -13 21 18 -18 -19 -8 22 24 -24 25 29 -27 28 -28 -5
right_child=2 -3 5 4 9 11 20 -9 -10 -11 -12 14 -14 -15 -16 -17 17 19 -20 -21 -22 -23 23 -25 -26 26 27 -29 -30 -31
leaf_value=-0.020716917399744808 0.00044426439754360279 -0.031689354502456572 -0.013115833559307649 0.020060807866420394 0.017382559251182192 0.059954048848810684 0.10041756995841902 -0.027345630341883101 0.2011445880866233 -0.035513261668654469 -0.0065732272640432118 -0.010309548962306719 -0.032292049812884832 0.015279812273583993 0.025991207989277149 0.025372648676211168 0.083984229737261606 0.044452322789947457 -0.002612931599113872 -0.0088715238346059409 0.04023156628134078 -0.038773813949584374 0.018030142317758527 0.19698646202460746 -0.01696752714578801 0.098842586272589003 -0.02798447392885426 -0.035867121506482101 0.093717366540689892 0.038007423653975476
leaf_weight=524.05233184248209 12.842045810073611 732.12355977203697 8.0498221442103368 261.7567855771631 16.970517013221983 43.88449077680707 5.8001144006848326 28.322920352220535 1.4799398630857474 14.831823017448185 136.14642264135182 38.496671913191676 4.2799776941537848 17.907421216368675 334.0173793900758 37.199375430122018 13.377451911568643 11.333880722522734 9.43014097958803 61.226453620940447 184.16165078803897 4.4997676387429228 3.5835674032568932 2.7867230847477904 12.230454385280607 17.090338058769703 4.599062144756318 9.5599147602915764 10.039046868681906 124.51135426387191
leaf_count=42465 279 74002 32 1970 135 186 19 684 19 281 4137 512 26 95 2599 459 58 34 55 437 878 30 27 28 112 71 29 123 35 779
internal_value=-0.000871427 -0.0251035 0.0251965 0.0205168 0.0228463 0.0295058 0.0398258 -0.0110475 0.0211833 -0.00728674 -0.0178002 0.0252108 0.0418705 0.0470074 0.0225242 0.00722578 0.0246014 0.0111096 0.0481793 -0.000542371 0.0420692 0.0274565 0.0281245 0.0963157 0.0271367 0.0283984 0.0522786 0.0193918 0.0554806 0.0258458
internal_weight=2686.59 1392.32 1294.27 620.472 577.827 673.797 198.012 42.6449 14.322 31.8023 660.199 475.785 66.0719 61.7919 409.713 75.696 546.025 95.3679 22.8076 72.5603 189.962 450.657 446.157 6.37029 439.787 427.557 41.2884 24.198 14.6381 386.268
internal_count=130596 120604 9992 5186 4204 4806 929 982 298 416 46602 3877 307 281 3570 971 3788 584 113 471 897 3204 3174 55 3119 3007 258 187 64 2749
cat_boundaries=0 1
cat_threshold=8
is_linear=0
shrinkage=0.05


Tree=51
num_leaves=31
num_cat=1
split_feature=3 4 0 3 0 2 1 4 3 4 3 5 4 2 1 2 1 1 3 4 1 4 3 2 1 2 2 4 2 3
split_gain=1718.68 55.7903 46.4178 24.4341 20.2561 20.1718 17.8851 19.9457 17.3617 18.9976 21.262 16.9724 28.8401 23.4603 16.3689 16.1485 14.8834 13.9887 13.7018 12.7798 23.0988 15.4284 14.4716 13.7956 13.4033 13.2422 12.7768 15.805 15.4715 13.9164
threshold=-8.5236756886338156 65.053736679763801 2.8853423263888893 -7.9467294757955615 0.69724801504629641 15222.500000000002 27497.000000000004 45.771623721351233 -5.6695862740670169 3.0725797804206416 -7.6981023368751105 0 15.302744961548294 15222.500000000002 6617.5000000000009 507.50000000000006 39096.500000000007 464.50000000000006 -7.9937480013767246 14.02817224716301 6838.5000000000009 33.299863860054323 -5.1341560699788262 2390.5000000000005 358.50000000000006 14562.500000000002 14856.500000000002 1.4712513167492045 15132.500000000002 -4.269622801651094
decision_type=2 2 2 2 2 2 2 2 2 2 2 1 2 2 2 2 2 2 2 2 2 2 2 2 2 2 2 2 2 2
left_child=1 11 4 5 18 -4 7 8 9 15 -11 -1 -13 16 -9 -5 -14 -12 -2 24 -21 23 -23 -22 -6 -26 29 -28 -29 -10
right_child=2 -3 3 6 19 -7 -8 14 26 10 17 12 13 -15 -16 -17 -18 -19 -20 20 21 22 -24 -25 25 -27 27 28 -30 -31
leaf_value=0.032482907900704315 0.015579483502557221 0.032363469545179428 0.0039586331234527398 0.042302190085841622 -0.0070075446063216935 -0.16904354459823898 -0.019386399146611791 0.010870185214627912 -0.0069012999311384229 0.004089107701995897 0.0095294543389440808 0.0081902865760714941 0.024985057151907453 -0.04776521850182544 -0.0078704986163280269 -0.029064767817327725 -0.011908907145169638 -0.016071796236960013 -0.038715360764098962 -0.0054776648368902534 0.016495665818899764 -0.020061978780557044 0.030197393512917194 -0.047057669520114205 -0.024214181390274519 -0.044390818440904152 0.033306747500566912 -0.034835344906942275 0.019696378281715745 0.015553847848471991
leaf_weight=248.06871844083071 12.290088970214127 2204.7917952388525 258.10959526896477 8.141341954469679 78.734538983553648 1.695996981114148 875.44289128482342 135.31217259913683 576.48941858112812 152.55710383504629 54.968361854553223 474.83863993734121 971.40148316323757 11.536476131528614 838.8386335670948 300.27658393979073 28.127285867929459 1820.5019041821361 213.05738568305969 329.35717836022377 9.4953965619206411 431.19947601109743 14.814724981784819 84.76970486342907 311.51520381122828 110.04984245449305 11.802683964371679 97.016387969255447 15.020676262676714 78.378812737762928
leaf_count=6121 109 61065 3044 26 283 17 2793 731 2971 661 221 9753 23805 230 3734 864 684 7311 614 1261 34 1509 63 283 1040 332 37 329 100 571
internal_value=0.000789804 0.0270862 -0.0143976 -0.0121182 -0.0218626 0.00282928 -0.0129004 -0.0115118 -0.0134646 -0.0156195 -0.0138613 0.0203761 0.0183549 0.0231286 -0.00526737 -0.0271809 0.0239468 -0.0153214 -0.0357542 -0.0195775 -0.0159146 -0.022277 -0.0183926 -0.0406559 -0.0259445 -0.0294813 -0.00699886 -0.0217268 -0.0275243 -0.00421372
internal_weight=10758.6 3938.76 6819.84 5224.55 1595.28 259.806 4964.75 4089.3 3115.15 2336.45 2028.03 1733.97 1485.9 1011.07 974.151 308.418 999.529 1875.47 225.347 1369.94 869.636 540.279 446.014 94.2651 500.3 421.565 778.708 123.84 112.037 654.868
internal_count=130596 101658 28938 23410 5528 3061 20349 17556 13091 9083 8193 40593 34472 24719 4465 890 24489 7532 723 4805 3150 1889 1572 317 1655 1372 4008 466 429 3542
cat_boundaries=0 1
cat_threshold=1
is_linear=0
shrinkage=0.05


Tree=52
num_leaves=31
num_cat=0
split_feature=3 3 3 4 0 0 4 2 1 3 2 2 2 1 2 2 3 3 3 3 4 1 3 1 2 0 2 1 3 2
split_gain=1284.69 207.187 55.5283 36.463 32.9453 20.3064 16.2316 25.0006 20.4269 18.2613 14.8686 14.7887 14.2097 23.4979 16.3294 21.4097 25.4083 20.1681 17.587 16.3896 19.6015 18.1102 15.3407 18.1836 13.6148 12.6169 12.4577 15.2132 11.823 16.6487
threshold=-8.9815075964536124 -5.9170352432702478 -7.9937480013767246 65.053736679763801 0.61660126157407424 4.8382148495370378 2.5892505814121369 507.50000000000006 11873.500000000002 -6.4666728876018658 199.50000000000003 15489.500000000002 5055.5000000000009 1158.5000000000002 9389.0000000000018 11911.500000000002 -6.2626880638303701 -7.1660246473780278 -6.5634398366489224 -7.136528435372421 8.8502927588511309 358.50000000000006 -6.2626880638303701 1907.5000000000002 13338.000000000002 3.2160878414351859 5667.5000000000009 1285.5000000000002 -7.2878134580827876 13212.500000000002
decision_type=2 2 2 2 2 2 2 2 2 2 2 2 2 2 2 2 2 2 2 2 2 2 2 2 2 2 2 2 2 2
left_child=3 2 -2 -1 -4 6 7 -6 12 -10 -3 -12 13 -8 17 -16 19 -14 -19 20 21 -17 26 -24 28 -21 -20 -28 29 -22
right_child=1 10 4 -5 5 -7 8 -9 9 -11 11 -13 14 -15 15 16 -18 18 22 25 24 -23 23 -25 -26 -27 27 -29 -30 -31
leaf_value=-0.020958354880769747 -0.0022328320790905324 0.059554639209628273 0.041967792474728795 -0.032129240788858648 -0.048605919717543133 0.014154745717150219 0.053899502223321107 0.044731807159172604 0.028403334069512322 0.010812425351373013 -0.012287232413708436 0.071607434565739383 0.007751954558650416 -0.002216871247753448 -0.0024833958819140394 -0.038596115194395236 -0.0077669826350890599 0.057116506219356579 0.06193212280597557 0.041683371217023049 0.020407545365073963 0.043997728613919082 -0.0068719632927372841 0.067944008472177561 -0.0056283699325262943 0.020566908223148921 0.048530304625254067 -0.02450560186511179 -0.014653191050381657 0.099641658277692571
leaf_weight=1282.8716161232442 349.55825280770659 7.3926053196191779 144.13683408498764 1696.5440960675478 7.6613857746124259 2126.3333064317703 20.770264208316803 112.83056074380875 815.95133109390736 180.09889140725136 751.34115585684776 5.2899241745471945 73.400766864418983 183.15333610028028 150.26695933192968 7.4344796240329734 79.007712952792645 74.861644253134727 7.8960196971893302 136.72246963530779 24.267758667469025 61.867790877819061 11.323224760591982 28.721548050642014 117.45148293673992 146.57101636379957 9.3889965265989286 29.633691489696503 12.683282434940336 9.1216975748538953
leaf_count=38891 6231 24 409 60092 25 8944 72 326 2720 654 7594 17 289 703 616 32 375 275 28 447 97 202 43 109 504 666 29 104 46 32
internal_value=-0.000724192 0.0132135 0.0169745 -0.0273193 0.0184432 0.0176773 0.0209324 0.038797 0.0199453 0.0252227 -0.0110112 -0.0117007 0.0155077 0.00349876 0.018005 0.0143804 0.0186384 0.0294906 0.0393509 0.0226806 0.0128522 0.0351374 0.0240575 0.0467887 0.00340766 0.0307581 0.00465649 -0.0069329 0.0264429 0.0420536
internal_weight=8664.55 5685.14 4921.11 2979.42 4571.56 4427.42 2301.09 120.492 2180.59 996.05 764.024 756.631 1184.54 203.924 980.621 745.395 595.128 235.226 161.825 516.12 232.826 69.3023 86.9635 40.0448 163.524 283.293 46.9187 39.0227 46.0727 33.3895
internal_count=130596 31613 23978 98983 17747 17338 8394 351 8043 3374 7635 7611 4669 775 3894 3017 2401 877 588 2026 913 234 313 152 679 1113 161 133 175 129
is_linear=0
shrinkage=0.05


Tree=53
num_leaves=31
num_cat=0
split_feature=3 4 2 3 2 3 0 3 4 1 3 0 2 1 2 0 2 2 0 4 2 2 0 3 1 4 2 3 1 4
split_gain=614.659 26.9187 9.22809 16.3005 11.2135 11.1095 10.2576 8.89996 13.5165 8.64648 12.7061 54.0442 39.1396 21.3203 19.6533 20.2644 8.44707 16.2756 8.31308 8.02206 7.60014 51.0117 7.48767 12.0969 7.42207 7.41506 14.9146 14.5813 10.0431 7.99001
threshold=-6.225957734494636 50.667246900856171 12146.500000000002 -6.00910642487516 12410.500000000002 -4.269622801651094 3.0239483333333346 -5.5700056233421522 3.0725797804206416 902.50000000000011 -25.279965131512572 4.3253446527777788 15025.500000000002 764.50000000000011 15092.500000000002 1.4664721296296299 5343.5000000000009 5223.0000000000009 3.5193241956018531 1.4712513167492045 2120.5000000000005 1976.5000000000002 6.224872401620372 -6.0867691321245561 28341.500000000004 57.963386657819761 6464.0000000000009 -5.4359260371889944 4110.5000000000009 139.82881601800216
decision_type=2 2 2 2 2 2 2 2 2 2 2 2 2 2 2 2 2 2 2 2 2 2 2 2 2 2 2 2 2 2
left_child=1 9 3 16 7 25 19 8 -4 10 11 14 13 -13 -1 -16 17 22 -7 -6 21 -12 -2 -24 -8 -5 27 -27 -28 -30
right_child=2 -3 4 5 6 18 24 -9 -10 -11 20 12 -14 -15 15 -17 -18 -19 -20 -21 -22 -23 23 -25 -26 26 28 -29 29 -31
leaf_value=-0.017926432627384619 -0.016196155494357069 -0.031573120537979213 0.091201326340496602 0.025404646581960157 -0.013339465840912824 0.015781751063979652 0.020210986515435809 0.072633639824002991 -0.031136671525986551 -0.019621255078230461 -0.018887206807327722 0.0093676911636624265 0.68667035003670873 0.31317540109475733 0.50952407473144545 -0.033730822304922255 -0.027178163766278837 0.16187972784674529 -0.035489759090151063 0.037585981886811795 -0.01601276345607993 0.49355443358543599 -0.034300065694486084 0.20996984535446961 0.046614506452032071 0.077302719762074507 0.051912005170913281 -0.0030224352479887289 -0.020598757869168774 0.016042809320444353
leaf_weight=12.70669801812619 10.890979649499053 693.66049093287438 3.6416492387652379 462.02115119434893 8.0646122694015485 17.354580931365494 431.72244209237397 23.195014961063862 5.9413612708449364 559.08289145026356 3.3268618406727906 1.1648629968985913 0.41629704181104887 1.1452137054875491 0.36800663638860065 0.32173407543450594 27.748401988297701 1.7704941183328635 14.520842066034673 188.1462828963995 64.079000435769558 0.56865840777754773 1.008575161918998 1.0188575629144914 28.364612262696028 13.973164718598129 7.9800788313150397 9.4848160222172719 41.718428440392017 23.124638352543116
leaf_count=1279 239 74002 15 3204 32 135 3597 92 38 40924 167 118 24 26 22 27 684 19 281 880 3988 27 25 15 152 58 28 55 300 143
internal_value=-0.000835942 -0.0247411 0.0233432 0.0189828 0.0273463 0.021135 0.0259209 0.0558871 0.0153531 -0.0173728 -0.00242528 0.0374807 0.240401 0.159979 -0.00381668 0.256119 -0.0109479 0.0197122 -0.00757497 0.0354929 -0.0118905 0.0559178 0.000227828 0.0884543 0.0218388 0.0227742 0.0101515 0.0448247 -0.00101756 -0.00753147
internal_weight=2658.53 1336.84 1321.69 632.615 689.076 590.178 656.298 32.778 9.58301 643.18 84.0973 16.1228 2.72637 2.31008 13.3964 0.689741 42.4373 14.6889 31.8754 196.211 67.9745 3.89552 12.9184 2.02743 460.087 558.302 96.2811 23.458 72.8231 64.8431
internal_count=130596 120604 9992 5186 4806 4204 4661 145 53 46602 5678 1496 168 144 1328 49 982 298 416 912 4182 194 279 40 3749 3788 584 113 471 443
is_linear=0
shrinkage=0.05


Tree=54
num_leaves=31
num_cat=2
split_feature=3 4 0 2 3 5 5 4 2 1 0 2 2 3 1 0 2 2 2 3 2 2 2 2 2 3 3 3 4 3
split_gain=1552.44 56.8566 42.594 24.0859 24.6213 20.4826 17.2797 28.6208 22.2599 14.76 14.4739 13.8209 56.4834 13.4748 12.5247 12.0403 11.2505 17.3596 16.2135 25.2968 23.1848 17.4061 32.8141 52.2567 30.2033 44.1517 23.5767 38.3896 37.0816 20.2614
threshold=-8.5236756886338156 65.053736679763801 1.7819519039351854 15489.500000000002 -7.9467294757955615 0 1 15.302744961548294 15222.500000000002 31075.500000000004 0.34354118634259267 6381.5000000000009 5975.0000000000009 -7.9937480013767246 20597.500000000004 2.8853423263888893 15163.500000000002 14838.500000000002 13686.500000000002 -4.269622801651094 12864.500000000002 9049.5000000000018 8163.5000000000009 7480.0000000000009 7106.0000000000009 -6.8493970753394056 -5.3190305174488666 -6.225957734494636 3.5327068242902757 -7.7438838700358366
decision_type=2 2 2 2 2 1 1 2 2 2 2 2 2 2 2 2 2 2 2 2 2 2 2 2 2 2 2 2 2 2
left_child=1 6 10 4 11 -6 -1 -8 9 -9 13 12 15 -2 -14 -4 17 18 19 20 21 22 23 24 -7 -26 27 -24 -29 -23
right_child=2 -3 3 -5 5 16 7 8 -10 -11 -12 -13 14 -15 -16 -17 -18 -19 -20 -21 -22 29 26 -25 25 -27 -28 28 -30 -31
leaf_value=0.032340934154558167 0.031854059201956192 0.032197522430527044 -0.047543434785753722 -0.053798602340694335 -0.015525476095728892 -0.012055029589575819 0.0075229282926831606 0.025042612191541126 -0.045439519565357217 -0.00093448129783793945 -0.02173811045727566 0.0088868137863166979 -0.076783396903762874 -0.04700823748352162 -0.18201800725160078 0.01323972388058384 0.019066905907735607 -0.020680309577798581 -0.00099229770278402374 0.029172074238970752 -0.025981073071058819 -0.032991009710021411 -0.024080175726832086 0.024801561375026298 0.02652357457575762 -0.089534314758587474 0.037984906520078986 0.021142458417324574 -0.11068086412101866 -0.00078090338915671499
leaf_weight=235.99991907924414 5.7573371566832057 2074.625725004822 9.5400931090116483 34.147255085408688 2755.1808303743601 844.95286232233047 463.75708834081888 900.52354546636343 11.866101529449223 58.217282764613628 689.72163663432002 217.2434796243906 10.642486300319431 91.514490082859993 3.8503642156720153 55.803818263113499 33.941389098763466 330.84697390347719 561.5634101331234 39.289305984973907 238.53664720803499 52.817495971918106 75.863814368844032 95.823960281908512 11.466461524367331 28.720985442399979 9.4524726346135122 6.514992579817771 29.447966575622559 645.59234102070332
leaf_count=6121 54 61065 87 106 9343 3564 9753 23029 230 1460 2185 2655 83 282 36 601 184 1231 2924 362 1034 220 300 447 47 122 63 25 117 2866
internal_value=0.000765713 0.0266695 -0.0133381 -0.0119238 -0.0116877 -0.0124117 0.0198036 0.0177407 0.0226228 0.0234652 -0.0242846 0.00234906 -0.0154408 -0.0423405 -0.104741 0.00436549 -0.00955665 -0.00988366 -0.00853064 -0.0105673 -0.011333 -0.00939255 -0.0133057 -0.0102723 -0.0140693 -0.0564202 -0.0378411 -0.0442506 -0.0868 -0.0032168
internal_weight=10623.2 3744.99 6878.23 6091.24 6057.09 5760.01 1670.36 1434.36 970.607 958.741 786.993 297.08 79.8368 97.2718 14.4929 65.3439 3004.83 2970.89 2640.04 2078.48 2039.19 1800.65 1102.24 980.964 885.14 40.1874 121.279 111.827 35.963 698.41
internal_count=130596 101658 28938 26417 26311 22849 40593 34472 24719 24489 2521 3462 807 336 119 688 13506 13322 12091 9167 8805 7771 4685 4180 3733 169 505 442 142 3086
cat_boundaries=0 1 2
cat_threshold=8 1
is_linear=0
shrinkage=0.05


Tree=55
num_leaves=31
num_cat=0
split_feature=3 3 3 4 0 0 2 2 2 1 4 2 2 2 1 4 3 4 2 1 3 3 2 1 2 3 2 2 3 4
split_gain=1161.06 186.519 46.8718 37.266 30.8234 17.0211 15.1062 14.8844 14.7294 14.6479 14.0977 22.2839 14.0213 15.372 13.9525 14.4702 11.8355 14.5935 11.4663 17.9552 11.4058 11.3628 20.6761 14.8489 16.307 23.7917 26.7694 14.435 24.9003 15.4463
threshold=-8.9815075964536124 -5.9170352432702478 -7.9937480013767246 65.053736679763801 0.87142094328703734 4.8382148495370378 14974.500000000002 15051.500000000002 15208.500000000002 40864.500000000007 2.5892505814121369 507.50000000000006 722.50000000000011 14821.500000000002 1836.5000000000002 3.0725797804206416 -12.702130232536012 12.771672403379386 1446.5000000000002 4394.5000000000009 -6.0523948069364035 -6.4348017523049972 13826.500000000002 11587.500000000002 5138.5000000000009 -7.1035840270257022 6091.5000000000009 12485.500000000002 -6.225957734494636 137.55147954131749
decision_type=2 2 2 2 2 2 2 2 2 2 2 2 2 2 2 2 2 2 2 2 2 2 2 2 2 2 2 2 2 2
left_child=3 2 18 16 -4 6 9 -8 -9 10 11 -6 -3 -14 15 -15 -1 -18 19 -2 -13 23 27 24 -12 -26 -27 29 -29 -23
right_child=1 12 4 -5 5 -7 7 8 -10 -11 21 20 13 14 -16 -17 17 -19 -20 -21 -22 22 -24 -25 25 26 -28 28 -30 -31
leaf_value=-0.023581855241653356 0.1048404017246643 0.02481574939911585 0.035599804687144264 -0.031970396668039025 -0.047828873183684562 0.013002018256684213 0.06052138377193992 -0.0048205274275525886 0.045615689607932983 0.034480463017842793 -0.0006541853228819762 0.047714710845751428 -0.015378755218904522 -0.015916880406332115 -0.022270174379490346 0.02866500096410278 -0.00060639127260640226 -0.020983917513840475 -0.0036981022380647732 -0.017750368905942334 -0.010771679294983251 0.013657052351636535 -0.012464485703597284 0.023600190928976722 0.0080847432077592683 0.087162440403569741 0.023633647523398391 0.063236596458963776 -0.0023174809910885231 -0.028149143983971794
leaf_weight=866.97673407755792 6.2344900704920274 26.576664045453072 214.19193165004253 1594.9305093940347 7.451717108488082 2157.1279353052378 42.751577317714691 27.588259279727936 30.456398785114288 131.79430012404919 159.33626802265644 85.097764551639557 611.41547977924347 26.223703935742378 35.445019457489252 59.494928829371929 146.04848571121693 220.52757886052132 334.9085267521441 5.7339059710502625 9.2412396520376188 232.84081971645355 88.622599050402641 706.86408364772797 340.48957174271345 17.584354668855667 290.91342356801033 36.026907444000244 24.227330252528191 24.410734422504902
leaf_count=29291 49 103 607 60092 25 8944 131 99 94 374 601 234 6596 224 343 369 3146 6454 6076 106 39 911 390 2404 1361 63 1122 136 121 91
internal_value=-0.000708902 0.0122243 0.0157476 -0.0269231 0.0170766 0.0161775 0.0192142 0.0381332 0.0216437 0.0183292 0.0172771 0.0354105 -0.0108603 -0.0121545 0.00411556 0.0150262 -0.0203972 -0.0128653 -0.0019796 0.0461087 0.0419855 0.0163164 0.00888935 0.0183071 0.0136784 0.0171973 0.0272548 0.0148497 0.0368783 0.00969004
internal_weight=8561.53 5733.05 4973.89 2828.48 4627.02 4412.83 2255.7 100.796 58.0447 2154.9 2023.11 101.791 759.156 732.579 121.164 85.7186 1233.55 366.576 346.877 11.9684 94.339 1921.32 406.128 1515.19 808.324 648.987 308.498 317.506 60.2542 257.252
internal_count=130596 31613 23978 98983 17747 17140 8196 324 193 7872 7498 298 7635 7532 936 593 38891 9600 6231 155 273 7200 1649 5551 3147 2546 1185 1259 257 1002
is_linear=0
shrinkage=0.05


Tree=56
num_leaves=31
num_cat=2
split_feature=3 4 2 1 3 0 2 3 2 0 2 5 2 4 3 1 3 2 2 5 0 4 1 1 2 4 4 2 2 1
split_gain=559.106 26.9276 8.65113 8.35705 11.7354 37.957 17.6426 16.6993 40.3892 7.64903 8.06147 10.7477 8.50264 7.87836 11.5668 12.4206 14.3799 14.3242 12.1406 18.7555 11.5809 20.0184 15.3446 11.1086 10.5884 10.5643 14.4654 18.6104 22.607 17.4167
threshold=-6.225957734494636 50.667246900856171 977.50000000000011 902.50000000000011 -25.279965131512572 4.3253446527777788 14644.500000000002 -26.862171595231491 15051.500000000002 1.3133763599537041 1976.5000000000002 0 2390.5000000000005 2.095937416300369 -5.9689959068912115 2975.5000000000005 -5.4359260371889944 10965.500000000002 10115.500000000002 1 3.8767472627314823 15.302744961548294 855.50000000000011 1907.5000000000002 10751.500000000002 3.8867423158524548 26.755987656515657 14548.500000000002 13175.500000000002 3826.5000000000005
decision_type=2 2 2 2 2 2 2 2 2 2 2 1 2 2 2 2 2 2 2 1 2 2 2 2 2 2 2 2 2 2
left_child=1 3 -2 4 5 7 -7 -1 -9 -4 11 -11 -12 -14 20 16 -16 18 19 -18 21 22 -15 -24 -25 -17 27 28 -27 -29
right_child=2 -3 9 -5 -6 6 -8 8 -10 10 12 -13 13 14 15 25 17 -19 -20 -21 -22 -23 23 24 -26 26 -28 29 -30 -31
leaf_value=-0.017463938071398556 -0.022329147937798954 -0.031451339404477745 0.033627878622118433 -0.019231682908359166 -0.01156298796419271 0.013765020774581169 0.25947983366346616 -0.033548272231534913 0.72574772905471219 0.058510917816074121 -0.018703480215826466 -0.01097588163054207 0.032630269989865145 -0.022740619106865739 0.0012388467472697663 -0.025540888559920219 0.056680142068725209 0.028088687520054174 -0.036425924378653669 -0.012475164841426779 -0.0082040790092183773 -0.0064038805771055307 0.14949469930783132 -0.035760254258232017 0.103241858940126 0.037223214728693575 0.020756617735508815 0.13036869340176424 -0.030180841839312945 0.0466219814301084
leaf_weight=12.340816212818027 11.050987761467693 657.20395216485485 129.74926264584064 544.29457370284945 66.981374947354198 1.0563643444329494 2.3684502523392439 0.52441751491278488 0.26295958459377289 27.775970762595534 13.915616903454064 6.9590194188058367 122.03238884732127 3.3575207591056815 139.15802470967174 9.8371826559305173 15.942609809339046 187.23118801228702 16.630687395110726 25.464353809133172 70.157678542658687 19.068992951884866 5.5540325269103032 2.2034848276525736 3.6219824347645044 145.87488178908825 350.32052335143089 9.6078988611698168 13.599471766501663 17.545624116435647
leaf_count=1268 203 74002 476 40924 4182 103 65 55 5 172 161 51 601 43 948 71 120 1370 107 328 1237 320 51 39 31 1027 2349 51 128 108
internal_value=-0.000784689 -0.0243771 0.021728 -0.0169718 -0.00224661 0.0354519 0.183691 -0.00321981 0.220033 0.0220926 0.0208514 0.0445895 0.0201473 0.0206145 0.019198 0.020964 0.0140772 0.0213612 -0.000341688 0.0141512 0.00337997 0.0274204 0.0711873 0.0989008 0.0506643 0.0258059 0.0267466 0.0379904 0.0314752 0.0762546
internal_weight=2631.69 1285.03 1346.66 627.829 83.5344 16.553 3.42481 13.1282 0.787377 1335.61 1205.86 34.735 1171.12 1157.21 1035.18 931.212 384.427 245.269 58.0377 41.407 103.964 33.806 14.737 11.3795 5.82547 546.786 536.948 186.628 159.474 27.1535
internal_count=130596 120604 9992 46602 5678 1496 168 1328 60 9789 9313 223 9090 8929 8328 6607 2873 1925 555 448 1721 484 164 121 70 3734 3663 1314 1155 159
cat_boundaries=0 1 2
cat_threshold=4 8
is_linear=0
shrinkage=0.05


Tree=57
num_leaves=31
num_cat=2
split_feature=3 4 0 5 5 4 2 1 1 4 2 2 2 2 3 4 1 1 2 2 4 1 2 2 2 1 3 2 4 2
split_gain=1403.08 57.801 39.2092 23.7274 17.5246 27.8325 21.2313 16.2036 16.6942 17.5725 16.0235 31.6501 29.8183 18.5886 17.0888 15.3845 15.0003 14.7552 14.6977 32.4159 18.6169 17.3231 14.5516 14.1799 21.9255 17.7328 29.0979 21.1787 14.1346 14.1323
threshold=-8.5236756886338156 65.053736679763801 0.9777775520833335 0 1 15.302744961548294 15222.500000000002 1044.5000000000002 22158.000000000004 54.208990967612259 9280.5000000000018 10751.500000000002 11485.500000000002 8677.5000000000018 -5.7724989540696763 3.8867423158524548 464.50000000000006 39096.500000000007 3371.5000000000005 3487.5000000000005 164.59513124366583 36647.000000000007 6381.5000000000009 14862.500000000002 14878.500000000002 2650.5000000000005 -8.0343750354346799 7480.0000000000009 83.933244842588095 15489.500000000002
decision_type=2 2 2 1 1 2 2 2 2 2 2 2 2 2 2 2 2 2 2 2 2 2 2 2 2 2 2 2 2 2
left_child=1 4 -2 7 -1 -6 17 16 -9 22 13 -12 -13 14 -11 -5 -4 -7 20 -20 -17 23 -10 25 -25 27 -27 -21 29 -26
right_child=2 -3 3 15 5 6 -8 8 9 10 11 12 -14 -15 -16 18 -18 -19 19 21 -22 -23 -24 24 28 26 -28 -29 -30 -31
leaf_value=0.032195641692674547 -0.028931009129496567 0.032028108233387573 -0.01103744113705416 -0.016770997638665405 0.0070005956136075746 0.024066190862892828 -0.043602773769718793 -0.010796211044752722 -0.041710659751388712 -0.0051860190527406513 -0.048517672207444684 0.026609648728121296 -0.019164878986270797 0.029160587743708589 -0.065297812843329348 0.0046391301145265532 -0.032106330096707207 -0.01319928563518607 -0.078491100324417973 -0.022743331227633262 -0.089557256867256296 -0.020940545699108602 -0.01846007284896194 -0.058307468881156226 -0.01419423065609357 0.022631218993337428 -0.0091589589013455867 0.0081421339753991722 0.022933400354944525 -0.082661187497537036
leaf_weight=224.36842608451843 339.6225403919816 1952.3482265248895 131.96392924338579 497.79011414572597 455.15831053256989 891.36276165768504 12.139765489846466 1941.9833176806569 130.8968566916883 143.623758751899 78.514924380928278 41.273406926542521 257.79808016121387 37.261479668319225 12.883704364299772 305.23857039958239 234.78279636055231 27.378483921289444 16.43028961494565 65.162042487412691 5.3371140584349623 236.71802758425474 138.4972029030323 29.337041214108467 211.43949389830232 75.387261874973774 1592.8640186861157 374.52009034529328 25.159990254789591 7.8154572285711756
leaf_count=6121 1092 61065 419 1823 9753 23805 230 7388 422 499 247 168 917 140 43 1457 751 684 70 318 17 820 457 89 912 1175 7276 2253 160 25
internal_value=0.000742613 0.026244 -0.0123635 -0.01151 0.0192318 0.0171333 0.0220877 -0.0146464 -0.0133444 -0.0192302 -0.0142666 -0.0202649 -0.0128478 -0.00257805 -0.0101344 -0.00864118 -0.0245253 0.0229557 -0.0072672 -0.00847983 0.0030204 -0.00804051 -0.0297574 -0.00675837 -0.0174641 -0.00536804 -0.00772238 0.00356483 -0.0125616 -0.0166348
internal_weight=10495.1 3562.76 6932.3 6592.68 1610.41 1386.04 930.881 3149.48 2782.73 840.749 571.355 377.586 299.071 193.769 156.507 3443.2 366.747 918.741 2945.41 2634.83 310.576 2618.4 269.394 2381.69 273.752 2107.93 1668.25 439.682 244.415 219.255
internal_count=130596 101658 28938 27846 40593 34472 24719 11451 10281 2893 2014 1332 1085 682 542 16395 1170 24489 14572 13098 1474 13028 879 12208 1186 11022 8451 2571 1097 937
cat_boundaries=0 1 2
cat_threshold=8 1
is_linear=0
shrinkage=0.05


Tree=58
num_leaves=31
num_cat=0
split_feature=3 3 3 4 0 0 4 2 1 2 2 2 3 1 2 2 3 4 4 2 1 1 2 2 4 1 2 1 4 1
split_gain=1050.46 169.488 39.3915 37.9897 29.2789 16.898 14.1808 21.0999 17.098 15.2231 15.5192 13.0814 17.8672 16.6274 14.5298 16.7021 11.7725 13.9413 10.9795 10.7678 17.9435 16.3452 13.8601 10.8186 14.6157 11.8718 11.1259 12.6495 15.1937 10.7601
threshold=-8.9815075964536124 -5.9170352432702478 -7.9937480013767246 65.053736679763801 0.61660126157407424 4.8382148495370378 2.5892505814121369 507.50000000000006 17767.500000000004 4108.5000000000009 3644.5000000000005 3874.0000000000005 -5.5265860328747483 172.50000000000003 14821.500000000002 14938.500000000002 -12.702130232536012 12.771672403379386 3.8867423158524548 14679.500000000002 16445.500000000004 358.50000000000006 14644.500000000002 14757.500000000002 14.465140358121516 9887.5000000000018 14738.500000000002 4926.5000000000009 7.9051493632947709 32609.500000000004
decision_type=2 2 2 2 2 2 2 2 2 2 2 2 2 2 2 2 2 2 2 2 2 2 2 2 2 2 2 2 2 2
left_child=3 2 18 16 -4 6 7 -6 19 10 -10 13 14 -3 -13 -16 -1 -18 -2 22 21 -21 -8 26 -25 -26 27 28 -23 -7
right_child=1 11 4 -5 5 29 8 -9 9 -11 -12 12 -14 -15 15 -17 17 -19 -20 20 -22 23 -24 24 25 -27 -28 -29 -30 -31
leaf_value=-0.023096650584059582 0.042789134916412778 0.12948328281554641 0.038421112207014704 -0.031807019242183779 -0.047385450011710031 0.010459425685799727 0.012620299220641463 0.040013924606639197 0.029813568090190319 0.01992128230627226 0.071120854689628615 -0.0097585374873506055 -0.020069341169072306 0.0022913632454556305 0.042405470357600852 -0.010499810956497654 -0.00027287824707061917 -0.020407858908093171 -0.0034860814949685039 -0.027434970348635363 -0.044359293963910876 0.072344317263792229 -0.041467337277702208 0.038010425352002254 0.0016736112753801596 0.038368591249974833 0.084001709730338436 0.093152389437216765 -0.042360209983010572 0.020044804088111171
leaf_weight=830.68543436005712 13.335564274340866 2.6342195942997924 139.36224128305912 1499.622363191098 7.3502235561609259 1836.5581387281418 1205.50715495646 114.16744157671928 112.26089415699244 603.6699080914259 28.513459041714668 191.99621796607971 395.60968746617436 104.56266960129142 32.873461507260799 27.312508970499039 144.71172235347331 211.78033790364861 330.36881368607283 13.765160940587519 9.5026609897613508 4.5576891005039233 11.961855106055735 101.91533277928829 80.17296090722084 30.398940116167068 16.608089655637741 5.1069944202899924 7.8755389526486397 348.30401030182838
leaf_count=29291 165 14 409 60092 25 7859 4656 326 344 1947 85 1761 4612 909 180 159 3146 6454 6066 52 32 15 59 305 329 107 54 20 38 1085
internal_value=-0.000688437 0.0113256 0.0146467 -0.0265171 0.0158472 0.015154 0.0180938 0.0347274 0.0171881 0.0233741 0.0381802 -0.0107622 -0.0134395 0.00541693 -0.00303893 0.018397 -0.0198349 -0.0122344 -0.00169063 0.014092 0.0231274 0.0255901 0.0120889 0.0285496 0.0243515 0.011762 0.0546718 0.0269006 -0.000312596 0.0119875
internal_weight=8463.05 5776.25 5021.26 2686.8 4677.56 4538.2 2353.33 121.518 2231.82 744.444 140.774 754.989 647.792 107.197 252.182 60.186 1187.18 356.492 343.704 1487.37 269.903 260.401 1217.47 246.636 212.487 110.572 34.1483 17.5402 12.4332 2184.86
internal_count=130596 31613 23978 98983 17747 17338 8394 351 8043 2376 429 7635 6712 923 2100 339 38891 9600 6231 5667 952 920 4715 868 741 436 127 73 53 8944
is_linear=0
shrinkage=0.05


Tree=59
num_leaves=31
num_cat=0
split_feature=3 4 1 3 2 4 1 4 2 3 2 2 2 3 3 0 4 2 2 3 4 3 2 3 2 3 2 2 2 1
split_gain=507.825 26.9407 8.09683 10.9487 31.7117 37.1642 17.1763 11.9445 8.08287 13.7067 10.2861 10.2438 9.78557 11.5 10.0096 9.27835 8.47275 7.78756 12.0238 7.76985 11.8337 7.63085 8.34253 13.5822 30.2704 7.04535 8.9619 11.2274 63.9044 11.4952
threshold=-6.225957734494636 50.667246900856171 902.50000000000011 -25.279965131512572 14644.500000000002 16.583014443101831 464.50000000000006 14.02817224716301 12146.500000000002 -6.00910642487516 11416.500000000002 12410.500000000002 10965.500000000002 -5.0687710340664163 -5.8184423202478817 1.3643870138888892 307.60809633704594 5343.5000000000009 5223.0000000000009 -5.5700056233421522 3.0725797804206416 -4.7868808815334676 11863.500000000002 -5.4359260371889944 11981.500000000002 -6.9790176063682514 8938.0000000000018 10965.500000000002 10822.000000000002 23332.500000000004
decision_type=2 2 2 2 2 2 2 2 2 2 2 2 2 2 2 2 2 2 2 2 2 2 2 2 2 2 2 2 2 2
left_child=1 2 3 4 -1 6 -6 -8 9 17 12 19 -11 14 -14 -13 -17 18 -2 20 -10 22 -12 -24 -25 -4 -27 28 29 -28
right_child=8 -3 25 -5 5 -7 7 -9 11 10 21 15 13 -15 -16 16 -18 -19 -20 -21 -22 -23 23 24 -26 26 27 -29 -30 -31
leaf_value=-0.028141290297913679 -0.00044246941333317684 -0.031324868639612098 -0.022031981865069217 -0.011210239094803015 -0.033946794100535034 -0.018185623110362755 0.10493969650476875 0.30356080297727789 0.081110379514541434 0.017860738293785976 -0.0088079399612650319 0.038512403702375048 0.064593048710299569 0.059753986303846873 -0.0070128116803516759 0.019658250280046856 0.067730152728355045 -0.02709792853751616 0.12750670159285624 0.065902123180826944 -0.031178531980859094 -0.035249212657365081 -0.0037546435323123303 0.21764973342741786 -0.018483851856596557 -0.023341236787157191 -0.019151399451944662 -0.0041435775083031338 0.40647765100471045 0.16037419894113797
leaf_weight=9.2650976944714802 13.142228377982972 622.89929300360382 405.0028504319489 65.961110445670784 0.63936919160187144 3.2500085616484284 1.0606573233380916 2.6433523017913103 3.8772417530417425 507.82401171326637 24.198979072272778 80.180510848760605 6.8669777140021351 31.605778206139803 16.870684720575809 591.13134023547173 9.3104121107608062 27.473495734855533 2.1343424692749968 24.16817643865943 5.9423242621123791 13.773171965032814 7.1857098676264286 2.748000003397463 2.6815942712128162 55.835735453292727 6.7082222998142225 60.159624849446118 1.1349392905831335 1.0283588934689758
leaf_count=1025 279 74002 36906 4182 49 343 40 39 15 3495 181 268 32 161 104 4354 39 684 19 92 38 134 51 23 23 1758 219 1973 36 32
internal_value=-0.00075478 -0.0240026 -0.0165582 -0.00201953 0.0339404 0.10969 0.205374 0.246685 0.0201951 0.0161898 0.0180966 0.0238747 0.0200365 0.0400015 0.0137018 0.0225369 0.0204037 -0.0111847 0.0174338 0.0506637 0.0131586 -0.00350049 0.00837752 0.0413431 0.101027 -0.0188306 -0.00844718 0.00359985 0.0561096 0.00471143
internal_weight=2606.7 1235.59 612.689 82.8196 16.8585 7.59339 4.34338 3.70401 1371.11 656.505 613.755 714.61 563.167 55.3434 23.7377 680.622 600.442 42.7501 15.2766 33.9877 9.81957 50.5875 36.8143 12.6153 5.42959 529.87 124.867 69.0311 8.87152 7.73658
internal_count=130596 120604 46602 5678 1496 471 128 79 9992 5186 4204 4806 3792 297 136 4661 4393 982 298 145 53 412 278 97 46 40924 4018 2260 287 251
is_linear=0
shrinkage=0.05


Tree=60
num_leaves=31
num_cat=3
split_feature=3 4 0 3 5 5 4 2 0 1 3 0 1 2 4 5 1 4 2 2 2 2 3 4 1 2 2 3 2 2
split_gain=1268.48 58.715 36.7896 19.9474 18.3254 17.7498 26.9815 20.3126 15.7553 14.906 12.5312 11.565 11.5016 13.9647 13.8023 10.9714 10.7766 13.5731 11.3293 16.698 10.6158 9.87148 18.8631 9.75448 16.4856 14.3059 17.9285 15.5246 13.0012 10.5848
threshold=-8.5236756886338156 65.053736679763801 2.1004641203703707 -7.8203046404058112 0 1 15.302744961548294 15222.500000000002 0.34354118634259267 31075.500000000004 -7.9937480013767246 6.4870321875000014 41393.500000000007 9472.0000000000018 276.40721917797481 2 22158.000000000004 22.923179279297461 977.50000000000011 2120.5000000000005 4901.5000000000009 15266.500000000002 -29.999782961260337 5.939637663942011 4651.5000000000009 199.50000000000003 507.50000000000006 -5.6695862740670169 2678.5000000000005 14847.500000000002
decision_type=2 2 2 2 1 1 2 2 2 2 2 2 2 2 2 1 2 2 2 2 2 2 2 2 2 2 2 2 2 2
left_child=1 5 8 12 16 -1 -7 9 10 -8 -2 -11 -4 20 -15 23 17 -5 -18 -20 -14 22 -9 25 -25 -6 -27 28 -28 -30
right_child=2 -3 3 4 15 6 7 21 -10 11 -12 -13 13 14 -16 -17 18 -19 19 -21 -22 -23 -24 24 -26 26 27 -29 29 -31
leaf_value=0.032047116296259053 0.031714690826586463 0.031854706005366502 0.0022914173772363077 -0.015511459069996604 -0.081366052080335691 0.0064881082355300046 0.024119493777379042 -0.17241285357298575 -0.018360657963930403 0.0051399302314884161 -0.044783454119712129 -0.06958243325288864 -0.031107442580133704 -0.06760653199765887 0.030820843989665149 0.0084702007311261273 0.025553950583041152 -0.007044126421929313 -0.052808523889826667 -0.018166151343322411 0.049082263181858508 -0.0019097616531594476 0.01385909039085919 0.00025514815654037134 -0.0096709140987406034 0.046457195672460289 -0.047828888307779885 -0.0042065828469777132 -0.013159602352439088 -0.036448588756221
leaf_weight=213.26109732687473 5.7063561230897895 1837.5586076434702 429.98214661702514 1109.9419215023518 7.8664153516292563 446.96827425435185 824.98722023516893 3.1372338384389877 903.90807409584522 49.836593594402075 86.552015393972397 5.7787143103778353 8.0790987685322779 19.731600720435384 4.3462624587118617 96.9321114346385 13.927114427089689 825.13469889760017 36.718493714928627 660.51164536178112 8.4373998716473562 6.8426123335957527 2.3979736901819688 563.61174535006285 1622.4779098406434 12.211990565061567 40.79531030356884 214.59478843957186 245.746204033494 60.874963507056236
leaf_count=6121 54 61065 3871 3639 24 9753 23029 55 2923 1310 282 150 40 113 43 474 39 3132 102 1911 54 132 43 3086 6887 43 133 1018 891 179
internal_value=0.00071761 0.0258056 -0.0114731 -0.00999154 -0.0108352 0.0186491 0.0165167 0.0215364 -0.0203696 0.0224305 -0.0400519 -0.0026241 -0.000110406 -0.0255509 -0.0498395 -0.00806439 -0.0138352 -0.0119009 -0.0190986 -0.0199905 0.00985721 -0.0420699 -0.0917157 -0.00864337 -0.0071118 -0.0143953 -0.0134779 -0.0147802 -0.0213114 -0.0177833
internal_weight=10368.9 3390.77 6978.09 5981.92 5511.35 1553.21 1339.95 892.98 996.166 880.603 92.2584 55.6153 470.577 40.5944 24.0779 2865.11 2646.23 1935.08 711.157 697.23 16.5165 12.3778 5.53521 2768.18 2186.09 582.09 574.223 562.011 347.416 306.621
internal_count=130596 101658 28938 25679 21558 40593 34472 24719 3259 24489 336 1460 4121 250 156 12735 8823 6771 2052 2013 94 230 98 12261 9973 2288 2264 2221 1203 1070
cat_boundaries=0 1 2 3
cat_threshold=8 1 4
is_linear=0
shrinkage=0.05


Tree=61
num_leaves=31
num_cat=2
split_feature=3 3 4 3 0 4 5 3 2 2 1 3 5 2 1 2 1 2 2 2 2 2 2 1 2 2 2 3 4 2
split_gain=951.175 155.36 38.6521 35.5979 29.0642 19.1345 18.2921 17.5877 23.7089 22.362 16.6887 15.9933 12.716 20.7374 20.7049 30.535 23.6147 12.6338 19.7147 17.2505 18.0402 31.0077 64.7866 15.9618 15.7747 20.2798 14.2216 13.2588 12.7172 16.618
threshold=-8.9815075964536124 -6.0523948069364035 65.053736679763801 -7.9937480013767246 0.61660126157407424 3.5327068242902757 0 -5.5265860328747483 3730.0000000000005 3644.5000000000005 301.50000000000006 -6.9170352432702478 1 722.50000000000011 4394.5000000000009 1976.5000000000002 8181.5000000000009 14974.500000000002 15092.500000000002 14884.500000000002 14838.500000000002 14757.500000000002 14738.500000000002 11873.500000000002 4108.5000000000009 977.50000000000011 15222.500000000002 -7.8203046404058112 25.0435371529937 7106.0000000000009
decision_type=2 2 2 2 2 2 1 2 2 2 2 2 1 2 2 2 2 2 2 2 2 2 2 2 2 2 2 2 2 2
left_child=2 3 -1 -2 -5 11 10 -3 9 12 -7 -6 14 -14 -9 -16 -17 19 -19 20 21 22 23 28 25 -25 -20 -27 -12 -30
right_child=1 7 -4 4 5 6 -8 8 -10 -11 17 -13 13 -15 15 16 -18 18 26 -21 -22 -23 -24 24 -26 27 -28 -29 29 -31
leaf_value=-0.019268849589547887 -0.0015145118281595896 -0.0013695328550411309 -0.031638544148081239 0.038363195690331892 0.035675685445281324 -0.042688604589060125 0.010000578095991154 -0.029095400837030105 -0.019911221767385127 0.12102366844106782 0.015807514123021223 0.015305058507813059 0.040182416532614833 -0.032286096371073637 -0.038249598911346633 0.19570548676505514 0.0060569161065591902 0.066693341929783378 -0.028317158292111202 -0.0085289508443618569 0.050726324092706013 -0.016422662301914765 0.077044580097749671 -0.012991449752225256 0.017326899764189069 -0.017618965826291178 0.035625917733992839 0.041991728906208337 -0.023174468024607806 0.0081260029417632839
leaf_weight=1143.7027587294579 341.67107016593218 454.23638648539782 1410.243811706081 131.72580960392952 186.79041482508183 11.747321516275404 1932.2442131564021 6.8011169955134418 395.51839696243405 4.3984863981604567 482.19937983155251 199.01327401399612 14.385231345891951 31.463115725666285 3.6354094073176366 5.3488734737038612 2.3681693375110626 32.236316949129105 13.224134996533392 67.373341664671898 39.326339468359947 68.880111187696457 44.938060954213142 21.3226108700037 829.93920728564262 9.883542522788046 25.392969384789467 165.99584265053272 51.585903882980347 238.26348455250263
leaf_count=38891 6231 3239 60092 389 522 39 8475 60 4665 29 1586 586 52 394 25 34 22 93 44 256 130 242 132 68 2620 36 78 477 185 904
internal_value=-0.000666118 0.01051 -0.0260992 0.0140509 0.0152193 0.0145296 0.0135123 -0.00836307 -0.0152107 0.0119699 0.01674 0.0251677 0.00447527 -0.00954861 0.0398937 0.0812243 0.137507 0.0170739 0.0378263 0.0163459 0.0172043 0.0165152 0.0177454 0.0162643 0.0203473 0.033059 0.0137291 0.0386419 0.0108323 0.00255531
internal_weight=8365.86 5811.91 2553.95 4893.75 4552.08 4420.36 4034.55 918.155 463.919 68.4004 2102.31 385.804 64.0019 45.8483 18.1536 11.3525 7.71704 2090.56 70.8534 2019.71 1952.33 1913.01 1844.13 1799.19 1027.14 197.202 38.6171 175.879 772.049 289.849
internal_count=130596 31613 98983 23093 16862 16473 15365 8520 5281 616 6890 1108 587 446 141 81 56 6851 215 6636 6380 6250 6008 5876 3201 581 122 513 2675 1089
cat_boundaries=0 1 2
cat_threshold=8 8
is_linear=0
shrinkage=0.05


Tree=62
num_leaves=31
num_cat=1
split_feature=3 4 1 3 2 4 4 2 0 2 2 2 2 2 2 2 2 1 4 2 5 2 4 4 3 4 2 4 0 3
split_gain=462.167 26.8978 7.80409 10.3034 26.9916 26.9411 10.5861 7.59665 6.88915 7.1238 7.46289 11.5194 18.0142 9.15789 9.0424 9.29908 11.5443 8.91927 17.4279 13.751 23.8596 21.696 23.1709 14.6923 18.0154 9.94782 8.33192 9.29811 9.01368 7.8338
threshold=-6.225957734494636 50.667246900856171 902.50000000000011 -25.279965131512572 14644.500000000002 16.583014443101831 13.194700301946066 977.50000000000011 0.36804103587962966 15132.500000000002 12146.500000000002 11163.500000000002 10965.500000000002 6792.5000000000009 12410.500000000002 12590.500000000002 12671.000000000002 5650.5000000000009 12.771672403379386 5055.5000000000009 0 3568.0000000000005 13.194700301946066 31.986322361260296 -5.4359260371889944 4.9569986769654344 7106.0000000000009 2.095937416300369 5.2694864930555561 -6.00910642487516
decision_type=2 2 2 2 2 2 2 2 2 2 2 2 2 2 2 2 2 2 2 2 1 2 2 2 2 2 2 2 2 2
left_child=1 2 3 4 -1 6 -6 -2 -9 10 11 12 13 17 -12 -16 -17 18 -10 21 -21 22 25 24 -22 -19 -15 28 -28 -29
right_child=7 -3 -4 -5 5 -7 -8 8 9 -11 14 -13 -14 26 15 16 -18 19 -20 20 23 -23 -24 -25 -26 -27 27 29 -30 -31
leaf_value=-0.02787466966828547 -0.022408908659914864 -0.03119336178724454 -0.01842981739013767 -0.010903340177412195 0.017939779308934336 -0.017565159126715073 0.20334607574049912 0.044049538318297665 0.021157232955270271 -0.011632184600311596 0.047580844464528142 -0.0030344224244253908 0.051582853505845988 -0.028216402775841049 -0.0093907544319799929 0.073249808280510267 0.021632453844412525 0.0046939599972752955 -0.023174950957173757 0.079183153161830597 -0.019952784370365545 -0.015069481711312407 0.0096362326706776035 -0.014268857974682834 0.089116323893240812 0.10064469745110112 0.01526553185495879 -0.030426301112717592 0.085332987845268313 0.010049104284347944
leaf_weight=8.8433240409940499 11.086455980315803 590.59985142946243 516.10154161648825 65.090464271605015 0.94542183447629025 3.1254559317603707 4.1464724810793996 27.222978927195072 114.92464950494468 19.152548329904675 34.674685146659613 76.232429351657629 36.62283182144165 14.680198049172757 23.66512325592339 11.024766772985457 620.14962869137526 3.3176650702953365 27.4676244109869 30.801968310028315 5.7707318607717779 32.455028042197227 27.430582633242011 17.083173481747508 11.007964860647915 14.539808314293621 11.111691635102035 12.704579468816517 7.8203679136931887 202.46958068944514
leaf_count=1025 203 74002 40924 4182 55 343 73 96 874 227 145 714 163 125 215 60 4100 18 292 126 50 246 243 148 61 86 55 325 33 1387
internal_value=-0.000723454 -0.023624 -0.0161514 -0.00183781 0.0327493 0.0979915 0.168921 0.0188151 0.0191457 0.0186454 0.0190795 0.01522 0.0176604 0.0153321 0.0226979 0.0213803 0.0225341 0.0214544 0.0126055 0.0303023 0.0473385 0.0161323 0.0384926 0.0183714 0.051604 0.0828184 0.0083237 0.010615 0.0442087 0.00765931
internal_weight=2582.27 1188.85 598.253 82.1511 17.0607 8.21735 5.09189 1393.42 1382.33 1355.11 1335.96 646.441 570.208 533.586 689.514 654.84 631.174 284.799 142.392 142.407 64.6638 77.7431 45.2881 33.8619 16.7787 17.8575 248.786 234.106 18.9321 215.174
internal_count=130596 120604 46602 5678 1496 471 128 9992 9789 9693 9466 4946 4232 4069 4520 4375 4160 2144 1166 978 385 593 347 259 111 104 1925 1800 88 1712
cat_boundaries=0 1
cat_threshold=8
is_linear=0
shrinkage=0.05


Tree=63
num_leaves=31
num_cat=2
split_feature=3 4 3 0 0 5 4 2 4 1 2 1 1 4 2 2 1 4 4 5 1 1 2 2 1 1 3 2 1 1
split_gain=1149.54 52.3241 35.9123 38.2596 19.6851 17.8168 17.3174 16.7606 17.6275 15.1907 15.1881 15.0992 12.3639 13.9064 12.8843 11.9444 11.8108 11.7433 11.6183 15.8244 13.2856 12.7241 19.301 43.6764 17.6485 13.3623 13.3114 11.4154 11.0493 10.7655
threshold=-8.9815075964536124 42.7426932216746 -7.9937480013767246 0.9777775520833335 4.2407709143518533 0 15.302744961548294 14838.500000000002 15.728093583246443 413.50000000000006 15222.500000000002 9635.5000000000018 32609.500000000004 1.4712513167492045 14965.500000000002 1446.5000000000002 49516.500000000007 320.98075540449446 57.040373642328454 1 8862.5000000000018 1158.5000000000002 8065.5000000000009 8677.5000000000018 2815.5000000000005 3728.5000000000005 -7.5427238403750527 4763.5000000000009 26696.500000000004 3147.5000000000005
decision_type=2 2 2 2 2 1 2 2 2 2 2 2 2 2 2 2 2 2 2 1 2 2 2 2 2 2 2 2 2 2
left_child=1 5 15 -4 7 -1 -7 9 -9 -5 28 -10 13 14 -6 29 18 -15 19 -11 21 27 -23 25 26 -24 -25 -21 -8 -2
right_child=2 -3 3 4 12 6 10 8 11 16 -12 -13 -14 17 -16 -17 -18 -19 -20 20 -22 22 23 24 -26 -27 -28 -29 -30 -31
leaf_value=0.031646562524852942 -0.087680123199387922 0.030904025845064565 -0.028289764412946422 0.0056814417961650598 -0.029393873574135927 0.006734632704752057 0.023812337238361656 -0.034844983032230006 0.0092731800850621698 0.024236371350390234 -0.044457355041889517 -0.029914683712326889 -0.015585540233612494 -0.0067233926283332404 0.03568054999459571 0.0059488636188106759 -0.042583343543776991 0.0320790566797639 -0.0076694821503644275 -0.049427577594676787 -0.023758831752716883 -0.00042217060645514395 -0.10307208902771424 0.035132087957956776 -0.022160264275850782 -0.040152366691203027 -0.0057888768009028346 -0.018503848595005624 -0.0030625091253428868 0.0007519584003620218
leaf_weight=182.35319958813488 6.5774318389594537 1999.6867228746414 312.85353076457977 110.66094584017992 102.04965231567621 401.62648215517402 474.11891307681799 177.65742551535368 54.108137242496014 24.627958789467812 8.8388657718896848 45.042528040707111 488.38161559402943 3268.8106111735106 8.2190475910902006 381.27741448953748 33.922140806913376 19.615988448262215 717.58975449949503 34.927960827946663 408.9215651974082 315.89473889023066 16.729952991008759 22.75221773982048 201.46909861266613 17.025193065404892 157.06379210948944 205.00923160463572 41.601585756987333 7.2185442186892033
leaf_count=5497 39 69289 934 432 310 9154 13744 518 212 117 161 152 1462 13631 25 6076 93 88 2473 115 1270 1187 59 87 763 60 648 746 1138 116
internal_value=0.000694254 0.0260739 -0.0103566 -0.011215 -0.0103843 0.0173609 0.0145482 -0.0138043 -0.0254189 -0.0123858 0.0205306 -0.00852923 -0.00814656 -0.0070776 -0.0245435 0.00429511 -0.0133132 -0.00649193 -0.0128453 -0.0154899 -0.016199 -0.0130148 -0.00973527 -0.0168236 -0.0119976 -0.0713371 -0.000611125 -0.0230055 0.0216444 -0.0414093
internal_weight=10246.6 3108.23 7138.41 6743.33 6430.48 1108.54 926.186 2543.4 276.808 2266.59 524.559 99.1507 3887.08 3398.7 110.269 395.073 2155.93 3288.43 2122.01 1404.42 1379.79 970.872 730.935 415.04 381.285 33.7551 179.816 239.937 515.72 13.796
internal_count=130596 98983 31613 25382 24448 29694 24197 8932 882 8050 15043 364 15516 14054 335 6231 7618 13719 7525 5052 4935 3665 2804 1617 1498 119 735 861 14882 155
cat_boundaries=0 1 2
cat_threshold=1 1
is_linear=0
shrinkage=0.05


Tree=64
num_leaves=31
num_cat=0
split_feature=3 3 4 3 0 0 4 1 2 3 2 2 4 1 2 2 1 1 2 2 2 4 2 1 2 3 1 3 1 2
split_gain=861.289 141.473 39.2725 30.2928 27.3845 18.3957 21.6592 18.6543 17.1325 16.654 22.1851 18.857 13.2591 18.2524 16.1685 15.3249 27.1852 19.3222 12.8404 16.3338 14.5469 12.6982 22.3948 19.4328 15.696 16.7171 14.0677 13.5435 13.7813 12.4696
threshold=-8.9815075964536124 -6.0523948069364035 65.053736679763801 -7.9937480013767246 0.61660126157407424 6.0840929108796304 2.5892505814121369 21917.500000000004 507.50000000000006 -5.5265860328747483 3730.0000000000005 3644.5000000000005 46.601118668377531 8634.5000000000018 507.50000000000006 5138.5000000000009 1158.5000000000002 718.50000000000011 14738.500000000002 14757.500000000002 8677.5000000000018 11.623589071504254 14562.500000000002 4201.5000000000009 9120.5000000000018 -7.222972166579507 2570.5000000000005 -6.1618438335499954 6503.5000000000009 5860.5000000000009
decision_type=2 2 2 2 2 2 2 2 2 2 2 2 2 2 2 2 2 2 2 2 2 2 2 2 2 2 2 2 2 2
left_child=2 3 -1 -2 -5 6 8 12 -6 -3 11 -11 13 15 -15 16 -8 -17 20 -20 29 22 24 -23 25 -19 -27 -25 -29 -14
right_child=1 9 -4 4 5 -7 7 -9 -10 10 -12 -13 18 14 -16 17 -18 21 19 -21 -22 23 -24 27 -26 26 -28 28 -30 -31
leaf_value=-0.018696258332888922 -0.0013026568678824767 -0.0015309231125689281 -0.031464410603057498 0.036905198274220667 -0.041566116218463817 0.0073358721548933727 0.042829107925568037 0.020158174816736384 0.035630569549739928 0.0039372976743657475 -0.019651399332793043 0.10647578209122165 -0.00082259319057330143 -0.045912522237925218 0.023223724476144222 -0.0044111080428048625 -0.0077589432881738189 -0.0066520832825417544 0.080567289137644271 0.01542270766445175 -0.0015596934809636752 0.0022802561764911503 0.041140474282076456 0.019208664557649302 0.0028504047087193596 0.024979070702940979 0.071973435215869824 0.0079698897198134926 0.11185034419416484 0.029108763971170893
leaf_weight=1103.0712830014527 339.48747961036861 455.64329093322158 1326.4394506234676 128.7966456413269 7.5090402960777274 947.26889734715223 30.737048625946045 962.67873315513134 167.71197107434273 64.25328503921628 389.92361817881465 4.8200681805610648 59.046883910894394 8.5990955084562284 510.56050270795822 128.66347588598728 195.27545031905174 23.107841596007347 10.716085404157637 94.257078193128109 429.21609113365412 269.07586917281151 120.62614060938358 201.5052692219615 126.12767820805311 42.530609726905823 25.456255704164505 5.2513316571712485 8.1444755196571332 84.727990344166756
leaf_count=38891 6231 3239 60092 389 24 3740 102 3044 463 587 4665 29 228 32 1780 478 745 91 35 406 1829 1156 360 842 522 141 87 27 30 311
internal_value=-0.000648263 0.00975689 -0.0256673 0.0131094 0.0141759 0.0135193 0.0151874 0.0142875 0.0323223 -0.0083026 -0.0150248 0.0110926 0.0119064 0.0142694 0.0220786 0.0108234 -0.000879114 0.0136061 0.00599645 0.0220729 0.0030512 0.0164268 0.0238656 0.0112341 0.0142727 0.0300877 0.0425751 0.022445 0.0711278 0.0168163
internal_weight=8271.23 5841.72 2429.51 4927.08 4587.59 4458.79 3511.52 3336.3 175.221 914.64 458.997 69.0734 2373.63 1695.66 519.16 1176.5 226.012 950.489 677.964 104.973 572.991 821.825 337.849 483.977 217.222 91.0947 67.9869 214.901 13.3958 143.775
internal_count=130596 31613 98983 23093 16862 16473 12733 12246 487 8520 5281 616 9202 6393 1812 4581 847 3734 2809 441 2368 3256 1201 2055 841 319 228 899 57 539
is_linear=0
shrinkage=0.05


Tree=65
num_leaves=31
num_cat=1
split_feature=3 4 1 3 2 4 4 2 2 2 2 2 3 0 3 3 2 5 4 4 4 4 2 4 4 2 0 2 2 2
split_gain=421.348 26.8585 7.52989 9.71601 23.318 20.6732 7.38758 7.00079 6.89953 29.062 6.78641 39.9624 25.7678 38.4484 9.13586 8.9366 7.0457 9.82115 10.3685 26.5096 6.99674 30.0809 6.84317 152.16 31.2064 80.5931 6.52029 6.53087 6.85337 16.8594
threshold=-6.225957734494636 50.667246900856171 902.50000000000011 -25.279965131512572 14644.500000000002 16.583014443101831 13.194700301946066 977.50000000000011 2120.5000000000005 1976.5000000000002 6305.5000000000009 6381.5000000000009 -8.1184156488641683 4.3253446527777788 -6.9790176063682514 -7.9025691807160827 15222.500000000002 0 18.255617303829769 23.453047595487906 35.763929680724594 31.986322361260296 7480.0000000000009 0.00020095985555125003 0.0004979401466143501 7343.5000000000009 0.36804103587962966 15132.500000000002 11863.500000000002 11416.500000000002
decision_type=2 2 2 2 2 2 2 2 2 2 2 2 2 2 2 2 2 1 2 2 2 2 2 2 2 2 2 2 2 2
left_child=1 2 3 4 -1 6 -6 -2 9 -5 -4 12 -12 -14 16 -15 22 18 -18 -20 21 -21 23 -13 25 -25 -9 28 29 -28
right_child=7 -3 10 8 5 -7 -8 26 -10 -11 11 14 13 15 -16 -17 17 -19 19 20 -22 -23 -24 24 -26 -27 27 -29 -30 -31
leaf_value=-0.027598359989432199 -0.022222623345247192 -0.031056893682612541 -0.026535208693501167 -0.018060837370979271 0.017408993982789663 -0.017032561933154122 0.16970784501842937 0.042387652577117928 -0.014819880444931065 0.30707609766088245 -0.033564801881082622 1.5554662074493757 0.61250048052273121 0.26189854178865662 -0.0011665328628651243 -0.033932764926928163 -0.033579607227601345 -0.033743318889601942 0.5695774497290681 -0.03377175129205983 -0.033720088959061485 0.54511086994725688 -0.023885553254040431 -0.03352093231708092 -0.017805188277524513 1.1268225208452047 0.016028125298897817 -0.01160362828427422 0.021169331565127486 -0.019386602195521213
leaf_weight=8.4436909663490969 10.960760680958627 560.24627359351143 159.63016244955361 3.1574117513373485 0.95469469577073862 3.0248601459898055 4.7977093188092113 26.652093734592199 60.153932196088135 0.87850336078554381 0.88293064991012249 0.15733297821134584 0.61870423518121143 0.50724975299090136 83.597995249554515 0.51393134333193291 1.0421257419511678 2.8304239786230019 0.33146110642701421 0.64050003327429272 0.74828370660543442 0.3454511184245348 231.2463032528758 0.48995316680521028 18.976871769409627 0.21545078605413437 600.64799568988383 19.115141950547695 719.80398336052895 35.597434198483825
leaf_count=1025 203 74002 12712 167 55 343 73 96 3988 27 92 19 22 25 2753 21 103 200 18 37 48 18 22914 59 1859 24 4438 227 4686 342
internal_value=-0.000685058 -0.0232352 -0.015734 -0.00162701 0.0317216 0.0887871 0.144432 0.0175819 -0.0105738 0.0527122 -0.0180182 -0.0140562 0.184211 0.301463 -0.0155246 0.113015 -0.0201947 0.0336357 0.0950005 0.159868 0.0815611 0.169053 -0.0214678 0.00671336 -0.00566681 0.320882 0.0178931 0.0174184 0.0178275 0.0140467
internal_weight=2557.21 1144.43 584.186 81.4108 17.221 8.77726 5.7524 1412.78 64.1898 4.03592 502.775 343.145 2.52282 1.63989 340.622 1.02118 257.024 5.93825 3.10782 2.0657 1.73423 0.985951 251.086 19.8396 19.6823 0.705404 1401.82 1375.16 1356.05 636.245
internal_count=130596 120604 46602 5678 1496 471 128 9992 4182 194 40924 28212 160 68 28052 46 25299 424 224 121 103 55 24875 1961 1942 83 9789 9693 9466 4780
cat_boundaries=0 1
cat_threshold=4
is_linear=0
shrinkage=0.05


Tree=66
num_leaves=31
num_cat=0
split_feature=3 4 3 0 0 1 2 2 2 4 1 3 3 4 4 2 1 4 2 4 1 4 2 3 3 1 2 2 2 3
split_gain=1041.88 52.977 30.9296 35.9502 20.7453 15.6657 16.8075 41.0782 209.463 66.1259 62.3806 113.363 276.355 42.7026 20.8496 14.5942 13.2126 12.5898 12.1773 11.642 12.8685 12.6371 12.0505 15.2536 11.5585 11.5061 17.0657 10.9674 10.9446 11.2605
threshold=-8.9815075964536124 66.037702375559618 -7.9937480013767246 0.67034533564814824 3.6577716840277783 2815.5000000000005 13140.500000000002 14184.000000000002 14163.500000000002 14.465140358121516 2194.5000000000005 -23.884889763249674 -29.058240367910376 53.32582869498497 15.728093583246443 14838.500000000002 413.50000000000006 15.728093583246443 15222.500000000002 1.4712513167492045 28056.500000000004 228.26234571637744 14847.500000000002 -4.269622801651094 -6.3304506924356714 3728.5000000000005 14334.500000000002 1446.5000000000002 977.50000000000011 -9.951364402107103
decision_type=2 2 2 2 2 2 2 2 2 2 2 2 2 2 2 2 2 2 2 2 2 2 2 2 2 2 2 2 2 2
left_child=1 5 27 -4 15 6 28 8 10 -10 -8 12 13 -12 -9 16 -5 -17 -7 -6 21 22 23 -21 -19 -25 -27 -2 29 -1
right_child=2 -3 3 4 19 18 7 14 9 -11 11 -13 -14 -15 -16 17 -18 24 -20 20 -22 -23 -24 25 -26 26 -28 -29 -30 -31
leaf_value=0.0042697787835415191 -0.039255770018371321 0.031863893954953044 -0.032140638180501273 0.0053788742080286608 -0.022454155909701828 0.022961674189014465 0.0081484526519172342 -0.0033301832671035455 -0.31818208164781991 -0.91260572170811372 0.010097098348660306 0.00080992378808974032 -1.0976912498549101 -0.47008010372540954 0.029846813856864926 -0.034598471078638685 -0.013527913863789338 -0.023230858244140208 -0.020684739381971295 -0.0059886722774049501 -0.013356306992686588 0.019860327086201557 -0.014453477717291264 0.029750033891639705 0.018891520526350597 0.028175012566156322 -0.10256891622967108 0.005649916732121789 0.023519684704311358 -0.12777094079776205
leaf_weight=4.9826946947723627 14.104731537401674 1585.3919884972274 185.21494410932064 97.616889722645283 133.78362788259983 904.80419852398336 44.098132563754916 95.810701729729772 1.2742303982377046 0.73932489380240429 2.0857975035905847 5.9945501312613469 0.92775043286383141 0.59511604905128468 93.633637318387628 146.79033379256725 1730.5869812220335 49.026109635829926 16.267891986295581 3111.4431063309312 769.84321931004524 45.787579238414764 427.55189510434866 48.824882432818413 24.387327969074249 5.7323873788118345 4.4205876812338829 377.69559284299612 199.81942089274526 2.3887563794851294
leaf_count=129 155 59718 594 367 409 27073 1213 1996 23 21 66 170 29 20 2851 422 5790 159 338 12944 2369 204 1557 401 95 52 19 6076 5322 14
internal_value=0.000672088 0.0256368 -0.00962594 -0.0104152 -0.00980509 0.0184485 0.0108286 0.00196836 -0.0357721 -0.536439 -0.0169994 -0.132479 -0.353891 -0.0964939 0.0130677 -0.0139831 -0.0125184 -0.0261436 0.0221908 -0.00792308 -0.00748261 -0.00624164 -0.00657381 -0.00551118 -0.00923816 0.0196792 -0.0287507 0.00403332 0.0213125 -0.0385187
internal_weight=10131.6 2958.81 7172.81 6781.01 6595.79 1373.42 452.35 245.159 55.7149 2.01356 53.7013 9.60321 3.60866 2.68091 189.444 2048.41 1828.2 220.204 921.072 4547.39 4413.6 3643.76 3597.97 3170.42 73.4134 58.9779 10.153 391.8 207.191 7.37145
internal_count=130596 98983 31613 25382 24788 39265 11854 6389 1542 44 1498 285 115 86 4847 6833 6157 676 27411 17955 17546 15177 14973 13416 254 472 71 6231 5465 143
is_linear=0
shrinkage=0.05


Tree=67
num_leaves=31
num_cat=1
split_feature=3 3 4 3 0 0 4 2 3 1 2 2 2 4 2 3 2 1 3 2 3 1 5 2 2 2 2 1 2 2
split_gain=779.708 129.568 40.0052 24.5562 24.9852 15.7489 12.8238 18.3209 14.2798 15.2877 15.8248 21.411 24.3092 12.9646 20.3627 17.7841 15.6144 15.5557 14.0888 12.3462 12.2866 13.8508 20.2416 13.4295 56.2191 12.4258 40.075 12.1646 11.9981 11.6246
threshold=-8.9815075964536124 -5.9170352432702478 65.053736679763801 -7.9937480013767246 0.39234469907407415 4.8382148495370378 2.5892505814121369 507.50000000000006 -6.3638131163992062 27497.000000000004 14548.500000000002 14456.500000000002 14409.500000000002 78.683415288925019 14144.500000000002 -6.9505881823674214 14088.500000000002 8298.5000000000018 -7.8631209890270393 15489.500000000002 -12.702130232536012 1496.5000000000002 0 6986.0000000000009 6464.0000000000009 14163.500000000002 14379.500000000002 358.50000000000006 3568.0000000000005 3961.5000000000005
decision_type=2 2 2 2 2 2 2 2 2 2 2 2 2 2 2 2 2 2 2 2 2 2 1 2 2 2 2 2 2 2
left_child=2 3 20 -2 -5 6 7 -6 9 10 11 12 13 14 17 16 18 -8 -15 29 -1 22 23 24 -22 -25 -27 -12 -20 -3
right_child=1 19 -4 4 5 -7 8 -9 -10 -11 27 -13 -14 15 -16 -17 -18 -19 28 -21 21 -23 -24 25 -26 26 -28 -29 -30 -31
leaf_value=-0.021655215605611455 -0.0011347552120064342 0.0037743385168753987 -0.031286318279310811 0.041496806780030537 -0.046655996517355205 0.0093382794771963359 0.009283259453499863 0.035520987338181459 0.0057115453136730677 0.025341121813182484 -0.021647492536161255 -0.044035579604671721 0.065172074910274227 0.04839753220885689 -0.027886179184848259 -0.018104300603244333 0.058147713747059265 0.02214767576423176 0.062484807353726225 0.064419132837270382 0.017813959309439405 -0.016051449532971482 -0.014121968550323364 -0.024450845116348895 0.37255510423597515 0.28914804556096235 0.024111069791396177 0.026146189064890975 -0.0036684843808694753 -0.013661659418812514
leaf_weight=737.97958654910326 337.77353185042739 112.84885631129146 1248.8068270795047 74.739710330963135 7.1990175247192374 2252.3223340287805 518.12752664834261 117.21623796224594 401.57448251545429 361.71626275777817 13.935222566127775 17.153596967458725 21.294800519943237 16.955960422754288 28.350067175924778 81.328332707285881 15.556484639644621 430.01821140944958 7.2536349594593039 5.4672270119190207 4.6425281241536132 241.51030022278428 46.929380493238568 9.7849801704287547 1.4706687331199644 1.5420730747282529 18.992264619097114 298.50110257416964 124.43835401535034 625.14745714515448
leaf_count=29291 6231 964 60092 245 25 8944 1916 334 1561 1052 48 73 76 61 126 295 54 1421 22 17 67 7852 1220 185 18 23 235 1043 451 6654
internal_value=-0.000622372 0.00906547 -0.0252182 0.0118949 0.0128142 0.0123593 0.0151246 0.030766 0.0142916 0.0160726 0.0139412 0.0114443 0.0122097 0.0112868 0.0138692 0.00101636 0.0104866 0.0151177 0.00549869 -0.0104409 -0.0180884 -0.00998595 0.00758658 0.0355498 0.103155 0.0219187 0.0440146 0.0240145 -2.47409e-05 -0.0109955
internal_weight=8180.58 5868.92 2311.66 5125.45 4787.68 4712.94 2460.62 124.415 2336.2 1934.63 1572.91 1260.48 1243.32 1222.03 976.496 245.533 164.204 948.146 148.648 743.464 1062.85 324.872 83.3619 36.4325 6.1132 30.3193 20.5343 312.436 131.692 737.996
internal_count=130596 31613 98983 23978 17747 17502 8558 359 8199 6638 5586 4495 4422 4346 3463 883 588 3337 534 7635 38891 9600 1748 528 85 443 258 1091 473 7618
cat_boundaries=0 1
cat_threshold=8
is_linear=0
shrinkage=0.05


Tree=68
num_leaves=31
num_cat=1
split_feature=3 4 1 3 2 4 2 2 4 3 3 0 2 2 5 4 4 2 4 2 2 4 2 2 2 3 2 2 2 2
split_gain=383.754 26.7014 7.27301 9.22595 20.4569 16.3327 6.73624 30.9311 16.7015 18.9096 8.66198 6.68211 7.46291 6.27793 7.69741 6.992 17.2536 6.41396 44.3933 130.469 6.14806 21.1031 6.03186 6.12825 15.5803 8.33662 8.76805 11.0095 16.3411 7.79652
threshold=-6.225957734494636 50.667246900856171 902.50000000000011 -25.279965131512572 14644.500000000002 16.583014443101831 6305.5000000000009 6381.5000000000009 19.943217518500841 -8.1184156488641683 -6.9790176063682514 0.34354118634259267 977.50000000000011 15222.500000000002 0 18.255617303829769 22.923179279297461 7480.0000000000009 0.0004979401466143501 7413.5000000000009 2120.5000000000005 3.0725797804206416 15132.500000000002 11863.500000000002 11416.500000000002 -6.00910642487516 11352.500000000002 11163.500000000002 10965.500000000002 5343.5000000000009
decision_type=2 2 2 2 2 2 2 2 2 2 2 2 2 2 1 2 2 2 2 2 2 2 2 2 2 2 2 2 2 2
left_child=1 2 3 4 -1 -6 -4 8 -8 -10 13 -2 -13 17 15 -15 -17 18 19 -9 21 -5 23 24 25 29 27 28 -27 -14
right_child=11 -3 6 20 5 -7 7 10 9 -11 -12 12 22 14 -16 16 -18 -19 -20 -21 -22 -23 -24 -25 -26 26 -28 -29 -30 -31
leaf_value=-0.027311506955813022 0.042533692780448648 -0.030914325951060986 -0.026280207519002716 0.23486843116681425 0.12663050147483546 -0.016390904754616398 0.029495922796758018 -0.033845812526818279 -0.033540331939179518 0.36710221736202286 -0.0012053245209948846 -0.026086228084245561 0.021306318297794075 -0.033573962829848966 -0.033730684532585334 0.39775422179914693 0.060745067379860379 -0.023518908440604447 -0.017336227833003193 0.89460504550541953 -0.014466711538260369 -0.018187061413678991 -0.011643980662565286 0.01976496627043477 -0.019203245553269882 0.014477932115259684 0.069217900987174244 -0.03016261436903362 0.048857624906199076 -0.025768819500446117
leaf_weight=8.0642638606950658 24.016955338418484 531.57464449526742 154.36336563434452 1.1130878999829281 6.3434544173069281 2.9127492452971637 1.5734726586379104 1.2733664903789783 0.39943899400532235 1.1212017163634298 83.695160382427275 10.486673174425958 14.163108291104434 1.015860488638282 2.7423045416362575 0.4630114417523149 2.1127951266244054 223.00913247652352 18.436640112195164 0.53835411369800557 59.085511653218418 3.1706713708117604 19.113967584446073 733.69139354676008 35.314755499362946 515.94495814107358 7.7642876096069804 12.778312353417276 37.045056544244289 23.207616962492466
leaf_count=1025 91 74002 12712 26 128 343 80 86 47 33 2753 201 254 103 200 14 107 22914 1859 16 3988 168 227 4691 342 3313 43 110 142 578
internal_value=-0.000677296 -0.0228485 -0.0153453 -0.00143419 0.0309048 0.0816244 -0.0176326 -0.0136643 0.143695 0.261862 -0.0151252 0.0163821 0.0159365 -0.0197929 0.0293497 0.0775128 0.121324 -0.0210725 0.0058718 0.242044 -0.0102733 0.0475666 0.0162514 0.0166378 0.0130874 0.0149541 0.016445 0.0157208 0.016781 -0.00792784
internal_weight=2536.54 1103.01 571.434 80.6897 17.3205 9.2562 490.744 336.381 3.09411 1.52064 333.287 1433.53 1409.51 249.591 6.33397 3.59167 2.57581 243.257 20.2484 1.81172 63.3693 4.28376 1399.02 1379.91 646.218 610.903 573.533 565.768 552.99 37.3707
internal_count=130596 120604 46602 5678 1496 471 40924 28212 160 80 28052 9992 9901 25299 424 224 121 24875 1961 102 4182 194 9700 9473 4782 4440 3608 3565 3455 832
cat_boundaries=0 1
cat_threshold=4
is_linear=0
shrinkage=0.05


Tree=69
num_leaves=31
num_cat=3
split_feature=3 4 0 3 5 5 4 2 3 1 0 0 1 2 4 4 2 5 4 2 2 2 1 1 1 4 2 0 2 1
split_gain=945.124 53.499 28.5239 21.1132 17.0001 15.9165 24.1724 20.5198 15.0752 14.8939 13.4689 11.6609 10.5786 12.8886 14.6968 11.3581 10.7605 9.98116 11.658 14.5208 19.8656 16.0058 13.6426 14.9957 12.9591 12.0876 16.3446 22.5147 21.5366 14.1717
threshold=-8.9815075964536124 66.037702375559618 1.4149594560185188 -7.8203046404058112 0 1 15.302744961548294 15222.500000000002 -8.0343750354346799 39096.500000000007 0.34354118634259267 6.6681331076388899 41393.500000000007 9472.0000000000018 271.25188617342764 3.8867423158524548 4475.5000000000009 2 5.939637663942011 199.50000000000003 507.50000000000006 2390.5000000000005 1976.5000000000002 3533.5000000000005 4651.5000000000009 48.13050742481942 5055.5000000000009 4.2986947685185202 6702.0000000000009 14528.500000000002
decision_type=2 2 2 2 1 1 2 2 2 2 2 2 2 2 2 2 2 1 2 2 2 2 2 2 2 2 2 2 2 2
left_child=1 5 8 12 -5 -1 -7 9 -2 -8 -10 -11 15 16 -15 -4 -14 18 19 -6 -21 -22 -23 -24 -20 26 -26 29 -29 -28
right_child=2 -3 3 4 17 6 7 -9 10 11 -12 -13 13 14 -16 -17 -18 -19 24 20 21 22 23 -25 25 -27 27 28 -30 -31
leaf_value=0.031584651460724776 0.014142930555068035 0.031695864366442256 -0.027013810250637822 -0.011722829204724361 -0.075180991201170583 0.0054810596297395807 0.023228288734763194 -0.040955312372052841 -0.040814728293955063 -0.0075424873462475277 -0.018482385122750248 -0.1442983747249604 -0.027447010024513697 -0.05912959700151476 0.031766440160443478 0.0042699208926519679 0.047479691419135217 0.008774910948089373 0.00072610957124290753 0.047320360428671458 -0.036702106333539153 -0.0054700699761519762 -0.039993965445198017 -0.0094759633729334814 -0.00063181657687297603 -0.0031585839832687585 -0.040470171827330738 -0.034807216222658213 -0.0055696026563507809 -0.011025843488624376
leaf_weight=183.07969474978745 30.691648691892624 1491.778117377311 30.646515008062124 2886.3813400119543 9.2289291769266111 384.00293508917093 723.7904491648078 13.18746451474726 79.808032318949699 21.577137371525172 438.33214470744133 1.680141583085059 9.5178084485232848 24.110504619777206 5.4528106041252604 544.68688910081983 9.6502803713083249 104.63011757284403 645.61791833490133 13.802122130990027 65.503054454922676 389.46601573377848 70.867094941437244 93.178474798798561 252.79284030199051 825.4562302082777 121.00832065939903 74.155365072190762 418.10813581198454 61.70365272462368
leaf_count=6070 418 59718 205 9372 27 9154 23160 230 287 608 1259 43 53 185 77 6274 89 497 3323 48 227 1544 252 334 1030 3426 431 306 1760 189
internal_value=0.000654319 0.0251987 -0.00894942 -0.00804602 -0.00895182 0.0178965 0.0157064 0.0208713 -0.0199054 0.0219628 -0.0219222 -0.0174219 0.000708932 -0.021659 -0.0423643 0.00260352 0.0102753 -0.00640909 -0.00693154 -0.0129156 -0.0120076 -0.0133304 -0.0105646 -0.0226596 -0.00532991 -0.00756001 -0.0114761 -0.0155375 -0.009974 -0.0305265
internal_weight=10023.9 2819.1 7204.8 6655.96 6031.9 1327.32 1144.24 760.235 548.832 747.048 518.14 23.2573 624.065 48.7314 29.5633 575.333 19.1681 3145.52 3040.89 642.046 632.817 619.015 553.512 164.046 2398.84 1753.22 927.768 674.975 492.264 182.712
internal_count=130596 98983 31613 29649 22766 39265 33195 24041 1964 23811 1546 651 6883 404 262 6479 142 13394 12897 2432 2405 2357 2130 586 10465 7142 3716 2686 2066 620
cat_boundaries=0 1 2 3
cat_threshold=8 1 4
is_linear=0
shrinkage=0.05


Tree=70
num_leaves=31
num_cat=1
split_feature=3 3 4 3 0 3 4 1 5 2 2 2 1 3 2 2 2 3 3 4 2 2 2 2 2 2 2 1 1 2
split_gain=706.438 118.629 40.3589 20.4845 23.4595 14.0706 19.6014 16.5159 15.4419 14.2887 13.2651 17.426 14.3087 16.1544 12.6404 12.1616 23.7414 26.7065 12.1321 12.8688 12.1092 16.8839 16.381 16.5145 26.0532 49.0732 13.0003 12.1811 15.3048 12.6724
threshold=-8.9815075964536124 -5.8184423202478817 65.053736679763801 -7.9937480013767246 0.87142094328703734 -6.0867691321245561 3.0725797804206416 301.50000000000006 0 507.50000000000006 14821.500000000002 3961.5000000000005 1976.5000000000002 -5.5700056233421522 14938.500000000002 14923.500000000002 14957.500000000002 -4.0029633089292487 -12.702130232536012 12.771672403379386 14974.500000000002 15092.500000000002 14884.500000000002 14838.500000000002 14757.500000000002 14738.500000000002 15222.500000000002 11873.500000000002 1100.5000000000002 14608.500000000002
decision_type=2 2 2 2 2 2 2 2 1 2 2 2 2 2 2 2 2 2 2 2 2 2 2 2 2 2 2 2 2 2
left_child=2 3 18 -2 -5 6 9 -8 20 -6 11 -3 13 14 -12 -15 17 -17 -1 -20 22 -22 23 24 25 27 -23 28 -9 -30
right_child=1 10 -4 4 5 -7 7 8 -10 -11 12 -13 -14 15 -16 16 -18 -19 19 -21 21 26 -24 -25 -26 -27 -28 -29 29 -31
leaf_value=-0.021158511560547835 -0.00097654859264763099 0.0038152392819087756 -0.031098544840716547 0.028534111676787183 -0.041483331392565305 0.00062440628056951216 -0.021977983749330795 0.030301250851504941 0.0079958244233864512 0.026220340830358537 0.073022300927146996 -0.018723176994839313 -0.025643802720091469 -0.029879957771741295 0.004760817547995194 0.033118969383342793 -0.0078040404187173897 0.23167669378942668 0.0023196225917710574 -0.018063594125279029 0.060753815293256158 -0.030073785224925383 -0.010459979640467637 0.045446193539880476 -0.016533754217848674 0.068099980182955766 0.032453279221371638 0.017076971287587207 0.0079109505442752238 -0.025957332704244791
leaf_weight=710.33565622754395 336.23790427111089 105.63919455930591 1174.8100313153118 200.42051363736391 8.0146503299474698 301.87012884765863 37.854819066822529 74.897303625941277 1950.7116275504231 281.89625176787376 17.052218995988373 455.76198159903288 28.645304009318352 21.455543406307697 11.260165572166441 5.6352666690945625 21.570468846708536 2.4210585802793521 134.76424683071673 182.02324252203107 32.822457909584045 12.466650903224943 69.118896499276161 41.671328738331795 69.016154885292053 42.129429563879967 24.950048461556435 1033.6894383579493 678.81728079915047 28.790644556283951
leaf_count=29291 6231 906 60092 622 26 1714 155 221 8272 778 72 5281 300 209 53 46 160 20 3146 6454 93 41 256 133 239 120 75 3162 2312 116
internal_value=-0.000604222 0.00842226 -0.0247691 0.0109611 0.011782 0.011066 0.0117845 0.0108954 0.011202 0.0243487 -0.0113945 -0.0144821 0.00464953 0.0155792 0.0458739 -0.00121158 0.0195499 0.0927888 -0.0175296 -0.00939239 0.0141684 0.0345802 0.0134649 0.0143048 0.0136315 0.0147518 0.0116203 0.0135143 0.00880792 0.00653294
internal_weight=8096.75 5894.82 2201.93 5225.38 4889.14 4688.72 4386.85 4096.94 4059.08 289.911 669.441 561.401 108.04 79.3947 28.3124 51.0823 29.6268 8.05633 1027.12 316.787 2108.37 70.2392 2038.13 1969.01 1927.34 1858.32 37.4167 1816.19 782.505 707.608
internal_count=130596 31613 98983 24566 18335 17713 15999 15195 15040 804 7047 6187 860 560 125 435 226 66 38891 9600 6768 209 6559 6303 6170 5931 116 5811 2649 2428
cat_boundaries=0 1
cat_threshold=8
is_linear=0
shrinkage=0.05


Tree=71
num_leaves=31
num_cat=2
split_feature=3 4 5 2 2 4 0 1 3 0 3 0 4 2 0 2 1 2 2 4 5 4 3 0 0 1 4 1 3 1
split_gain=350.277 26.5252 7.1774 7.74742 23.0943 11.2254 13.16 7.64135 25.3332 18.6748 7.05088 9.00906 6.837 29.1305 6.45934 6.90075 5.82327 8.51895 67.9822 73.8276 10.4865 14.1394 9.81655 9.04202 7.92772 18.536 7.10339 6.94051 15.5081 13.1278
threshold=-6.225957734494636 50.667246900856171 0 6305.5000000000009 6381.5000000000009 14.891940818146713 4.2986947685185202 718.50000000000011 -6.7546107463641922 4.4693618344907424 -7.5427238403750527 3.907668443287037 0.00030971032446835007 7480.0000000000009 0.34354118634259267 977.50000000000011 30740.500000000004 14163.500000000002 14184.000000000002 15.302744961548294 1 8.8502927588511309 -6.3304506924356714 6.3129826388888892 6.8507093229166687 41393.500000000007 0.0004979401466143501 855.50000000000011 -17.613055457862711 464.50000000000006
decision_type=2 2 1 2 2 2 2 2 2 2 2 2 2 2 2 2 2 2 2 2 1 2 2 2 2 2 2 2 2 2
left_child=1 2 -1 7 5 -5 10 8 -4 -10 11 -7 13 -6 -2 -16 17 22 19 -19 21 -20 -14 -24 26 -26 -18 28 29 -23
right_child=14 -3 3 4 12 6 -8 -9 9 -11 -12 -13 16 -15 15 -17 24 18 20 -21 -22 27 23 -25 25 -27 -28 -29 -30 -31
leaf_value=-0.033547268937799815 0.041317628445916375 -0.03076717401967018 -0.026291187207076711 0.0023252397836942165 0.26722704195639962 -0.033779545108862573 0.057386400751895307 -0.025603837893725508 0.014070186166318896 0.30526267628031795 0.40213784023785898 0.38363797183503667 -0.021864459604948764 -0.020040054983577724 -0.025890454648140483 0.015179214480010167 0.21789224055961731 0.034710073900214175 -0.031622786475949925 0.808046827917419 -0.023656686233784394 -0.03377975888645797 0.010914647257752118 0.15357552900096852 -0.033826996313105796 0.4881052262198653 0.0043071838918569121 0.0071281286960655169 -0.033783653582557104 0.10557462366206688
leaf_weight=47.503516253083944 23.489019002765417 504.72876486973837 6.7016121060587466 1.3727279538288706 1.1580602228641499 0.28122376604005717 1.0936636012047527 141.32710762647912 1.0356581844389423 1.1755885649472473 0.68609745427966118 0.23922235798090696 189.48339796252549 3.708794005215168 10.302405873313544 1417.7526840306818 0.39712287392467871 0.73011432867497095 19.84669253975153 0.5345874591730535 54.21340060280636 2.0984027101658276 6.6709537375718337 1.3325651492923496 0.41678361082449455 0.2874188432469964 19.715894719585776 44.082783476449549 4.3071620017290106 8.6836450323462469
leaf_count=6113 91 74002 503 63 36 32 48 11402 30 24 10 9 15463 443 201 9700 35 49 1256 38 4027 223 220 45 28 20 1655 4071 366 393
internal_value=-0.000662566 -0.0224576 -0.014956 -0.0132297 -0.0092621 0.115476 0.183002 -0.0227721 0.02213 0.16888 0.296865 0.158086 -0.010543 0.0483147 0.0153107 0.0148829 -0.011355 -0.0129636 -0.00325806 0.361598 -0.00672144 0.00489754 -0.0195734 0.0346673 0.0142979 0.179199 0.00852433 0.0171467 0.0464158 0.0784535
internal_weight=2515.36 1063.81 559.084 511.581 361.341 3.67294 2.30021 150.24 8.91286 2.21125 1.20654 0.520446 357.668 4.86685 1451.54 1428.06 352.801 331.984 134.497 1.2647 133.232 79.0187 197.487 8.00352 20.8172 0.704202 20.113 59.172 15.0892 10.782
internal_count=130596 120604 46602 40489 28530 162 99 11959 557 54 51 41 28368 479 9992 9901 27889 26151 10423 87 10336 6309 15728 265 1738 48 1690 5053 982 616
cat_boundaries=0 1 2
cat_threshold=1 4
is_linear=0
shrinkage=0.05


Tree=72
num_leaves=31
num_cat=2
split_feature=3 4 0 3 0 2 5 4 2 2 2 2 2 2 1 4 2 3 1 4 3 2 2 5 4 2 2 1 3 3
split_gain=857.174 54.0597 26.6236 23.6751 20.5317 18.4388 15.9679 23.2992 19.46 14.919 18.0287 16.6661 20.7181 17.4215 15.3393 20.9835 16.592 14.6139 14.4703 14.4452 13.4407 16.8381 13.7122 12.3547 13.4053 12.7221 22.104 16.9917 14.0175 13.5911
threshold=-8.9815075964536124 66.037702375559618 3.2160878414351859 -8.0343750354346799 0.34354118634259267 1446.5000000000002 0 15.302744961548294 15222.500000000002 15489.500000000002 15062.500000000002 14974.500000000002 14965.500000000002 14985.500000000002 43048.500000000007 379.36499028728804 14847.500000000002 -5.3190305174488666 39096.500000000007 8.2140186011789371 -4.269622801651094 14548.500000000002 14621.500000000002 1 43.497254435887491 14772.500000000002 14738.500000000002 7176.5000000000009 -7.5427238403750527 -6.7546107463641922
decision_type=2 2 2 2 2 2 1 2 2 2 2 2 2 2 2 2 2 2 2 2 2 2 2 1 2 2 2 2 2 2
left_child=1 6 3 5 -5 -2 -1 -8 18 10 11 12 14 -13 15 16 20 -15 -9 -18 23 -22 -23 24 -4 26 27 28 -26 -28
right_child=2 -3 9 4 -6 -7 7 8 -10 -11 -12 13 -14 17 -16 -17 19 -19 -20 -21 21 22 -24 -25 25 -27 29 -29 -30 -31
leaf_value=0.031417038153509998 -0.073259805632973615 0.031522587962381277 -0.01159175016771985 -0.039908260886456687 -0.013530051933984075 0.01669486555728494 0.0050425129860562027 0.02274614646613897 -0.039140838385491664 -0.042297999352077377 0.016589850326514773 -0.062467171581567706 0.037633440118129177 -0.02329084384021983 -0.019106159886295777 0.027567177781610455 -0.029614826818522951 0.045713482517502145 -0.017307101084065565 -0.0081226398929579689 0.028462053871905951 -0.093750933204200512 0.0026228709001116192 -0.0032650887227820419 -0.032685176744428078 0.03198839562919352 -0.02056388663819303 -0.0053376779572014846 0.03344210772259331 -0.1038129909794773
leaf_weight=173.81305449269712 6.0860264822840682 1403.9772693701088 1344.7704775743186 77.020405650138855 1747.5863591656089 89.054610654711723 378.20200042426586 694.71953990496695 13.502571584656833 28.954504944384098 84.57987380027771 25.922446765005589 26.69530188664794 58.287802379578352 231.42836777120829 46.305906135588884 135.92550544068217 8.8359119296073896 23.306313941255212 184.03110405802727 57.646554090082645 5.4271850213408497 11.536502994596956 2278.1830799207091 9.572089519351719 24.650238320231438 11.396751295775177 679.32507788389921 49.233845442533493 8.6040199995040876
leaf_count=6070 51 59718 4998 287 5599 1449 9154 23160 230 92 416 94 115 229 860 211 428 36 651 863 474 24 60 12055 74 113 48 2787 223 27
internal_value=0.00063175 0.0247422 -0.00832921 -0.0133756 -0.0146435 0.0109406 0.0173256 0.0151185 0.0203277 -0.00650522 -0.00630903 -0.00668164 -0.0062994 -0.0276524 -0.00653035 -0.00592985 -0.00625298 -0.0142074 0.0214461 -0.0172531 -0.00546743 0.0155769 -0.02821 -0.00582381 -0.00856369 -0.00336166 -0.00451105 -0.00310568 0.0226783 -0.0563764
internal_weight=9918.58 2687.52 7231.06 1919.75 1824.61 95.1406 1283.54 1109.73 731.528 5311.31 5282.36 5197.78 5104.73 93.0462 5078.04 4846.61 4800.3 67.1237 718.026 319.957 4480.35 74.6102 16.9637 4405.74 2127.55 782.782 758.132 738.131 58.8059 20.0008
internal_count=130596 98983 31613 7386 5886 1500 39265 33195 24041 24227 24135 23719 23360 359 23245 22385 22174 265 23811 1291 20883 558 84 20325 8270 3272 3159 3084 297 75
cat_boundaries=0 1 2
cat_threshold=1 8
is_linear=0
shrinkage=0.05


Tree=73
num_leaves=31
num_cat=0
split_feature=3 3 4 3 0 0 4 2 3 1 2 2 2 2 2 1 3 4 1 3 3 2 2 2 2 2 1 2 1 4
split_gain=639.576 109.053 40.7692 17.7101 22.4311 14.6176 12.8697 16.1077 13.2455 14.1393 14.4685 19.8632 21.9288 12.6832 16.4348 13.5324 14.6227 12.3727 17.6653 12.2695 11.9136 12.5374 16.7922 11.4319 20.3448 20.4412 11.4063 11.0298 10.8753 9.95487
threshold=-8.9815075964536124 -5.8184423202478817 65.053736679763801 -7.9937480013767246 0.36804103587962966 4.8382148495370378 2.5892505814121369 507.50000000000006 -6.3638131163992062 27497.000000000004 14548.500000000002 14456.500000000002 14409.500000000002 14821.500000000002 3961.5000000000005 1976.5000000000002 -5.5700056233421522 39.831334079005778 8298.5000000000018 -7.657478638312222 -12.702130232536012 15062.500000000002 15132.500000000002 14923.500000000002 14957.500000000002 14946.500000000002 172.50000000000003 14938.500000000002 358.50000000000006 12.393196924726686
decision_type=2 2 2 2 2 2 2 2 2 2 2 2 2 2 2 2 2 2 2 2 2 2 2 2 2 2 2 2 2 2
left_child=2 3 20 -2 -5 6 7 -6 9 10 11 12 17 14 26 16 27 18 -8 -20 -1 -22 -23 -18 25 -25 -3 -15 -12 -30
right_child=1 13 -4 4 5 -7 8 -9 -10 -11 28 -13 -14 15 -16 -17 23 -19 19 -21 21 22 -24 24 -26 -27 -28 -29 29 -31
leaf_value=-0.020631231160721613 -0.00087127215104752494 0.095554796206821196 -0.030903115625681012 0.040238579281808851 -0.045457052465239726 0.0077566684414297291 0.0080501978258054954 0.033081285726753777 0.0045494062239491047 0.023054981041610453 -0.021700281594092929 -0.04396952524069539 0.060197311397592428 0.06786691123751451 -0.01847357026746271 -0.025404340854963178 -0.029604829154600512 0.0037201594298161655 0.00030793419758530651 0.029326091199418803 -0.011093253091776237 0.074995908711988427 -0.034477755953111144 0.014415379285850433 -0.0076207359950726614 0.1688360041809312 0.00046834723540528406 0.0046104112951334186 0.036278065094476758 0.017170630451046297
leaf_weight=683.18042153120041 335.20249745994806 3.2533433064818373 1105.3941532336175 64.762643896043301 6.9053946137428275 2325.4810500666499 466.63349915295839 119.60093066841364 436.08825170248747 365.4534983932972 13.797674626111982 16.959158457815647 21.8171626329422 17.71463301032782 449.99965769797564 28.147095542401075 20.915046766400337 516.65398938953876 43.929967761039734 213.2871196269989 294.47126931138337 9.7072218731045705 5.4806092325597993 4.8175240829587 21.453874532133341 3.8603160455822945 103.17422441765666 11.278911486268042 103.45774323493242 199.8324601277709
leaf_count=29291 6231 16 60092 231 25 9261 1707 352 1812 1055 48 73 76 72 5281 300 209 1850 145 653 9363 88 149 41 160 25 890 53 303 744
internal_value=-0.000580965 0.00783289 -0.0242979 0.0102486 0.011007 0.0106167 0.0132513 0.0287942 0.0124313 0.0141833 0.0121524 0.00978251 0.0105047 -0.0112489 -0.0142946 0.00441554 0.014902 0.0096307 0.0138494 0.0243701 -0.0169438 -0.0088084 0.0354918 -0.00120427 0.0185092 0.083109 0.00337501 0.0432592 0.0217135 0.0236885
internal_weight=8012.71 5914.48 2098.23 5249.86 4914.66 4849.9 2524.42 126.506 2397.91 1961.82 1596.37 1279.28 1262.32 664.615 556.427 108.187 80.0403 1240.5 723.851 257.217 992.84 309.659 15.1878 51.0468 30.1317 8.67784 106.428 28.9935 317.088 303.29
internal_count=130596 31613 98983 24566 18335 18104 8843 377 8466 6654 5599 4504 4431 7047 6187 860 560 4355 2505 798 38891 9600 237 435 226 66 906 125 1095 1047
is_linear=0
shrinkage=0.05


Tree=74
num_leaves=31
num_cat=3
split_feature=3 4 5 2 2 4 1 3 0 0 4 2 0 2 2 5 2 4 4 2 1 1 1 2 2 2 3 5 2 2
split_gain=319.707 26.2997 7.0092 7.57277 19.4436 7.79215 7.28607 15.739 7.25129 7.01861 6.20267 20.788 6.13977 6.43603 5.58152 11.0447 7.97565 6.1948 11.5129 9.61198 17.6473 5.50028 5.43907 5.43137 6.34144 13.6561 9.36809 9.18689 13.0735 10.6748
threshold=-6.225957734494636 50.667246900856171 0 6305.5000000000009 6381.5000000000009 14.891940818146713 464.50000000000006 -6.7546107463641922 4.2986947685185202 1.2874747337962966 0.00030971032446835007 7480.0000000000009 0.34354118634259267 977.50000000000011 1976.5000000000002 1 2390.5000000000005 13.194700301946066 30.168295320861784 1669.5000000000002 5964.5000000000009 946.50000000000011 16819.500000000004 15132.500000000002 11863.500000000002 11416.500000000002 -6.00910642487516 2 11352.500000000002 11104.500000000002
decision_type=2 2 1 2 2 2 2 2 2 2 2 2 2 2 2 1 2 2 2 2 2 2 2 2 2 2 2 1 2 2
left_child=1 2 -1 6 5 -5 7 -4 9 -7 11 -6 -2 -14 15 17 -16 19 -19 20 -15 -13 -10 24 25 26 -18 28 29 -28
right_child=12 -3 3 4 10 8 -8 -9 22 -11 -12 21 13 14 16 -17 23 18 -20 -21 -22 -23 -24 -25 -26 -27 27 -29 -30 -31
leaf_value=-0.033536411099057757 0.039996681953712178 -0.030611767672523407 -0.019364879228320114 0.0021781717316502781 0.20361085708990304 0.063329862879305573 -0.024540749121055382 0.17916991270215887 -0.034058452845012119 0.28944253655740781 -0.011016038262246215 0.25532773944826453 -0.02573586510215908 -0.015634443600312357 -0.021602633447593306 -0.018502162895813672 -0.013395999584673735 -0.037950339605340735 0.088846604988185807 0.089037360364179197 0.10524986097433893 -0.033516318168360093 0.18865585594731596 -0.012197332016882811 0.017485371844869282 -0.019440246807840969 0.021448178717370273 0.0080054352770769967 0.092830179568774707 -0.031542881813431761
leaf_weight=44.729433509055525 22.898281041532755 479.1023190622218 3.4786068806424737 1.3780957423150528 1.463830493390559 0.50337482383474741 141.28087336849421 1.4000313598662604 0.70432757772505261 1.0785131044685838 347.28377500781789 0.17309681046754155 10.168978491798041 8.4594695493578929 15.868461620062588 8.5533676482737047 32.933591669425368 5.1147244945168486 2.754265308380127 12.266106504946945 4.6945267468690863 3.445010700263083 0.44883137149736285 19.434500714763999 753.62457862310112 35.57499603740871 232.74458263814449 288.57680371031165 6.1967951804399481 9.9083640426397306
leaf_count=6113 91 74002 272 63 36 12 11658 29 32 39 27889 20 201 62 164 56 748 38 21 43 17 423 16 227 4691 342 1124 2096 19 52
internal_value=-0.000645353 -0.0220572 -0.0145695 -0.0128817 -0.00895193 0.0991296 -0.0224663 0.037609 0.14798 0.217491 -0.0102136 0.0446255 0.0143084 0.0139019 0.0141824 0.0321761 0.0136427 0.0451975 0.00643051 0.0571981 0.0275079 -0.0196975 0.0526262 0.0140482 0.0144234 0.0106151 0.0124898 0.014076 0.0211158 0.0192844
internal_weight=2496.24 1026.47 547.368 502.638 356.479 4.11314 146.16 4.87864 2.73505 1.58189 352.366 5.08194 1469.77 1446.87 1436.71 41.8425 1394.86 33.2891 7.86899 25.4201 13.154 3.61811 1.15316 1378.99 1359.56 605.935 570.36 537.427 248.85 242.653
internal_count=130596 120604 46602 40489 28530 162 11959 301 99 51 28368 479 9992 9901 9700 237 9463 181 59 122 79 443 48 9299 9072 4381 4039 3291 1195 1176
cat_boundaries=0 1 2 3
cat_threshold=1 4 8
is_linear=0
shrinkage=0.05


Tree=75
num_leaves=31
num_cat=3
split_feature=3 4 0 3 5 4 2 5 1 5 4 1 0 2 4 2 2 2 2 1 2 4 2 3 3 2 3 3 1 3
split_gain=777.056 54.5709 24.8717 17.8101 15.9969 22.685 18.6058 15.3071 14.2325 11.3461 12.1504 15.7496 14.35 12.1387 17.6289 16.7533 35.3053 44.6735 21.7687 20.487 20.4824 18.6865 18.1162 32.6532 17.3976 23.5334 16.4155 30.4103 14.1487 14.8005
threshold=-8.9815075964536124 66.037702375559618 0.82271440972222243 -7.8203046404058112 0 15.302744961548294 15222.500000000002 1 31075.500000000004 2 5.939637663942011 413.50000000000006 4.5250034953703722 3180.5000000000005 164.59513124366583 7480.0000000000009 8163.5000000000009 8577.5000000000018 11911.500000000002 34858.500000000007 13534.000000000002 54.208990967612259 7106.0000000000009 -6.7892803048899752 -6.5311359661174633 7413.5000000000009 -5.3190305174488666 -6.2626880638303701 28056.500000000004 -6.3638131163992062
decision_type=2 2 2 2 1 2 2 1 2 1 2 2 2 2 2 2 2 2 2 2 2 2 2 2 2 2 2 2 2 2
left_child=1 4 -2 -4 -1 -6 8 -5 -7 10 11 -9 -13 14 -12 22 19 26 21 -17 28 -19 -15 -24 -25 -26 27 -18 -20 -30
right_child=2 -3 3 7 5 6 -8 9 -10 -11 13 12 -14 15 -16 16 17 18 20 -21 -22 -23 23 24 25 -27 -28 -29 29 -31
leaf_value=0.031243381848085557 -0.023272760832615296 0.031343532542349561 0.00063208565976348246 -0.010578750723046614 0.0045229202370962035 0.022857488835994189 -0.037819710276942947 0.0024792901206244153 -0.005840213264028735 0.010206724050944985 0.0087312242987964087 -0.025363522223391166 -0.0088549091980137159 -0.010609198790720753 -0.08273721240712692 0.034637975155643784 -0.021139762869464576 -0.0021654995577305449 -0.011597579211495275 -0.046712404185430816 -0.0022960613655470313 0.018544080006864926 0.024880943065168942 -0.12107025500398734 -0.00041447902719459265 -0.09948604613303276 0.038077138527132876 -0.095833836620025856 -0.044890612280592747 0.013434005844809603
leaf_weight=164.98516098037362 249.31069817766547 1321.6423288173974 657.45571281015873 3034.2336170971394 371.41571428254247 645.17899542301893 13.741575781255959 144.96688276529312 46.304971368983388 108.92317312210798 218.03359762579203 234.6430386453867 299.84931537508965 471.47434743493795 5.3981338143348685 82.283161260187626 29.729704394936562 285.29617533832788 322.94222946465015 8.5427435636520368 767.57927761971951 176.19383111596107 12.973199069499968 10.71211658418178 13.4501226246357 10.813041433691978 5.1389763355255118 25.157662332057953 65.705892622470856 13.03496105968952
leaf_count=6070 982 59718 7143 9705 9154 22401 230 551 1410 510 916 779 1193 1883 15 383 109 1244 1425 26 3523 693 46 38 54 35 35 84 197 44
internal_value=0.000608174 0.0242723 -0.00775397 -0.00720161 0.0167455 0.0145238 0.0197909 -0.00801305 0.0209358 -0.00566313 -0.00620266 -0.0121377 -0.0161022 -0.00460523 0.00652134 -0.00568563 -0.00338199 -0.00501333 -0.00345404 0.0269865 -0.00708329 0.00574128 -0.013587 -0.042868 -0.0679977 -0.0445664 -0.0473751 -0.0553758 -0.0162312 -0.0352354
internal_weight=9817.11 2563.27 7253.84 7004.53 1241.63 1076.64 705.226 6347.08 691.484 3312.84 3203.92 679.459 534.492 2524.46 223.432 2301.03 1781.6 1690.78 1630.75 90.8259 1169.26 461.49 519.423 47.9485 34.9753 24.2632 60.0263 54.8874 401.683 78.7409
internal_count=130596 98983 31613 30631 39265 33195 24041 23488 23811 13783 13273 2523 1972 10750 931 9819 7763 7354 7126 409 5189 1937 2056 173 127 89 228 193 1666 241
cat_boundaries=0 1 2 3
cat_threshold=1 8 4
is_linear=0
shrinkage=0.05


Tree=76
num_leaves=31
num_cat=2
split_feature=3 3 4 4 1 3 0 3 1 3 2 2 2 5 2 2 1 3 2 2 5 2 1 2 1 4 2 2 2 2
split_gain=578.818 99.7897 41.05 17.97 17.4455 20.6444 23.6297 16.0493 13.7687 13.6474 18.7636 15.4871 13.2186 12.4049 12.287 11.7483 12.0398 11.6492 12.1101 14.9342 11.0715 18.149 17.2986 24.2646 16.5646 10.8352 10.5686 37.9371 15.9291 31.1741
threshold=-8.9815075964536124 -6.0523948069364035 65.053736679763801 3.5327068242902757 43048.500000000007 -7.9467294757955615 0.61660126157407424 -6.9170352432702478 301.50000000000006 -5.5265860328747483 3730.0000000000005 3644.5000000000005 15222.500000000002 0 15037.500000000002 1446.5000000000002 4394.5000000000009 -12.459983534769718 15062.500000000002 15132.500000000002 1 722.50000000000011 4394.5000000000009 1976.5000000000002 8181.5000000000009 2.5892505814121369 14722.500000000002 13686.500000000002 11981.500000000002 12309.500000000002
decision_type=2 2 2 2 2 2 2 2 2 2 2 2 2 1 2 2 2 2 2 2 1 2 2 2 2 2 2 2 2 2
left_child=2 3 17 7 5 12 -7 14 -8 -3 11 20 15 -10 -2 16 -5 -1 -19 -20 22 -22 -11 -24 -25 -9 27 28 -15 -30
right_child=1 9 -4 4 -6 6 8 25 13 10 -12 -13 -14 26 -16 -17 -18 18 19 -21 21 -23 23 24 -26 -27 -28 -29 29 -31
leaf_value=-0.019986496739881468 0.032609027030681255 -0.0019891551110631047 -0.030699661066265246 0.084013404981245043 0.022281456730141772 0.032911248941707265 -0.024151266484477015 0.018697027639552357 0.011826921924951293 -0.029290099963152273 -0.018802674181267746 0.090978287386801068 0.10580473339662616 0.0052424170889856254 -0.031558165716250329 -0.0053953703703151909 -0.010944362614878174 -0.010371574700624785 0.071462043539869097 -0.034460206094536226 0.034577181195810783 -0.032299480744962673 -0.038382459690066928 0.15676222459255579 0.0042049611373018566 -0.0053954368164159626 0.015830413025435353 -0.012424387348530543 0.059206463766518946 0.011922259340199835
leaf_weight=670.32913613133132 193.51301452890038 457.32460574060678 1040.3433426301926 7.5560503713786584 239.40930595435202 104.66504308581352 31.375402145087719 133.27737165987492 2013.0169796049595 6.910018943250182 371.9771645590663 5.3556172102689734 2.7787501141428939 1054.0236723273993 7.7595122382044783 356.09053607843816 5.9798568375408649 275.12288986332715 9.9070123042911273 5.0108313914388409 14.981263384222983 31.424065969884396 3.6944137662649146 6.3763106018304807 2.4680328592658043 71.812779352068901 245.6870760768652 269.55325917154551 40.360431328415871 255.68068358302116
leaf_count=29791 612 3239 60092 49 910 346 132 374 6414 60 4665 29 36 4276 22 5939 97 8875 86 139 52 394 25 34 22 219 995 1407 176 1089
internal_value=-0.000561758 0.00728074 -0.0238184 0.0100237 0.00913822 0.00842092 0.00946564 0.0201048 0.00883799 -0.00804858 -0.0143013 0.00921251 -0.00284065 0.00910487 0.0301352 -0.00365741 0.0420632 -0.0163642 -0.00799252 0.0358833 0.00256287 -0.0107094 0.0342308 0.0692367 0.114191 0.010261 0.00616726 0.00470141 0.00812074 0.0183687
internal_weight=7933.76 5933.05 2000.71 5032.54 4626.18 4386.77 4014.36 406.363 3909.7 900.511 443.187 71.2097 372.405 3878.32 201.273 369.626 13.5359 960.37 290.041 14.9178 65.8541 46.4053 19.4488 12.5388 8.84434 205.09 1865.31 1619.62 1350.06 296.041
internal_count=130596 31613 98983 23093 21866 20956 14835 1227 14489 8520 5281 616 6121 14357 634 6085 146 38891 9100 225 587 446 141 81 56 593 7943 6948 5541 1265
cat_boundaries=0 1 2
cat_threshold=8 8
is_linear=0
shrinkage=0.05


Tree=77
num_leaves=31
num_cat=3
split_feature=3 4 5 2 2 1 4 3 3 3 0 4 2 2 0 2 2 2 5 0 5 4 3 1 3 1 1 2 2 2
split_gain=292.63 26.0866 6.85897 7.42868 16.6189 7.07844 18.3728 11.1973 6.82759 12.1306 6.27927 5.828 26.1744 19.355 5.82782 5.97768 5.59393 40.329 30.3312 32.9101 10.7805 13.9869 9.82869 9.48807 9.52433 9.09585 8.30549 7.22549 83.107 20.1482
threshold=-6.225957734494636 50.667246900856171 0 6305.5000000000009 6381.5000000000009 718.50000000000011 3.5327068242902757 -6.7546107463641922 -8.1184156488641683 -7.2565294350624425 4.3253446527777788 0.0004979401466143501 7480.0000000000009 7413.5000000000009 0.34354118634259267 977.50000000000011 14163.500000000002 14184.000000000002 1 5.7658256597222231 2 8.8502927588511309 -6.3304506924356714 7306.5000000000009 -6.2626880638303701 31075.500000000004 12821.500000000002 14608.500000000002 14621.500000000002 14654.500000000002
decision_type=2 2 1 2 2 2 2 2 2 2 2 2 2 2 2 2 2 2 1 2 1 2 2 2 2 2 2 2 2 2
left_child=1 2 -1 5 8 6 7 -4 -5 10 -10 12 13 -6 -2 -16 22 18 -18 -20 21 -19 25 -24 26 -13 -25 -23 -29 -30
right_child=14 -3 3 4 11 -7 -8 -9 9 -11 -12 16 -14 -15 15 -17 17 20 19 -21 -22 27 23 24 -26 -27 -28 28 29 -31
leaf_value=-0.033527333165008187 0.038809670733957614 -0.030450592210891164 0.0025686976006291089 -0.033588572992742212 -0.033887622922073576 -0.02508710514154866 -0.03373187078872044 0.18798282900192806 0.27216599388333423 0.00096800533377710261 0.10401549891659947 -0.021529099398001794 -0.02514966967649257 0.26661500662591886 -0.025514309826640408 0.013318805895446343 -0.03401983301958262 -0.031512819045621664 0.20204716828946234 0.76423167215938004 -0.023560796441027754 -0.013121309171212216 0.00045874982345049079 0.27727538189577827 -0.034088462912614484 0.018665351800092069 0.069661109570732585 0.77069966455793226 0.11383805201369007 0.0089821585784422928
leaf_weight=42.179995529353619 22.297996539622545 455.03026722930372 1.3676511794328692 0.93855631817132223 0.79336802102625203 133.15034677321091 5.7925230772234499 2.0124197918921691 1.1367769464850432 1.3722240943461645 1.0852370560169218 180.32867687940598 5.9762648278847337 1.6507718674838543 9.9780025854706746 1451.5395624842495 0.72171384748071432 19.323540893848985 0.84766249917447456 0.37570320442318916 53.765513124875724 14.61680776439607 5.7937867641448957 0.96332935988903068 0.77514510415494431 15.266683353576807 0.96353424899280071 0.37287531094625492 5.1817805143073192 39.534727902151644
leaf_count=6113 91 74002 52 91 44 11402 474 31 14 24 33 15343 740 18 201 9700 32 1291 47 14 4168 1426 191 28 24 1259 29 20 166 3528
internal_value=-0.000611545 -0.0216452 -0.0141739 -0.0125218 -0.00862222 -0.0221604 0.0203237 0.11296 0.0864979 0.117856 0.190041 -0.00986386 0.0312258 0.169072 0.0134407 0.0130537 -0.010885 -0.0029782 0.223045 0.374698 -0.0062888 0.00546168 -0.016105 0.0365431 0.113917 -0.0183918 0.173457 0.0174282 0.0273316 0.0211329
internal_weight=2475.13 991.318 536.288 494.108 351.785 142.323 9.17259 3.38007 4.53279 3.59424 2.22201 347.252 8.4204 2.44414 1483.82 1461.52 338.831 134.74 1.94508 1.22337 132.795 79.0297 204.091 8.4958 2.70201 195.595 1.92686 59.7062 45.0894 44.7165
internal_count=130596 120604 46602 40489 28530 11959 557 83 162 71 47 28368 802 62 9992 9901 27566 10692 93 61 10599 6431 16874 272 81 16602 57 5140 3714 3694
cat_boundaries=0 1 2 3
cat_threshold=1 8 4
is_linear=0
shrinkage=0.05


Tree=78
num_leaves=31
num_cat=1
split_feature=3 4 0 2 5 4 2 3 2 2 1 4 4 3 1 3 0 2 4 4 1 4 2 2 4 2 2 2 2 2
split_gain=704.402 54.9048 23.6497 16.5571 15.9784 21.9382 17.6893 14.9264 16.8008 22.7202 19.5536 17.0894 15.7464 14.8189 13.9611 13.3289 14.3766 12.6825 18.1969 11.5121 16.0311 17.4336 17.8108 15.6033 19.6412 17.4754 15.4496 27.2186 13.8352 13.3091
threshold=-8.9815075964536124 66.037702375559618 1.7819519039351854 15489.500000000002 0 15.302744961548294 15222.500000000002 -7.6196982991156821 15062.500000000002 14847.500000000002 7544.5000000000009 65.053736679763801 3.8867423158524548 -4.269622801651094 31075.500000000004 -8.0343750354346799 0.34354118634259267 1976.5000000000002 1.4712513167492045 55.19715661347437 40864.500000000007 488.86394227381652 12778.500000000002 977.50000000000011 28.953560974573374 1446.5000000000002 14144.500000000002 14088.500000000002 13752.500000000002 14210.000000000002
decision_type=2 2 2 2 1 2 2 2 2 2 2 2 2 2 2 2 2 2 2 2 2 2 2 2 2 2 2 2 2 2
left_child=1 4 15 7 -1 -6 14 12 9 10 11 13 -4 17 -7 -2 -17 -9 -19 23 21 22 -21 24 -12 -25 27 28 -24 -28
right_child=2 -3 3 -5 5 6 -8 8 -10 -11 19 -13 -14 -15 -16 16 -18 18 -20 20 -22 -23 26 25 -26 -27 29 -29 -30 -31
leaf_value=0.031066150727858222 0.012326508513753068 0.031158158080562 -0.026128494227351792 -0.039980583705427168 0.0040592957339493918 0.022388514426363134 -0.036330217977438475 -0.019845903036303899 0.014350500908250394 -0.017818096248726763 0.027156748472802125 0.019842378853312734 0.0012391716006353087 0.015554343026662849 -0.0061837446809857519 -0.038324960056275406 -0.014747680053142604 -0.024663164822551344 -0.002520935654173293 0.00048877111724851909 -0.018878895656824036 0.042174605171020632 -0.022147972299670408 -0.045693700723090605 -0.052569037884276262 -0.012423955060568152 0.035893980936185975 -0.075039239136795569 0.010615479041550942 -0.0066773123106107658
leaf_weight=156.6907807290554 40.709423240274191 1244.4443244636059 55.761388156563044 36.150678962469101 365.20871914178133 620.52395836822689 14.020357942208646 128.96379278600216 90.149262651801109 478.32435224205256 45.830933019518852 79.442964412271976 915.14027415961027 94.786823563277721 45.916921259835362 71.732211790978909 655.42355734109879 97.76622112095356 1822.5306374281645 686.70012349635363 199.20139589905739 20.540436521172523 164.53860287368298 40.682802751660347 9.2913529872894269 1324.1673316508532 21.231022655963898 21.366092145442963 40.068136051297188 135.72937832772732
leaf_count=6070 582 59718 270 114 9154 22401 230 454 380 1575 158 366 7735 653 1410 287 1908 289 7617 2445 563 72 576 129 32 4554 82 69 162 541
internal_value=0.000588262 0.023796 -0.00721589 -0.00623677 0.0161762 0.0139449 0.0192506 -0.00604829 -0.00705703 -0.00741367 -0.00640478 -0.00292982 -0.000332624 -0.00377359 0.0204199 -0.0155148 -0.0170735 -0.00466759 -0.00364824 -0.00925659 -0.00583629 -0.00345309 -0.00432929 -0.0123623 0.0137183 -0.0134156 -0.0129693 -0.0213395 -0.0157319 -0.000918968
internal_weight=9723.03 2446.81 7276.23 6508.36 1202.36 1045.67 680.461 6472.21 5501.31 5411.16 4932.84 2223.49 970.902 2144.05 666.441 767.865 727.156 2049.26 1920.3 2709.35 1289.38 1090.17 1069.63 1419.97 55.1223 1364.85 382.933 225.973 204.607 156.96
internal_count=130596 98983 31613 28836 39265 33195 24041 28722 20717 20337 18762 9379 8005 9013 23811 2777 2195 8360 7906 9383 4510 3947 3875 4873 190 4683 1430 807 738 623
cat_boundaries=0 1
cat_threshold=1
is_linear=0
shrinkage=0.05


Tree=79
num_leaves=31
num_cat=2
split_feature=3 3 4 0 2 3 1 4 3 4 3 2 2 1 4 2 2 2 2 0 5 4 3 1 3 2 2 5 2 0
split_gain=523.93 91.829 41.2373 15.9261 15.2105 13.5592 13.3158 16.1438 12.2618 16.5494 13.2694 12.1869 14.9484 12.663 14.0634 12.0175 16.9192 15.2534 14.1015 11.6119 11.5037 18.9681 16.19 16.3285 14.3084 12.4718 17.4225 26.5142 22.6026 17.9403
threshold=-8.9815075964536124 -5.8184423202478817 65.053736679763801 2.5866712152777782 15489.500000000002 -8.0783915555075758 43048.500000000007 389.9424527656227 -7.6981023368751105 3.8867423158524548 -6.0867691321245561 14821.500000000002 3961.5000000000005 1976.5000000000002 3.0725797804206416 15092.500000000002 14974.500000000002 14985.500000000002 14965.500000000002 0.26823291087962969 0 10.178710220534201 -15.531948233702289 620.50000000000011 -25.279965131512572 11981.500000000002 14712.500000000002 1 13937.500000000002 5.1841097569444452
decision_type=2 2 2 2 2 2 2 2 2 2 2 2 2 2 2 2 2 2 2 2 1 2 2 2 2 2 2 1 2 2
left_child=2 3 20 5 6 -2 7 8 9 -5 15 12 -3 14 -13 16 18 -18 -10 -7 -1 22 23 -22 -25 -26 27 29 -29 -27
right_child=1 11 -4 4 -6 19 -8 -9 10 -11 -12 13 -14 -15 -16 -17 17 -19 -20 -21 21 -23 -24 24 25 26 -28 28 -30 -31
leaf_value=-0.030110005592555389 -0.010321590896291817 0.0028290537089404044 -0.030487628070588857 0.03067297201773941 0.043243603635243405 0.03984395873605838 0.019100916084684182 -0.022438449735507723 0.0091704214195449853 -0.001521910727409657 -0.0029197312938484652 -0.019092827040204052 -0.01801015356589131 -0.024963098889364665 0.027561388037352388 -0.019580303019060989 0.077314720950712512 0.020888803133923602 -0.042006949343238981 0.014685000323806471 -0.02748852110990407 -0.017812163019280357 -0.005980855406587565 0.29687603892174153 0.012643116141709676 -0.013785944142858657 0.013114521462560154 0.18326558639140683 0.53280408623232112 0.24829652604121791
leaf_weight=121.81396115198731 51.754416694864631 107.01074638590217 979.39474781043828 42.821193467825651 29.76852336153388 48.296455733478069 229.1919667776674 46.946012144908309 2988.1333395466208 588.35815324448049 245.92476242035627 22.43029959499836 439.42237494140863 27.227521624416113 57.716686900705099 35.984912008047104 15.921479627490042 48.345140397548676 13.520998343825338 909.98544185608625 7.7761506251990822 622.36068504676223 156.53963783383369 0.60461529158056038 10.739993246272208 2.4837863538414244 4.2519319783896208 1.8417960926890358 0.6175782661885022 0.88585827127099026
leaf_count=6041 1021 906 60092 233 97 183 883 228 11140 6154 1441 204 5281 300 356 142 47 158 63 2776 306 27236 4461 24 427 98 166 73 24 35
internal_value=-0.000538599 0.00677572 -0.0233275 0.00895865 0.00762731 0.0146067 0.00737814 0.00671078 0.00705469 0.000662291 0.00825988 -0.0109031 -0.0139291 0.00449651 0.0145045 0.00914622 0.00948338 0.0348678 0.00893989 0.015953 -0.0157864 -0.0136273 0.0003949 0.034573 0.0570975 0.0501346 0.090077 0.146217 0.271039 0.0551139
internal_weight=7858.07 5948.76 1909.31 5294.95 4284.92 1010.04 4255.15 4025.96 3979.01 631.179 3347.83 653.808 546.433 107.375 80.147 3101.91 3065.92 64.2666 3001.65 958.282 929.916 808.102 185.741 29.2017 21.4256 20.8209 10.081 5.82902 2.45937 3.36964
internal_count=130596 31613 98983 24566 20586 3980 20489 19606 19378 6387 12991 7047 6187 860 560 11550 11408 205 11203 2959 38891 32850 5614 1153 847 823 396 230 97 133
cat_boundaries=0 1 2
cat_threshold=1 4
is_linear=0
shrinkage=0.05


Tree=80
num_leaves=31
num_cat=1
split_feature=3 4 1 3 2 4 2 2 3 3 4 2 2 0 0 3 3 0 2 5 4 2 2 2 2 0 2 1 0 3
split_gain=267.354 25.7855 6.70906 8.41263 15.6752 10.6455 6.37087 16.4888 7.59406 5.85381 21.3442 7.92222 67.9226 5.95317 5.62896 5.53173 8.814 6.9463 5.52855 5.44502 12.2178 18.1071 10.4894 9.77545 20.5807 41.6734 70.525 9.09272 22.0504 8.92737
threshold=-6.225957734494636 50.667246900856171 902.50000000000011 -25.279965131512572 14644.500000000002 16.583014443101831 6305.5000000000009 6381.5000000000009 -6.9790176063682514 -6.8493970753394056 48.13050742481942 10884.500000000002 10659.500000000002 5.5330776273148166 0.34354118634259267 -8.1184156488641683 -7.2565294350624425 4.047488043981482 977.50000000000011 0 0.0004979401466143501 7480.0000000000009 15222.500000000002 6897.5000000000009 6598.5000000000009 4.7796720601851872 6702.0000000000009 41393.500000000007 6.8507093229166687 -19.812620512908079
decision_type=2 2 2 2 2 2 2 2 2 2 2 2 2 2 2 2 2 2 2 1 2 2 2 2 2 2 2 2 2 2
left_child=1 2 3 4 -1 -6 -4 15 19 10 11 12 -10 -11 -2 -8 17 -17 -16 20 21 -9 27 24 -21 26 -26 -22 29 -29
right_child=14 -3 6 -5 5 -7 7 8 9 13 -12 -13 -14 -15 18 16 -18 -19 -20 23 22 -23 -24 -25 25 -27 -28 28 -30 -31
leaf_value=-0.026381335859947716 0.037795421338609712 -0.030283325312410778 -0.02520243616881292 -0.008971687878998871 0.10206758627543761 -0.014725647691310427 -0.033571936434321513 0.15744291222901152 -0.016926002418225873 -0.018957764035580506 0.3403421156057283 -0.0096697849508028209 0.57935936603250549 0.010468289351399483 -0.025272928249209875 0.26248103732204964 0.0017282228360046047 0.09373718481151859 0.012451115831628739 -0.033671295949717892 -0.020279232967564138 -0.033507867442090167 0.064493345487693504 -0.029604717703310843 1.3725808465264364 -0.033627172035672802 0.12592157515075272 0.14413730488707122 0.46460762355757801 -0.01866796576318417
leaf_weight=7.0278077400289503 21.799993272870779 432.38976658694446 135.38225850975141 59.959280429873616 7.3472286094911379 2.6564903212711215 0.87637378927320231 2.5786507520824662 2.9354278827086069 39.724500698968768 0.53409297112375576 8.2288018101826292 0.57037706486880768 30.296698117628694 9.7768001630902273 1.0030956007540233 1.3433684483170498 1.5557473003864286 1468.3657085634768 2.1212516659870739 108.91892215050757 2.3941940753720701 4.0575415175408116 100.18546812888235 0.17778816167265155 0.64748256886377931 0.31346660945564508 1.1257169377058742 0.30083665251731861 3.3412833642214528
leaf_count=1025 91 74002 12712 4182 128 343 92 52 113 1304 18 321 16 981 201 9 23 36 9700 193 12267 309 197 11701 20 68 36 131 13 312
internal_value=-0.00060512 -0.0212392 -0.013799 -0.000162923 0.0308482 0.0710531 -0.0161392 -0.0122219 -0.0136498 -0.000643594 0.0312154 0.0171457 0.0800867 -0.00622573 0.0125736 0.0799452 0.105439 0.159887 0.0122016 -0.0183821 -0.0112591 0.065509 -0.0145014 -0.0268321 0.0583752 0.22984 0.577095 -0.0173207 0.0502647 0.0223602
internal_weight=2457.94 957.994 525.604 76.9908 17.0315 10.0037 448.613 313.231 308.453 82.2899 12.2687 11.7346 3.5058 70.0212 1499.94 4.77859 3.90221 2.55884 1478.14 226.163 122.717 4.97284 117.744 103.445 3.25999 1.13874 0.491255 113.687 4.76784 4.467
internal_count=130596 120604 46602 5678 1496 471 40924 28212 28052 2753 468 450 129 2285 9992 160 68 45 9901 25299 13281 361 12920 12018 317 124 56 12723 456 443
cat_boundaries=0 1
cat_threshold=4
is_linear=0
shrinkage=0.05


Tree=81
num_leaves=31
num_cat=1
split_feature=3 4 0 3 0 2 5 4 2 1 2 2 2 2 2 3 4 2 1 4 2 3 1 3 2 2 2 4 3 2
split_gain=638.623 55.1331 22.1452 18.2875 17.9284 15.9268 15.7404 20.6845 16.4333 13.6352 11.6891 15.1813 13.9211 19.0682 14.9613 13.357 12.0414 16.03 12.6391 17.6052 11.3313 14.8078 12.836 18.215 15.2453 13.4442 13.061 12.4272 12.425 12.1587
threshold=-8.9815075964536124 66.037702375559618 3.2160878414351859 -8.0343750354346799 0.34354118634259267 1446.5000000000002 0 15.302744961548294 15222.500000000002 31075.500000000004 15489.500000000002 15062.500000000002 14974.500000000002 14965.500000000002 14985.500000000002 -5.3190305174488666 1.4712513167492045 2956.5000000000005 43048.500000000007 379.36499028728804 14847.500000000002 -4.4224507614001194 7054.5000000000009 -7.9467294757955615 2120.5000000000005 14757.500000000002 14738.500000000002 45.771623721351233 -4.269622801651094 507.50000000000006
decision_type=2 2 2 2 2 2 1 2 2 2 2 2 2 2 2 2 2 2 2 2 2 2 2 2 2 2 2 2 2 2
left_child=1 6 3 5 -5 -2 -1 -8 9 -9 11 12 13 16 -14 -16 17 -4 19 20 22 -22 24 -24 -18 26 29 28 -26 -25
right_child=2 -3 10 4 -6 -7 7 8 -10 -11 -12 -13 14 -15 15 -17 18 -19 -20 -21 21 -23 23 25 27 -27 -28 -29 -30 -31
leaf_value=0.030858172431413367 -0.065346365221225722 0.030965946269575374 0.022439782039473225 -0.037464046110117465 -0.011454607921019232 0.016012563596150713 0.003801570555990091 0.021892385121553875 -0.033983418414157474 -0.0064787113788195155 -0.036463730033964935 0.016228797868887122 -0.0560331788762417 0.037496552959324553 -0.020350963777983382 0.045702184546995539 -0.018607499689942755 -0.02667358158153631 -0.01605208316104954 0.026858841256693418 -0.010932484064016684 -0.057311289416384907 0.0094284325503839368 0.028679708004330309 -0.0014459537503653411 0.018075065118440509 -0.056554235972697098 0.015809081602445027 0.02245956511247689 -0.0077793753939882845
leaf_weight=147.80475367233157 6.4666367545723906 1172.0722971521318 19.347146198153496 68.854820683598518 1754.7355869933963 86.186317082494497 361.97458154335618 596.3127222135663 14.48129050247371 45.587279561907053 29.499075073748827 83.664062689989805 26.608455710113049 26.396820519119501 59.148171357810497 8.7910710126161558 109.7006581351161 117.60792161524296 234.07243853807449 45.332415625452995 294.98422143235803 18.276766672730446 177.56710536777973 23.091990172863007 1507.4804611578584 51.667486988008022 13.605427235364912 124.83821732923388 56.388362400233746 2350.2573169022799
leaf_count=6070 51 59718 62 287 5599 1449 9154 22401 230 1410 92 416 94 115 229 36 458 363 860 211 1204 52 2786 81 7215 205 40 775 470 8463
internal_value=0.000568588 0.0233076 -0.00672028 -0.0113357 -0.0124367 0.0103342 0.0156105 0.0133974 0.0186892 0.0198775 -0.00507586 -0.00490275 -0.00523854 -0.00489088 -0.0242513 -0.0118039 -0.00510838 -0.0197355 -0.00470831 -0.00415202 -0.00444937 -0.0136384 -0.00379731 -0.00603268 -0.000545464 -0.00715847 -0.00770467 0.00062787 -0.000583993 -0.00742464
internal_weight=9632.8 2338.23 7294.57 1916.24 1823.59 92.653 1166.16 1018.36 656.381 641.9 5378.33 5348.83 5265.16 5170.61 94.5477 67.9392 5144.22 136.955 5007.26 4773.19 4727.86 313.261 4414.6 2616.19 1798.41 2438.62 2386.95 1688.71 1563.87 2373.35
internal_count=130596 98983 31613 7386 5886 1500 39265 33195 24041 23811 24227 24135 23719 23360 359 265 23245 425 22820 21960 21749 1256 20493 11575 8918 8789 8584 8460 7685 8544
cat_boundaries=0 1
cat_threshold=1
is_linear=0
shrinkage=0.05


Tree=82
num_leaves=31
num_cat=0
split_feature=3 3 4 3 0 2 1 0 2 2 2 3 2 2 4 2 3 1 2 2 2 4 4 2 3 2 1 2 2 1
split_gain=474.742 80.2882 31.6729 27.0768 19.5607 16.5816 14.9649 12.595 12.0897 11.4289 16.5585 17.143 12.6873 12.2212 11.3767 15.1442 11.4663 12.8104 12.9775 18.1593 20.0534 11.2569 10.9732 17.8683 16.9987 13.8711 13.1974 15.9313 33.1341 18.9167
threshold=-10.220908802160311 -5.8184423202478817 65.053736679763801 -7.9937480013767246 0.36804103587962966 1446.5000000000002 3147.5000000000005 4.8382148495370378 15489.500000000002 14908.500000000002 14957.500000000002 -4.0029633089292487 3961.5000000000005 15489.500000000002 2.5892505814121369 507.50000000000006 -6.3638131163992062 27497.000000000004 14548.500000000002 14456.500000000002 14409.500000000002 5.2945593001747611 78.683415288925019 14144.500000000002 -6.9505881823674214 14088.500000000002 14004.500000000002 7106.0000000000009 7413.5000000000009 1158.5000000000002
decision_type=2 2 2 2 2 2 2 2 2 2 2 2 2 2 2 2 2 2 2 2 2 2 2 2 2 2 2 2 2 2
left_child=2 3 -1 5 -5 6 21 14 -7 12 11 -11 -3 -12 15 -6 17 18 19 20 22 -2 23 26 25 -24 27 29 -29 -16
right_child=1 9 -4 4 7 8 -8 -9 -10 10 13 -13 -14 -15 16 -17 -18 -19 -20 -21 -22 -23 24 -25 -26 -27 -28 28 -30 -31
leaf_value=-0.016874932419724105 0.038306704846899797 0.0025449459659932852 -0.030671619570930449 0.037724544726225065 -0.045826987746065737 -0.0055798251971011827 -0.00092079074300386037 0.006038411200310948 0.17088148997676014 0.023799962486095987 -0.021761864425650257 0.14106833675701222 -0.01647701210595363 0.0576325913031887 0.031644002223255266 0.02998080306915887 0.0030581614475321921 0.020395340868557585 0.019066064491395023 -0.043908356856446146 0.055606156391485875 0.14623391269035532 0.0027993485458094177 -0.02898351103786961 -0.0202098763636092 0.051761145542600029 0.020778365429445601 0.079598753743674908 0.010790831241677712 -0.0065055224354476048
leaf_weight=788.33150508254766 5.5543290339410323 107.55531211942434 880.7228184491396 58.593098200857639 6.9753641188144675 469.09627977386117 10.334793431684373 2369.0948797091842 0.97264786437153716 22.076865222305063 35.284797210246325 3.6287248171865931 473.88732523843646 5.618849664926528 37.3837730884552 118.66301900148392 441.94300556927919 367.13426297903061 320.04353673011065 16.7447245195508 22.201342508196831 4.2759373523294926 152.26360777020454 28.557391844689846 82.915027871727943 15.984116241335867 260.55109810829163 18.269404068589211 413.26740961521864 248.44011998176575
leaf_count=35179 32 906 57584 231 25 12110 257 9261 23 128 330 26 5640 17 118 352 1812 1055 1095 73 76 29 535 126 296 54 811 58 1489 868
internal_value=-0.000519005 0.00592991 -0.0241551 0.00790167 0.00900559 -0.00331011 0.0410878 0.0086636 -0.0052147 -0.0107109 0.00890706 0.0403541 -0.0129583 -0.0108556 0.0111013 0.025772 0.0103414 0.011964 0.0100492 0.0078235 0.00850034 0.0852525 0.00766877 0.0100019 -0.00168061 0.00745089 0.0111404 0.00763976 0.0137039 -0.00151583
internal_weight=7786.37 6117.31 1669.05 5469.26 4979.03 490.234 20.1651 4920.43 470.069 648.052 66.6092 25.7056 581.443 40.9036 2551.34 125.638 2425.7 1983.76 1616.62 1296.58 1279.83 9.83027 1257.63 1006.47 251.163 168.248 977.912 717.361 431.537 285.824
internal_count=130596 37833 92763 30786 18335 12451 318 18104 12133 7047 501 154 6546 347 8843 377 8466 6654 5599 4504 4431 61 4355 3470 885 589 3344 2533 1547 986
is_linear=0
shrinkage=0.05


Tree=83
num_leaves=31
num_cat=3
split_feature=3 4 5 2 2 1 4 3 0 2 2 5 2 4 4 2 1 4 2 5 3 4 2 3 0 4 1 3 2 2
split_gain=244.87 25.4125 6.56774 7.00432 12.7973 6.77763 15.7543 7.93709 5.38357 5.78935 5.41057 8.95779 6.94893 5.59523 10.0119 8.37167 15.8968 5.14687 9.00557 8.50598 11.7218 8.20598 6.78984 6.07052 11.2634 17.2146 10.2016 11.4684 12.3368 10.8859
threshold=-6.225957734494636 50.667246900856171 0 6305.5000000000009 6381.5000000000009 718.50000000000011 3.5327068242902757 -6.7546107463641922 0.67034533564814824 977.50000000000011 1976.5000000000002 1 2390.5000000000005 13.194700301946066 30.168295320861784 1669.5000000000002 5964.5000000000009 2.095937416300369 14965.500000000002 2 -6.00910642487516 1.4712513167492045 6381.5000000000009 -5.9689959068912115 3.8767472627314823 15.302744961548294 2975.5000000000005 -5.4359260371889944 10965.500000000002 10115.500000000002
decision_type=2 2 1 2 2 2 2 2 2 2 2 1 2 2 2 2 2 2 2 1 2 2 2 2 2 2 2 2 2 2
left_child=1 2 -1 5 -5 6 7 -4 -2 -10 11 13 -12 15 -15 16 -11 18 19 20 -14 -20 -21 24 25 -19 27 -25 29 -29
right_child=8 -3 3 4 -6 -7 -8 -9 9 10 12 -13 17 14 -16 -17 -18 23 21 22 -22 -23 -24 26 -26 -27 -28 28 -30 -31
leaf_value=-0.033512208579388927 0.027825440759404681 -0.030108305000972266 0.0030031897749496694 0.069468380409343528 -0.009263009489488926 -0.024549940278819227 -0.03371755984003099 0.15499957560566768 -0.029123328818282702 -0.016382829211597297 -0.021812605535448101 -0.017394130812987584 0.11332345239939796 -0.037999161636576545 0.076444349567776293 0.080636487711345697 0.098179486688569531 0.054536006553873952 -0.03826554658100801 -0.017149817615727744 0.032453814905491499 0.035938066113662015 0.02133083893949015 -0.004416404629964908 -0.011606574712051846 -0.0089242954931890925 0.015512949585328242 0.005403644161207549 0.01727004139092202 -0.038474676307343324
leaf_weight=37.771741922479123 50.665281962603331 410.93733768351376 1.3518846910446884 5.2414158172905436 337.85229535261169 125.5772846499458 5.5152856167405844 2.3551978990435583 8.8270533820614201 8.6066203489899653 15.989095337688921 8.3464017733931524 4.9201802425086489 5.1643201112747175 3.0336930677294731 12.760563317686318 4.6717438474297515 19.7722840718925 11.353857498615982 14.421296931803225 50.183853186666965 5.5456239357590666 55.890783496201038 172.23521331697702 78.305362097918987 23.255469428375363 653.93785324692726 52.465194035321474 234.26823875494301 19.348056323826313
leaf_count=6113 196 74002 52 162 28368 11402 474 31 198 61 164 54 39 38 21 43 16 187 49 84 166 24 258 989 1237 344 3810 463 1442 109
internal_value=-0.000588362 -0.0208327 -0.0134409 -0.0118545 -0.00806024 -0.0215116 0.0198596 0.0995701 0.0118019 0.0112471 0.0114921 0.0290519 0.0109625 0.0403746 0.00435092 0.0517162 0.0239238 0.0113379 0.0203487 0.0249657 0.0396746 -0.0139154 0.0134383 0.0103149 -0.000313965 0.0202372 0.0114539 0.00590457 0.0117123 -0.00641813
internal_weight=2440.57 926.602 515.665 477.893 343.094 134.8 9.22237 3.70708 1513.97 1463.3 1454.48 42.5833 1411.89 34.2369 8.19801 26.0389 13.2784 1395.9 142.316 125.416 55.104 16.8995 70.3121 1253.59 121.333 43.0278 1132.25 478.317 306.081 71.8133
internal_count=130596 120604 46602 40489 28530 11959 557 83 9992 9796 9598 233 9365 179 59 120 77 9201 620 547 205 73 342 8581 1768 531 6813 3003 2014 572
cat_boundaries=0 1 2 3
cat_threshold=1 4 8
is_linear=0
shrinkage=0.05


Tree=84
num_leaves=31
num_cat=2
split_feature=3 4 0 3 0 5 4 2 2 4 1 5 2 1 2 2 2 2 2 3 4 2 1 4 0 2 3 1 3 2
split_gain=578.955 55.3878 20.0747 16.4441 17.0816 15.7291 20.21 14.8297 13.7442 11.1699 13.3291 12.7816 11.0688 19.6656 10.5617 14.1008 12.873 17.8585 13.731 12.5478 10.8123 14.6615 11.619 16.6519 10.27 10.2455 13.3542 11.7333 16.2209 13.8696
threshold=-8.9815075964536124 66.037702375559618 3.2160878414351859 -8.0343750354346799 0.34354118634259267 0 20.882092430422869 15222.500000000002 1446.5000000000002 21.90298407537491 2117.5000000000005 1 4645.5000000000009 28341.500000000004 15489.500000000002 15062.500000000002 14974.500000000002 14965.500000000002 14985.500000000002 -5.3190305174488666 1.4712513167492045 2956.5000000000005 43048.500000000007 379.36499028728804 4.3545591261574081 14847.500000000002 -4.4224507614001194 7054.5000000000009 -7.9467294757955615 2120.5000000000005
decision_type=2 2 2 2 2 1 2 2 2 2 2 1 2 2 2 2 2 2 2 2 2 2 2 2 2 2 2 2 2 2
left_child=1 5 3 8 -5 -1 -7 -8 -2 11 -11 -6 13 -12 15 16 17 20 -18 -20 21 -4 23 25 -3 27 -27 29 -29 -22
right_child=2 24 14 4 9 6 7 -9 -10 10 12 -13 -14 -15 -16 -17 18 -19 19 -21 22 -23 -24 -25 -26 26 -28 28 -30 -31
leaf_value=0.030676087323000562 -0.058100259138862159 0.033135863947018493 0.021974582775534185 -0.036673445687478726 0.019921645541056951 0.0052477851606765047 0.020844036815765861 -0.035164718520612828 0.015563282824688588 0.013821838715731526 0.017760757562774013 -0.016182472183305679 -0.010899131746327128 -0.031804203600143098 -0.034452269815928437 0.015903097133042648 -0.053372174687650709 0.036875945380659171 -0.019330152958023414 0.04527974762295256 -0.017529201509360489 -0.02516827046721247 -0.015221228862307274 0.026490653894904417 0.020952795612136293 -0.010258799456972778 -0.054135348843758105 0.0090702192961262199 -0.0066747653384578113 0.00073993792295592423
leaf_weight=140.68184281140566 6.8453623913228503 890.16515521891415 19.170314401388168 66.006376497447491 25.300992369651794 467.10227053053677 511.93535393476486 12.097751373425124 84.464470997452736 70.667131140828133 84.480988852679729 788.01445090770721 762.70601515471935 26.224492996931076 29.675976015627384 83.035263031721115 26.873487155884504 25.91253911331296 59.401366759091616 8.6030007079243642 110.69510956481099 118.06864033639431 234.65379812568426 44.87036357074976 214.70324432477355 296.74488282203674 18.418073162436485 175.27949518710375 2450.849280692637 1689.6353565976024
leaf_count=6070 51 48265 62 287 98 12941 20067 187 1449 251 276 2498 2401 75 92 416 94 115 229 36 458 363 860 211 11453 1204 52 2786 8789 8460
internal_value=0.000546193 0.0228048 -0.00626759 -0.0106656 -0.0117025 0.0150309 0.0128102 0.019551 0.0100408 -0.0107646 -0.00706476 -0.0150593 -0.00875468 0.00601955 -0.00470582 -0.00454119 -0.00486276 -0.00452874 -0.0231138 -0.0111566 -0.00473674 -0.0185831 -0.00435828 -0.00382574 0.0307684 -0.00411262 -0.0128229 -0.00349245 -0.00562388 -0.000383358
internal_weight=9543.28 2236.69 7306.6 1914.71 1823.4 1131.82 991.135 524.033 91.3098 1757.39 944.079 813.315 873.411 110.705 5391.89 5362.21 5279.18 5184.3 94.8779 68.0044 5158.39 137.239 5021.15 4786.49 1104.87 4741.62 315.163 4426.46 2626.13 1800.33
internal_count=130596 98983 31613 7386 5886 39265 33195 20254 1500 5599 3003 2596 2752 351 24227 24135 23719 23360 359 265 23245 425 22820 21960 59718 21749 1256 20493 11575 8918
cat_boundaries=0 1 2
cat_threshold=1 1
is_linear=0
shrinkage=0.05


Tree=85
num_leaves=31
num_cat=1
split_feature=3 3 4 3 0 2 1 0 1 4 3 2 2 2 2 2 2 1 4 3 0 0 5 1 0 2 3 2 4 3
split_gain=431.413 74.0248 31.874 22.9215 18.4152 14.397 12.3692 11.6555 12.4968 12.1234 16.2594 13.0572 10.9552 21.2714 11.5428 10.9547 13.3443 11.4204 12.6117 10.8217 10.8214 10.6741 11.935 14.3315 10.9583 12.4542 12.0758 16.9965 9.96066 22.5134
threshold=-10.220908802160311 -5.8184423202478817 65.053736679763801 -7.9937480013767246 0.36804103587962966 1446.5000000000002 3147.5000000000005 6.1693096354166679 40864.500000000007 2.5892505814121369 -6.0867691321245561 507.50000000000006 14974.500000000002 14985.500000000002 14965.500000000002 14821.500000000002 3961.5000000000005 1976.5000000000002 3.0725797804206416 -5.5700056233421522 4.3545591261574081 3.7402859027777784 0 27253.500000000004 6.5453951678240765 14821.500000000002 -14.823185543372469 9772.5000000000018 11.26096667277489 -19.812620512908079
decision_type=2 2 2 2 2 2 2 2 2 2 2 2 2 2 2 2 2 2 2 2 2 2 1 2 2 2 2 2 2 2
left_child=2 3 21 5 -5 6 -2 8 9 10 11 -6 14 -14 -11 16 -3 18 -17 -20 -4 -1 -23 28 -25 26 27 -26 29 -24
right_child=1 15 20 4 7 -7 -8 -9 -10 12 -12 -13 13 -15 -16 17 -18 -19 19 -21 -22 22 23 24 25 -27 -28 -29 -30 -31
leaf_value=-0.022178363203069609 0.075812966718590002 0.0022374553046454757 -0.033144065457945224 0.036836217907245526 -0.039970993495019889 -0.0047983251650612103 -0.0011021260464124311 0.003101485269992028 0.02042689368514139 0.007517943832544928 -0.013588779570102747 0.029092594076563089 0.066258282283724504 0.012987426629628818 -0.041272054117766084 -0.018865923073176149 -0.01742507375527921 -0.024537742299977999 0.051715726943613899 0.0079810515171015433 -0.01829050953782569 -0.032778068921071615 0.086815052219524069 0.011130403661635506 0.33118183179962024 0.30508784759536772 -0.0001988666852581894 0.019525023574667594 -0.016579739809200463 -0.0042305652153937145
leaf_weight=384.44386284612119 10.525493443012239 108.15006122365594 679.68907574936748 56.375138349831104 7.1356805115938178 463.69630562327802 10.383750874549149 944.47939144819975 236.45685873180628 3407.7582368329167 29.990900918841362 167.2542439699173 22.49307382106781 112.29183934628963 12.165708839893339 22.123103972524405 426.88661320880055 26.383709438145161 23.505729749798775 35.515221048146486 149.61155793722719 51.317473493516445 7.4544432032853356 33.297521943226457 0.82163840718567349 0.58986868895590294 2.9620478339493266 0.93562399782240391 205.72118939273059 76.164091680198908
leaf_count=18301 61 906 47307 231 24 12133 257 3695 674 12607 128 463 67 386 60 204 5281 300 83 273 10277 2828 296 1355 32 22 113 38 9773 2421
internal_value=-0.000498105 0.0055318 -0.0236772 0.00741408 0.00842108 -0.00296827 0.0376161 0.00809681 0.00927762 0.0085763 0.0204183 0.0262667 0.00789543 0.0218773 0.00734438 -0.0105239 -0.0134506 0.00403891 0.0133305 0.0253989 -0.0304644 -0.0163072 -0.0103558 -0.00684714 0.0217674 0.0884793 0.0614053 0.165246 -0.0106652 0.00388599
internal_weight=7716.58 6123.57 1593.01 5481.01 4996.4 484.606 20.9092 4940.03 3995.55 3759.09 204.381 174.39 3554.71 134.785 3419.92 642.564 535.037 107.528 81.1441 59.021 829.301 763.708 379.264 327.946 38.6067 5.30918 4.71931 1.75726 289.34 83.6185
internal_count=130596 37833 92763 30786 18335 12451 318 18104 14409 13735 615 487 13120 453 12667 7047 6187 860 560 356 57584 35179 16878 14050 1560 205 183 70 12490 2717
cat_boundaries=0 1
cat_threshold=1
is_linear=0
shrinkage=0.05


Tree=86
num_leaves=31
num_cat=3
split_feature=3 4 5 2 2 1 4 3 0 4 2 2 2 5 5 4 3 0 1 0 2 2 1 2 2 2 3 2 2 1
split_gain=224.11 25.1318 6.41882 6.87757 11.4095 6.47606 13.617 5.90173 5.1782 5.07483 17.5062 5.43462 30.5805 16.3053 10.2059 13.3985 9.03943 8.61899 8.401 8.00419 6.28574 31.9312 19.0424 11.8477 11.4603 21.7862 108.689 8.10674 24.3637 100.04
threshold=-6.225957734494636 50.667246900856171 0 6305.5000000000009 6381.5000000000009 718.50000000000011 3.5327068242902757 -6.7546107463641922 0.34354118634259267 0.0004979401466143501 7480.0000000000009 14163.500000000002 14184.000000000002 1 2 8.8502927588511309 -6.3304506924356714 5.2408985648148159 31075.500000000004 5.5918197974537041 14608.500000000002 14654.500000000002 4835.5000000000009 14644.500000000002 14838.500000000002 14847.500000000002 -7.0708621800701374 14908.500000000002 14916.500000000002 3147.5000000000005
decision_type=2 2 1 2 2 2 2 2 2 2 2 2 2 1 1 2 2 2 2 2 2 2 2 2 2 2 2 2 2 2
left_child=1 2 -1 5 -5 6 7 -4 -2 10 -6 16 13 -13 15 -14 18 -15 -11 -18 -17 22 23 -22 -23 26 -26 -27 29 -29
right_child=8 -3 3 4 9 -7 -8 -9 -10 11 -12 12 14 17 -16 20 19 -19 -20 -21 21 24 -24 -25 25 27 -28 28 -30 -31
leaf_value=-0.033504603346097429 0.03594314501566593 -0.029927101870559792 0.0029473850244738568 0.063307737622469412 0.12361043655463673 -0.02427739312878463 -0.033704850408647832 0.13096752416189392 0.010756235799643386 -0.020781776297419546 -0.024478367306964004 -0.033962476407769317 -0.031329863505523858 0.14348565543386141 -0.022851477793186501 -0.01191545333115617 -0.005170545813074 0.36774956755442062 0.017572814118002451 0.092164462517791368 -0.033736122149714186 -0.033622259374448911 0.36717584054457525 0.13796888318851994 -0.033515598492116723 -0.033683707004175653 1.3745246311863706 -0.033623713751768015 0.021720264010075777 1.1135079641481969
leaf_weight=35.634656256996095 20.68715975433588 390.771055563353 1.3539124112576244 5.5599003597162655 3.1191766085103136 122.04594682576135 5.3155855257064104 2.6867082193493825 1504.2707252763212 169.97266360139474 5.5405496670864522 0.66860092245042324 18.299239844083786 0.84525618050247364 50.349880132824183 13.80857043340802 5.1901295594871026 0.86877703107893467 15.586139315273611 3.5614604968577623 1.3032338432967652 11.016947286203502 0.74677895056083787 4.3847492444328964 0.60153039591386914 5.7341097216121879 0.17749676853418606 0.69555813493207352 20.458856668323278 0.26151680387556553
leaf_count=6113 91 74002 52 162 62 11402 474 31 9901 15343 740 32 1291 41 4168 1426 170 20 1259 102 102 1202 26 58 80 582 7 69 1560 28
internal_value=-0.000565269 -0.0204032 -0.013045 -0.0114943 -0.0077279 -0.021204 0.018886 0.0880711 0.0110979 -0.00891325 0.0288622 -0.00992125 -0.00201749 0.175464 -0.00532537 0.00606259 -0.0152181 0.257156 -0.0175602 0.0344399 0.017623 0.026611 0.129794 0.0986277 0.00956293 0.0265978 0.287298 0.0191174 0.0332549 0.279825
internal_weight=2421.52 896.559 505.788 470.153 338.751 131.402 9.35621 4.04062 1524.96 333.191 8.65973 324.531 130.221 2.38263 127.838 77.4886 194.31 1.71403 185.559 8.75159 59.1893 45.3808 6.43476 5.68798 38.946 27.9291 0.779027 27.15 21.4159 0.957075
internal_count=130596 120604 46602 40489 28530 11959 557 83 9992 28368 802 27566 10692 93 10599 6431 16874 61 16602 272 5140 3714 186 160 3528 2326 87 2239 1657 97
cat_boundaries=0 1 2 3
cat_threshold=1 8 4
is_linear=0
shrinkage=0.05


Tree=87
num_leaves=31
num_cat=2
split_feature=3 4 0 5 4 2 5 4 1 2 2 3 0 1 1 2 2 2 2 2 2 2 2 2 1 1 3 3 2 3
split_gain=525.035 55.3982 19.023 15.4511 19.3816 13.948 13.2124 12.121 12.383 14.4945 24.1676 11.3958 10.592 10.4584 16.1327 17.115 17.2772 13.6306 12.4307 23.1569 13.1569 14.2199 15.3644 20.117 13.313 11.594 10.105 18.7961 9.78734 9.58149
threshold=-8.9815075964536124 66.037702375559618 1.4149594560185188 0 20.882092430422869 15222.500000000002 1 18.255617303829769 8181.5000000000009 14738.500000000002 14144.500000000002 -7.4074901662812271 4.3545591261574081 5538.5000000000009 1044.5000000000002 4397.5000000000009 14930.500000000002 14838.500000000002 13245.500000000002 14908.500000000002 977.50000000000011 1446.5000000000002 1669.5000000000002 2120.5000000000005 12018.500000000002 464.50000000000006 -7.3176292598274157 -7.7438838700358366 13245.500000000002 -29.999782961260337
decision_type=2 2 2 1 2 2 1 2 2 2 2 2 2 2 2 2 2 2 2 2 2 2 2 2 2 2 2 2 2 2
left_child=1 3 -2 -1 -5 -6 7 13 9 10 26 -11 -3 14 25 -16 17 -17 20 -20 -15 -22 -23 -24 -25 -4 27 28 -9 -7
right_child=2 12 6 4 5 29 -8 8 -10 11 -12 -13 -14 18 15 16 -18 -19 19 -21 21 22 23 24 -26 -27 -28 -29 -30 -31
leaf_value=0.030459106508519865 -0.015060721151957241 0.033069053404832592 -0.0045135221358289738 0.0048568551740800284 0.020345718962450198 -0.077117917579838213 -0.003049493237197894 0.030156739588222681 -0.0072860329522952787 0.023226010891236631 0.028900575583206068 -0.020535168480393849 0.020420256986552345 0.016140569906262656 0.017844982043106878 -0.0068778422964777645 0.032363253793323971 -0.045287417967770804 0.020519871189986515 -0.033134292375955658 -0.061089923663229531 0.021008567517944034 -0.079424902426037503 -0.010613860396047848 -0.034641119301994115 -0.023266100367600216 0.0043319142113497138 -0.044952072915736885 -0.035839781908165926 0.010733936386288626
leaf_weight=132.91661563329399 520.12223809212446 835.49810007214546 131.19846342504025 460.68892241641879 493.89514858089387 6.2245866861194372 3579.9990135170519 19.723839569836858 1505.2578356750309 17.615117125213146 92.115525454282761 95.696666613221169 206.39407708868384 20.479750085622072 87.067696247249842 341.57763235270977 26.457275547087193 24.773257724940777 50.304119255393744 33.503987856209278 25.368345253169537 19.335985854268074 16.037865962833166 126.9250872656703 105.62996831536293 221.70813477039337 218.1439433246851 32.028069317340851 7.855018649250268 6.1900653485208732
leaf_count=6070 1964 48265 419 12941 20067 88 17577 166 5865 114 487 321 11453 64 331 1226 86 79 181 103 71 60 51 434 343 720 786 107 58 99
internal_value=0.000527326 0.0223012 -0.00584457 0.0144748 0.0122777 0.01903 -0.00513951 -0.00746406 -0.00505053 0.00191381 0.00670709 -0.0137322 0.0305634 -0.0113647 -0.00817947 -0.00221155 -0.00665717 -0.00947516 -0.0180363 -0.000929467 -0.0226055 -0.025311 -0.0219233 -0.0252626 -0.0215274 -0.0162945 -0.000653329 -0.0188979 0.0113596 -0.0333141
internal_weight=9460.73 2141.81 7318.92 1099.92 966.999 506.31 6798.8 3218.8 1988.44 483.178 369.866 113.312 1041.89 1230.37 832.782 479.876 392.808 366.351 397.585 83.8081 313.777 293.297 267.929 248.593 232.555 352.907 277.751 59.6069 27.5789 12.4147
internal_count=130596 98983 31613 39265 33195 20254 29649 12072 7904 2039 1604 435 59718 4168 2861 1722 1391 1305 1307 284 1023 959 888 828 777 1139 1117 331 224 187
cat_boundaries=0 1 2
cat_threshold=1 8
is_linear=0
shrinkage=0.05


Tree=88
num_leaves=31
num_cat=3
split_feature=3 3 3 4 0 1 2 2 0 2 2 5 2 4 2 2 5 0 5 1 1 4 1 2 2 1 3 2 2 2
split_gain=392.077 66.3509 28.2275 27.2953 17.3427 16.3797 14.5395 15.595 34.6172 20.3435 12.5571 11.6925 14.2321 17.6702 10.917 23.8382 50.8089 10.7895 10.785 18.1849 10.7271 13.5085 20.0552 14.4363 29.4541 15.6983 14.5023 14.2945 11.577 11.4404
threshold=-11.204189497575584 -5.8184423202478817 -7.9937480013767246 66.037702375559618 0.36804103587962966 1496.5000000000002 9472.0000000000018 5975.0000000000009 5.1279351157407413 6986.0000000000009 1446.5000000000002 0 12263.000000000002 4.2649771925406528 15092.500000000002 15132.500000000002 1 3.7402859027777784 2 26696.500000000004 301.50000000000006 8.8502927588511309 4735.5000000000009 507.50000000000006 1446.5000000000002 1976.5000000000002 -6.0867691321245561 14562.500000000002 14654.500000000002 3874.0000000000005
decision_type=2 2 2 2 2 2 2 2 2 2 2 1 2 2 2 2 1 2 1 2 2 2 2 2 2 2 2 2 2 2
left_child=3 2 5 17 -4 6 7 10 -9 -10 -2 -8 -13 -14 -7 16 -16 -1 -19 -20 -6 23 29 25 -25 -22 27 -26 -29 -23
right_child=1 -3 4 -5 20 14 11 8 9 -11 -12 12 13 -15 15 -17 -18 18 19 -21 21 22 -24 24 26 -27 -28 28 -30 -31
leaf_value=-0.022926803043510125 0.063011541778250343 -0.01035279095392691 0.036013454030528441 -0.030709294981159652 -0.010292740190357308 -0.0088760651921318077 -0.014790075538030452 0.029770218983282023 0.4028051901929291 0.10588423887413861 -0.010938314650946307 -0.03558523444286122 0.15811402841366931 0.026698837714704316 0.48906223073756511 0.00072856844823282821 -0.034464208443417028 -0.032633943625472721 -0.011511125068030224 0.026374787166276743 0.032493099266133231 -0.032455509406696413 0.0081423782638177303 0.044672899570305492 0.0096682232850025026 -0.041668470045151701 -0.0083252670333480525 0.058711763074078195 0.020585312962708848 -6.5016633167753731e-05
leaf_weight=349.26523622777313 10.715557038784032 637.20886969193816 54.198420606553555 750.82858546636999 82.594879098236561 459.23775330558419 44.543408043682575 4.6273930966854087 1.2551220785826447 1.067544152960181 12.364560358226298 8.0557661578059179 2.8346985802054432 26.199304215610027 0.85978526901453733 5.6538383988663554 1.0053802486509074 46.10306316614151 240.06561909429729 36.487481152638793 10.230324551463125 28.505182012915611 3172.2952824160457 72.5451620221138 632.32788190990686 23.58917324244976 83.175527989864349 22.040669605135918 206.02178427577019 624.70755171775818
leaf_count=17782 59 7047 231 55542 294 14447 976 82 18 23 228 139 32 352 38 169 32 2740 11058 1497 35 125 11470 218 2116 82 426 65 612 2661
internal_value=-0.00047614 0.00493392 0.00667627 -0.0241578 0.00788319 -0.00378223 0.0134203 0.0431673 0.108828 0.266334 0.0233949 0.0024773 0.0232148 0.0395294 -0.00789762 0.051863 0.206866 -0.016837 -0.010245 -0.00651259 0.00757569 0.0078784 0.0064996 0.0129022 0.0139718 -0.0192348 0.0116114 0.0135387 0.02427 -0.00147849
internal_weight=7650.61 6227.86 5590.65 1422.75 5012.23 578.42 111.663 30.0302 6.95006 2.32267 23.0801 81.6332 37.0898 29.034 466.757 7.519 1.86517 671.921 322.656 276.553 4958.03 4875.44 3825.51 1049.93 1016.11 33.8195 943.566 860.39 228.062 653.213
internal_count=130596 41977 34930 88619 18335 16595 1909 410 123 41 287 1499 523 384 14686 239 70 33077 15295 12555 18104 17810 14256 3554 3437 117 3219 2793 677 2786
cat_boundaries=0 1 2 3
cat_threshold=4 8 1
is_linear=0
shrinkage=0.05


Tree=89
num_leaves=31
num_cat=1
split_feature=3 4 1 3 2 1 4 2 2 3 3 4 2 2 0 5 4 2 2 4 2 4 2 1 1 0 3 4 0 3
split_gain=205.267 24.6933 6.29117 7.99822 13.1659 8.08785 6.35549 6.04357 12.0121 6.70598 5.26654 13.8576 6.72999 54.7453 5.34978 5.26286 10.2004 12.2505 8.82543 13.6519 20.3783 12.5609 8.31468 9.68193 8.48651 12.6042 7.37803 16.4397 20.7162 5.04772
threshold=-6.225957734494636 50.667246900856171 902.50000000000011 -25.279965131512572 14644.500000000002 464.50000000000006 22.923179279297461 6305.5000000000009 6381.5000000000009 -6.9790176063682514 -6.8493970753394056 48.930453066785624 10884.500000000002 10822.000000000002 5.5330776273148166 0 0.0004979401466143501 7480.0000000000009 6897.5000000000009 17.395043626706709 6598.5000000000009 8.8502927588511309 15092.500000000002 1158.5000000000002 41393.500000000007 6.8507093229166687 -19.812620512908079 29.544484493462786 4.5250034953703722 -6.6906892972757257
decision_type=2 2 2 2 2 2 2 2 2 2 2 2 2 2 2 1 2 2 2 2 2 2 2 2 2 2 2 2 2 2
left_child=1 2 3 4 -1 -6 -7 -4 -9 15 11 12 13 -11 -12 16 17 -10 19 20 -17 -22 24 -24 -18 26 27 28 -26 -16
right_child=-2 -3 7 -5 5 6 -8 8 9 10 14 -13 -14 -15 29 18 22 -19 -20 -21 21 -23 23 -25 25 -27 -28 -29 -30 -31
leaf_value=-0.025586602500846101 0.01041763262481625 -0.029738510212923591 -0.024364338609484573 -0.0081002649731339565 -0.033910734026609678 0.10096683056668554 -0.033504120699026765 0.060659994025682465 0.11966518628664619 -0.01787073497183898 -0.018368533261165595 0.24170800042729762 -0.0093575145611645202 0.47611930508123995 -0.027085472617460651 -0.033633324136046167 -0.020105990323099066 -0.033494500367938516 -0.029159003840679196 -0.013365770934351012 0.23436027071173415 0.72800536734236909 0.33165630778305139 0.028067523628981239 -0.033558452806774851 0.29942513660137338 -0.018231773139692778 -0.033552560778636283 0.58836512059120993 0.020764431279117819
leaf_weight=6.3304581516422358 1537.2324699880555 371.73660435411148 123.51069753710181 57.808992214966565 1.6949232132174064 7.6566717224195582 0.99259342439472664 5.7021940788254133 3.1849244041368356 3.1058125635609009 38.268738904967904 0.72342249192297536 8.1189975924789888 0.6844547502696513 7.1857259757816818 0.49495662236586146 100.11876997770742 2.2125732870772481 90.43109545763582 2.4501751116476953 0.37296039238572121 0.19689301354810596 0.27378342812880774 6.4417322762310505 0.2294280109927056 0.44927680864930142 3.246948971413075 0.7191375195980072 0.32157737948000431 23.656030517071486
leaf_count=1025 9992 74002 12712 4182 186 144 141 160 52 120 1304 15 324 9 242 54 12004 309 11701 212 38 13 29 439 23 12 308 74 31 739
internal_value=-0.000559593 -0.0199931 -0.0126979 0.000699412 0.0312068 0.0659634 0.0855349 -0.015062 -0.0112141 -0.0126134 -0.000453898 0.0292307 0.0163239 0.0713351 -0.00587994 -0.0173208 -0.0102533 0.0568811 -0.0261377 0.0515936 0.201068 0.404922 -0.0134944 0.0404445 -0.0169413 0.0468559 0.021735 0.123905 0.329408 0.00961603
internal_weight=2405.55 868.321 496.584 74.4836 16.6746 10.3442 8.64927 422.1 298.59 292.887 81.7432 12.6327 11.9093 3.79027 69.1105 211.144 117.198 5.3975 93.9461 3.51499 1.06481 0.569853 111.801 6.71552 105.085 4.96637 4.51709 1.27014 0.551005 30.8418
internal_count=130596 120604 46602 5678 1496 471 285 40924 28212 28052 2753 468 453 129 2285 25299 13281 361 12018 317 105 51 12920 468 12452 448 436 128 54 981
cat_boundaries=0 1
cat_threshold=4
is_linear=0
shrinkage=0.05


Tree=90
num_leaves=31
num_cat=3
split_feature=3 4 0 5 4 2 5 1 1 4 2 2 2 2 2 3 1 0 2 2 2 2 5 4 2 2 1 4 2 0
split_gain=476.36 55.2217 18.0158 15.1615 18.4824 13.0086 13.0033 12.395 11.3136 15.3555 14.5618 25.7552 24.829 16.4975 13.1619 13.0393 11.2597 11.0281 10.9963 10.4902 10.1124 14.2455 9.78412 10.3824 14.0281 27.2178 13.4243 13.2151 13.4602 11.3316
threshold=-8.9815075964536124 66.037702375559618 0.82271440972222243 0 20.882092430422869 15222.500000000002 1 1044.5000000000002 22383.500000000004 52.403226522299342 9280.5000000000018 10703.000000000002 11485.500000000002 8677.5000000000018 6381.5000000000009 -5.7724989540696763 464.50000000000006 4.3545591261574081 977.50000000000011 6381.5000000000009 14757.500000000002 14738.500000000002 2 5.939637663942011 3371.5000000000005 3487.5000000000005 413.50000000000006 164.59513124366583 1669.5000000000002 3.1896199479166669
decision_type=2 2 2 1 2 2 1 2 2 2 2 2 2 2 2 2 2 2 2 2 2 2 1 2 2 2 2 2 2 2
left_child=1 3 -2 -1 -5 -6 7 16 -9 14 13 -12 -13 15 18 -11 -4 -3 -10 -17 21 -14 23 26 27 -26 -8 28 -25 -28
right_child=2 17 6 4 5 -7 22 8 9 10 11 12 20 -15 -16 19 -18 -19 -20 -21 -22 -23 -24 24 25 -27 29 -29 -30 -31
leaf_value=0.030241146186134844 -0.019239389051018116 0.033003732607018943 -0.0042434108301332837 0.0045064414095207332 0.019840131838136668 -0.031280724574987158 0.0043209255043180584 -0.0042007562876279604 0.014222221480948495 0.0014582781441005673 -0.036858019007605707 0.029847405142766015 -0.010652045832639798 0.033622830799219336 -0.010350402292339746 -0.0058935638435213267 -0.022049576822430413 0.019778283087526851 -0.037590375462299812 -0.094552103778383051 0.021212412955454812 -0.055522698810411636 0.010934955757023327 -0.0065748208640211058 -0.065974866832875012 -0.0028466820499242849 -0.025495757821526174 -0.064048145249971419 0.017141626523974222 -0.0085608060895291261
leaf_weight=125.82208810187876 229.48716404661536 785.91955268569291 138.16949670016766 454.74519593268633 476.81292219273746 12.777931192889808 154.1000560335815 2115.1234759651124 11.259411510080097 154.78216150030494 83.74212734028697 42.588896121829748 227.80891698040068 38.581944417208433 134.82571935281157 6.698919475078581 248.38455724343657 197.16733394563198 113.15077556669712 6.647047221660614 22.037910982966423 19.177645601332188 122.24499322846532 85.968267701566219 17.18798828125 2584.4852888546884 126.76193054392934 6.168491441756486 196.74197247251868 447.45503417029977
leaf_count=6070 982 48265 442 12941 20067 187 631 8137 33 564 275 180 859 144 485 20 814 11453 400 22 105 56 691 403 73 13034 411 30 957 1865
internal_value=0.000508919 0.021796 -0.00545101 0.0139368 0.0117645 0.0185059 -0.00500559 -0.00726181 -0.00616788 -0.0109986 -0.00661784 -0.0122405 -0.00562486 0.00413612 -0.0211728 -0.00263048 -0.015685 0.0303512 -0.0329012 -0.0500505 -0.0112404 -0.0141361 -0.00297742 -0.00344738 -0.00210306 -0.00326374 -0.00878273 0.00835012 0.00992978 -0.0122993
internal_weight=9386.83 2053.25 7333.58 1070.16 944.336 489.591 7104.09 3362.98 2976.42 861.301 602.066 395.355 311.613 206.71 259.236 168.128 386.554 983.087 124.41 13.346 269.024 246.987 3741.11 3618.87 2890.55 2601.67 728.317 288.879 282.71 574.217
internal_count=130596 98983 31613 39265 33195 20254 30631 12536 11280 3143 2225 1475 1200 750 918 606 1256 59718 433 42 1020 915 18095 17404 14497 13107 2907 1390 1360 2276
cat_boundaries=0 1 2 3
cat_threshold=1 8 4
is_linear=0
shrinkage=0.05


Tree=91
num_leaves=31
num_cat=3
split_feature=3 3 3 4 2 0 4 2 2 2 4 1 2 2 5 0 5 2 2 4 2 2 5 2 2 1 3 1 2 2
split_gain=357.369 60.3692 28.8994 27.0421 19.9294 15.1209 11.8039 11.2631 27.2464 25.9088 18.5732 31.4578 27.3802 22.5909 32.5239 45.214 10.9504 12.4681 136.16 76.7351 38.9819 38.9116 94.2194 26.3313 133.149 65.6849 33.5881 24.2489 18.3152 70.5125
threshold=-11.723768102932349 -5.8184423202478817 -8.199179859084337 65.053736679763801 15062.500000000002 2.5866712152777782 14.891940818146713 9472.0000000000018 5975.0000000000009 9207.0000000000018 5.939637663942011 1706.5000000000002 7480.0000000000009 8065.5000000000009 0 5.2984948553240754 1 12544.500000000002 12590.500000000002 15.302744961548294 14184.000000000002 14163.500000000002 2 13293.500000000002 13338.000000000002 5144.5000000000009 -26.052566413657818 2493.5000000000005 13752.500000000002 13862.500000000002
decision_type=2 2 2 2 2 2 2 2 2 2 2 2 2 2 1 2 1 2 2 2 2 2 1 2 2 2 2 2 2 2
left_child=3 2 4 16 6 -4 7 8 -2 10 -10 12 -12 -13 15 -15 -1 -18 19 -19 21 23 -23 -20 25 26 -25 -21 -26 -30
right_child=1 -3 5 -5 -6 -7 -8 -9 9 -11 11 13 -14 14 -16 -17 17 18 20 27 -22 22 -24 24 28 -27 -28 -29 29 -31
leaf_value=-0.032587568553051109 -0.0018394116177519659 -0.010145398728517878 0.012869166938708976 -0.030904731983644719 0.044737253316569608 0.0059320529898826474 -0.013653018804951685 -0.0091380260721664781 -0.013113073092368688 0.34573502822683438 0.30723530535149279 -0.011751795596776183 0.010097703556992139 0.032423878193043397 0.01351684876340058 0.56795895362994364 -0.020612292589732635 1.0073400973218747 -0.021427761642799577 -0.033767134309825468 -0.022038017164768185 -0.034069973000060198 0.66786163307781676 0.34829266661466263 -0.019187838197342624 -0.033773321676640038 0.80390536697379467 0.51406075142377738 0.20115866736922478 -0.00023041203648218271
leaf_weight=90.409044930711389 53.679329182952642 632.67633742466569 966.07835544273257 699.50414219591767 18.860056926496327 4203.0764202438295 295.80802165530622 86.925231039524078 6.9127482995390954 0.78945517353713413 2.478398203849792 6.7053317762911302 1.12820503488183 0.75028016231954098 2.1013929359614849 0.83028181456029415 291.7592521943152 0.48020141758024582 28.272058069705963 0.45217831246554852 156.47128306236118 1.2286510821431875 0.78256585448980254 0.78445406258106243 17.104936435818672 0.5879170075058936 0.83519087545573634 0.36508776806294918 5.7434000726789263 17.8698317296803
leaf_count=5712 1198 7047 3113 55015 393 16705 12961 2099 133 21 35 203 31 20 68 22 14626 20 1421 24 7530 44 17 30 863 31 28 20 266 900
internal_value=-0.000459471 0.00450076 0.00614194 -0.0241858 -0.00563423 0.00722855 -0.007708 0.00312736 0.0172722 0.0645571 0.0539395 0.0870624 0.214286 0.0428887 0.142396 0.313745 -0.0165205 -0.0137416 -0.00506289 0.505704 -0.00794822 0.0221662 0.239052 0.0160396 0.0407166 0.418914 0.583235 0.210958 0.0202124 0.0487531
internal_weight=7591.45 6278.8 5646.12 1312.65 476.969 5169.15 458.109 162.301 75.3754 21.6961 20.9066 13.9939 3.6066 10.3873 3.68195 1.58056 613.146 522.737 230.978 1.29747 229.68 73.209 2.01122 71.1978 42.9257 2.20756 1.61964 0.817266 40.7182 23.6132
internal_count=130596 44049 37002 86547 17184 19818 16791 3830 1731 533 512 379 66 313 110 42 31532 25820 11194 64 11130 3600 61 3539 2118 89 58 44 2029 1166
cat_boundaries=0 1 2 3
cat_threshold=8 1 4
is_linear=0
shrinkage=0.05


Tree=92
num_leaves=31
num_cat=1
split_feature=3 4 3 2 2 2 2 1 3 1 3 2 1 1 1 1 2 2 3 2 2 3 1 4 5 4 3 2 2 4
split_gain=188.899 22.4801 7.18693 7.53782 11.0895 39.358 15.9895 8.70986 7.40453 6.66944 7.53767 11.824 7.03739 6.40427 8.84656 12.1488 8.23723 17.6006 19.2429 10.5403 11.7263 18.531 12.3178 14.0907 13.5051 18.0724 12.7754 9.59126 13.799 8.09054
threshold=-6.4666728876018658 50.667246900856171 -6.0523948069364035 12864.500000000002 13534.000000000002 13474.500000000002 12913.500000000002 358.50000000000006 -6.1297131749536229 902.50000000000011 -25.279965131512572 14644.500000000002 464.50000000000006 413.50000000000006 1219.5000000000002 2044.5000000000002 10210.500000000002 10369.000000000002 -5.4867158005630516 6702.0000000000009 5055.5000000000009 -5.4359260371889944 6290.5000000000009 10.499534748920409 0 31.986322361260296 -5.6162743828288439 6169.5000000000009 5343.5000000000009 12.771672403379386
decision_type=2 2 2 2 2 2 2 2 2 2 2 2 2 2 2 2 2 2 2 2 2 2 2 2 1 2 2 2 2 2
left_child=1 9 3 -2 5 6 -5 8 -6 10 11 -1 -13 -4 -15 29 19 18 -18 20 21 -17 23 26 -24 27 -22 28 -26 -16
right_child=2 -3 13 4 7 -7 -8 -9 -10 -11 -12 12 -14 14 15 16 17 -19 -20 -21 22 -23 24 -25 25 -27 -28 -29 -30 -31
leaf_value=-0.025284348004017507 -0.012808587757395552 -0.030265149901613931 0.00026232659317805714 0.21403161628148146 -0.0067430554066695353 0.22271925963581182 -0.020968647715942361 -0.0056596317137459495 0.12835881893081089 -0.01583395690322199 -0.0082767239295905761 -0.033894010838680814 0.079187760668876075 0.018733458117663641 0.0039237610011913209 0.020515239732849376 0.014112789147609897 0.014011579516513498 0.13753841453126889 -0.0034781604708839578 -0.026553905673535407 -0.017106602698747846 0.064561675761998033 -0.031419955150219371 0.084135901318807105 -0.024570628353791119 0.09238487961896813 0.10693348842636977 -0.031035055991650275 -0.021871808053474134
leaf_weight=6.1009026658721295 71.784373204223812 341.166180415079 143.50546676293015 0.803069867193697 1.7791036851704118 2.6934169474989167 7.3360971473157406 43.255257684737444 2.358835741877555 376.46882888115942 52.440870852675289 1.6226600278168906 9.0448921914212388 312.83949234709144 89.85631556622684 74.057556103914976 6.5336189344525337 481.96118089929223 6.1120526194572431 170.92535409517586 3.6964185684919357 58.654102014377713 28.978440962731838 15.324052857235072 5.0744998082518595 14.072816222906111 5.800570312887432 5.4597161039710036 5.3351151570677757 45.936140224337578
leaf_count=1025 2113 73330 706 16 37 39 190 1130 13 39671 4041 186 285 1589 609 429 27 2797 26 1070 19 520 95 120 23 95 32 27 28 308
internal_value=-0.000539143 -0.0206057 0.00930372 -0.00196565 0.0114022 0.0570437 0.0022182 0.000970012 0.0702719 -0.0132114 0.00105405 0.0302347 0.0619867 0.0102976 0.0113799 0.00911962 0.0112631 0.0155394 0.0737683 0.0058031 0.0131322 0.00388765 0.0277827 -0.00176263 0.040229 0.0166795 0.0460915 0.0532599 0.0251087 -0.00480242
internal_weight=2390.98 786.844 1604.13 130.01 58.2258 10.8326 8.13917 47.3932 4.13794 445.678 69.2093 16.7685 10.6676 1474.12 1330.62 1017.78 881.985 494.607 12.6457 387.379 216.453 132.712 83.7416 24.821 58.9206 29.9421 9.49699 15.8693 10.4096 135.792
internal_count=130596 118538 12058 3538 1425 245 206 1180 50 45208 5537 1496 471 8520 7814 6225 5308 2850 53 2458 1388 949 439 171 268 173 51 78 51 917
cat_boundaries=0 1
cat_threshold=8
is_linear=0
shrinkage=0.05


Tree=93
num_leaves=31
num_cat=1
split_feature=3 4 0 5 4 1 2 2 2 2 4 1 1 3 2 2 4 1 2 0 4 3 1 2 0 1 4 4 3 0
split_gain=432.304 54.7364 16.813 14.7681 17.5251 15.2764 12.0266 32.5852 41.7829 23.6805 29.866 23.2922 42.2082 40.3424 53.1891 116.026 68.5239 20.0159 15.1718 14.6098 11.9847 16.5495 14.8066 12.3394 11.4821 11.0004 14.2106 12.1271 13.0235 13.421
threshold=-8.9815075964536124 66.037702375559618 0.82271440972222243 0 15.302744961548294 39096.500000000007 12544.500000000002 14184.000000000002 14163.500000000002 12590.500000000002 39.102805883769058 2897.5000000000005 2117.5000000000005 -23.884889763249674 13826.500000000002 13896.500000000002 23.982518133485517 1285.5000000000002 15222.500000000002 5.879238443287039 3.5327068242902757 -6.9170352432702478 464.50000000000006 15037.500000000002 4.3545591261574081 36161.500000000007 520.56053613934114 41.273083110336081 -7.6981023368751105 4.6976684317129642
decision_type=2 2 2 1 2 2 2 2 2 2 2 2 2 2 2 2 2 2 2 2 2 2 2 2 2 2 2 2 2 2
left_child=1 3 -2 -1 -5 6 -6 8 9 10 -8 12 19 14 16 -16 -14 -10 -9 -11 21 23 -22 -4 -3 26 27 28 -24 -30
right_child=2 24 20 4 5 -7 7 18 17 11 -12 -13 13 -15 15 -17 -18 -19 -20 -21 22 -23 25 -25 -26 -27 -28 -29 29 -31
leaf_value=0.030010934845287496 -0.018483858297815427 0.03293678994131044 -0.025664533216390086 0.0023713878008968584 0.024815058713107751 -0.02388273540089754 -0.42373108805834986 0.027866004780851189 -0.37470106829887995 0.014608264114688768 0.034071804782173289 0.01579040069112847 -0.34161372631036691 -0.0059541874988938452 -0.8490065938432827 -0.02421629651472634 0.033913886941604139 -0.094991228803702796 -0.024987469665284843 -0.25391214436270626 0.012308460573315628 -0.00632735820569948 0.0027419845528420437 0.040360305025489325 0.019107454022176042 -0.010819059650743583 0.039339367018975203 -0.00082160039394466109 -0.010463804591547539 -0.003762079382108255
leaf_weight=119.01498516462743 226.86294942721725 738.98490978125483 186.53783584758639 344.73320387117565 309.16259599290788 22.394070731475949 0.76471363008022197 148.7553299292922 1.0945041999220841 18.15447920374573 0.66697682067751884 49.752722879871726 1.9875830449163912 5.0163071453571302 0.84853723272681214 0.8570752888917923 3.1243208516389132 1.5388149842619894 14.941664434969423 0.52109981700777908 137.25939170271158 591.49812688678503 411.33164179325104 7.3555638492107382 188.34732245467603 585.02047579921782 19.189512372016907 2155.5440048500896 1344.6152758486569 1680.9935737513006
leaf_count=6070 982 48265 584 9154 13376 660 29 6366 11 766 22 2125 30 203 15 31 133 33 221 20 659 1947 3550 21 11453 2118 91 10104 4794 6763
internal_value=0.000494288 0.0212891 -0.00508404 0.013433 0.0112984 0.0166082 0.0182355 0.0100341 -0.0152163 -0.00889743 -0.210456 -0.0053021 -0.0396983 -0.113578 -0.192768 -0.434547 -0.112097 -0.211249 0.0230417 0.00711581 -0.00465705 -0.0104829 -0.00393466 -0.0231598 0.030128 -0.00429445 -0.00361426 -0.00376165 -0.00560555 -0.0067404
internal_weight=9316.87 1970.66 7346.21 1043.33 924.314 579.581 557.187 248.024 84.3271 81.6938 1.43169 80.2621 30.5094 11.8338 6.81752 1.70561 5.1119 2.63332 163.697 18.6756 7119.35 785.392 6333.95 193.893 927.332 6196.69 5611.67 5592.48 3436.94 3025.61
internal_count=130596 98983 31613 39265 33195 24041 23381 10005 3418 3374 51 3323 1198 412 209 46 163 44 6587 786 30631 2552 28079 605 59718 27420 25302 25211 15107 11557
cat_boundaries=0 1
cat_threshold=1
is_linear=0
shrinkage=0.05


Tree=94
num_leaves=31
num_cat=2
split_feature=3 3 4 3 0 4 2 2 1 1 5 1 4 3 2 4 0 2 0 5 0 1 2 2 2 2 3 3 4 0
split_gain=326.313 55.8268 27.0614 25.4592 16.4538 15.9889 12.9596 20.649 32.2804 91.9848 12.3976 12.2843 14.4123 14.116 28.6353 22.1784 17.3902 13.6683 14.5074 10.7823 12.0975 16.4621 12.177 47.1 22.532 25.7747 23.8957 21.49 14.7706 16.5606
threshold=-11.723768102932349 -5.8184423202478817 65.053736679763801 -7.9937480013767246 0.36804103587962966 15.728093583246443 15092.500000000002 15132.500000000002 26974.500000000004 15858.500000000002 0 39096.500000000007 198.02159990755672 -11.501482737731246 12778.500000000002 314.52676185633021 6.0554604050925933 12146.500000000002 4.6976684317129642 1 3.7402859027777784 26696.500000000004 12544.500000000002 12590.500000000002 14184.000000000002 14163.500000000002 -12.097100059268326 -19.308653244861407 62.831686958412341 2.2051158333333341
decision_type=2 2 2 2 2 2 2 2 2 2 1 2 2 2 2 2 2 2 2 1 2 2 2 2 2 2 2 2 2 2
left_child=2 3 19 5 -5 10 11 8 9 -8 -2 -7 -13 14 -14 16 17 -15 -19 -1 22 -22 -21 27 25 26 28 -24 -25 -30
right_child=1 -3 -4 4 -6 6 7 -9 -10 -11 -12 12 13 15 -16 -17 -18 18 -20 20 21 -23 23 24 -26 -27 -28 -29 29 -31
leaf_value=-0.032495648315282982 0.021029249451235618 -0.0099387215336851908 -0.03071838825296444 0.035009598203798779 0.0066536350650553064 -0.013916470266437575 -0.033917731933781996 0.0043809110915430868 -0.03526853561870321 0.8854218121259505 -0.0029763740982882503 -0.0098054253031939903 0.64729697918496709 0.080797750194957052 -0.033640472139989656 -0.014624176237027171 -0.03431375696626409 0.12912492157123887 0.38201853435488603 -0.030341168981047214 -0.010378976486177196 0.027415281307195356 0.43557733613066674 0.0011115996210474194 -0.027137177675972526 0.21598456903503985 0.34443646339107298 0.047212540598776484 0.4269724842206799 -0.03382468978098753
leaf_weight=85.0259641520679 91.310002569109201 628.2245525829494 658.47226590104401 51.688706517219543 4988.2803121581674 351.38268247805536 0.61302888207137474 5.1277275774627924 0.85503596160560835 0.48921745643019676 130.86873671971262 20.182934740558267 0.29371482692658801 2.5911594498902542 0.32548689097166061 7.2441006936132908 1.522316778078675 1.1988770747557285 1.0761183584108946 145.80702821165323 208.76532536000013 33.425097674131393 0.85082912445068359 35.760146638378501 82.447137709707022 1.5941297188401211 0.52857379242777724 0.61271861195564159 0.43400203436612983 0.35404255427420139
leaf_count=5712 1449 7047 55015 231 18104 12679 27 165 25 14 3030 736 22 92 24 290 66 23 25 7897 10267 1393 22 1843 4281 38 21 18 21 19
internal_value=-0.000446205 0.00420159 -0.0237329 0.00577245 0.00694445 -0.00383089 -0.00989297 0.0571177 0.195279 0.374119 0.00688935 -0.0111235 0.0173765 0.0558708 0.289358 0.0452656 0.113177 0.159317 0.248749 -0.0160102 -0.0132649 -0.00516293 -0.020576 -0.00896059 -0.0123675 0.0191216 0.0106574 0.272987 0.00583018 0.219951
internal_weight=7537.35 6283.27 1254.08 5655.05 5039.97 615.081 392.902 7.08501 1.95728 1.10225 222.179 385.817 34.4347 14.2518 0.619202 13.6326 6.38847 4.86615 2.275 595.605 510.579 242.19 268.389 122.582 121.118 38.6709 37.0768 1.46355 36.5482 0.788045
internal_count=130596 44049 86547 37002 18335 18667 14188 231 66 41 4479 13957 1278 542 46 496 206 140 48 31532 25820 11660 14160 6263 6223 1942 1904 40 1883 40
cat_boundaries=0 1 2
cat_threshold=8 1
is_linear=0
shrinkage=0.05


Tree=95
num_leaves=31
num_cat=0
split_feature=3 4 3 2 2 1 2 2 0 4 1 3 0 1 4 1 0 1 1 1 4 0 3 2 2 1 1 4 4 2
split_gain=173.506 22.1891 6.46974 7.02429 10.0302 6.75457 7.03652 22.0475 8.29591 10.3423 6.36628 7.08795 11.0525 8.18341 6.53736 5.92519 5.92172 6.03731 7.19993 12.5284 7.65252 8.10517 6.92221 11.9647 12.8619 9.72456 21.7247 10.5476 7.76526 7.35983
threshold=-6.4666728876018658 50.667246900856171 -6.0523948069364035 12864.500000000002 12913.500000000002 6395.5000000000009 13534.000000000002 13474.500000000002 3.1081823611111115 12.771672403379386 902.50000000000011 -25.279965131512572 4.4693618344907424 764.50000000000011 15.728093583246443 1285.5000000000002 0.34354118634259267 413.50000000000006 1219.5000000000002 1976.5000000000002 12.771672403379386 2.4500510821759267 -5.2622906929759417 5055.5000000000009 5667.5000000000009 4567.5000000000009 2975.5000000000005 21.431056427988974 39.831334079005778 6091.5000000000009
decision_type=2 2 2 2 2 2 2 2 2 2 2 2 2 2 2 2 2 2 2 2 2 2 2 2 2 2 2 2 2 2
left_child=1 10 3 -2 -5 6 7 -6 9 15 11 12 13 -1 -15 -8 -4 -18 -19 20 21 -20 -21 -24 -25 26 27 -26 -29 -28
right_child=2 -3 16 4 5 -7 8 -9 -10 -11 -12 -13 -14 14 -16 -17 17 18 19 22 -22 -23 23 24 25 -27 29 28 -30 -31
leaf_value=-0.033586221430282649 -0.012535489198067552 -0.030094583310971867 0.037596518476583143 0.16996620286575531 -0.017895593617122021 -0.013779206232137201 0.068416277296290157 0.18451080137749154 -0.00068604050453891343 -0.034653294160303501 -0.015445015094199478 -0.0080287040197371592 0.089730515927449114 0.090345933024655253 -0.033534264796516756 0.19745428608670884 -0.00050116220913190514 0.017042776387151883 0.035894737360354187 0.013532054248211557 -0.023810914400896964 -0.0050771920042037054 -0.020732672603248316 0.064344312234810283 -0.026379790999642175 -0.0021039799765029546 -0.037235290570726991 0.046074814102012765 -0.022318164051125775 0.045167590224042174
leaf_weight=6.7427088245749491 70.928136766888201 324.47095719818026 18.784681066870689 0.97387676127254863 2.9655318073928347 21.833572485484183 2.8602652139961746 2.4626576993614435 24.572687063366175 1.8107111593708394 368.57404278311878 51.947484868578613 5.2203770582564166 3.3692959933541715 1.5571628366596995 1.2912380900233982 140.75571926496923 311.15762402676046 14.77899233996868 593.2498901411891 42.379777336493134 65.866581534966826 41.469786290079355 9.8172561451792699 27.47630675137043 147.75106924958527 2.8698831573128691 12.063020126894118 6.3270283192396155 48.55126566812396
leaf_count=1041 2113 73330 75 16 70 637 45 23 565 43 39671 4041 153 64 238 26 696 1567 54 3244 289 500 417 50 218 953 26 88 48 295
internal_value=-0.000522978 -0.0201873 0.00876527 -0.00194359 0.0108394 0.00815812 0.0214765 0.073932 0.0121515 0.0650601 -0.0128382 0.00111972 0.0292577 0.00220425 0.0511897 0.108551 0.00970165 0.00934385 0.0103907 0.00834658 -0.00660864 0.00243127 0.0104148 0.00417411 0.00822691 0.00597862 0.0182537 -0.00676368 0.0225445 0.0405686
internal_weight=2374.88 761.882 1613 129.699 58.7705 57.7967 35.9631 5.42819 30.5349 5.96221 437.411 68.837 16.8895 11.6692 4.92646 4.1515 1483.3 1464.51 1323.76 1012.6 123.025 80.6456 889.576 296.326 254.856 245.039 97.2875 45.8664 18.39 51.4211
internal_count=130596 118538 12058 3538 1425 1409 772 93 679 114 45208 5537 1496 1343 302 71 8520 8445 7749 6182 843 554 5339 2095 1678 1628 675 354 136 321
is_linear=0
shrinkage=0.05


Tree=96
num_leaves=31
num_cat=3
split_feature=3 4 0 5 4 3 0 2 0 2 2 2 2 2 2 2 3 2 4 1 4 2 2 3 2 5 5 3 2 2
split_gain=392.518 54.1533 16.0548 14.3441 16.5295 12.9296 15.0025 11.9389 11.9115 11.0073 10.3481 9.53842 13.2017 11.5351 16.2602 12.2667 11.6137 9.48448 12.3107 10.2342 15.3783 10.039 9.31394 12.0029 11.381 18.0799 9.1383 9.03779 17.7456 9.49828
threshold=-8.9815075964536124 66.037702375559618 3.2160878414351859 0 20.882092430422869 -8.0343750354346799 0.34354118634259267 15222.500000000002 4.3545591261574081 1446.5000000000002 14838.500000000002 15489.500000000002 15062.500000000002 14974.500000000002 14965.500000000002 14985.500000000002 -5.3190305174488666 14847.500000000002 8.2140186011789371 43048.500000000007 379.36499028728804 14812.500000000002 14868.500000000002 -7.4074901662812271 14916.500000000002 1 2 -4.269622801651094 14548.500000000002 14621.500000000002
decision_type=2 2 2 1 2 2 2 2 2 2 2 2 2 2 2 2 2 2 2 2 2 2 2 2 2 1 1 2 2 2
left_child=1 3 5 -1 -5 9 -7 -6 -3 -2 26 12 13 14 17 -15 -17 19 22 20 21 27 -19 -24 25 -25 -8 -4 -29 -30
right_child=2 8 11 4 7 6 10 -9 -10 -11 -12 -13 -14 15 -16 16 -18 18 -20 -21 -22 -23 23 24 -26 -27 -28 28 29 -31
leaf_value=0.029770425980133811 -0.049008889903471291 0.032869205825061316 -0.003147441656993764 0.0039831685119078612 0.018877790237248466 -0.034577527571303841 0.023180342904994919 -0.029524383193778665 0.01845058809649832 0.015062097686103296 -0.020142805078533006 -0.0316172718040875 0.016473814668013641 -0.04919159977976531 0.036652432050124271 -0.017239694372638076 0.045149748272870376 -0.045728044218279452 -0.0036196319748612207 -0.013124332457674859 0.029098970379884861 0.016863132303294111 0.023357088782771075 0.019482477045286776 -0.039197814184243895 -0.052903098808980677 -0.0079585536077309629 0.028084117838035522 -0.083179970786966109 -0.0021516242221632956
leaf_weight=112.58319315500557 7.2976224794983855 695.20207430422306 4468.9247870966792 445.56727677583694 446.63513104617596 58.227613650262356 23.92368222028017 13.114254396408795 180.41005521547049 82.332520570605993 179.91351092606783 29.708972115069628 83.876845013350248 27.129624273627996 25.465102553367615 59.686916701495647 8.524432457983492 33.830076657235622 204.29289781302214 230.17076837643981 38.614729763939977 65.402708820998669 16.666971672326326 27.541143417358398 48.467228338122368 12.560751914978026 1555.4190476983786 55.332394443452358 5.7891400605440131 9.6377376168966276
leaf_count=6070 51 48265 20022 12941 20067 287 95 187 11453 1449 553 92 416 94 115 229 36 103 908 843 183 318 73 80 137 35 4951 474 24 45
internal_value=0.000479331 0.0207816 -0.00474473 0.0129391 0.010846 -0.00869335 -0.0096076 0.0174971 0.0298984 0.00984548 -0.00878115 -0.00336341 -0.00320859 -0.00351786 -0.00320443 -0.0207535 -0.00944283 -0.00339897 -0.0114309 -0.00283313 -0.00232303 -0.00258651 -0.0229059 -0.0155693 -0.0228945 -0.0031902 -0.00748687 -0.00286672 0.0148628 -0.0325586
internal_weight=9252.25 1893.51 7358.74 1017.9 905.317 1907.11 1817.48 459.749 875.612 89.6301 1759.26 5451.62 5421.91 5338.04 5242.7 95.341 68.2113 5217.23 343.359 4873.87 4643.7 4605.09 139.066 105.236 88.5691 40.1019 1579.34 4539.68 70.7593 15.4269
internal_count=130596 98983 31613 39265 33195 7386 5886 20254 59718 1500 5599 24227 24135 23719 23360 359 265 23245 1336 21909 21066 20883 428 325 252 115 5046 20565 543 69
cat_boundaries=0 1 2 3
cat_threshold=1 4 1
is_linear=0
shrinkage=0.05


Tree=97
num_leaves=31
num_cat=0
split_feature=3 3 4 3 2 2 2 3 0 4 1 4 2 2 2 1 2 2 1 2 1 2 2 2 2 4 2 0 2 2
split_gain=298.084 52.3511 26.9781 20.9489 17.1356 15.8439 14.8151 13.5601 13.5755 13.9036 11.7184 13.1969 13.844 23.0089 12.4863 12.2385 12.6122 12.0708 11.5817 10.9756 19.6972 13.0703 37.8246 11.0576 10.9253 10.8984 25.4266 20.5905 17.2279 16.1432
threshold=-11.723768102932349 -5.5700056233421522 65.053736679763801 -8.199179859084337 15062.500000000002 3730.0000000000005 3644.5000000000005 -6.0867691321245561 0.26823291087962969 2.5892505814121369 27497.000000000004 31.986322361260296 3371.5000000000005 3487.5000000000005 722.50000000000011 8634.5000000000018 977.50000000000011 1446.5000000000002 8990.5000000000018 4397.5000000000009 1158.5000000000002 3961.5000000000005 3874.0000000000005 2678.5000000000005 507.50000000000006 14.465140358121516 2390.5000000000005 5.1544388368055571 3262.5000000000005 14916.500000000002
decision_type=2 2 2 2 2 2 2 2 2 2 2 2 2 2 2 2 2 2 2 2 2 2 2 2 2 2 2 2 2 2
left_child=2 3 -1 4 -2 6 -3 8 -5 24 11 15 14 -14 -13 19 -17 -18 -16 20 -11 22 23 -22 -10 28 -27 -28 -19 -30
right_child=1 5 -4 7 -6 -7 -8 -9 9 10 -12 12 13 -15 18 16 17 25 -20 -21 21 -23 -24 -25 -26 26 27 -29 29 -31
leaf_value=-0.015516189457713162 -0.0069953246822439313 0.001866039234297182 -0.030523515015247329 0.036706124671800969 0.040642138916486173 -0.016657264980499787 0.083251940064069427 -0.0017752763274968481 -0.04051357515308851 0.027819940656223164 0.011003354867459982 0.040173264405770653 0.071372088065884673 0.0017609456131390776 0.019534697117546115 -0.016525141518357055 0.052012452005717282 0.027098611558703314 -0.038734848057751792 0.0067691727163667476 0.0022296030952986897 -0.040147521631730826 0.11790210467280909 -0.023671944268973157 0.021028288860046956 -0.0360540756352336 0.034585332701798074 0.01070667755205333 -0.010201724799669559 0.037907399039500272
leaf_weight=579.21653999574482 445.8114669136703 69.812613464891911 620.02854601480067 37.860530689358711 19.712111759930849 376.60751423612237 6.0786127448081961 498.54441505670547 7.4652609080076209 38.640713907778263 952.7165849879384 7.425713174045085 11.965557754039763 1498.3204544521868 10.323284067213534 34.25647547096014 20.876927711069584 60.843411181122065 49.026656307280064 1181.1105404496193 86.807411059737206 32.572641707956791 5.9836319610476485 78.43682611361146 212.25491812080145 20.296035401523113 164.06390242651105 200.74069676175714 139.30886129662395 19.931981846690178
leaf_count=31532 16791 615 55015 176 393 4930 32 3237 25 129 3027 25 38 6125 40 121 62 194 188 4625 307 120 24 323 601 78 513 756 493 61
internal_value=-0.000430835 0.00392618 -0.0232752 0.00519664 -0.00497817 -0.0124573 0.00838476 0.00607873 0.00688254 0.00664893 0.00606371 0.00477822 0.00132741 0.00231245 -0.0209517 0.00738977 0.0130159 0.0146323 -0.0285995 0.00478008 -0.00491027 -0.0111159 -0.00559327 -0.0100651 0.0189373 0.0133428 0.0184152 0.0214456 0.00446716 -0.00417996
internal_weight=7487.04 6287.8 1199.25 5835.3 465.524 452.499 75.8912 5369.77 4871.23 4833.37 4613.65 3660.93 1577.06 1510.29 66.7757 2083.87 660.318 626.062 59.3499 1423.55 242.441 203.801 171.228 165.244 219.72 605.185 385.101 364.805 220.084 159.241
internal_count=130596 44049 86547 38472 17184 5577 647 21288 18051 17875 17249 14222 6416 6163 253 7806 2278 2157 228 5528 903 774 654 630 626 2095 1347 1269 748 554
is_linear=0
shrinkage=0.05


Tree=98
num_leaves=31
num_cat=2
split_feature=3 4 1 3 2 3 2 2 2 2 1 2 0 1 4 1 1 1 2 2 2 2 1 2 2 5 2 5 4 4
split_gain=159.27 21.8572 6.10087 6.70698 9.88374 5.83831 6.57596 8.74881 24.3173 10.2099 7.63198 9.48454 5.73172 5.666 5.59038 7.74483 5.98184 11.9584 7.24866 15.8214 17.3731 10.1431 10.0869 12.1419 13.5085 17.7017 14.3569 12.5169 16.0156 11.8251
threshold=-6.4666728876018658 50.667246900856171 902.50000000000011 -25.279965131512572 14644.500000000002 -6.0523948069364035 12864.500000000002 13534.000000000002 13474.500000000002 12913.500000000002 358.50000000000006 14916.500000000002 0.34354118634259267 464.50000000000006 0.39339827910599073 413.50000000000006 1219.5000000000002 2044.5000000000002 10210.500000000002 10369.000000000002 10306.500000000002 6702.0000000000009 6290.5000000000009 5055.5000000000009 3568.0000000000005 0 3371.5000000000005 1 31.986322361260296 10.499534748920409
decision_type=2 2 2 2 2 2 2 2 2 2 2 2 2 2 2 2 2 2 2 2 2 2 2 2 2 1 2 1 2 2
left_child=1 2 3 4 -1 6 -2 8 9 -8 11 -9 -7 -6 -14 -16 -17 -18 21 20 -20 22 29 24 25 26 -24 -25 -29 -19
right_child=5 -3 -4 -5 13 12 7 10 -10 -11 -12 -13 14 -15 15 16 17 18 19 -21 -22 -23 23 27 -26 -27 -28 28 -30 -31
leaf_value=-0.024770625812714983 -0.012293316211925033 -0.02991640908481626 -0.015064999375449426 -0.0077549313352199643 -0.03387395754802168 0.036933496896110536 0.14139265288537345 -0.034880452265731658 0.15830695976709339 -0.020478007112427959 -0.0056107567088196052 0.11879816027625179 0.041651875260173943 0.070083268276957988 -0.0029745060755493389 0.015738145562481858 -0.0062170377854186996 0.016321214700573166 0.021443657903829957 0.012435695813392352 0.14021194255221611 -0.0043401775479206669 0.032432066366040971 0.060957885798707791 -0.017662982302858704 -0.022381578051907942 0.13517786633481707 0.048249060446535194 -0.024458716051331111 -0.022567453592488244
leaf_weight=5.740219414234164 70.185216460376978 308.65793199487962 361.14272134238854 51.409862941130996 1.5167541410773981 18.311657674610615 1.1290127635002116 1.5643408205360163 3.5485866442322722 7.1018344163894653 43.167513806372881 2.8028546627610922 12.826691836118696 9.6486109308898431 133.64957194589078 309.67674859240651 132.3401928730309 40.617263626307249 7.7505076527595502 485.41496966592968 5.1084951236844063 170.88729107938707 29.115339911542833 28.625440895557404 32.235792824998498 14.177890148013828 3.8494869023561469 16.525892622768882 13.981962723657487 37.683682531118393
leaf_count=1025 2113 73330 39671 4041 186 75 16 31 39 190 1130 19 41 285 671 1554 906 295 32 2777 20 1063 189 92 167 93 14 78 95 358
internal_value=-0.00051229 -0.0197673 -0.0124731 0.00122899 0.0285491 0.00824851 -0.00193541 0.0103209 0.0488961 0.00172554 0.000761689 0.0637501 0.00913198 0.0559612 0.0087867 0.00849829 0.00965292 0.00780236 0.00989647 0.0138858 0.0686267 0.00476934 0.0119493 0.0200579 0.00728071 0.024337 0.0444303 0.0372096 0.0149266 -0.00239463
internal_weight=2360.39 738.116 429.458 68.3154 16.9056 1622.28 129.499 59.3141 11.7794 8.23085 47.5347 4.3672 1492.78 11.1654 1474.47 1461.64 1327.99 1018.31 885.974 498.274 12.859 387.7 216.813 138.512 79.3785 47.1427 32.9648 59.1333 30.5079 78.3009
internal_count=130596 118538 45208 5537 1496 12058 3538 1425 245 206 1180 50 8520 471 8445 8404 7733 6179 5273 2829 52 2444 1381 728 463 296 203 265 173 653
cat_boundaries=0 1 2
cat_threshold=4 8
is_linear=0
shrinkage=0.05


Tree=99
num_leaves=31
num_cat=2
split_feature=3 4 3 0 5 0 3 4 2 3 2 0 2 5 2 4 3 1 4 3 2 2 2 2 1 1 3 4 3 3
split_gain=356.492 45.24 16.8257 20.6893 14.7695 15.135 22.3562 36.3874 14.1418 13.3164 13.7095 13.2785 10.9967 15.4047 15.3612 17.3729 13.0538 11.3584 11.4311 13.2604 10.4218 9.7745 12.789 34.6129 15.7126 9.74316 9.65469 17.0102 9.55187 9.52567
threshold=-10.220908802160311 42.7426932216746 -7.9025691807160827 0.67034533564814824 0 3.7402859027777784 -19.812620512908079 8.8502927588511309 1446.5000000000002 -28.575531531132107 15051.500000000002 5.1279351157407413 14838.500000000002 1 14878.500000000002 135.4007856278898 -3.6665527722616669 413.50000000000006 3.5327068242902757 -6.8852223000276203 5553.5000000000009 3487.5000000000005 6598.5000000000009 5975.0000000000009 39096.500000000007 22606.500000000004 -7.4074901662812271 4.9569986769654344 -9.0939614149866745 -7.1660246473780278
decision_type=2 2 2 2 1 2 2 2 2 2 2 2 2 1 2 2 2 2 2 2 2 2 2 2 2 2 2 2 2 2
left_child=1 4 8 -4 -1 9 7 -7 -2 -6 -11 -3 13 26 -14 29 17 20 19 -19 -15 -10 23 24 -23 -8 27 -5 -25 -16
right_child=2 11 3 12 5 6 25 -9 21 10 -12 -13 14 16 15 -17 -18 18 -20 -21 -22 22 -24 28 -26 -27 -28 -29 -30 -31
leaf_value=0.030031376029488677 -0.031395726601514656 0.030800938765026382 -0.023897816399678612 -0.066365970739051733 0.031182777980697109 -0.36763808868717895 0.014060747599563151 -0.017118271042368412 0.025070403087258691 0.012265398999677234 -0.046058631179559217 0.013778206682229227 -0.024833510437592438 -0.016314386660623039 0.0037718327707514984 0.031591740800460309 0.031707360073947893 -0.025387207843270684 -0.0040415866901278991 -0.0066160112252602503 0.012444481440740063 0.012352707201402368 0.0063847954564104949 0.034105621653536214 -0.066073343046147398 -0.015241555043218641 0.023454860445655083 0.039858706050389846 -0.064194950209162369 -0.012066728000333322
leaf_weight=94.369170017540455 28.191458413377404 834.08991920482367 140.41005190461874 8.6258590519428235 105.42853398993611 0.74667067639529605 187.60182935744524 88.141834517940879 54.389635926112533 164.1536722984165 10.73433832079172 132.79867426119745 145.48661645501852 38.606295451521873 121.3527268320322 28.222759738564491 25.320105988532305 136.36829501390457 5200.7012239024043 303.41536115854979 171.18905997276306 72.279936643317342 496.32235295884311 2.6964035332202902 7.0055924393236628 33.422550566494465 78.165045142173767 6.6930434852838507 29.594830909743905 435.99280343204737
leaf_count=5347 335 57961 573 34 4713 22 6374 3172 852 5849 205 8053 463 122 416 116 199 382 18989 967 630 1461 9991 97 75 1067 390 37 237 1467
internal_value=0.000461533 0.0214995 -0.0041519 -0.00490276 0.0116647 0.00872818 0.00111344 -0.0200627 0.00328683 0.0171469 0.00868557 0.0284629 -0.0045047 -0.0037958 -0.0102928 -0.00668014 -0.0041162 -0.00427124 -0.00469614 -0.0124366 0.00715231 0.00476315 0.00294623 -0.0123494 0.00542306 0.00962975 0.0163414 -0.0199549 -0.0559866 -0.00861814
internal_weight=9182.52 1651.49 7531.03 6840.55 684.599 590.229 309.913 88.8885 690.48 280.317 174.888 966.889 6700.14 5969.08 731.055 585.568 5875.6 5850.28 5640.48 439.784 209.795 662.289 607.899 111.577 79.2855 221.024 93.4839 15.3189 32.2912 557.346
internal_count=130596 92763 37833 24785 26749 21402 10635 3194 13048 10767 6054 66014 24212 21750 2462 1999 21289 21090 20338 1349 752 12713 11861 1870 1536 7441 461 71 334 1883
cat_boundaries=0 1 2
cat_threshold=1 1
is_linear=0
shrinkage=0.05


Tree=100
num_leaves=31
num_cat=3
split_feature=3 3 0 3 2 4 0 1 2 3 4 1 5 2 2 3 2 4 4 3 2 2 5 2 4 5 4 2 1 3
split_gain=271.601 48.3583 26.8955 18.4981 15.0362 14.8104 13.7752 13.2008 12.9088 11.6578 13.5535 11.7789 11.182 10.9513 30.456 21.5918 22.6641 18.0148 20.0668 20.8102 15.1321 42.6536 19.3976 14.0472 13.7314 10.6386 10.5769 14.2578 33.3249 13.6042
threshold=-11.793309207584175 -5.5700056233421522 3.7402859027777784 -7.9937480013767246 3730.0000000000005 15.728093583246443 0.34354118634259267 3435.5000000000005 3644.5000000000005 -6.0867691321245561 3.0725797804206416 301.50000000000006 0 12544.500000000002 14184.000000000002 -28.575531531132107 12590.500000000002 16.96411985522268 18.655998893886856 -12.459983534769718 13826.500000000002 13862.500000000002 1 14163.500000000002 9.5227116381762738 2 7.3365338571321503 14608.500000000002 993.50000000000011 -13.188023076310211
decision_type=2 2 2 2 2 2 2 2 2 2 2 2 1 2 2 2 2 2 2 2 2 2 1 2 2 1 2 2 2 2
left_child=2 3 7 5 8 12 -5 13 -3 10 -8 -12 -2 -1 15 20 -17 -18 -19 23 -15 -22 -23 -20 26 -13 -16 28 -28 -29
right_child=1 4 -4 6 -6 -7 9 -9 -10 -11 11 25 -14 14 24 16 17 18 19 -21 21 22 -24 -25 -26 -27 27 29 -30 -31
leaf_value=-0.032125747676347634 0.020057601956415094 0.0017825082473516525 -0.012514243316176019 0.032780645543178479 -0.016344202206661548 -0.0093129389144878394 0.016766833794285015 -0.032055132465257437 0.075773320465076316 -0.0017208424092489004 -0.02044430706847343 0.0083136178980148835 -0.0025899190963219812 -0.033753791974367474 -0.033840183840878328 0.30671249385555233 -0.0066798147192428485 0.28182932165925417 0.021865823373762673 0.33872103768521877 0.40495119176482097 0.25299073348033901 -0.033762859564396529 0.32291159844731077 -0.033694298471417049 0.0033699906741373794 -0.033882320963392637 -0.0012103188091319033 0.52272329140545948 0.28927383374286142
leaf_weight=61.8881467981264 93.435305977240205 69.9039674885571 405.12592239305377 46.988340813666582 371.03872253373265 385.61593165621161 293.04981650412083 577.99152822326869 6.437679484486579 493.88788552209735 42.788131088018417 2245.7483549565077 130.80368788354099 12.087778375484055 3.1056180810555807 1.0243801921606053 5.5081680407747609 1.4136673621833322 5.3868414573371393 0.66545983962714839 0.79545790143310924 0.69261327479034662 3.97117221634835 0.41752733290195454 56.099084039218724 2111.4386115819216 0.5368556063622234 3.0650785472244024 0.53880325518548489 0.4640873167663816
leaf_count=3729 1472 615 26760 234 4930 14415 823 49848 32 3207 168 6951 3076 784 152 23 234 24 320 18 21 18 256 4 3861 8422 23 140 18 18
internal_value=-0.000413181 0.00365707 -0.0228597 0.00487 -0.0121863 -0.00337113 0.00583025 -0.028557 0.00802195 0.00558611 0.00635508 0.00566163 0.00684679 -0.0157327 -0.00513961 0.034699 0.0800377 0.0626985 0.111173 0.0738841 -0.00254973 0.0665419 0.00882258 0.043521 -0.0250953 0.005918 0.0374685 0.0855611 0.244924 0.0369885
internal_weight=7431.91 6291.14 1140.78 5843.76 447.38 609.855 5233.9 735.652 76.3416 5186.91 4693.02 4399.98 224.239 157.661 95.7726 31.9631 14.416 13.3917 7.8835 6.46983 17.547 5.45924 4.66379 5.80437 63.8095 4357.19 7.71044 4.60482 1.07566 3.52917
internal_count=130596 44345 86251 38768 5577 18963 19805 59491 647 19571 16364 15541 4548 9643 5914 1702 623 600 366 342 1079 295 274 324 4212 15373 351 199 41 158
cat_boundaries=0 1 2 3
cat_threshold=8 8 8
is_linear=0
shrinkage=0.05


Tree=101
num_leaves=31
num_cat=3
split_feature=3 4 3 3 2 2 5 0 4 5 2 2 2 5 2 4 4 2 2 2 1 0 1 0 2 2 3 2 4 1
split_gain=146.208 18.5362 12.6102 8.87484 12.0266 61.1262 46.2762 19.7668 9.84922 8.78136 10.4062 15.3813 13.4495 8.00172 14.8204 17.2908 16.8539 27.3937 134.858 17.877 15.5397 10.888 17.2256 14.7375 9.99763 32.7321 49.6939 11.0491 8.80486 8.29699
threshold=-6.9170352432702478 34.51655268121285 -6.0523948069364035 -6.8493970753394056 8938.0000000000018 10884.500000000002 0 5.4150955034722239 3.5327068242902757 1 14847.500000000002 2120.5000000000005 14946.500000000002 2 14163.500000000002 0.0004979401466143501 10.499534748920409 14356.500000000002 14334.500000000002 14184.000000000002 41393.500000000007 5.4739552199074089 44121.500000000007 6.4576120775462966 14908.500000000002 14916.500000000002 -8.2853350152177025 15025.500000000002 14.891940818146713 902.50000000000011
decision_type=2 2 2 2 2 2 1 2 2 1 2 2 2 1 2 2 2 2 2 2 2 2 2 2 2 2 2 2 2 2
left_child=1 13 3 4 -2 6 7 -6 9 10 11 -5 -12 14 15 29 -16 18 19 -18 -17 -22 23 -23 28 26 -26 -27 -19 -1
right_child=2 -3 -4 8 5 -7 -8 -9 -10 -11 12 -13 -14 -15 16 20 17 24 -20 -21 21 22 -24 -25 25 27 -28 -29 -30 -31
leaf_value=0.57572253777098226 -0.033890276744377938 -0.029337841723960385 0.0086135912237257813 0.1421734357285816 0.60558780746584695 -0.0023912631083340191 -0.034514624491824783 0.24828080099412639 -0.010432373385909934 -0.011580805201884304 0.1732770377144075 -0.015041706645104813 0.01059020515876611 -0.021412868360602924 -0.022243270175131349 -0.023609402129862567 0.23889011825224016 0.038953848306062515 1.421097156514503 -0.033529135980541518 -0.0084333776730668494 0.62653129871710211 0.064722270173770843 0.13213553045148893 -0.033606052181364539 -0.033634630083451363 0.80236932328963051 0.069199907064525862 -0.033539027035623337 0.068625829847795958
leaf_weight=0.082053253427146866 4.5679358709603539 337.01151130930521 1499.6500119715929 1.9504965636879186 0.85894828103482723 7.9025439536198974 0.74383895844220949 0.70458220317959785 190.26892950199544 10.886212380602956 3.0052365195006141 7.6875280104577541 2.2006959766149521 122.5750393406488 17.03952407464385 95.401006720028818 1.0977642079815266 7.7812872091308298 0.20624619489535678 1.3341069021262226 1.9876680020242918 0.30294992960989509 1.5206390111707149 0.30000617587938905 0.35256533976644278 3.6834226893261066 0.3585608946159472 8.9808470341376943 9.0720931896939856 4.7638312219642103
leaf_count=7 199 81541 8520 30 28 324 28 15 6530 281 22 181 44 15653 1622 12133 37 373 34 184 208 29 102 15 38 399 11 448 1289 271
internal_value=-0.00049794 -0.021463 0.00693921 -0.0039414 0.0335451 0.0637158 0.290127 0.444573 -0.00650608 0.022528 0.0475425 0.0167747 0.104505 -0.0118766 -0.00429926 -0.0150165 0.0181113 0.0390327 0.193551 0.0894429 -0.0195077 0.0756715 0.154393 0.38054 0.0255477 0.0578251 0.387906 0.0392903 -6.8716e-05 0.0772123
internal_weight=2344.28 613.851 1730.43 230.777 14.7778 10.2099 2.30737 1.56353 215.999 25.7302 14.844 9.63802 5.20593 276.84 154.265 104.358 49.9064 32.8669 2.63812 2.43187 99.5123 4.11126 2.1236 0.602956 30.2288 13.3754 0.711126 12.6643 16.8534 4.84588
internal_count=130596 114394 16202 7682 594 395 71 43 7088 558 277 211 66 32853 17200 12765 4435 2813 255 221 12487 354 146 44 2558 896 49 847 1662 278
cat_boundaries=0 1 2 3
cat_threshold=8 8 4
is_linear=0
shrinkage=0.05


Tree=102
num_leaves=31
num_cat=2
split_feature=3 4 0 5 0 3 4 0 3 2 2 1 3 2 0 3 2 2 0 2 4 3 1 2 2 3 1 2 2 5
split_gain=323.904 44.7717 15.767 14.4591 14.4197 20.8613 39.2973 13.4741 13.0183 12.9756 27.8096 13.0917 11.2929 18.8212 13.8902 9.84802 10.3822 23.2596 9.92177 9.38429 10.4326 9.55794 9.19181 9.18998 19.9302 13.4386 9.548 9.16584 12.5994 21.6925
threshold=-10.220908802160311 42.7426932216746 3.3555170891203701 0 3.7402859027777784 -19.812620512908079 8.5395426052325742 5.1279351157407413 -28.575531531132107 12544.500000000002 12590.500000000002 2416.5000000000005 -8.0343750354346799 722.50000000000011 0.24308233796296302 -7.7797611397542754 5975.0000000000009 6381.5000000000009 5.2408985648148159 14838.500000000002 16.583014443101831 -6.4666728876018658 22606.500000000004 9049.5000000000018 9280.5000000000018 -4.675100551583407 42514.000000000007 8065.5000000000009 8163.5000000000009 1
decision_type=2 2 2 1 2 2 2 2 2 2 2 2 2 2 2 2 2 2 2 2 2 2 2 2 2 2 2 2 2 1
left_child=1 3 12 -1 8 6 -6 -3 -5 -10 -11 -12 13 -2 -14 16 -4 18 -18 -16 -21 -22 -7 25 -25 26 -17 -19 29 -29
right_child=2 7 15 4 5 22 -8 -9 9 10 11 -13 14 -15 19 23 17 27 -20 20 21 -23 -24 24 -26 -27 -28 28 -30 -31
leaf_value=0.029820623901461698 -0.085988841754850831 0.030616964022954947 0.014966616609430631 0.031006216882744395 -0.45820906629396729 0.013612182173762625 -0.016954715138456099 0.013188123727898788 0.021684356156886252 -0.19033741589734618 -0.016952994228483762 0.024329326202271403 -0.038283254516156821 0.009673196333309023 -0.0067767306894202205 -0.0062887920515792596 -0.022639456268714261 0.024207497935040082 -0.092395242595926796 -0.026476974058437592 -0.015539148085587077 0.024888172452014301 -0.014788497954538099 0.028961396267135994 -0.0021339476166009528 0.018778863979470511 -0.028831132365042762 0.036705348017674992 0.00058356582615006153 -0.27468038499359898
leaf_weight=89.753056922927499 5.3435587938874951 787.91224940493703 147.76404399052262 99.80593254044652 0.50744262337684531 183.58097757399082 89.248027740046382 129.05623070709407 88.132836181670427 1.9931938759982575 50.669828966259956 30.926353469491005 38.560831494629383 136.11338194459677 1702.7614791840315 1628.030747115612 12.262025778181853 42.845663683488965 8.7247256152331811 130.88407222926617 43.891633659601212 21.922619849443436 33.72275129519403 52.42279452085495 3026.0238191075623 52.381851814687252 48.369240969419479 1.1230305004864931 435.09332643076777 1.114241048693656
leaf_count=5347 41 57961 2071 4713 11 6374 3183 8053 3361 29 1495 1169 208 3301 5520 5754 83 667 88 402 137 78 1067 205 11563 370 136 25 7169 15
internal_value=0.00044753 0.0209904 -0.00387418 0.0111482 0.00825162 0.000828958 -0.0194494 0.028164 0.0166456 0.00829908 -0.00581375 -0.00130629 -0.00757886 0.00605955 -0.00857433 -0.00246223 0.00331941 -0.000114685 -0.0516387 -0.00797121 -0.0183115 -0.00207287 0.00920476 -0.00324269 -0.00160443 -0.00615995 -0.00693921 0.00213724 -2.50002e-05 -0.118376
internal_weight=9120.94 1585.31 7535.63 668.34 578.587 307.059 89.7555 916.968 271.528 171.722 83.5894 81.5962 2079.48 141.457 1938.02 5456.16 648.927 501.163 20.9868 1899.46 196.698 65.8143 217.304 4807.23 3078.45 1728.78 1676.4 480.176 437.331 2.23727
internal_count=130596 92763 37833 26749 21402 10635 3194 66014 10767 6054 2693 2664 9687 3342 6345 28146 10118 8047 171 6137 617 215 7441 18028 11768 6260 5890 7876 7209 40
cat_boundaries=0 1 2
cat_threshold=1 4
is_linear=0
shrinkage=0.05


Tree=103
num_leaves=31
num_cat=1
split_feature=3 3 0 3 2 4 3 4 2 4 2 2 2 4 0 2 2 2 5 0 4 1 3 0 4 2 1 4 2 2
split_gain=247.611 44.1396 25.4067 20.4026 14.1903 12.9932 11.5873 22.3015 16.3545 14.821 13.306 13.2745 15.6507 20.3598 14.0507 12.1036 31.4627 47.8811 34.4898 52.064 34.2416 11.3798 11.3315 12.212 11.8375 11.3237 10.9375 12.0829 12.9841 20.9036
threshold=-12.702130232536012 -5.5700056233421522 3.7402859027777784 -8.199179859084337 3730.0000000000005 12.771672403379386 -14.823185543372469 7.3365338571321503 14018.500000000002 0.00030971032446835007 4543.5000000000009 15222.500000000002 15266.500000000002 49.757308032761053 5.4150955034722239 14116.500000000002 13752.500000000002 13862.500000000002 0 6.0840929108796304 9.5227116381762738 3435.5000000000005 -6.0867691321245561 0.26823291087962969 2.5892505814121369 3644.5000000000005 27497.000000000004 31.986322361260296 3371.5000000000005 3487.5000000000005
decision_type=2 2 2 2 2 2 2 2 2 2 2 2 2 2 2 2 2 2 1 2 2 2 2 2 2 2 2 2 2 2
left_child=2 3 21 5 25 -2 7 8 10 -10 -4 14 13 -13 -9 16 -16 18 19 -18 -19 -1 23 -5 -25 -3 27 -26 -29 -30
right_child=1 4 6 22 -6 -7 -8 11 9 -11 -12 12 -14 -15 15 -17 17 20 -20 -21 -22 -23 -24 24 26 -27 -28 28 29 -31
leaf_value=-0.016288240193811879 0.005915250947933496 0.0016200461043976906 0.2849199789492165 0.035485607713190058 -0.016042642790281565 -0.010677890506635271 -0.026699387779297402 -0.018966557625023243 0.067086515441450459 0.43065444845988249 -0.0096743714062242497 0.060179529297218842 -0.018947284285951303 0.32866431792218354 0.0084663975266237989 -0.019715502981657147 0.26213229415876055 0.48269956895377908 -0.033608547094195987 0.98697289320024018 -0.017052214889163714 -0.032188770552305353 -0.001836806295594359 0.017235945801797589 0.0065826995235478197 0.069294377106818975 0.010093460510902343 -0.020844115035120507 0.06678367907297407 0.0012137392668059447
leaf_weight=142.6097917649895 179.46426833234727 70.111040938645601 0.47054594848304976 35.044857755303383 365.89840907976031 344.34778216667473 99.716592714190483 159.67082750052214 0.49528877995908238 0.64582735486328602 2.0672939009964466 2.6378881167620416 3.2776870932430029 0.96421392541378725 48.582220400683582 28.672696968540549 0.67359583266079426 0.38691072165966067 0.36647216789424297 0.39185620658099651 3.0034883068874478 533.40808749571443 498.59312419593334 218.52265571057796 2094.0818261057138 6.7789532095193854 955.61155438795686 66.408638935536146 12.25374463200569 1506.6539852246642
leaf_count=9277 4170 615 21 176 4930 16864 6520 11932 22 28 92 59 125 45 3109 2136 28 12 31 22 204 49034 3237 626 7806 32 3027 253 38 6125
internal_value=-0.000396471 0.00328705 -0.0231623 0.00442766 -0.0119395 -0.00499288 -0.0122697 -0.00656686 0.115637 0.272852 0.044947 -0.00837512 0.0601103 0.132048 -0.0103241 0.00648866 0.0205576 0.142369 0.384801 0.528717 0.0399792 -0.0288345 0.00534365 0.006076 0.00586364 0.00758651 0.00532748 0.00408967 0.000796564 0.00174272
internal_weight=7381.81 6353.77 1028.04 5910.98 442.788 523.812 352.023 252.307 3.67896 1.14112 2.53784 248.628 6.87979 3.6021 241.748 82.0772 53.4045 4.82232 1.43192 1.06545 3.3904 676.018 5387.17 4888.58 4853.53 76.89 4635.01 3679.4 1585.32 1518.91
internal_count=130596 47899 82697 42322 5577 21034 24386 17866 163 50 113 17703 229 104 17474 5542 3406 297 81 50 216 58311 21288 18051 17875 647 17249 14222 6416 6163
cat_boundaries=0 1
cat_threshold=4
is_linear=0
shrinkage=0.05


Tree=104
num_leaves=31
num_cat=2
split_feature=3 4 1 0 3 2 2 5 2 4 2 2 2 3 2 2 2 2 0 1 1 2 0 4 1 0 5 1 1 2
split_gain=134.879 21.2051 5.76635 7.46965 19.0481 7.81758 17.9447 6.03803 5.98398 13.4977 12.3057 5.39842 13.5854 4.65734 5.99935 8.02013 19.5394 8.61873 6.14867 8.07588 7.02021 7.88194 5.41953 5.19252 7.00627 5.86565 5.64025 5.07632 10.8074 7.65661
threshold=-6.4666728876018658 50.667246900856171 1976.5000000000002 4.3253446527777788 -28.148834086681287 2120.5000000000005 1976.5000000000002 0 14184.000000000002 12.771672403379386 14163.500000000002 15092.500000000002 15132.500000000002 -6.0523948069364035 12864.500000000002 13534.000000000002 13474.500000000002 12913.500000000002 3.4921350983796304 2975.5000000000005 1285.5000000000002 14916.500000000002 0.34354118634259267 0.39339827910599073 413.50000000000006 6.5453951678240765 1 1219.5000000000002 2044.5000000000002 10210.500000000002
decision_type=2 2 2 2 2 2 2 1 2 2 2 2 2 2 2 2 2 2 2 2 2 2 2 2 2 2 1 2 2 2
left_child=1 2 3 11 7 6 -6 8 9 -5 -11 -1 -13 14 -2 16 17 -16 19 20 21 -17 -15 -24 26 27 -25 -26 -29 -30
right_child=13 -3 -4 4 5 -7 -8 -9 -10 10 -12 12 -14 22 15 18 -18 -19 -20 -21 -22 -23 23 24 25 -27 -28 28 29 -31
leaf_value=-0.016394481289425885 -0.011850927653928455 -0.029556369029323439 -0.015502485074235656 0.51828314689996346 -0.033954641780865998 -0.0062732919993460524 0.20713875634336701 -0.033674512996341825 0.084094804185463071 -0.033470707734200571 0.41426449670789733 0.165230945482742 -0.034784659799716393 0.035802072691062996 0.12188004125979826 -0.034821305096229924 0.13740400010740098 -0.020034253388631205 -0.0092063056840680172 -0.022005796751873398 0.14853014493192498 0.093597731741399653 0.039266102146030081 0.011812655365366985 0.01537411716303832 -0.001798948032956168 -0.010324618692810934 -0.0060962188615561758 0.0044358912601611669 0.01425125930351316
leaf_weight=65.376079565146938 68.866199273616076 280.75996491429396 295.45253301062621 0.27176655363291491 1.6920227876398704 39.890651033259928 1.4191213452722877 0.8918694278690954 5.2327032410539687 0.49740209383890033 0.22193767130374908 1.4394384981133037 2.0695046393666416 17.473654180765152 1.2661390081047992 2.191229619085787 3.9510611351579419 6.9017794709652662 36.687577259726822 4.0530448071658611 1.9074980840086935 2.6277143098413944 12.991429999470709 41.885667040944099 294.18343766219914 123.11793061904609 91.912485525012016 121.0287388022989 355.12141267769039 451.0238836016506
leaf_count=7292 2113 73330 33853 31 115 3415 19 124 98 84 2 26 149 75 16 47 39 190 947 119 41 26 41 161 1445 793 510 813 2195 2487
internal_value=-0.000495293 -0.0189467 -0.0117595 -0.00246669 0.0122195 -0.000319584 0.076018 0.0879964 0.105432 0.218084 0.104669 -0.0131517 0.0472657 0.0073399 -0.00179967 0.00981701 0.0461208 0.0019644 0.000548171 0.0337472 0.0673413 0.0352041 0.00811803 0.00779365 0.00751706 0.00860295 -0.00339452 0.0096515 0.00783577 0.00992741
internal_weight=2332.41 695.215 414.455 119.002 50.1175 43.0018 3.11114 7.11568 6.22381 0.991106 0.71934 68.885 3.50894 1637.19 128.452 59.586 12.119 8.16792 47.4671 10.7795 6.72644 4.81894 1508.74 1491.26 1478.27 1344.48 133.798 1221.36 927.174 806.145
internal_count=130596 118538 45208 11355 3888 3549 134 339 215 117 86 7467 175 12058 3538 1425 245 206 1180 233 114 73 8520 8445 8404 7733 671 6940 5495 4682
cat_boundaries=0 1 2
cat_threshold=4 8
is_linear=0
shrinkage=0.05


Tree=105
num_leaves=31
num_cat=1
split_feature=3 4 0 5 0 0 3 4 3 2 2 1 3 2 0 2 1 0 2 4 3 3 2 2 3 2 2 3 4 3
split_gain=294.153 44.1962 14.7209 14.132 13.5744 13.4004 18.7979 20.1342 12.9336 12.4724 22.1961 12.2009 10.1146 16.8483 13.1702 8.90893 8.8807 8.96009 8.85782 9.79015 8.97275 8.71715 9.87006 20.8956 9.03936 8.77077 10.685 18.513 8.67232 8.57974
threshold=-10.220908802160311 42.7426932216746 3.3555170891203701 0 5.1279351157407413 3.7402859027777784 -19.812620512908079 8.5395426052325742 -28.575531531132107 12544.500000000002 12590.500000000002 2416.5000000000005 -8.0343750354346799 722.50000000000011 0.24308233796296302 15489.500000000002 22606.500000000004 6.8842725057870382 14838.500000000002 16.583014443101831 -6.4666728876018658 -7.7797611397542754 5975.0000000000009 6381.5000000000009 -7.9467294757955615 8065.5000000000009 8163.5000000000009 -8.8746814523594377 0.00030971032446835007 -24.929411245352206
decision_type=2 2 2 1 2 2 2 2 2 2 2 2 2 2 2 2 2 2 2 2 2 2 2 2 2 2 2 2 2 2
left_child=1 3 12 -1 -3 8 7 -7 -5 28 -11 29 13 -2 -14 -13 -8 -18 -16 -20 -21 22 -4 24 -24 -25 27 -27 -10 -12
right_child=2 4 21 5 -6 6 16 -9 9 10 11 15 14 -15 18 -17 17 -19 19 20 -22 -23 23 25 -26 26 -28 -29 -30 -31
leaf_value=0.029604657093362588 -0.079235744613094045 0.030420746720731452 0.014635540394438179 0.030822000340104839 0.012668444519261713 -0.26185826150267694 0.013193134524110845 -0.016048431106032192 -0.042120083149716048 -0.15881701304580853 -0.070380761170820677 0.028719809015813731 -0.037822745227232467 0.0093245983984900829 -0.0064079755452508677 -0.1309962366446101 -0.010190422829665969 -0.16007615742973993 -0.025588877331227274 -0.014910841024376823 0.024356385712926185 -0.002985440463848423 -0.06359369294734879 0.023857121089911105 0.019086441433021399 -0.23251156160966593 0.00052423531440076265 0.043392880877798301 0.025222065338501898 -0.0087006436953780235
leaf_weight=85.427322038449347 5.5942165311425915 744.18994517438114 146.03005310893059 94.908728364855051 125.90179579332471 0.84079132229089637 180.02952549234033 90.579830545932055 5.0852281358093014 2.3120668530464163 6.4553892295807591 28.677300987765197 36.656484164297581 134.3137534474954 1704.3505832776427 0.90052689798176189 32.713239304721355 1.0284306630492199 130.00764924287796 43.923442974686623 21.752956502139568 4816.8228263221681 17.649885185062889 42.011907733976841 4.0676572024822226 1.3084905697032811 433.90982042253017 1.1357012130320061 79.862080134451389 44.525596154853702
leaf_count=5347 41 57961 2071 4713 8053 11 6374 3183 111 29 150 1153 208 3301 5520 16 1040 27 402 137 78 18028 155 667 16 27 7169 13 3250 1345
internal_value=0.000433033 0.0204723 -0.0036161 0.0106444 0.027852 0.00779234 0.000666245 -0.0183091 0.0160702 0.00772744 -0.0060732 -0.00168939 -0.00719955 0.00578352 -0.00813746 0.0238571 0.00878119 -0.0147589 -0.00756476 -0.01764 -0.00190498 -0.00225393 0.0031995 -0.000139953 -0.0481079 0.00203776 -6.29924e-05 -0.104312 0.0211907 -0.0165108
internal_weight=9062.97 1523.44 7539.54 653.346 870.092 567.919 305.192 91.4206 262.727 167.818 82.8709 80.5588 2076.6 139.908 1936.69 29.5778 213.771 33.7417 1900.03 195.684 65.6764 5462.94 646.114 500.083 21.7175 478.366 436.354 2.44419 84.9473 50.981
internal_count=130596 92763 37833 26749 66014 21402 10635 3194 10767 6054 2693 2664 9687 3342 6345 1169 7441 1067 6137 617 215 28146 10118 8047 171 7876 7209 40 3361 1495
cat_boundaries=0 1
cat_threshold=1
is_linear=0
shrinkage=0.05


Tree=106
num_leaves=31
num_cat=1
split_feature=3 3 0 3 2 4 1 3 4 3 2 2 2 1 2 2 2 4 0 2 2 1 4 4 0 2 5 2 1 2
split_gain=226.146 41.0803 25.1395 17.5015 13.4736 12.1034 11.6506 11.3154 18.6567 12.6246 11.7661 13.3518 31.6394 33.1204 39.9189 18.4173 35.655 16.2117 12.5135 11.442 10.8629 10.6137 31.5356 42.0028 10.4086 10.019 9.58247 17.7722 14.6372 16.3901
threshold=-12.702130232536012 -5.5700056233421522 3.7402859027777784 -8.199179859084337 3730.0000000000005 12.771672403379386 3435.5000000000005 -14.823185543372469 7.3365338571321503 -16.288741717529309 15222.500000000002 14116.500000000002 13293.500000000002 4394.5000000000009 13338.000000000002 13826.500000000002 13862.500000000002 8.8502927588511309 4.6395348900462965 15266.500000000002 14356.500000000002 38054.500000000007 83.933244842588095 56.157940091236902 2.423712876157408 3644.5000000000005 0 722.50000000000011 4394.5000000000009 1976.5000000000002
decision_type=2 2 2 2 2 2 2 2 2 2 2 2 2 2 2 2 2 2 2 2 2 2 2 2 2 2 1 2 2 2
left_child=2 3 6 5 25 -2 -1 8 9 -4 11 12 -10 14 -14 -16 -17 -18 19 -12 -11 -15 23 -23 -5 26 28 -28 -3 -30
right_child=1 4 7 24 -6 -7 -8 -9 10 20 18 -13 13 21 15 16 17 -19 -20 -21 -22 22 -24 -25 -26 -27 27 -29 29 -31
leaf_value=-0.01567161598706138 0.0058715049713394234 -0.029591550247719384 0.31814395897117786 0.0099901230258775606 -0.015751483975090051 -0.010198361752673017 -0.032085485447472507 -0.026395753977175924 -0.011175000446453889 0.0064823447393413426 0.23306002619538499 -0.026672870342116285 0.41399300878754963 -0.0035881891975569971 -0.014343854172183319 0.38793986033249239 0.27892971019880675 -0.0096024157987138689 0.0072581767064356043 0.015264066906577693 0.19614327409169682 0.055486489677893429 -0.033573849144126804 0.73045178947568301 0.0040423056824617559 0.063914569282595701 0.031283763720070953 -0.032360232307697738 -0.026250919327349416 0.092227324024944796
leaf_weight=137.79177085775882 179.48170926515013 7.0367493927478817 0.56794485263526429 878.61063462868333 361.03197847306728 337.50793599523604 501.87298883590847 95.758417183533311 133.2201586579904 2.4761051656678315 1.4938955362886184 78.901727222837508 1.113683015108111 14.963615094311537 2.5588732110336423 1.1785597093403342 0.63689707219600711 2.0661845272406936 4.7948029860854149 1.0112308021634815 1.0861300341784952 0.55859451368451063 1.510118920356035 0.39241158030927181 4517.7007832676172 7.0858570784330359 16.633894503116608 32.208005607128143 4.0822788327932349 10.244399249553679
leaf_count=9277 4170 61 21 2964 4930 16864 49034 6520 9423 104 37 6363 22 1206 129 14 14 108 149 43 38 27 145 23 18324 32 57 411 27 59
internal_value=-0.000381369 0.00307398 -0.0226864 0.00416876 -0.0116954 -0.00461944 -0.0285497 -0.0117927 -0.00616615 0.0992151 -0.00794701 -0.009872 -0.00149257 0.0501467 0.137589 0.0897933 0.158443 0.0583812 0.0545765 0.145144 0.0643102 0.0122377 0.108459 0.333996 0.00501071 0.00725081 0.00153171 -0.0106852 0.0294626 0.0584678
internal_weight=7335.58 6351.62 983.954 5913.3 438.323 516.99 639.665 344.289 248.531 4.13018 244.401 237.101 158.199 24.9789 7.5542 6.44051 3.88164 2.70308 7.29993 2.50513 3.56224 17.4247 2.46113 0.951006 5396.31 77.2912 70.2053 48.8419 21.3634 14.3267
internal_count=130596 47899 82697 42322 5577 21034 58311 24386 17866 163 17703 17474 11111 1688 287 265 136 122 229 80 142 1401 195 50 21288 647 615 468 147 86
cat_boundaries=0 1
cat_threshold=8
is_linear=0
shrinkage=0.05


Tree=107
num_leaves=31
num_cat=2
split_feature=3 4 3 3 2 2 2 4 5 2 3 2 2 2 5 3 4 2 2 2 0 2 3 2 0 4 4 2 0 1
split_gain=124.686 17.9769 10.217 8.17972 10.562 40.089 22.7683 8.99342 7.4836 8.48923 12.1446 10.3784 7.98611 6.40517 5.2214 11.3125 10.5289 10.344 6.64139 19.8454 9.34453 13.3622 21.0849 6.6343 22.2923 7.33943 7.90242 5.95827 5.72153 6.68468
threshold=-6.9170352432702478 42.7426932216746 -6.0523948069364035 -6.8493970753394056 8938.0000000000018 10884.500000000002 10822.000000000002 3.5327068242902757 0 14847.500000000002 -6.6262606913584756 14946.500000000002 2538.5000000000005 4543.5000000000009 1 -14.417993489357483 15.728093583246443 15489.500000000002 6897.5000000000009 6305.5000000000009 4.9832883159722234 6598.5000000000009 -12.168482182683231 4901.5000000000009 5.2408985648148159 14.02817224716301 0.0004979401466143501 13095.500000000002 4.1852252141203721 43621.000000000007
decision_type=2 2 2 2 2 2 2 2 1 2 2 2 2 2 1 2 2 2 2 2 2 2 2 2 2 2 2 2 2 2
left_child=1 13 3 4 -2 6 -6 8 9 10 12 -11 -5 -1 15 16 23 28 19 -16 21 -21 -23 24 -15 26 -25 -27 -18 -30
right_child=2 -3 -4 7 5 -7 -8 -9 -10 11 -12 -13 -14 14 18 -17 17 -19 -20 20 -22 22 -24 25 -26 27 -28 -29 29 -31
leaf_value=-0.026902980149441248 -0.033864218894875835 -0.029982319518761753 0.0076535620873440322 0.17544200518127639 0.016474923923907741 -0.0017669519710474175 0.30905628072266539 -0.010047035137087677 -0.010973108878573012 0.14819739201372728 -0.020196356306579524 0.0094661134443492691 0.006492873034759406 -0.033471323819290008 -0.033604451204835711 -0.014600524024271824 -0.030656239247679757 0.1407845682149812 -0.022953673886123245 0.077125770966717189 0.0047210615711666308 0.55094099501984262 0.06908625348018807 0.068779895671156097 0.80824407670816323 -0.033493839849228164 -0.0024159355368722794 0.085532397084186404 0.0044031604311566153 0.15470755436218439
leaf_weight=59.963671870296821 4.3553171930834642 272.92843992239796 1516.1461776290089 1.6176129169762128 0.98958626668900107 7.7520957170054317 2.0267952755093575 187.06958757899702 10.617800757288933 3.3641395401209602 6.9421736672520629 2.2495657280087471 1.2323197051882742 0.23281109472736972 9.6848569747526216 81.100777456536889 17.5121893726755 1.1400800487026561 84.645002049393952 3.0913543717470011 2.5809620090294629 0.42733873426914215 0.48433514311909664 5.2392135164700511 0.11880241939797997 1.2124072895385305 15.219883619341998 7.9181125066243112 10.463975226506587 0.79600985441356975
leaf_count=8355 199 76359 8520 11 40 324 31 6530 281 22 160 44 40 38 1236 8443 3356 39 12014 142 171 30 25 318 18 189 1759 187 1656 59
internal_value=-0.000485963 -0.0206832 0.00616894 -0.00369408 0.0318379 0.0584112 0.213069 -0.00621588 0.0213242 0.0435838 0.015481 0.092604 0.102388 -0.0122745 -0.00864788 -0.00243189 0.0140565 -0.00692455 -0.0173302 0.0119279 0.0789046 0.126735 0.294951 0.0350172 0.250926 0.0324516 0.0158161 0.0697274 -0.0127774 0.0150287
internal_weight=2319.12 574.76 1744.36 228.217 15.1238 10.7685 3.01638 213.093 26.0236 15.4058 9.79211 5.61371 2.84993 301.832 241.868 140.954 59.8535 29.9123 100.914 16.2688 6.58399 4.00303 0.911674 29.9412 0.351614 29.5896 20.4591 9.13052 28.7722 11.26
internal_count=130596 114394 16202 7682 594 395 71 7088 558 277 211 66 51 38035 29680 16062 7619 5110 13618 1604 368 197 55 2509 56 2453 2077 376 5071 1715
cat_boundaries=0 1 2
cat_threshold=8 4
is_linear=0
shrinkage=0.05


Tree=108
num_leaves=31
num_cat=2
split_feature=3 4 5 3 0 1 5 4 2 1 2 2 2 3 2 2 3 2 2 4 4 2 2 3 2 2 2 2 2 3
split_gain=267.077 43.7035 14.0021 14.2739 13.0538 12.9476 12.5803 15.0385 12.508 11.1685 13.7013 30.4686 16.9307 16.0736 15.4748 17.5171 17.0026 33.5185 16.5866 17.9708 13.5333 14.3839 16.566 14.2209 21.7873 13.4069 13.3907 32.2463 20.4542 18.5466
threshold=-10.220908802160311 66.037702375559618 0 -8.5236756886338156 4.3545591261574081 1044.5000000000002 1 20.882092430422869 15222.500000000002 11873.500000000002 4645.5000000000009 2793.0000000000005 5975.0000000000009 -6.8182993190962202 7106.0000000000009 8577.5000000000018 -6.5634398366489224 8341.5000000000018 7480.0000000000009 28.39612656434981 65.053736679763801 6792.5000000000009 7990.5000000000009 -7.0097055561422907 9971.5000000000018 5438.0000000000009 14738.500000000002 14608.500000000002 14548.500000000002 -7.2565294350624425
decision_type=2 2 1 2 2 2 1 2 2 2 2 2 2 2 2 2 2 2 2 2 2 2 2 2 2 2 2 2 2 2
left_child=1 6 5 -4 -3 -2 -1 -8 -9 10 11 -7 13 -12 -14 16 18 -18 19 -16 21 -11 -23 24 -24 -15 27 28 -17 -28
right_child=2 4 3 -5 -6 9 7 8 -10 20 12 -13 14 25 15 26 17 -19 -20 -21 -22 22 23 -25 -26 -27 29 -29 -30 -31
leaf_value=0.029756934422158772 -0.013939079134919576 0.032930280808451756 0.013141444381736315 -0.0019604033071877625 0.015538654664102276 -0.0079210158267554922 0.0024181159047580222 0.018757079114260514 -0.031942540671286462 -0.01984493948055345 -0.00049318476729894587 0.025930974150137332 0.018651352484055184 -0.023738291432112497 -0.047118246970045019 0.00090670356045739623 0.017765393540459952 -0.091589650243152243 -0.027246920740567889 -0.17213957616063361 -0.003065998083425689 0.020403527480305415 -0.057675167910363812 -0.00051676096222121038 -0.01161988203544544 -0.077694106667738558 0.013202371162896617 0.033940356598536739 -0.031510019083278315 -0.018006129226701674
leaf_weight=89.190998629666865 416.69689589552581 531.59076750371605 163.13123106025159 3829.9361271895468 135.36909373290837 134.96771861612797 348.08910515345633 348.18113305885345 12.605641169473527 347.90610032342374 37.870245043188334 130.97138829529285 83.10578365623951 30.945644974708557 7.9609929397702199 638.14793999120593 40.50504694879055 8.4730540215969068 46.159834364429116 4.4985755812376738 804.80308082979172 51.902099685743451 32.020795555785298 187.98114770650864 129.66738511435688 18.334113597869873 61.083837943151593 70.471507234498858 52.678301606327295 215.74967683106661
leaf_count=5915 1476 47056 5536 16947 10177 496 11178 18263 174 1403 208 568 366 94 41 2817 138 31 206 27 3896 212 151 583 769 55 429 436 251 697
internal_value=0.000417782 0.0199538 -0.00337508 -0.00134344 0.0294004 -0.00565841 0.0120591 0.00983236 0.0169857 -0.00455819 -0.00160061 0.00875063 -0.00369242 -0.0249883 -0.0021821 -0.00369327 -0.022897 -0.00115268 -0.041065 -0.0922577 -0.00756838 -0.0124031 -0.0059558 -0.00986837 -0.0207407 -0.0438121 -0.00170289 0.00172146 -0.0015652 -0.0111199
internal_weight=9011 1465.03 7545.97 3993.07 666.96 3552.9 798.067 708.876 360.787 3136.2 1581.92 265.939 1315.98 87.15 1228.83 1145.73 107.598 48.9781 58.6194 12.4596 1554.28 749.478 401.571 349.669 161.688 49.2798 1038.13 761.298 690.826 276.834
internal_count=130596 92763 37833 22483 57233 15350 35530 29615 18437 13874 6860 1064 5796 357 5439 5073 443 169 274 68 7014 3118 1715 1503 920 149 4630 3504 3068 1126
cat_boundaries=0 1 2
cat_threshold=8 1
is_linear=0
shrinkage=0.05


Tree=109
num_leaves=31
num_cat=1
split_feature=3 3 0 3 2 2 2 1 1 1 1 3 0 2 3 0 4 1 5 2 2 2 2 2 1 2 4 2 2 3
split_gain=206.54 38.4984 24.8128 14.9912 12.7335 12.0946 12.1062 17.6521 32.5616 11.8985 11.8625 11.0398 13.6421 12.8589 10.1086 11.0309 11.2441 12.38 10.4083 11.9036 20.3698 20.5415 34.1832 21.1111 18.0331 52.6445 14.3872 13.2365 17.851 14.5297
threshold=-12.702130232536012 -5.5700056233421522 3.7402859027777784 -8.199179859084337 3730.0000000000005 15062.500000000002 15132.500000000002 15858.500000000002 26974.500000000004 3435.5000000000005 413.50000000000006 -14.7410037632214 5.4150955034722239 15222.500000000002 -6.0867691321245561 0.26823291087962969 3.8867423158524548 301.50000000000006 0 3371.5000000000005 3961.5000000000005 5223.0000000000009 7413.5000000000009 8163.5000000000009 11448.500000000002 3874.0000000000005 164.59513124366583 9049.5000000000018 9772.5000000000018 -6.2626880638303701
decision_type=2 2 2 2 2 2 2 2 2 2 2 2 2 2 2 2 2 2 1 2 2 2 2 2 2 2 2 2 2 2
left_child=2 3 9 5 -3 -2 7 10 -9 -1 -7 12 13 -4 15 -5 -17 -18 -19 26 24 -22 -23 -24 25 -21 -20 29 -29 -25
right_child=1 4 11 14 -6 6 -8 8 -10 -11 -12 -13 -14 -15 -16 16 17 18 19 20 21 22 23 27 -26 -27 -28 28 -30 -31
leaf_value=-0.015062206521717395 -0.0058916137331468353 0.0068902918751244692 -0.017188918891780151 0.03438710096998595 -0.015483073859031891 0.072184276048898557 -0.016084380008612922 0.35267326251214087 -0.034109323626054559 -0.031978219247612502 -0.034467749316758521 -0.026406228164778348 0.0099057164466725845 0.063584754614039549 -0.0020620124908158816 0.012586201184292692 -0.028012702523600986 0.0070156006148915807 -0.010993205206615678 -0.028287537004226412 -0.020345461379637123 0.020781165226044444 -0.024119258973749932 0.012941299131891834 0.053806888554990898 0.1498670140030044 0.069273657982679163 -0.023765151663751625 0.0022862194299736547 0.07255192330854987
leaf_weight=133.2887204606086 488.47691803239286 77.395123563706875 154.4276989037171 32.595697537064552 356.66663963720202 7.6341082900762576 8.2190246321260911 1.2886767815798514 0.94182806741446246 472.3180174138397 3.9594745142385364 89.208206184208393 88.05836140923202 5.089643375016748 500.54422593489289 466.36474008858204 29.224615674465895 2244.4884344488382 213.58816852793097 24.770221415907148 94.030526861548424 249.53967718407512 80.451124478131533 82.079570297151804 37.048817593604326 4.9804112091660491 5.7325184792280188 69.375295303761959 1260.7231750749052 11.67649622261524
leaf_count=9277 20532 647 12115 176 4930 23 291 21 40 49034 127 6330 5794 147 3237 1402 129 7339 880 113 383 940 327 315 140 20 16 296 5538 37
internal_value=-0.000361682 0.00287911 -0.0222049 0.00393335 -0.0114938 -0.00425678 0.0319713 0.0605425 0.189355 -0.0282552 0.0357602 -0.0113253 -0.00589129 -0.0146117 0.00470662 0.00539711 0.00520324 0.00442207 0.00463856 0.00213845 0.00340232 0.00242178 0.00364242 0.000799387 0.0305271 0.00153646 -0.00889522 0.00220735 0.000927432 0.0203653
internal_weight=7294.19 6351.8 942.391 5917.73 434.062 510.52 22.0431 13.8241 2.2305 605.607 11.5936 336.784 247.576 159.517 5407.21 4906.67 4874.07 4407.71 4378.48 2134 1914.68 1847.88 1753.85 1504.31 66.7995 29.7506 219.321 1423.85 1330.1 93.7561
internal_count=130596 47899 82697 42322 5577 21034 502 211 61 58311 150 24386 18056 12262 21288 18051 17875 16473 16344 9005 8109 7836 7453 6513 273 133 896 6186 5834 352
cat_boundaries=0 1
cat_threshold=8
is_linear=0
shrinkage=0.05


Tree=110
num_leaves=31
num_cat=2
split_feature=3 4 3 3 2 2 1 4 5 2 3 2 2 2 0 0 5 3 4 2 3 2 4 4 2 2 0 2 3 1
split_gain=114.974 17.6486 9.29899 7.41307 9.32466 29.3926 16.134 8.39094 6.77944 7.28678 10.6494 8.57496 6.24566 6.2119 5.06577 4.99632 4.95079 10.5083 9.2748 8.91128 8.29437 7.39295 6.54208 6.73866 6.28194 17.0963 7.05164 7.34342 7.5957 5.39456
threshold=-6.9170352432702478 42.7426932216746 -6.0523948069364035 -6.8493970753394056 8938.0000000000018 10884.500000000002 14706.500000000002 3.5327068242902757 0 14847.500000000002 -6.6262606913584756 14946.500000000002 2538.5000000000005 4543.5000000000009 0.34354118634259267 6.7875911747685196 1 -14.417993489357483 15.728093583246443 15222.500000000002 -17.814883022002572 4763.5000000000009 14.02817224716301 0.0004979401466143501 6897.5000000000009 6305.5000000000009 4.9832883159722234 6598.5000000000009 -12.168482182683231 21697.500000000004
decision_type=2 2 2 2 2 2 2 2 1 2 2 2 2 2 2 2 1 2 2 2 2 2 2 2 2 2 2 2 2 2
left_child=1 13 3 4 -2 6 -6 8 9 10 12 -11 -5 -1 -4 -7 17 18 21 -20 -21 -15 23 -23 25 -18 27 -27 -29 -28
right_child=2 -3 14 7 5 15 -8 -9 -10 11 -12 -13 -14 16 -16 -17 24 -19 19 20 -22 22 -24 -25 -26 26 29 28 -30 -31
leaf_value=-0.026652673105180616 -0.03384677750642006 -0.029803472808933751 0.034639462717793501 0.15213191797281597 0.24070834073485498 -0.013065136171198716 0.011239214370379788 -0.0098287103952501911 -0.010721299778754051 0.13293019583841265 -0.019895567761745527 0.0089988734856064363 0.0062680395852747406 0.26709218203422241 0.0069037836232641071 0.14066929022263844 -0.033596190292800088 -0.014258223461241946 -0.016390453726170293 0.025345813088602398 0.2085945418895534 0.061312037238839684 0.064584250419856645 -0.0026798133103191238 -0.022623584073771678 0.068373491016872498 -0.034026288668591177 0.31735624853248756 0.064187116745405434 0.13890304529596287
leaf_weight=57.846530863083899 4.2169794635847202 259.85426435619593 16.644685119390488 1.7999820075929158 2.5169428223744021 7.1757776103913784 1.1011235201731322 185.46874930057675 10.510828405618668 3.6185456626117238 6.8116846550256005 2.2721979785710573 1.2390559855848549 0.33257368579507129 1508.0044274581596 0.57052381150424469 9.2938025847543049 79.692288865335286 26.202665926888589 2.506311528384686 0.81938709318637748 5.622361680492765 9.4580249325372261 15.334810778498648 82.133016680600122 3.341281824046745 2.0551319012884055 0.71031803172081709 0.50826213881373383 0.57776765711605538
leaf_count=8355 199 76359 75 11 34 304 37 6530 281 22 160 44 40 38 8445 20 1236 8443 5023 72 15 318 378 1775 12014 142 132 30 25 39
internal_value=-0.000488015 -0.0202914 0.00580006 -0.00363424 0.0296506 0.0532126 0.170872 -0.0060838 0.0203735 0.0411359 0.0148293 0.085127 0.0926613 -0.0119531 0.00720658 -0.00174242 -0.00838919 -0.00234345 0.0134093 -0.00660482 0.0704947 0.0326297 0.030066 0.0144878 -0.0169698 0.0111965 0.0690733 0.106692 0.211761 0.0039216
internal_weight=2308.24 556.289 1751.95 227.302 15.5813 11.3644 3.61807 211.721 26.2523 15.7415 9.85072 5.89074 3.03904 296.435 1524.65 7.7463 238.588 139.968 60.2761 29.5284 3.3257 30.7478 30.4152 20.9572 98.6196 16.4866 7.19276 4.55986 1.21858 2.6329
internal_count=130596 114394 16202 7682 594 395 71 7088 558 277 211 66 51 38035 8520 324 29680 16062 7619 5110 87 2509 2471 2093 13618 1604 368 197 55 171
cat_boundaries=0 1 2
cat_threshold=8 4
is_linear=0
shrinkage=0.05


Tree=111
num_leaves=31
num_cat=3
split_feature=3 4 3 0 1 5 0 3 4 5 1 0 1 4 2 0 3 2 2 2 2 1 4 2 3 1 0 4 5 3
split_gain=242.763 34.3649 20.3604 14.3779 14.2424 14.199 12.6148 21.3944 13.9262 12.5123 11.4321 19.4556 11.6949 23.3273 12.9654 11.1976 10.6194 10.6631 20.3687 9.89549 29.5538 13.6504 11.0145 9.0282 11.4972 13.308 8.96929 8.96555 8.55922 11.3743
threshold=-12.702130232536012 66.037702375559618 -8.2408989977791709 2.1004641203703707 1567.5000000000002 0 3.7402859027777784 -19.812620512908079 8.5395426052325742 1 27497.000000000004 5.4739552199074089 2815.5000000000005 10.178710220534201 15222.500000000002 5.4150955034722239 -28.575531531132107 12544.500000000002 12590.500000000002 9879.5000000000018 8341.5000000000018 39096.500000000007 49.757308032761053 14184.000000000002 -24.929411245352206 2117.5000000000005 0.24308233796296302 32.608050211366837 2 -22.580540053075829
decision_type=2 2 2 2 2 1 2 2 2 1 2 2 2 2 2 2 2 2 2 2 2 2 2 2 2 2 2 2 1 2
left_child=1 5 4 26 9 -1 16 8 -8 -2 12 -12 28 -14 -15 -3 -7 -18 -19 20 21 -13 -21 24 25 -20 -4 -16 29 -10
right_child=2 15 3 -5 -6 6 7 -9 10 -11 11 19 13 14 27 -17 17 18 23 22 -22 -23 -24 -25 -26 -27 -28 -29 -30 -31
leaf_value=0.033016202582969577 -0.025604975859768606 0.032348538547362464 -0.033788677494021944 -0.0026707166654004015 0.010357588576273566 0.027407126730730199 -0.19016225488432384 0.015916139733858581 -0.053997614575063774 0.0056260537251705024 -0.0051747854640226418 0.033963149219464701 -0.20757823125718489 0.017744742598400736 0.011579871332644633 0.0067663869693519209 0.021918261391690248 -0.14823464525476182 0.0061690008860350682 -0.019706576141776715 -0.47894746213866779 -0.25828486005466422 -0.21247953347892976 0.011791771823669911 -0.0088866719150277104 -0.17089568213685422 -0.008360886750958944 -0.12632228314115315 0.016338312742971484 0.034047861511324121
leaf_weight=78.557945538312197 58.343534236773849 529.86484785471112 36.092012535780668 6274.4406881295145 453.8873651670292 138.18740144371986 1.1024892628192891 133.14135785959661 24.619294330477715 71.216900994069874 8.8904310623183829 0.96157840453088217 1.2408486381173123 59.053644700907171 2.0541317369788876 46.531679884530604 65.692171103321016 2.4401332885026923 1.7728105969727064 2.7752163205295806 0.6819506213068961 0.68362080864608288 1.0109104458242653 43.825015224516392 16.326609558425844 2.6435899417847395 886.54451629146934 2.7652999609708786 8.4437773656100017 4.3104292806237963
leaf_count=5604 725 49515 221 24142 18361 7834 11 5743 630 1652 310 37 35 2913 26 3577 3192 27 60 77 19 18 29 1786 714 57 2798 28 304 151
internal_value=0.000402725 0.0215602 -0.00279944 -0.00352769 0.00618387 0.0131966 0.0102174 0.00215919 -0.0132853 -0.00843787 -0.0116256 -0.0523886 -0.00565805 0.00713805 0.0113093 0.0302833 0.0177059 0.00760352 -0.00643009 -0.121051 -0.202191 -0.0874731 -0.0711777 -0.00107106 -0.0282471 -0.0998192 -0.00935558 -0.0675458 -0.027952 -0.0408791
internal_weight=8958.1 1177.58 7780.53 7197.08 583.448 601.181 522.623 251.735 118.594 129.56 117.491 15.0037 102.487 65.1139 63.8731 576.397 270.888 132.7 67.0082 6.11328 2.32715 1.6452 3.78613 64.568 20.743 4.4164 922.637 4.81943 37.3735 28.9297
internal_count=130596 82697 47899 27161 20738 29605 24001 10331 4588 2377 4577 490 4087 3002 2967 53092 13670 5836 2644 180 74 55 106 2617 831 117 3019 54 1085 781
cat_boundaries=0 1 2 3
cat_threshold=1 8 4
is_linear=0
shrinkage=0.05


Tree=112
num_leaves=31
num_cat=0
split_feature=3 3 0 3 1 2 2 3 4 2 1 0 1 0 2 1 4 2 3 2 2 1 2 0 2 2 1 4 2 1
split_gain=187.978 35.7664 24.7555 12.9057 12.0998 12.0891 11.1413 10.9532 16.0602 10.8759 11.9325 19.5381 10.8905 10.4866 11.6389 10.379 17.5505 21.8044 10.0268 9.62929 20.106 15.3199 19.3347 9.45578 9.12007 26.1814 16.6142 17.0887 14.2508 19.8363
threshold=-12.702130232536012 -5.5700056233421522 3.7402859027777784 -8.199179859084337 3435.5000000000005 3730.0000000000005 15062.500000000002 -14.823185543372469 7.3365338571321503 15132.500000000002 15858.500000000002 4.0740392650462978 413.50000000000006 5.4150955034722239 15222.500000000002 946.50000000000011 0.00020095985555125003 14018.500000000002 -8.4793200033011384 14923.500000000002 14957.500000000002 809.50000000000011 14946.500000000002 4.5250034953703722 12544.500000000002 14184.000000000002 1158.5000000000002 65.053736679763801 14163.500000000002 2117.5000000000005
decision_type=2 2 2 2 2 2 2 2 2 2 2 2 2 2 2 2 2 2 2 2 2 2 2 2 2 2 2 2 2 2
left_child=2 3 4 6 24 -3 -2 8 15 10 12 -12 -8 14 -10 -4 -17 -18 -11 -7 21 22 -21 -5 -1 26 -26 28 29 -28
right_child=1 5 7 23 -6 19 9 -9 13 18 11 -13 -14 -15 -16 16 17 -19 -20 20 -22 -23 -24 -25 25 -27 27 -29 -30 -31
leaf_value=-0.031606235519213176 -0.005540870647467719 0.0065961811630148321 -0.034042572329360331 0.0066793671144344501 -0.031868632853594148 -0.018054597937620733 0.069119425367462836 -0.025773828688969897 -0.017548635833296217 -0.034276367741626755 -0.035333399637009398 0.25025111305079045 -0.0344212193433878 0.0071576830470087343 0.056823945115213971 -0.03390102145325613 0.10311595139998038 0.43561312867122859 0.15179778781279915 0.02548264843946061 -0.013693396413611954 -0.011305928589522656 0.19790692975429441 0.0024861915032170136 -0.012057226716001465 -0.025102735306555043 -0.010655262545369148 -0.03353930614940448 0.25623684759285309 0.12233649500268765
leaf_weight=48.65576883777976 482.53571004420519 77.803082928061485 1.247761946171521 2486.760735720396 445.02090302761644 314.06850538775325 7.7042923793196696 88.520204185508192 145.61677991971374 7.2515183351933956 0.91056666523218099 1.7497236067429183 3.7884164378046989 84.209155883640051 5.457645750604569 1.0374916819855573 1.4587629996240141 0.74482639133930195 0.8042881265282612 3.1404657661914808 27.524021621793509 3.8269353546202183 3.3711081594228745 2926.906870469451 11.415897919796409 52.519111966714263 4.3352285148575902 3.4343942310661069 1.1949673481285579 7.9373376201838255
leaf_count=3561 20532 647 44 9228 49034 4566 23 6520 11932 275 29 32 127 5625 146 44 56 19 16 25 285 36 18 12060 638 4072 269 386 14 337
internal_value=-0.000347903 0.00268809 -0.0216957 0.00369939 -0.0279544 -0.0112399 -0.00394719 -0.0107428 -0.00519359 0.030679 0.057077 0.152501 0.0349886 -0.00698097 -0.0148619 0.0884925 0.135666 0.215502 -0.0156988 -0.015183 0.00863726 0.0680878 0.114748 0.00441232 -0.0145028 -0.00420819 0.0345435 0.0660185 0.0914071 0.0753578
internal_weight=7250.95 6348.15 902.806 5918.41 574.514 429.734 504.745 328.293 239.772 22.2088 14.153 2.66029 11.4927 235.284 151.074 4.48884 3.24108 2.20359 8.05581 351.931 37.8625 10.3385 6.51157 5413.67 129.493 80.8369 28.3178 16.9019 13.4675 12.2726
internal_count=130596 47899 82697 42322 58311 5577 21034 24386 17866 502 211 61 150 17703 12078 163 119 75 291 4930 364 79 43 21288 9277 5716 1644 1006 620 606
is_linear=0
shrinkage=0.05


Tree=113
num_leaves=31
num_cat=2
split_feature=3 4 3 3 2 2 4 5 2 3 2 2 0 0 1 4 5 3 4 2 4 3 1 2 2 1 0 0 1 2
split_gain=106.054 17.3769 8.45642 6.76554 8.45263 33.4558 7.86366 6.13726 6.31557 9.44044 7.22335 6.08961 5.90651 4.89722 4.83818 4.96373 4.75047 9.94686 8.32233 8.0717 7.46766 6.48417 7.15775 6.01663 15.3083 5.73549 7.03845 5.63247 5.37245 8.65689
threshold=-6.9170352432702478 42.7426932216746 -6.0523948069364035 -6.8493970753394056 10822.000000000002 10884.500000000002 3.5327068242902757 0 14847.500000000002 -6.6262606913584756 14946.500000000002 4543.5000000000009 6.8186053703703715 0.34354118634259267 172.50000000000003 0.39339827910599073 1 -14.417993489357483 15.728093583246443 15025.500000000002 22.923179279297461 -17.814883022002572 764.50000000000011 6897.5000000000009 6305.5000000000009 43621.000000000007 5.4739552199074089 4.9832883159722234 301.50000000000006 14444.500000000002
decision_type=2 2 2 2 2 2 2 1 2 2 2 2 2 2 2 2 1 2 2 2 2 2 2 2 2 2 2 2 2 2
left_child=1 11 3 4 -2 -6 7 8 9 -5 -10 -1 -7 -4 -15 -16 17 18 -13 25 21 22 -21 24 -18 -20 -27 -26 29 -25
right_child=2 -3 13 6 5 12 -8 -9 10 -11 -12 16 -14 14 15 -17 23 -19 19 20 -22 -23 -24 28 27 26 -28 -29 -30 -31
leaf_value=-0.026418169903791894 -0.024333855794803946 -0.029619176535449928 0.034085877583539891 0.084793727423769061 0.19500203077189526 -0.013234580251577831 -0.0095972621595980193 -0.010380972200081844 0.12075153049557344 -0.019585719109913781 0.0085958531895112423 0.030948543144465081 0.16406395276152697 -0.0093322893205469715 0.043090399567564247 0.0067846606025114987 -0.03358762907607598 -0.01390772083622465 -0.024551463472251425 0.23929598205732747 0.0076945352656902118 0.25289308092613394 -0.033873339997191887 0.16096452767228697 0.093957809554290075 -0.03356938150105708 0.20234931074547166 0.0037328482367781483 -0.024537916938563289 -0.03368971964064528
leaf_weight=55.995668265735731 5.2235630247741929 247.59528774977662 16.279322788119316 3.2057097926735887 2.9984984546899778 7.2364075556397438 183.79923649318516 10.369072690606119 3.842077273875474 6.6804518122226009 2.2920397873967886 31.376844022423029 0.50235286913812149 46.677891436964273 9.4756381809711439 1459.2327978610992 8.9510264901909995 78.301643727812916 22.434517432237051 0.35892207641154505 3.574789222329855 0.6907321410253634 0.72255105571821332 1.0277704002801322 5.0011322621721765 0.62962820008396991 0.6349925035610795 2.6443781987763941 77.466784611809999 1.2857152661308644
leaf_count=8355 239 76359 75 51 31 309 6530 281 22 160 44 2509 15 208 28 8209 1236 8443 4668 5 257 16 57 109 197 71 36 171 11777 128
internal_value=-0.000472467 -0.019882 0.00547569 -0.00354959 0.0278338 0.0532129 -0.00593272 0.0195905 0.0389894 0.0142606 0.0788441 -0.0115999 -0.00172545 0.00680827 0.00651523 0.00701889 -0.00807059 -0.00214652 0.0130947 -0.0061917 0.0492989 0.133221 0.0567868 -0.0165977 0.0107928 -0.0187115 0.0848903 0.0627514 -0.0222957 0.0527858
internal_weight=2296.51 538.692 1757.82 226.149 15.9608 10.7373 210.189 26.3894 16.0203 9.88616 6.13412 291.097 7.73876 1531.67 1515.39 1468.71 235.101 138.725 60.423 29.0461 5.34699 1.77221 1.08147 96.3768 16.5965 23.6991 1.26462 7.64551 79.7803 2.31349
internal_count=130596 114394 16202 7682 594 355 7088 558 277 211 66 38035 324 8520 8445 8237 29680 16062 7619 5110 335 78 62 13618 1604 4775 107 368 12014 237
cat_boundaries=0 1 2
cat_threshold=8 4
is_linear=0
shrinkage=0.05


Tree=114
num_leaves=31
num_cat=3
split_feature=3 4 3 0 5 0 3 0 1 1 4 3 2 2 5 2 2 2 2 1 0 1 4 2 5 0 4 2 2 2
split_gain=221.137 34.1742 18.1136 16.8443 14.0203 11.855 19.8502 11.2498 11.1025 12.7562 10.8165 10.4718 9.9314 16.1644 9.78617 9.8596 14.0506 12.2779 13.0663 9.65111 14.0831 10.5764 18.0672 11.2097 9.56833 9.42121 9.77265 13.1027 37.0816 22.6845
threshold=-12.702130232536012 66.037702375559618 -7.9025691807160827 0.67034533564814824 0 3.7402859027777784 -19.812620512908079 5.4150955034722239 1567.5000000000002 20597.500000000004 8.5395426052325742 -28.575531531132107 12544.500000000002 12590.500000000002 1 13474.500000000002 14985.500000000002 14838.500000000002 13962.500000000002 27497.000000000004 5.4739552199074089 2815.5000000000005 10.178710220534201 15222.500000000002 2 4.2407709143518533 65.053736679763801 8065.5000000000009 8677.5000000000018 7480.0000000000009
decision_type=2 2 2 2 1 2 2 2 2 2 2 2 2 2 1 2 2 2 2 2 2 2 2 2 1 2 2 2 2 2
left_child=1 4 8 -4 -1 11 10 -3 24 -10 -7 -6 -13 -14 15 -5 17 18 -17 21 -21 -12 -23 -24 -2 26 27 29 -29 -16
right_child=2 7 3 14 5 6 -8 -9 9 -11 19 12 13 -15 25 16 -18 -19 -20 20 -22 22 23 -25 -26 -27 -28 28 -30 -31
leaf_value=0.03296253795373226 0.0038668705688751472 0.03225729525694114 -0.021358995174833455 0.022943130448926805 0.027086390040287768 -0.15695346399459095 0.015448257946619408 0.0063870093590905359 0.011577159087273001 -0.0023330840915324787 -0.026485989802514695 0.021353149450846997 -0.12393129690146998 -0.0011955877542273116 -0.0047227317238363285 -0.063260310129318265 0.048719970665594796 -0.068064877121089926 0.02099041280654506 -0.0054260547931139613 -0.10020307557370041 -0.16399060528355067 0.017283420514879157 -0.059241217807552343 -0.019810950474872517 -0.0018488125058053831 -0.0008547999507959635 -0.049828270394202019 -0.0088449406413458106 0.030293302652145554
leaf_weight=74.31201040558517 89.671597478911281 498.61207832768559 129.32706232368946 70.315641731023788 131.71759981662035 1.2872855365276326 129.79966059885919 45.890235521830618 475.58214812818915 252.2210181504488 38.040906282141805 62.799434353597462 2.7997513748705378 64.115675318054855 690.44847844541073 6.35501351207495 8.7470954805612546 10.23437090218067 16.682757541537285 8.830004805698989 7.0479933787137261 1.5122109577059735 57.442738510668278 5.2204823214560738 81.396822067908943 3978.1789008788764 750.37611799687147 58.065985657274723 1115.5232597440481 49.573385991156101
leaf_count=5604 1697 49515 573 332 7834 11 5743 3577 13071 7374 1085 3192 27 2617 2259 33 31 29 96 310 180 35 2913 54 972 14796 2440 186 3836 174
internal_value=0.000387498 0.0210625 -0.00261286 -0.00348451 0.012671 0.00971787 0.00191424 0.030077 0.00406247 0.00675655 -0.0128009 0.0171558 0.00707192 -0.00633087 -0.00314227 0.0114922 -0.00766994 -0.0224946 -0.00225031 -0.0112295 -0.0474961 -0.00559598 0.00678688 0.0109081 -0.00739938 -0.00338978 -0.00569092 -0.00758729 -0.0108727 -0.00237704
internal_weight=8912.13 1129.43 7782.7 6883.83 584.926 510.614 249.181 544.502 898.872 727.803 119.382 261.432 129.715 66.9154 6754.5 112.335 42.0192 33.2721 23.0378 118.094 15.878 102.216 64.1754 62.6632 171.068 6642.17 2663.99 1913.61 1173.59 740.022
internal_count=130596 82697 47899 24785 29605 24001 10331 53092 23114 20445 4588 13670 5836 2644 24212 521 189 158 129 4577 490 4087 3002 2967 2669 23691 8895 6455 4022 2433
cat_boundaries=0 1 2 3
cat_threshold=1 1 4
is_linear=0
shrinkage=0.05


Tree=115
num_leaves=31
num_cat=1
split_feature=3 3 0 3 0 1 3 0 4 4 2 2 1 5 2 2 4 2 1 4 2 1 0 2 1 2 2 1 4 4
split_gain=171.024 33.5028 24.4982 13.7065 13.1412 12.2415 10.6107 11.7627 11.4282 9.96186 10.9612 13.0687 10.3631 10.2193 9.85077 38.1856 21.8375 10.8705 11.3457 14.4565 10.186 14.4617 10.1412 9.89171 9.70888 8.92018 23.6711 13.9263 13.4723 11.3394
threshold=-12.702130232536012 -6.0867691321245561 3.7402859027777784 -7.9025691807160827 0.34354118634259267 3435.5000000000005 -14.7410037632214 5.4150955034722239 93.711369626705789 3.0725797804206416 977.50000000000011 1826.5000000000002 301.50000000000006 0 8263.5000000000018 8065.5000000000009 45.771623721351233 14856.500000000002 764.50000000000011 3.0725797804206416 14985.500000000002 15677.500000000002 4.2701468576388892 14923.500000000002 40864.500000000007 12544.500000000002 14184.000000000002 1158.5000000000002 65.053736679763801 56.157940091236902
decision_type=2 2 2 2 2 2 2 2 2 2 2 2 2 1 2 2 2 2 2 2 2 2 2 2 2 2 2 2 2 2
left_child=2 3 5 -2 -5 25 7 8 -4 10 -6 -12 -11 -14 15 24 22 -16 19 -19 21 -20 -17 -21 -3 -1 27 -27 29 -29
right_child=1 14 6 4 9 -7 -8 -9 -10 12 11 -13 13 -15 17 16 -18 18 20 23 -22 -23 -24 -25 -26 26 -28 28 -30 -31
leaf_value=-0.031469159482692959 -0.0020711545882212204 -0.0038584047876689211 -0.0039673889750338051 0.035803920834007026 -0.02976609104875233 -0.031751559490321893 -0.025744355140619863 0.0095272087337844591 -0.03353150105351075 -0.020417854881093482 0.05569652161873323 0.013028333767319331 0.0068373006157977454 0.0019420838366168381 -0.01345352420590263 0.084972874521186306 0.18032363366227108 -0.015266535634584567 -0.0041851848365482003 -0.009651842359408554 -0.031360831223795162 0.082452921570936241 -0.036483328492245413 0.054991110852949693 0.05493185817901225 -0.011782029594555099 -0.024676899427087756 0.060446829357734745 -0.033528811542944369 0.18101619370543856
leaf_weight=45.9886992033571 791.07865622546524 292.69818210974336 102.10072852857411 34.477510467171669 13.707646712660788 418.82494549360126 82.051750318147242 88.750723562203348 48.081452095881104 42.260651081800461 19.317395105957985 252.76601175963879 2199.2579049766064 2069.2711123079062 481.12468673475087 4.4002379737794381 4.2558573260903358 17.921685118228197 46.902128972113132 7.6570091396570197 31.281089786440134 5.3678686395287505 2.8201831020414829 26.05585190653801 7.1952425539493552 11.251543094404044 50.110949911177158 12.532456460408868 3.2260403288528314 2.3094660146161905
leaf_count=3561 23114 2516 6776 194 42 49034 6330 5794 5486 165 55 712 6696 8107 5218 28 27 141 331 50 268 30 36 128 41 638 4072 549 386 71
internal_value=-0.000332564 0.00250904 -0.0211868 0.0040113 0.0050503 -0.027648 -0.0102315 -0.00490418 -0.0134325 0.00481963 0.0138598 0.0160577 0.0042203 0.00446423 -0.00627139 0.000977432 0.090486 -0.00993361 0.00259373 0.0210195 -0.00879341 0.00471212 0.037534 0.0403091 -0.00244787 -0.0139448 -0.00379849 0.0318855 0.0590788 0.0792079
internal_weight=7215.05 6349.82 865.229 5422.14 4631.06 544.244 320.985 238.933 150.182 4596.58 285.791 272.083 4310.79 4268.53 927.68 311.37 11.4763 616.31 135.186 51.6345 83.5511 52.27 7.22042 33.7129 299.893 125.419 79.4305 29.3195 18.068 14.8419
internal_count=130596 47899 82697 39085 15971 58311 24386 18056 12262 15777 809 767 14968 14803 8814 2648 91 6166 948 319 629 361 64 178 2557 9277 5716 1644 1006 620
cat_boundaries=0 1
cat_threshold=8
is_linear=0
shrinkage=0.05


Tree=116
num_leaves=31
num_cat=2
split_feature=3 4 3 5 2 4 2 1 1 4 1 0 0 2 2 2 2 4 2 3 2 2 4 0 1 0 4 0 5 2
split_gain=97.8457 17.0704 7.71326 6.73885 11.6764 13.7095 13.6939 24.1551 55.5736 13.0453 12.9052 8.08121 6.89347 6.88401 11.9431 11.957 15.0443 30.1473 7.7214 6.20068 7.62288 18.7334 7.3674 6.40359 6.13395 8.50357 10.5056 5.7909 5.60478 5.5934
threshold=-6.9170352432702478 34.51655268121285 -6.0523948069364035 0 14163.500000000002 8.8502927588511309 14356.500000000002 2044.5000000000002 1496.5000000000002 0.0004979401466143501 41393.500000000007 5.0693793402777789 6.8507093229166687 14644.500000000002 14654.500000000002 14908.500000000002 14916.500000000002 23.982518133485517 15025.500000000002 -6.8493970753394056 8938.0000000000018 10884.500000000002 3.5327068242902757 3.3555170891203701 44121.500000000007 5.4739552199074089 18.655998893886856 6.8507093229166687 1 14847.500000000002
decision_type=2 2 2 1 2 2 2 2 2 2 2 2 2 2 2 2 2 2 2 2 2 2 2 2 2 2 2 2 1 2
left_child=1 3 19 4 9 -6 7 8 11 -1 -11 -7 24 -8 -15 -16 17 -17 -18 20 -2 23 28 -22 25 -12 -27 -23 29 -21
right_child=2 -3 -4 -5 5 6 13 -9 -10 10 12 -13 -14 14 15 16 18 -19 -20 22 21 27 -24 -25 -26 26 -28 -29 -30 -31
leaf_value=0.060123191829012559 -0.033818184037871256 -0.028269665403966349 0.0064318900867985909 -0.019694949798655614 -0.029841718820048671 0.0074916897985738687 -0.033547423722479729 -0.033778174243472306 0.64004679482576721 -0.022457373852919387 -0.033545872666860037 0.23925221365321669 0.2248450461756305 0.099906300769831327 -0.033584782453489552 -0.033814758623980833 -0.033631147363102666 0.46033841305520729 0.04820929377801917 0.013668417572403186 0.22921065480783454 -0.013194789629192755 -0.0093803333620183851 0.09203743491684678 0.00097332734801454813 0.08370302156983303 0.4713198219091897 0.16147779172245513 -0.010128035995838312 0.07376264123916558
leaf_weight=5.6706411372870198 3.9904478294774917 268.2839195500128 1538.5032009761781 107.33087904611602 12.210774300619958 1.2078923187218604 4.9587192470207802 1.5417387182824311 0.59164171060547222 85.639622715301812 0.45196689711883553 0.54621817125007499 0.57739687990397204 5.074949853122237 8.1969561402220297 0.63000493124127632 3.9116108161397269 0.60509415529668331 10.949630130082367 9.9560863748192805 1.1304682428017239 7.22428934648633 182.26183107309043 3.4390063676983118 2.8837159308604896 0.42536285473033786 0.29676240216940641 0.50785692036151875 10.2663856651634 6.3365510962903491
leaf_count=278 199 81541 8520 15653 1257 92 682 160 28 12133 55 27 11 49 1125 54 458 15 488 211 16 311 6530 55 248 26 14 13 281 66
internal_value=-0.000461133 -0.0194769 0.00516704 -0.0101787 -0.00320061 0.0162792 0.0310164 0.119958 0.221 -0.0134385 -0.0180593 0.0796604 0.0631998 0.0209439 0.0301446 0.0155711 0.0406034 0.208279 0.0266682 -0.00347738 0.0262316 0.0457108 -0.00579526 0.125973 0.0401989 0.136542 0.242997 -0.00172208 0.0188074 0.0370403
internal_weight=2285.6 521.985 1763.62 253.702 146.371 50.4252 38.2145 3.88749 2.34575 95.9455 90.2748 1.75411 4.6352 34.327 29.3682 24.2933 16.0963 1.2351 14.8612 225.113 16.2921 12.3016 208.821 4.56947 4.05781 1.17409 0.722125 7.73215 26.559 16.2926
internal_count=130596 114394 16202 32853 17200 4435 3178 307 147 12765 12487 119 354 2871 2189 2140 1015 69 946 7682 594 395 7088 71 343 95 40 324 558 277
cat_boundaries=0 1 2
cat_threshold=4 8
is_linear=0
shrinkage=0.05


Tree=117
num_leaves=31
num_cat=2
split_feature=3 4 3 5 0 0 2 2 1 1 0 3 3 2 2 1 2 2 2 2 2 3 4 4 1 4 4 2 5 1
split_gain=201.328 33.8253 15.9453 13.8353 11.9604 11.2962 11.2428 17.2791 11.2175 21.9422 11.0017 18.0651 10.414 9.37796 13.3338 9.33428 9.21096 12.7129 13.1356 14.4571 12.7156 12.4115 8.72164 8.58262 16.008 14.4933 11.5068 10.777 8.98253 8.41226
threshold=-12.702130232536012 66.037702375559618 -8.5236756886338156 0 2.8853423263888893 5.2408985648148159 15062.500000000002 15132.500000000002 15858.500000000002 26974.500000000004 3.7402859027777784 -19.812620512908079 -28.575531531132107 12544.500000000002 12590.500000000002 1158.5000000000002 15489.500000000002 15062.500000000002 14974.500000000002 14965.500000000002 14985.500000000002 -5.3190305174488666 8.5395426052325742 14.02817224716301 4296.5000000000009 33.299863860054323 44.972294903272605 2390.5000000000005 1 27497.000000000004
decision_type=2 2 2 1 2 2 2 2 2 2 2 2 2 2 2 2 2 2 2 2 2 2 2 2 2 2 2 2 1 2
left_child=1 3 6 -1 23 -3 -2 8 15 -10 12 22 -5 -14 -15 -8 17 18 19 -6 -20 -22 -12 28 26 27 -25 -26 -4 -24
right_child=2 5 4 10 16 -7 7 -9 9 -11 11 -13 13 14 -16 -17 -18 -19 20 -21 21 -23 29 24 25 -27 -28 -29 -30 -31
leaf_value=0.032910324317436082 0.0079721565221009712 0.032355413297347646 0.022223542728408444 0.02677825748065777 -0.0019606546050934858 0.0078607257615908744 -0.067920971357481694 0.028478380305630213 -0.26622886874963397 0.034114028861150288 -0.13368870091135121 0.014949930813466964 0.020787097555989991 -0.10765637586184063 -0.0015134184827541675 0.034277301452993937 -0.028842292843421047 0.017101488890107253 -0.048584658291631853 0.035330893028203664 -0.016852240023604231 0.045202950849813628 -0.0052554103933307953 0.012418475957582395 0.023880064411376745 -0.0045071623411558678 -0.0099707589170537451 -0.026341261316286058 -0.012956155433896763 -0.043564368654931032
leaf_weight=70.475224235095084 466.05299745779485 461.76973854377866 18.763611126691103 125.76890330668539 5480.2443758994341 52.41065339371562 8.4174487143754977 8.4087456362321955 1.6507621556520455 0.96279330085963 1.456984519958495 126.45239121839404 60.070568065159023 3.1035245656967154 63.441071578301489 3.0415978142991653 31.701594598591328 87.445972044020891 28.075512189418077 26.11355179361999 63.332016438245773 9.2322264984250051 102.51001010928303 200.60498749837279 11.623362898826597 572.59033066779375 80.382721848785877 131.92655759304762 550.27406162023544 16.659015226177871
leaf_count=5604 18497 48899 74 7834 22450 4193 30 273 16 38 11 5743 3192 27 2617 107 94 405 88 110 224 39 4087 750 39 2034 292 458 1881 490
internal_value=0.000373876 0.0205602 -0.00243872 0.0121715 -0.00302458 0.0298587 0.00630624 -0.0282293 -0.0621136 -0.155587 0.00924522 0.0017452 0.0165876 0.00646499 -0.00646374 -0.0407943 -0.00196557 -0.00181595 -0.00211098 -0.0017838 -0.020012 -0.00895706 -0.0120973 -0.00689647 -0.00410035 -0.00806867 0.00601354 -0.0222748 -0.0117961 -0.0106107
internal_weight=8864.96 1084.12 7780.85 569.938 7292.31 514.18 488.534 22.4813 14.0726 2.61356 499.462 247.078 252.384 126.615 66.5446 11.459 5726.15 5694.44 5607 5506.36 100.64 72.5642 120.626 1566.17 997.128 716.14 280.988 143.55 569.038 119.169
internal_count=130596 82697 47899 29605 28938 53092 18961 464 191 54 24001 10331 13670 5836 2644 137 23410 23316 22911 22560 351 263 4588 5528 3573 2531 1042 497 1955 4577
cat_boundaries=0 1 2
cat_threshold=1 1
is_linear=0
shrinkage=0.05


Tree=118
num_leaves=31
num_cat=0
split_feature=3 3 0 1 2 3 4 3 4 1 4 2 2 1 2 2 2 2 2 3 2 2 2 1 2 1 1 2 4 0
split_gain=155.416 31.8803 24.1829 12.4208 11.4126 10.265 11.5833 10.1758 10.4007 9.4856 9.60762 12.5234 35.8226 18.6252 26.37 15.1419 17.1783 14.8744 14.5306 19.0838 14.4508 12.1813 12.0609 12.6731 11.2119 9.53573 12.1474 11.0028 11.2187 14.4791
threshold=-12.702130232536012 -5.5700056233421522 3.7402859027777784 3435.5000000000005 3730.0000000000005 -14.7410037632214 7.3365338571321503 -8.9815075964536124 12.771672403379386 42514.000000000007 78.683415288925019 11760.500000000002 12041.000000000002 8298.5000000000018 10369.000000000002 9879.5000000000018 8677.5000000000018 10965.500000000002 11981.500000000002 -7.222972166579507 5860.5000000000009 6091.5000000000009 10027.500000000002 26696.500000000004 15489.500000000002 11587.500000000002 2731.5000000000005 13004.500000000002 389.9424527656227 2.4781354976851855
decision_type=2 2 2 2 2 2 2 2 2 2 2 2 2 2 2 2 2 2 2 2 2 2 2 2 2 2 2 2 2 2
left_child=2 7 3 -1 -3 6 -4 8 -2 10 24 13 18 17 15 16 20 -12 19 -13 -15 -22 -17 -24 -9 26 -14 -27 -29 -30
right_child=1 4 5 -5 -6 -7 -8 9 -10 -11 11 12 25 14 -16 22 -18 -19 -20 -21 21 -23 23 -25 -26 27 -28 28 29 -31
leaf_value=-0.013345561136193652 0.0063231891429638455 0.0063512853316391466 0.067968132061837258 -0.031629440441931327 -0.014809175290944882 -0.025377066161105518 -0.0062007645761734606 0.0041836551102157025 -0.012326912622423457 0.012879557439620213 0.012188655928824722 0.070326589306137763 0.056697140163019778 -0.014656841061451851 -0.030634930238497077 0.057085007970860649 -0.027845434391110403 0.10475953811258931 0.096587700188471431 -0.015004110729682897 0.062463543724366057 0.006624990694880907 -0.039819449393447753 0.043018946646388341 0.033109589671179801 -0.0108757492823025 -0.012907635772825821 0.011935758108100854 0.022576619763673554 -0.032291939027446669
leaf_weight=121.51188430609182 119.12675459869206 78.134169451892376 5.3873684536665669 394.29555709753186 345.40176308341324 78.54563304502517 230.156643608585 4181.9784718230367 200.69577182270586 273.00896087288857 15.200706938281657 13.84363756328821 6.5443118773400775 92.354108352214098 108.9646458812058 18.083963496610522 69.27121988683939 6.0731334481388322 11.871302423998712 12.440550968050959 10.597109930589793 124.70197124220431 9.6852224040776509 8.8228951971977931 33.770576324313879 93.979057934135199 148.57544965669513 310.76488845795393 18.541472196578979 34.203549396246672
leaf_count=9277 3146 647 192 49034 4930 6330 17864 19364 13140 1059 75 75 26 509 561 78 290 26 43 50 42 531 54 47 105 439 843 1580 65 174
internal_value=-0.000313976 0.00234675 -0.0206619 -0.0273222 -0.0109055 -0.00972409 -0.00450437 0.00329436 -0.00538017 0.00378948 0.0033239 -0.000804641 0.00366961 -0.00708313 -0.00928025 -0.00230336 -0.00604337 0.0386153 0.0506752 0.0299388 0.000590648 0.0109985 0.0280447 -0.000330048 0.00441537 0.00074193 -0.0099711 0.00437437 0.00831702 -0.013004
internal_weight=7176.53 6346.64 829.897 515.807 423.536 314.09 235.544 5923.1 319.823 5603.28 5330.27 1114.52 650.764 463.755 442.481 333.516 296.924 21.2738 38.1555 26.2842 227.653 135.299 36.5921 18.5081 4215.75 612.609 155.12 457.489 363.51 52.745
internal_count=130596 47899 82697 58311 5577 24386 18056 42322 16286 26036 24977 5508 3295 2213 2112 1551 1372 101 168 125 1082 573 179 101 19469 3127 869 2258 1819 239
is_linear=0
shrinkage=0.05


Tree=119
num_leaves=31
num_cat=1
split_feature=3 4 3 2 3 2 2 4 5 2 3 2 2 0 0 1 0 3 4 2 2 0 2 4 1 3 2 3 2 2
split_gain=90.2145 16.7627 6.99607 5.82827 5.69032 7.02804 21.6062 6.94411 5.08871 4.84324 8.30109 6.19347 4.94173 4.73722 4.61753 4.58927 6.79693 10.7977 5.3917 6.38477 6.61669 5.63144 6.86861 11.3222 12.8279 8.92472 7.57077 15.8903 9.81342 10.2865
threshold=-6.9170352432702478 42.7426932216746 -6.0523948069364035 4543.5000000000009 -6.8493970753394056 10822.000000000002 10884.500000000002 3.5327068242902757 0 14847.500000000002 -6.6262606913584756 14946.500000000002 2538.5000000000005 6.8507093229166687 0.24308233796296302 413.50000000000006 5.1544388368055571 -4.675100551583407 1.4712513167492045 14829.500000000002 12146.500000000002 6.5453951678240765 14892.500000000002 20.395434636322801 764.50000000000011 -3.6665527722616669 14621.500000000002 -4.4224507614001194 14334.500000000002 13985.500000000002
decision_type=2 2 2 2 2 2 2 2 1 2 2 2 2 2 2 2 2 2 2 2 2 2 2 2 2 2 2 2 2 2
left_child=1 3 4 -1 5 -2 -7 8 9 10 12 -11 -6 -8 -4 16 17 -16 19 20 -17 22 25 24 -24 26 28 -28 29 -20
right_child=2 -3 14 -5 7 6 13 -9 -10 11 -12 -13 -14 -15 15 18 -18 -19 21 -21 -22 -23 23 -25 -26 -27 27 -29 -30 -31
leaf_value=-0.025938979081729874 -0.024117231716133791 -0.029235989897831289 0.038427523654562458 -0.0074663033124845544 0.12542353328849748 0.14384862520025171 -0.012924343452253391 -0.0091710141536014474 -0.009808859506689532 0.1057085545960091 -0.019433081413420199 0.0055169046790886538 0.0025929740076680243 0.13500797706393472 -0.024740193140002795 0.017225053507355918 0.013407044992181791 0.008574568312950278 0.0077011518962604129 -0.011957486851995967 0.063217398884511514 -0.0040899948468677292 0.0011837278833553616 -0.010206346585290019 0.045544180240014234 -0.036009499459838938 -0.011855243255137884 0.040104645446338544 0.024737239727130021 -0.017897736630430202
leaf_weight=52.538605822948739 5.101115892641249 225.45032476168126 10.936915226280687 227.9976984700188 2.0571481212973608 3.8071544393897039 7.1339961178600788 180.79238936305046 10.137705294415357 4.1421704441308966 6.6165153421461591 2.4576072208583355 1.3603384792804716 0.58559721149504174 55.092953268438578 20.873541958630085 45.054160758852959 43.546550488099456 869.44992267712951 9.5240312442183477 12.504858963191507 122.16423161141574 25.126963794231415 23.257107624784112 46.374803550541401 12.453623412176965 110.32907776907086 16.978473976254463 80.705743104219437 41.098498590290546
leaf_count=8355 239 76359 54 29680 11 31 311 6530 281 22 160 44 40 13 265 86 201 231 4783 29 37 780 103 165 200 164 649 78 396 299
internal_value=-0.000466301 -0.0190842 0.00485698 -0.0109259 -0.00339717 0.0247468 0.0463715 -0.00565178 0.0181142 0.0351324 0.0132512 0.0683995 0.0765305 -0.00170241 0.00605436 0.00582363 -0.00268331 -0.0100327 0.00670252 0.0241522 0.0344556 0.00614713 0.00716739 0.0200981 0.0299551 0.00608402 0.00655267 -0.00492557 0.00802683 0.00654572
internal_weight=2275.65 505.987 1769.66 280.536 224.192 16.6279 11.5267 207.564 26.7715 16.6338 10.034 6.59978 3.41749 7.71959 1545.47 1534.53 143.694 98.6395 1390.84 42.9024 33.3784 1347.94 1225.77 94.7589 71.5018 1131.02 1118.56 127.308 991.254 910.548
internal_count=130596 114394 16202 38035 7682 594 355 7088 558 277 211 66 51 324 8520 8466 697 496 7769 152 123 7617 6837 468 303 6369 6205 727 5478 5082
cat_boundaries=0 1
cat_threshold=8
is_linear=0
shrinkage=0.05


Tree=120
num_leaves=31
num_cat=2
split_feature=3 4 3 0 5 0 0 3 3 1 1 1 2 2 2 4 5 3 2 2 2 4 1 2 4 2 4 1 4 4
split_gain=182.508 33.8315 14.3494 15.3502 13.7902 11.4557 10.3559 16.9462 10.3775 10.1314 12.3299 9.36644 18.3873 9.02823 14.6118 15.3956 12.8114 11.1913 10.8488 22.0305 23.6322 24.6136 21.1906 17.5013 28.9132 15.8731 20.7693 15.0193 18.0754 11.6828
threshold=-12.702130232536012 66.037702375559618 -7.9025691807160827 0.67034533564814824 0 5.2408985648148159 3.7402859027777784 -19.812620512908079 -28.575531531132107 1567.5000000000002 39096.500000000007 39657.500000000007 8677.5000000000018 14838.500000000002 14878.500000000002 135.4007856278898 1 -3.6665527722616669 14772.500000000002 14738.500000000002 14621.500000000002 167.41131139277186 3633.5000000000005 14600.500000000002 33.299863860054323 14688.500000000002 15.302744961548294 5964.5000000000009 74.947369026859064 241.20189124312574
decision_type=2 2 2 2 1 2 2 2 2 2 2 2 2 2 2 2 1 2 2 2 2 2 2 2 2 2 2 2 2 2
left_child=1 4 9 -4 -1 -3 8 -8 -6 -2 -11 12 -12 16 -15 -16 -5 18 19 20 23 25 -21 -18 -25 -22 -27 -24 -29 -23
right_child=2 5 3 13 6 -7 7 -9 -10 10 11 -13 -14 14 15 -17 17 -19 -20 22 21 29 27 24 -26 26 -28 28 -30 -31
leaf_value=0.032858334226521478 -0.0072245552096269761 0.032270781428950332 -0.020374743341733281 0.016381857043317911 0.026418877548034347 0.0072841145762818473 -0.0119010235723134 0.014437343801292841 0.0057770199378825967 0.0084259144219758306 -0.32975783365655831 -0.01056304455861368 -0.022118428725254834 -0.022112419982459414 -0.006255429799956129 0.031751614586710365 -0.0028408899921520975 0.031405203274967507 0.010445267924320843 0.0028283304970832309 0.032975390839045181 -0.07346366843670428 -0.085780292027978017 -0.072040687986715424 0.017447706712345423 -0.023903742380678401 0.027733279477090762 0.027410190585265528 -0.048029808125451254 0.01161847708841901
leaf_weight=66.927464032545686 170.97787151392549 435.30422030482441 125.4507382363081 92.454187497496605 120.06037545576692 51.274954669177532 121.10022394079715 123.20164696034044 123.54455863218755 649.39873144961894 0.68718979693949167 64.456025332212448 1.6565715409815309 146.14101232588291 557.23489008843899 27.982637882232666 5428.1604008004069 24.417967993766069 157.19900662451982 37.697003073990345 102.16158790141344 11.014518946409227 16.419076755642891 23.019117191433907 14.848493173718451 37.338753148913383 40.699055895209312 10.515336483716963 32.421215489506721 6.3669198155403128
leaf_count=5604 2669 48899 573 461 7834 4193 4588 5743 5836 18597 28 1777 43 463 1883 116 19185 199 594 140 460 35 50 75 71 126 195 39 99 21
internal_value=0.000357514 0.0200144 -0.00227415 -0.00304466 0.011575 0.0296377 0.00865548 0.00138144 0.0159503 0.00371114 0.00632182 -0.0141333 -0.112318 -0.00272334 -0.0079698 -0.00443809 -0.00208752 -0.00237488 -0.00251426 -0.0028679 -0.00246314 0.0145247 -0.0264884 -0.0030772 -0.0369509 0.0200056 0.00302651 -0.0451076 -0.0295542 -0.0422976
internal_weight=8820.13 1041.41 7778.72 6891.54 554.834 486.579 487.907 244.302 243.605 887.176 716.199 66.7998 2.34376 6766.09 731.359 585.218 6034.73 5942.28 5917.86 5760.66 5663.61 197.581 97.0526 5466.03 37.8676 180.199 78.0378 59.3556 42.9366 17.3814
internal_count=130596 82697 47899 24785 29605 53092 24001 10331 13670 23114 20445 1848 71 24212 2462 1999 21750 21289 21090 20496 20168 837 328 19331 146 781 321 188 138 56
cat_boundaries=0 1 2
cat_threshold=1 1
is_linear=0
shrinkage=0.05


Tree=121
num_leaves=31
num_cat=1
split_feature=3 3 0 1 2 3 0 4 5 3 3 2 2 4 2 2 2 2 2 2 3 2 2 4 3 4 2 1 4 1
split_gain=141.008 29.6622 23.7774 12.6252 10.7942 9.90221 10.4807 11.0114 9.66843 12.8438 10.8388 10.5311 14.8056 14.3866 13.1827 21.254 38.78 16.5918 13.9759 18.7443 17.0053 13.5923 12.7529 13.0983 12.2515 11.8994 11.1494 22.999 10.4296 13.546
threshold=-12.702130232536012 -5.5700056233421522 3.7402859027777784 3435.5000000000005 3730.0000000000005 -14.7410037632214 5.4150955034722239 93.711369626705789 0 -8.5236756886338156 -6.0867691321245561 14974.500000000002 14884.500000000002 109.82521653705759 14838.500000000002 14757.500000000002 14738.500000000002 14644.500000000002 14548.500000000002 14456.500000000002 -6.4348017523049972 14444.500000000002 14688.500000000002 7.9051493632947709 -8.1184156488641683 60.875227224385249 14800.500000000002 1421.5000000000002 5.2945593001747611 413.50000000000006
decision_type=2 2 2 2 2 2 2 2 1 2 2 2 2 2 2 2 2 2 2 2 2 2 2 2 2 2 2 2 2 2
left_child=2 8 3 -1 -3 6 7 -4 10 -10 11 12 14 25 15 16 17 18 19 21 24 -2 -19 -24 -20 -13 -17 -28 29 -14
right_child=1 4 5 -5 -6 -7 -8 -9 9 -11 -12 13 28 -15 -16 26 -18 22 20 -21 -22 -23 23 -25 -26 -27 27 -29 -30 -31
leaf_value=-0.012719977956912216 0.0057908626459514147 0.006049485427325722 -0.0033687323448613714 -0.031501531036275052 -0.014510085187692957 -0.025001969245725775 0.009340271590749084 -0.033512298231073871 -0.0099987418395404114 0.0020699872943503359 -0.006013806244825305 0.019218447684433402 -0.041790088540109245 -0.052492048538182262 0.03088188429076771 -0.038494183634519785 0.050461615279933328 -0.04032403945860219 -0.027325195562426931 -0.040885494746351475 -0.039288161513846766 0.099480939769152843 0.056450615430286601 -0.01371799796178763 0.039927255286754421 0.071261870099013511 0.049880037194753972 -0.024059841564492836 -0.022787939005156153 0.042987681164285606
leaf_weight=117.8911002217792 2131.8390234177932 78.551908794790506 100.05211792653427 371.26034898823127 340.90266178362072 75.251269738655537 89.043358174152672 43.454863162245601 239.54079614952207 2765.9880613908172 202.42931487411261 93.637796820141375 6.8590360879898098 6.2921106498688451 52.423240530304611 38.80573011841625 49.018656853586435 33.991802881471813 7.492868358269333 21.568409132771194 8.9579997658729535 3.8782420596107832 8.5024159215390664 30.53774297516793 70.381660349667072 12.442801259458063 14.697028972208498 36.977969948202372 74.623063716106117 15.05123023316264
leaf_count=9277 12037 647 6776 49034 4930 6330 5794 5486 11783 13240 1190 498 20 115 380 262 226 338 378 254 34 52 30 286 235 67 51 223 580 43
internal_value=-0.000300351 0.00218941 -0.020124 -0.026975 -0.0106599 -0.00923667 -0.00413516 -0.0124964 0.00309892 0.00110811 0.00514776 0.00597905 0.00533272 0.0209658 0.006072 0.00554257 0.00645201 0.005521 0.00628426 0.00549263 0.0259518 0.00596099 -0.0179324 0.00156377 0.0334564 0.0253229 -0.0182402 -0.0030304 -0.0138825 0.0164479
internal_weight=7142.34 6345.39 796.953 489.151 419.455 307.802 232.55 143.507 5925.94 3005.53 2920.41 2717.98 2605.61 112.373 2509.07 2456.65 2366.17 2317.15 2244.12 2157.29 86.8325 2135.72 73.032 39.0402 77.8745 106.081 90.4807 51.675 96.5333 21.9103
internal_count=130596 47899 82697 58311 5577 24386 18056 12262 42322 25023 17299 16109 15429 680 14786 14406 13870 13644 12990 12343 647 12089 654 316 613 565 536 274 643 63
cat_boundaries=0 1
cat_threshold=8
is_linear=0
shrinkage=0.05


Tree=122
num_leaves=31
num_cat=3
split_feature=3 4 3 2 3 4 2 2 5 0 5 4 1 0 3 2 0 4 2 1 1 1 1 3 2 5 2 3 2 4
split_gain=83.0729 16.5475 6.39901 5.71588 5.23482 6.51134 6.36231 12.8909 4.68777 4.44776 4.39171 4.37802 6.21614 5.17229 11.3997 5.14927 5.0715 9.92163 6.04361 5.34808 6.2729 5.81015 7.04152 4.86107 5.3366 6.07716 4.32137 7.48748 5.44287 4.1398
threshold=-6.9170352432702478 42.7426932216746 -6.0523948069364035 4543.5000000000009 -6.8493970753394056 3.5327068242902757 8938.0000000000018 10884.500000000002 0 0.24308233796296302 1 0.39339827910599073 413.50000000000006 5.1544388368055571 -4.675100551583407 14862.500000000002 1.441266354166667 17.395043626706709 12864.500000000002 2339.5000000000005 18982.500000000004 8634.5000000000018 5749.5000000000009 -5.6695862740670169 14974.500000000002 2 14847.500000000002 -6.6262606913584756 14946.500000000002 79.907954790757316
decision_type=2 2 2 2 2 2 2 2 1 2 1 2 2 2 2 2 2 2 2 2 2 2 2 2 2 1 2 2 2 2
left_child=1 3 4 -1 6 8 -2 -8 26 -4 -5 -11 13 14 -13 -16 17 18 -14 -19 21 22 -21 -15 25 -25 27 -6 -28 -7
right_child=2 -3 9 10 5 29 7 -9 -10 11 -12 12 16 23 15 -17 -18 19 -20 20 -22 -23 -24 24 -26 -27 28 -29 -30 -31
leaf_value=-0.025678942147670154 -0.03379103356887838 -0.029032836428488053 0.03795535915851888 -0.033435146067051134 0.071200657043156465 -0.0055335303832604616 0.098974257188682732 -0.0016747924427716054 -0.0095727866585269671 0.034148947062348105 -0.0052628275064099967 -0.027011247017320911 0.015360677410281676 0.048139930851701894 -0.0059376222284590364 0.029618709098051491 0.00537341751695698 -0.020125143566298586 0.049577253650010575 0.025447355230462362 -0.025738894009962002 0.050149600491713076 -0.037711254156672154 0.020753902351610599 0.045848045514580112 -0.026383624447792825 0.098508552080098205 -0.019122073379839871 0.0053304094552945542 -0.025832500970697222
leaf_weight=50.835558553691953 3.7725462289527085 215.22803307813592 10.638212114572523 14.807478038826957 3.5483230967074642 149.08883978798985 5.4188609067350608 7.7043200200423598 10.045096175745131 13.233274355530737 210.28768209181726 52.240902528166771 25.687135003507137 6.9201790690422049 26.455879710614681 16.553672790527344 1278.273194713518 18.042571254074574 25.934727415442467 14.728232868015768 8.532408729195593 11.979015067219732 6.3011013939976683 11.685155503451824 5.7975719720125189 16.482529103755951 4.2941526994109145 6.4931627698242673 2.4680198561400175 30.206052336841822
leaf_count=8355 199 76359 54 4460 51 5116 71 324 281 41 25220 257 89 29 175 53 7385 63 83 48 27 36 22 39 18 101 22 160 44 1414
internal_value=-0.000445342 -0.0186414 0.0045967 -0.010536 -0.00332162 -0.00551459 0.0234347 0.0398855 0.0174491 0.0057365 -0.00711609 0.00551376 0.00526538 -0.00493103 -0.0113163 0.00774743 0.00626439 0.0165058 0.032551 0.0026046 0.0124769 0.0223554 0.00652289 0.00994457 0.00216254 -0.00682897 0.0336026 0.0127949 0.0645009 -0.00895333
internal_weight=2263.68 491.159 1772.53 275.931 223.039 206.144 16.8957 13.1232 26.8488 1549.49 225.095 1538.85 1525.61 136.136 95.2505 43.0096 1389.48 111.205 51.6219 59.5833 41.5408 33.0083 21.0293 40.8854 33.9653 28.1677 16.8037 10.0415 6.76217 179.295
internal_count=130596 114394 16202 38035 7682 7088 594 395 558 8520 29680 8466 8425 672 485 228 7753 368 172 196 133 106 70 187 158 140 277 211 66 6530
cat_boundaries=0 1 2 3
cat_threshold=8 1 8
is_linear=0
shrinkage=0.05


Tree=123
num_leaves=31
num_cat=1
split_feature=3 4 5 3 0 0 2 2 1 2 2 2 2 2 2 4 1 2 2 1 1 4 1 1 1 1 3 0 2 4
split_gain=165.229 33.6375 13.6393 12.6147 14.8925 11.5046 10.0986 26.787 14.3767 12.3066 33.9375 16.4363 25.3362 36.3773 14.6206 15.3456 13.8387 11.9318 17.4419 11.5943 11.3753 10.9221 9.92009 9.42267 11.9514 9.23175 9.0876 9.0628 9.40981 10.2791
threshold=-12.702130232536012 66.037702375559618 0 -7.9025691807160827 0.34354118634259267 5.2408985648148159 12263.000000000002 14184.000000000002 27774.500000000004 13293.500000000002 13338.000000000002 13752.500000000002 13862.500000000002 13826.500000000002 14163.500000000002 8.8502927588511309 33359.500000000007 12590.500000000002 12544.500000000002 1353.5000000000002 27497.000000000004 17.832099523315907 1496.5000000000002 1567.5000000000002 20597.500000000004 35730.500000000007 -13.861855284555089 3.936130700231482 14838.500000000002 14.891940818146713
decision_type=2 2 1 2 2 2 2 2 2 2 2 2 2 2 2 2 2 2 2 2 2 2 2 2 2 2 2 2 2 2
left_child=1 2 -1 23 -5 -3 8 9 -4 17 21 -12 13 16 15 26 -13 18 20 -16 -8 -11 -20 -2 -25 -22 -14 28 -6 -30
right_child=3 5 6 4 27 -7 7 -9 -10 10 11 12 14 -15 19 -17 -18 -19 22 -21 25 -23 -24 24 -26 -27 -28 -29 29 -31
leaf_value=0.032802571288180288 -0.0070056791209357309 0.032179032318578958 0.020493217182743995 -0.03286856275947718 -0.0040459582137213007 0.0068914676608088756 0.03377702150801723 0.013759247290517352 -0.015422466672741606 -0.013787824909351749 0.018128480516941874 0.020977423204052159 -0.1838231227443127 -0.22084063129346318 -0.18777424426009764 0.021127249611680096 -0.20380402101081183 0.020327401436017987 -0.022129841123547614 -0.015388857427382885 -0.24887949846090371 -0.19613980029480835 -0.17472069753598748 0.01082030601562633 -0.0027788833663785705 -0.014257018441165368 0.033902216854971148 -0.0013086203705050799 -0.021857194224868572 -0.0010232968471486806
leaf_weight=63.402513206005096 171.46779637597501 409.46351814735681 201.87729111965746 41.043229851871729 2182.0371453389525 50.528242104686797 6.6854599295183998 153.02846670337021 32.3246785774827 1.0298340413719405 15.913923286832867 3.8473347220569867 1.5834720879793169 4.2701499881222844 1.9877252541482442 15.717729549854992 0.83296470344066609 25.912232058122754 1.7058485876768816 1.9152244720607994 0.70756131783127774 4.052384078502655 2.8357281796634197 461.02678968105465 248.7207008395344 1.0289739398285744 0.68727288581431523 4413.3709474764764 161.11802880465984 93.597200356423855
leaf_count=5604 2669 48899 11677 272 7268 4193 380 7067 1350 23 817 157 29 84 14 793 11 1333 22 42 40 63 40 13071 7374 31 28 16423 503 319
internal_value=0.000343249 0.0194597 0.0110122 -0.00211958 -0.0028399 0.0294013 0.0081216 0.000997299 0.0155361 -0.0205313 -0.0364797 -0.0231416 -0.0444363 -0.11531 -0.0154592 0.00357416 -0.0190275 0.000734778 -0.0384279 -0.103183 0.0041614 -0.159189 -0.117406 0.00351337 0.00605467 -0.109855 -0.117925 -0.00265998 -0.00510753 -0.0142016
internal_weight=8773.72 1001.34 541.347 7772.38 6891.17 459.992 477.944 243.742 234.202 90.7138 51.838 46.7558 30.8419 8.95045 21.8914 17.9885 4.6803 38.8758 12.9636 3.90295 8.422 5.08222 4.54158 881.215 709.747 1.73654 2.27074 6850.12 2436.75 254.715
internal_count=130596 82697 29605 47899 24785 53092 24001 10974 13027 3907 2061 1975 1158 252 906 850 168 1846 513 56 451 86 62 23114 20445 71 57 24513 8090 822
cat_boundaries=0 1
cat_threshold=1
is_linear=0
shrinkage=0.05


Tree=124
num_leaves=31
num_cat=1
split_feature=3 3 0 1 2 3 4 2 2 1 4 2 1 4 2 1 2 2 4 2 2 1 2 5 3 3 2 2 4 2
split_gain=127.821 27.5257 23.307 12.858 10.1944 9.53818 12.9521 9.18038 22.8684 12.9553 11.6137 13.8187 36.3228 11.2853 9.614 13.5711 12.4508 40.0738 20.9914 9.0987 17.507 11.9017 14.1495 8.89728 11.7305 9.99133 9.7803 13.8687 13.299 11.7274
threshold=-12.702130232536012 -5.5700056233421522 3.7402859027777784 3435.5000000000005 3730.0000000000005 -14.823185543372469 7.3365338571321503 12544.500000000002 14184.000000000002 1158.5000000000002 9.5227116381762738 14608.500000000002 1044.5000000000002 65.053736679763801 14163.500000000002 2117.5000000000005 13862.500000000002 13826.500000000002 28.39612656434981 14923.500000000002 14957.500000000002 809.50000000000011 14946.500000000002 0 -8.5236756886338156 -6.0867691321245561 14974.500000000002 14884.500000000002 109.82521653705759 14838.500000000002
decision_type=2 2 2 2 2 2 2 2 2 2 2 2 2 2 2 2 2 2 2 2 2 2 2 1 2 2 2 2 2 2
left_child=2 23 3 7 -3 6 -4 -1 9 -9 11 12 -10 14 15 -11 17 18 -17 -6 21 22 -21 25 -25 26 27 29 -28 -2
right_child=1 4 5 -5 19 -7 -8 8 10 13 -12 -13 -14 -15 -16 16 -18 -19 -20 20 -22 -23 -24 24 -26 -27 28 -29 -30 -31
leaf_value=-0.031146160081237079 0.0052703997453916948 0.0057723534192876324 0.075984660247618296 -0.031367680925828909 -0.017098632637444752 -0.024260587212565951 -0.0054558102364404074 -0.010440576957396711 -0.033828055580930098 -0.010485158784170489 -0.033602787034515219 -0.0010950665296729975 0.48044877270043629 -0.033502293131687788 0.19670845108741117 0.15781821822786757 -0.033838534169361105 0.42046939235746889 -0.017538693364918128 0.023228393058016744 -0.012819178006606122 -0.010213378734468405 0.16463961268160121 -0.0096801485053133879 0.0019222460268373627 -0.0058541986277323875 0.024253095378562843 -0.013625162496107974 -0.051503679804328045 0.029091304106067792
leaf_weight=40.609064965043217 2456.0320924324915 78.936218466609716 4.99168453272432 349.80698145879433 298.99003273807466 74.712050289381295 222.22842407971621 10.57242366904393 0.83574852533638366 4.3016268340870747 39.181754945777357 4.5924772871658206 0.58274254575371742 2.7709298552945247 1.4928432255983359 3.8195972684770805 1.5299041848629711 0.98439803719520558 3.0850138198584318 3.2428718432784063 26.464517615735531 3.6927217580378056 3.8919353187084198 236.45392786152661 2769.2510329596698 201.60778377577662 106.26815749984235 95.669161841273308 6.1271862331777802 52.778957054018974
leaf_count=3561 14406 647 163 49034 4566 6520 17703 638 42 269 3754 261 15 386 14 65 77 9 186 25 285 36 18 11783 13240 1190 565 643 115 380
internal_value=-0.000284641 0.00204663 -0.0195757 -0.0266095 -0.0103983 -0.00876257 -0.00366669 -0.0120549 -0.00154262 0.0334832 -0.023675 0.0410378 0.177446 0.0593047 0.0762083 0.0630975 0.0967027 0.122018 0.0794679 -0.014194 0.00909376 0.0626531 0.100366 0.00291887 0.0010095 0.0048853 0.00568224 0.00505904 0.0201232 0.00577153
internal_weight=7105.5 6339.41 766.098 464.166 415.218 301.932 227.22 114.359 73.7495 28.5567 45.1927 6.01097 1.41849 17.9843 15.2134 13.7205 9.41891 7.88901 6.90461 336.282 37.292 10.8275 7.13481 5924.19 3005.7 2918.48 2716.88 2604.48 112.395 2508.81
internal_count=130596 47899 82697 58311 5577 24386 17866 9277 5716 1644 4072 318 57 1006 620 606 337 260 251 4930 364 79 43 42322 25023 17299 16109 15429 680 14786
cat_boundaries=0 1
cat_threshold=8
is_linear=0
shrinkage=0.05


Tree=125
num_leaves=31
num_cat=3
split_feature=3 4 5 1 2 5 2 1 4 4 5 0 2 2 1 2 2 0 2 1 2 0 0 2 2 2 2 2 2 2
split_gain=76.5282 18.3501 4.75693 5.97325 6.8874 11.8034 20.3087 75.2556 10.8955 7.25956 7.05112 5.862 5.77789 9.84683 5.96216 5.75225 46.4607 31.6276 6.62799 5.31851 11.3411 4.85009 4.50994 4.58434 13.0573 29.7571 10.1164 7.5133 34.5805 5.01023
threshold=-6.4666728876018658 50.667246900856171 0 30740.500000000004 13717.500000000002 1 13752.500000000002 1158.5000000000002 8.8502927588511309 3.0725797804206416 2 6.7574792361111129 6305.5000000000009 6381.5000000000009 10731.500000000002 11981.500000000002 11863.500000000002 3.8767472627314823 11911.500000000002 240.50000000000003 14772.500000000002 1.7819519039351854 5.8238750636574093 14163.500000000002 14356.500000000002 14334.500000000002 14184.000000000002 14608.500000000002 14621.500000000002 14654.500000000002
decision_type=2 2 1 2 2 1 2 2 2 2 1 2 2 2 2 2 2 2 2 2 2 2 2 2 2 2 2 2 2 2
left_child=1 2 -1 4 9 6 7 -6 -8 11 -11 -4 -12 -14 15 16 -15 -18 -19 20 -7 -10 23 -23 25 26 -25 -26 -29 -30
right_child=-2 -3 3 -5 5 19 8 -9 21 10 12 -13 13 14 -16 -17 17 18 -20 -21 -22 22 -24 24 27 -27 -28 28 29 -31
leaf_value=-0.03345198045151155 0.0049652913990283669 -0.028127631694829954 0.011020000833158869 0.015806568192249845 1.2430419112179392 0.40258598454253847 -0.027651720291367261 -0.033499398523826766 -0.014705044486250035 -0.026656300606998074 -0.023467389200618496 0.19753026188992817 0.067862807195394365 0.0050962636191621592 -0.033713918355809828 -0.024153161959027877 -0.033787099205429119 0.69914683878633976 0.39021964911389229 -0.024701083018113634 -0.033645545859634647 -0.019699505593341864 0.00013169836025903376 0.16296107566159357 -0.033589217494973296 0.4441869004452727 -0.033552091067118088 0.44092121635220183 0.079894422356244721 0.021063681217906458
leaf_weight=19.640189412981272 1675.8275448847562 205.83391500811558 16.887650119606409 24.193841790314764 0.15662837214767833 0.22915972676128049 15.989115022588519 0.43919115071184933 9.1501325473654997 107.35773964878172 33.909989236621186 0.43206821754574676 5.2692656191065899 22.418708379147578 12.544077131431548 10.493209068430586 0.36346247512847074 0.34099016641266644 0.35373950283974409 38.948396459454671 0.42589270486496389 3.6121655483730128 13.541760864434762 1.2603534767404196 4.097594297956678 0.62728740484453727 1.3633254191372541 0.52500688843429344 4.3556936655659255 21.397446026327088
leaf_count=6093 12058 73330 849 2463 13 14 1451 77 1271 15010 3988 24 106 2125 1220 1156 25 21 23 4549 44 580 1180 32 549 30 193 8 96 2018
internal_value=-0.000439192 -0.0161588 -0.00950628 -0.0081652 -0.00994157 -0.000166866 0.0113018 0.302076 0.00901979 -0.015337 -0.018119 0.0156728 -0.0074234 0.00308289 -0.00425557 0.00662245 0.0203779 0.344132 0.541849 -0.0223248 0.118963 0.0188035 0.0248414 0.0338269 0.0395767 0.134815 0.0608482 0.0293839 0.0392033 0.0310139
internal_weight=2251.99 576.158 370.324 350.684 326.49 116.119 76.5157 0.59582 75.9199 210.371 193.051 17.3197 85.6934 51.7835 46.5142 33.9701 23.4769 1.05819 0.69473 39.6034 0.655052 59.9308 50.7806 37.2389 33.6267 3.25097 2.62368 30.3757 26.2781 25.7531
internal_count=130596 118538 45208 39115 36652 12105 7498 90 7408 24547 23674 873 8664 4676 4570 3350 2194 69 44 4607 58 5957 4686 3506 2926 255 225 2671 2122 2114
cat_boundaries=0 1 2 3
cat_threshold=1 4 4
is_linear=0
shrinkage=0.05


Tree=126
num_leaves=31
num_cat=2
split_feature=3 4 5 0 3 0 5 0 3 3 2 2 2 4 0 2 2 2 2 1 4 1 4 2 2 2 2 2 2 2
split_gain=150.141 33.1413 13.345 11.6325 11.5094 12.0035 10.0287 9.51874 15.3604 10.3615 9.3705 12.6929 13.0954 11.4045 10.8828 8.91216 12.6117 11.4284 9.85592 8.77306 17.3279 12.9643 14.2951 14.8925 11.5561 10.8637 28.7052 10.532 21.2983 15.9386
threshold=-12.702130232536012 66.037702375559618 0 5.2408985648148159 -7.6196982991156821 0.24308233796296302 1 3.7402859027777784 -19.812620512908079 -28.575531531132107 15037.500000000002 14878.500000000002 14862.500000000002 4.6388387182848723 6.6071487326388914 13616.500000000002 14985.500000000002 14838.500000000002 13962.500000000002 36161.500000000007 45.771623721351233 7544.5000000000009 14.891940818146713 14838.500000000002 14772.500000000002 5860.5000000000009 5975.0000000000009 15051.500000000002 15489.500000000002 15025.500000000002
decision_type=2 2 1 2 2 2 1 2 2 2 2 2 2 2 2 2 2 2 2 2 2 2 2 2 2 2 2 2 2 2
left_child=1 2 -1 -3 10 -6 15 9 -9 -4 11 12 13 -2 -14 -7 17 18 -17 20 21 22 23 24 -8 -24 -27 29 -29 -25
right_child=4 3 7 -5 5 6 19 8 -10 -11 -12 -13 14 -15 -16 16 -18 -19 -20 -21 -22 -23 25 27 -26 26 -28 28 -30 -31
leaf_value=0.032743115694582339 -0.015155082075132317 0.032086456699408857 0.02590364198558865 0.0063474651495795884 -0.037405778216851787 0.024070522489193214 -0.0034401761388615053 -0.011818452796742053 0.013544330916928086 0.0046495368901497865 -0.019955444665060919 0.023538623026601743 -0.02972959729968945 0.0034277958211659174 -0.1661519318281138 -0.05932386331881298 0.048361583071349176 -0.06380333293924377 0.019928260967892374 -0.0096205349416998084 0.0017972268326644438 -0.0083518006509654789 0.018477447472078218 -0.014627097324975772 0.021764870688466109 -0.094947797040257534 0.0019689496301437976 0.02199268858708148 -0.041937202286854311 -0.055461126856148318
leaf_weight=59.940587885677814 88.427009712904692 385.96726710908115 111.33277554810047 49.529566610231996 25.106995962560177 64.599726751446724 1487.7963156960905 120.96196803543717 117.86397187970579 118.24501286074519 46.971464693546295 69.771787298843265 13.663879874162374 1245.2447370495647 1.637012843042611 5.2005780562758508 8.4184042513370496 10.277448028326033 15.968745008110998 466.06543137133121 1670.4698913767934 1307.4835831150413 100.49164014309645 244.42543613165617 46.909220017492771 7.7182668149471274 754.93064318597317 46.041011445224285 18.169244810938835 26.486731722950935
leaf_count=5604 591 48899 7834 4193 177 308 5584 4588 5743 5836 721 1418 179 22259 20 27 30 29 94 1319 6097 4275 437 738 176 28 3087 166 55 84
internal_value=0.000333322 0.018947 0.0105294 0.0291591 -0.00197496 -0.00290254 -0.00276463 0.00768678 0.000698439 0.0149566 0.00201615 0.00274358 0.00166802 0.00219569 -0.0443252 0.012598 -0.00599263 -0.0205434 0.000458727 -0.00302444 -0.00248614 -0.00425704 -0.00229805 -0.00475494 -0.00266977 0.00302432 0.000988119 -0.0143041 0.00390278 -0.0186194
internal_weight=8736.12 963.841 528.344 435.497 7772.28 6306.56 6281.45 468.404 238.826 229.578 1465.72 1418.74 1348.97 1333.67 15.3009 104.465 39.8652 31.4468 21.1693 6176.99 5710.92 4040.45 2732.97 1869.83 1534.71 863.141 762.649 335.122 64.2103 270.912
internal_count=130596 82697 29605 53092 47899 22711 22534 24001 10331 13670 25188 24467 23049 22850 199 488 180 150 121 22046 20727 14630 10355 6803 5760 3552 3115 1043 221 822
cat_boundaries=0 1 2
cat_threshold=1 1
is_linear=0
shrinkage=0.05


Tree=127
num_leaves=31
num_cat=0
split_feature=3 3 0 1 2 3 0 4 2 2 1 4 0 4 1 4 2 2 3 4 4 0 2 2 4 1 2 1 4 1
split_gain=116.348 25.8819 23.1637 12.6111 9.92351 9.3209 9.60285 9.83152 9.6339 14.827 19.0419 20.2466 12.8899 11.8578 11.2834 10.4132 14.1277 32.2998 33.7651 8.78638 30.8713 8.68038 8.65477 19.787 11.0646 10.1273 10.0937 37.06 8.54959 8.54298
threshold=-12.702130232536012 -5.5265860328747483 3.7402859027777784 3435.5000000000005 3730.0000000000005 -14.7410037632214 5.6780309201388892 93.711369626705789 14116.500000000002 13293.500000000002 7672.5000000000009 23.453047595487906 6.0238269270833342 8.8502927588511309 22606.500000000004 36.422024712257901 3371.5000000000005 8466.0000000000018 -23.254263682550782 154.28016277007839 175.9093201798066 6.4576120775462966 12544.500000000002 14184.000000000002 9.5227116381762738 1158.5000000000002 14608.500000000002 1158.5000000000002 65.053736679763801 41936.000000000007
decision_type=2 2 2 2 2 2 2 2 2 2 2 2 2 2 2 2 2 2 2 2 2 2 2 2 2 2 2 2 2 2
left_child=2 29 3 22 -3 6 7 -4 9 14 11 13 -13 -11 -8 16 -16 18 -18 -17 -21 -20 -1 25 26 -24 27 -25 -27 -2
right_child=1 4 5 -5 -6 -7 8 -9 -10 10 -12 12 -14 -15 15 19 17 -19 21 20 -22 -23 23 24 -26 28 -28 -29 -30 -31
leaf_value=-0.030998227546322712 0.0022791791099253268 0.005571693748487332 -0.0022995282288586993 -0.031232276937667211 -0.014764580907666129 -0.024254716763973422 -0.0096765326779257865 -0.030116348364929643 -0.013194969298803592 0.19906949152873771 0.0231991799800128 0.1381840317202099 0.44719283904400281 -0.034099731003744825 -0.033891300668609736 -0.02449549380164727 0.51647163461658541 0.02378652498287263 -0.033878687672235036 0.51304792809954514 0.00018222067538995791 0.24851823328295733 -0.010159664127687424 -0.034057901383408196 -0.033590149262313296 0.063890349086320714 -0.00055343868225588943 0.45197251216535855 -0.033492448036436515 0.01081666151390405
leaf_weight=38.515102632343769 5649.7486009602435 74.722348216921091 112.33448963193223 330.06057018134743 304.211351364851 69.415114268194884 22.815145995467901 44.288069280795753 24.293900081887841 1.0479088407009829 5.229208817705512 0.56917267106473424 0.82904426008462906 1.136728956364095 1.5626692911609987 5.4234436294063926 0.90798113867640484 2.593744020909071 0.55897273775190093 0.36588700022548426 1.4814498191699383 0.53026006929576397 10.440700750797989 1.079622397199272 37.218919491861016 16.866090290248398 4.5184064358472824 0.61598834395408619 2.6014634929597369 309.04275464639068
leaf_count=3561 40372 616 7606 49034 4665 6330 1379 5964 1791 10 326 20 26 44 110 410 33 119 27 35 142 14 638 47 3754 620 261 10 386 2246
internal_value=-0.000270757 0.0019162 -0.0190696 -0.0263152 -0.0107544 -0.00822955 -0.00330678 -0.0101653 0.0121837 0.025869 0.0840383 0.172834 0.321405 0.0777449 0.0117245 0.0480961 0.0959635 0.140163 0.2913 0.00758345 0.101761 0.103598 -0.011806 -0.00172717 -0.0232784 0.0295697 0.0384839 0.142509 0.050877 0.00272196
internal_weight=7075.03 6337.73 737.3 441.917 378.934 295.383 225.968 156.623 69.3455 45.0516 8.81206 3.58285 1.39822 2.18464 36.2396 13.4244 6.15363 4.59096 1.99721 7.27078 1.84734 1.08923 111.856 73.3412 43.4329 29.9083 6.21402 1.69561 19.4676 5958.79
internal_count=130596 47899 82697 58311 5281 24386 18056 13570 4486 2695 426 100 46 54 2269 890 303 193 74 587 177 41 9277 5716 4072 1644 318 57 1006 42618
is_linear=0
shrinkage=0.05


Tree=128
num_leaves=31
num_cat=1
split_feature=3 4 2 3 3 2 2 1 2 2 5 3 0 2 2 4 1 2 2 0 1 0 3 2 4 2 2 2 4 1
split_gain=70.5642 16.038 5.51164 5.40109 4.93701 5.88227 15.6231 5.86843 8.85443 10.0434 25.1293 7.37908 5.22086 6.77452 8.21091 8.28886 6.3466 4.35444 26.8456 4.33653 4.31017 4.38274 4.40392 14.5859 5.89952 4.12774 6.36901 5.45148 5.58364 4.41788
threshold=-6.9170352432702478 42.7426932216746 4543.5000000000009 -6.0523948069364035 -6.8493970753394056 10822.000000000002 10884.500000000002 2044.5000000000002 5438.0000000000009 4108.5000000000009 0 -6.5634398366489224 3.1081823611111115 13419.500000000002 14974.500000000002 5.939637663942011 301.50000000000006 13474.500000000002 13534.000000000002 2.423712876157408 172.50000000000003 0.36804103587962966 -3.6665527722616669 15092.500000000002 2.095937416300369 6381.5000000000009 5223.0000000000009 14923.500000000002 1.4712513167492045 358.50000000000006
decision_type=2 2 2 2 2 2 2 2 2 2 1 2 2 2 2 2 2 2 2 2 2 2 2 2 2 2 2 2 2 2
left_child=1 2 -1 4 5 -2 -7 8 9 11 -11 -6 13 -10 15 16 -15 -9 -19 -17 -5 -22 24 -24 25 26 -23 29 -29 -27
right_child=3 -3 -4 20 7 6 -8 17 12 10 -12 -13 -14 14 -16 19 -18 18 -20 -21 21 22 23 -25 -26 27 -28 28 -30 -31
leaf_value=-0.025189009056046985 -0.023689821598799614 -0.028623531278200089 -0.0064686699038977585 -0.0097956106314924692 0.070622100015581862 0.11598254781612245 -0.0017580274424157214 -0.015989313228716367 -0.022485423704816813 0.2771869049055305 -0.034322340212343615 -0.034528282216482173 -0.01153068777609324 0.054987799551130138 -0.035389525405939815 -0.034462714332493885 0.19496463932724303 0.12052821026420964 -0.0095029165100963334 0.12006003945441444 0.031381061509060983 0.01287546360054552 -0.028474304659918043 0.083554179195377026 0.0047198276123874873 0.005535930938030089 -0.043942589356046419 -0.040353715311173724 0.022033965559049348 0.03268705419328382
leaf_weight=47.90185803710483 4.885628346353772 197.06385360879358 219.41718921507709 46.953748464584351 3.5339967627078295 4.4403502568602544 7.7086887313053012 104.82669721823186 4.2066220790147764 1.4339239876717329 1.1803158540278673 3.1607259027659875 29.951890431344509 1.3828287906944754 1.8056043414399026 1.5271355099976065 1.9541019853204487 4.3572806101292363 44.583488480187953 0.6461579082533716 16.290496811270714 19.718286488205198 23.657596860080961 3.3122468739747992 1346.1826347801834 19.820049569010735 6.577409215271472 6.7744145691394788 7.6210097298026085 61.38175855576992
leaf_count=8355 239 76359 29680 209 45 31 324 4078 133 24 34 79 816 10 39 44 36 48 1684 18 81 94 244 12 7513 82 28 25 23 209
internal_value=-0.000443945 -0.0178013 -0.00982323 0.00408471 -0.00321944 0.0226427 0.041275 -0.0053732 0.00936356 0.0534321 0.136542 0.0209783 -0.000527677 0.028074 0.0571458 0.0874679 0.136958 -0.0102402 0.00207398 0.0114796 0.00512334 0.00558684 0.00530578 -0.0147158 0.00567359 0.016207 -0.00133658 0.0210326 -0.00732536 0.0260599
internal_weight=2244.26 464.383 267.319 1779.88 221.585 17.0347 12.149 204.551 50.7833 9.30896 2.61424 6.69472 41.4743 11.5225 7.31583 5.51022 3.33693 153.767 48.9408 2.17329 1558.29 1511.34 1495.05 26.9698 1468.08 121.893 26.2957 95.5972 14.3954 81.2018
internal_count=130596 114394 38035 16202 7682 594 355 7088 1278 182 58 124 1096 280 147 108 46 5810 1732 62 8520 8311 8230 256 7974 461 122 339 48 291
cat_boundaries=0 1
cat_threshold=4
is_linear=0
shrinkage=0.05


Tree=129
num_leaves=31
num_cat=2
split_feature=3 4 5 0 5 3 1 1 4 2 2 2 2 3 2 3 4 3 1 2 2 2 2 2 2 2 4 2 1 3
split_gain=135.934 32.5951 13.1352 11.7293 11.0701 13.9248 12.8383 11.6516 12.7436 13.1457 21.4979 22.4146 15.1484 11.2496 10.7387 9.74037 64.0774 15.3391 9.24767 15.6038 23.2967 11.6255 19.5537 23.8798 17.18 33.9473 17.3283 13.5694 11.2523 9.95687
threshold=-12.702130232536012 66.037702375559618 0 5.2408985648148159 1 -8.5236756886338156 1044.5000000000002 22865.500000000004 54.208990967612259 9280.5000000000018 10703.000000000002 11485.500000000002 8677.5000000000018 -5.7241130549365069 6897.5000000000009 -8.7758555871664381 282.23520312212855 -9.1476725252526219 27497.000000000004 12544.500000000002 14184.000000000002 12590.500000000002 13293.500000000002 13338.000000000002 13826.500000000002 13862.500000000002 7.6146885290671245 14163.500000000002 11587.500000000002 -14.823185543372469
decision_type=2 2 1 2 1 2 2 2 2 2 2 2 2 2 2 2 2 2 2 2 2 2 2 2 2 2 2 2 2 2
left_child=1 2 -1 -3 6 -6 -2 -8 14 12 -11 -12 13 15 -9 16 17 -10 19 -4 21 -21 -23 -24 28 -26 -27 -28 -25 -30
right_child=4 3 18 -5 5 -7 7 8 9 10 11 -13 -14 -15 -16 -17 -18 -19 -20 20 -22 22 23 24 25 26 27 -29 29 -31
leaf_value=0.03268796268241829 -0.011919766480872535 0.031985862279014475 0.019997687075713214 0.0058349846508728882 0.010734857365423039 -0.00084810609886251599 -0.00090851643884745236 -0.026875171006891119 0.021165005037869694 -0.03100275787271551 0.031331008395217942 -0.0080470333823766237 0.034763432633836314 -0.047191304329290223 -0.0067196943250759957 0.005912854345531105 -0.7509200953089139 -0.22044898701149329 -0.01252546971275296 -0.096457510728089321 0.012951686273513327 0.022570849455948575 -0.1273442482413378 0.030702494138344971 -0.15473055377041772 -0.2698958363834647 0.012465882016913832 -0.08724386607769051 -0.19781442670384272 0.033807870583942572
leaf_weight=56.975098272319883 434.05117532424629 363.04586590640247 194.96136846486479 48.621025274507701 278.2188304644078 3850.8402072228491 2330.7309313099831 132.79676115699112 3.9924139808863401 86.741877893917263 41.520562021061778 278.76119673531502 38.710881474427879 11.716110825538633 131.55028992518783 150.63861711509526 0.31861190032213915 0.78626343235373397 52.445535810664296 4.8402717895805827 135.14509871043265 22.288416985422373 5.9942052979022256 15.913352823816242 5.6914170905947712 0.65628665126860397 15.958439832553269 4.3401097208261481 1.079314464703202 0.81384442280977864
leaf_count=5604 1704 48899 12031 4193 11783 16947 12535 646 268 437 248 1907 175 36 620 538 20 35 2119 57 6614 1234 83 826 84 17 787 50 58 41
internal_value=0.000320574 0.0183992 0.0100417 0.0288972 -0.00184004 -6.76381e-05 -0.00384929 -0.00275742 -0.00766811 -0.00371194 -0.00892223 -0.00294216 0.00657463 5.80588e-05 -0.016845 0.00361266 -0.0643643 -0.0185891 0.00723756 0.00977994 0.00041524 -0.0214246 -0.0164314 -0.0336634 -0.021031 -0.0464409 -0.0170291 -0.00885344 0.0169932 -0.098243
internal_weight=8700.14 928.77 517.103 411.667 7771.37 4129.06 3642.32 3208.26 877.534 613.187 407.024 320.282 206.163 167.452 264.347 155.736 5.09729 4.77868 460.128 407.682 212.721 77.5757 72.7354 50.447 44.4528 26.6463 20.9548 20.2985 17.8065 1.89316
internal_count=130596 82697 29605 53092 47899 28730 19169 17465 4930 3664 2592 2155 1072 897 1266 861 323 303 24001 21882 9851 3237 3180 1946 1863 938 854 837 925 99
cat_boundaries=0 1 2
cat_threshold=1 8
is_linear=0
shrinkage=0.05


Tree=130
num_leaves=31
num_cat=1
split_feature=3 3 0 1 4 5 2 2 4 2 2 2 2 2 1 2 3 4 1 2 2 4 2 1 2 2 2 1 1 4
split_gain=105.51 24.4003 22.5525 12.7263 12.073 11.3398 11.4184 14.7188 13.6908 10.8299 17.2854 28.0146 22.7826 23.8272 28.3511 22.6263 21.2222 19.3273 16.3186 35.4753 13.0267 13.9582 12.8076 14.0038 20.3173 12.2319 24.4363 42.4676 30.9854 12.901
threshold=-12.702130232536012 -6.0867691321245561 3.7402859027777784 3435.5000000000005 3.5327068242902757 0 14974.500000000002 14884.500000000002 109.82521653705759 3371.5000000000005 7413.5000000000009 5860.5000000000009 8163.5000000000009 8577.5000000000018 3533.5000000000005 3961.5000000000005 -6.2626880638303701 13.623141164071198 11448.500000000002 3874.0000000000005 1199.5000000000002 164.59513124366583 507.50000000000006 23332.500000000004 722.50000000000011 6598.5000000000009 7106.0000000000009 9365.5000000000018 35730.500000000007 6.8046686379792378
decision_type=2 2 2 2 2 1 2 2 2 2 2 2 2 2 2 2 2 2 2 2 2 2 2 2 2 2 2 2 2 2
left_child=2 4 3 -1 -2 6 7 -6 -8 20 11 15 -12 14 17 18 -16 -14 19 -11 22 -22 -7 24 -24 29 28 -28 -27 -13
right_child=1 -3 -4 -5 5 9 8 -9 -10 10 12 25 13 -15 16 -17 -18 -19 -20 -21 21 -23 23 -25 -26 26 27 -29 -30 -31
leaf_value=-0.011207941374635429 0.01154135928049929 -0.0057886850522251045 -0.0078204744049760588 -0.03108576241332623 0.0048403916200695889 -0.019673977984973671 0.026915683310197377 -0.016509607565084728 -0.050988978644917637 -0.025267024082122797 -0.02551445207362369 0.11670564170991862 0.056576439278364823 -0.00098945637228086379 -0.0065596333602496023 -0.0084668679941119832 0.072630258305793047 0.18585422561189952 0.043603247578820663 0.10269686018733676 -0.018786649005597438 0.056517051131983354 0.056945483331256874 0.08165000610108597 -0.018268153052197582 -0.022243651868026265 0.092303863438654876 -0.022225443443621248 0.06315070643838247 0.03379044071541739
leaf_weight=108.62721787579358 389.52717010676861 909.50197496078908 290.46942625800148 311.18997299764305 2353.2476325528696 25.751465743407607 87.606525135226548 83.594157817773521 6.0275106956250957 29.674995730631053 90.905836157500744 4.9797489996999493 10.945199714973567 1609.5990198049694 36.753738699480891 214.66823956742883 10.990289270877836 3.9288974124938241 43.046043849550188 6.6253897650167337 186.7241909718141 6.3634118977934113 14.741959400475023 8.6576211825013143 22.966618997976184 52.408403367735445 20.603422802872956 13.331146716140209 13.323330226354299 80.999533156864345
leaf_count=9277 1198 8814 24386 49034 14300 267 508 611 115 261 781 45 74 14958 322 1870 33 20 346 53 1530 50 86 63 203 471 133 134 78 575
internal_value=-0.000257516 0.00179058 -0.0185315 -0.0259424 0.00306054 0.00240488 0.00476637 0.00410799 0.0219007 2.2217e-05 0.00115205 0.00956775 -0.00113745 0.000187745 0.0304477 -3.40542e-05 0.0116692 0.0907243 0.0227805 -0.00191161 -0.00953258 -0.0163049 0.00859971 0.0243027 0.0111362 0.0247745 0.012854 0.0473112 -0.00493485 0.0385927
internal_weight=7047.78 6337.49 710.287 419.817 5427.99 5038.46 2530.48 2436.84 93.634 2507.99 2242.78 479.66 1763.12 1672.22 62.6181 294.015 47.744 14.8741 79.3464 36.3004 265.205 193.088 72.1177 46.3662 37.7086 185.646 99.6663 33.9346 65.7317 85.9793
internal_count=130596 47899 82697 58311 39085 37887 15534 14911 623 22353 20154 3966 16188 15407 449 2530 355 94 660 314 2199 1580 619 352 289 1436 816 267 549 620
cat_boundaries=0 1
cat_threshold=8
is_linear=0
shrinkage=0.05


Tree=131
num_leaves=31
num_cat=1
split_feature=3 4 3 0 3 0 2 2 0 2 3 3 2 4 0 4 2 3 4 2 2 5 1 0 3 2 2 2 4 2
split_gain=65.002 15.7498 6.35081 13.7742 6.0954 12.6846 6.03864 57.1628 82.6096 6.01665 7.04325 4.98875 4.75429 4.69591 16.0609 5.34169 5.10753 4.58434 5.6208 5.38524 9.79319 4.19866 4.06722 4.11714 4.11882 13.7217 5.66935 14.7042 7.40154 4.87961
threshold=-6.9170352432702478 34.51655268121285 -28.148834086681287 4.3253446527777788 -28.575531531132107 5.795290005787038 1199.5000000000002 977.50000000000011 1.8590988773148156 15489.500000000002 -14.823185543372469 -6.0523948069364035 4645.5000000000009 31.374295607241294 6.517793680555557 16.583014443101831 15222.500000000002 -6.8493970753394056 3.5327068242902757 8938.0000000000018 10884.500000000002 0 172.50000000000003 0.36804103587962966 -3.6665527722616669 15092.500000000002 15037.500000000002 15013.500000000002 2.095937416300369 6381.5000000000009
decision_type=2 2 2 2 2 2 2 2 2 2 2 2 2 2 2 2 2 2 2 2 2 1 2 2 2 2 2 2 2 2
left_child=1 2 3 6 13 -6 7 -1 -9 12 -11 17 -4 15 16 -5 -15 19 21 -2 -21 -19 -13 -24 26 -26 27 28 29 -25
right_child=11 -3 9 4 5 -7 -8 8 -10 10 -12 22 -14 14 -16 -17 -18 18 -20 20 -22 -23 23 24 25 -27 -28 -29 -30 -31
leaf_value=-0.033398403081873397 -0.033759353959733764 -0.027053210160491576 -0.028376427854701569 0.057451409855350521 -0.033812495797583018 0.5697672016727563 -0.023994135422239937 -0.033404197683206877 2.4214885563682511 0.17109410834583122 -0.034462354296374613 -0.0096677362448085793 -0.0088146712548007461 -0.033451634840350464 0.61240828875179076 -0.005813273298573703 0.1942736962070761 0.030870596155059826 -0.0085477452060067176 0.083341107238252332 -0.0017096337248174499 -0.0097518021371216009 0.030673670632848832 -0.0013910022170677038 -0.02813738647609167 0.079677249711471568 -0.014540148892594846 0.089105497563325073 0.0044873331697912753 0.023058733940819517
leaf_weight=1.0576199616771216 3.5034330096095827 217.69528256705962 38.606587544316426 8.8055565897375327 0.1833837244193991 0.16569512314163148 18.277393227443099 0.078035834478214272 0.061102350708097219 0.96062640752643347 0.73601382295600959 46.781912382692099 158.91154485777952 0.56910509127192088 0.15470142988488067 5.3720954596064976 0.43398710340261459 17.190590016543865 176.14929037541151 6.0406843330711109 7.6975640412420034 10.09707808122039 15.821280039846895 26.291185338050127 23.253149913623933 3.3801611475646487 34.853188596665859 5.2862699031829825 1315.1217142511159 91.178526096045971
leaf_count=381 199 81541 5997 443 23 18 4173 25 19 27 40 209 20586 129 22 965 5 277 6530 71 324 281 81 122 244 12 250 16 7267 319
internal_value=-0.000435904 -0.0173696 -0.00837516 0.0112167 0.046089 0.252685 -0.0168696 0.0919393 1.04466 -0.0118328 0.0819223 0.00385839 -0.0126382 0.0413863 0.138207 0.0334796 0.0650736 -0.00317863 -0.00527662 0.0215758 0.035687 0.0158394 0.0048526 0.00530092 0.00503319 -0.0144541 0.0053856 0.00586859 0.00556145 0.0175866
internal_weight=2234.71 452.069 234.373 35.1587 15.6845 0.349079 19.4742 1.19676 0.139138 199.215 1.69664 1782.65 197.518 15.3354 1.15779 14.1777 1.00309 220.679 203.437 17.2417 13.7382 27.2877 1561.97 1515.19 1499.36 26.6333 1472.73 1437.88 1432.59 117.47
internal_count=130596 114394 32853 6203 1605 41 4598 425 44 26650 67 16202 26583 1564 156 1408 134 7682 7088 594 395 558 8520 8311 8230 256 7974 7724 7708 441
cat_boundaries=0 1
cat_threshold=8
is_linear=0
shrinkage=0.05


Tree=132
num_leaves=31
num_cat=2
split_feature=3 4 5 0 3 0 5 1 2 2 2 2 2 2 2 4 2 1 4 4 4 4 3 1 2 1 1 2 4 2
split_gain=123.296 32.0982 12.951 11.8116 10.1283 11.4608 9.24473 8.79142 15.0154 21.9672 9.90712 17.9863 19.6684 15.4922 27.1893 12.344 11.8499 10.0837 9.14328 20.617 8.98861 8.88397 29.9528 10.2689 10.0057 9.64958 11.4051 8.61299 11.6662 10.3716
threshold=-12.702130232536012 66.037702375559618 0 5.2408985648148159 -7.6196982991156821 0.24308233796296302 1 27497.000000000004 12544.500000000002 14184.000000000002 12590.500000000002 13293.500000000002 13338.000000000002 13826.500000000002 13862.500000000002 7.6146885290671245 14163.500000000002 11587.500000000002 6.4988130048797972 7.3365338571321503 23.453047595487906 10.178710220534201 -24.583776649023552 3533.5000000000005 7480.0000000000009 7934.5000000000009 5856.5000000000009 15025.500000000002 15.302744961548294 14654.500000000002
decision_type=2 2 1 2 2 2 1 2 2 2 2 2 2 2 2 2 2 2 2 2 2 2 2 2 2 2 2 2 2 2
left_child=1 2 -1 -3 -2 -6 -7 8 21 10 -10 -12 -13 17 -15 -16 -17 -14 -9 -20 -21 22 -4 -24 25 26 -25 28 29 -11
right_child=4 3 7 -5 5 6 -8 18 9 27 11 12 13 14 15 16 -18 -19 19 20 -22 -23 23 24 -26 -27 -28 -29 -30 -31
leaf_value=0.032633439887349625 0.0020358325110164848 0.031886619611738241 -0.33086588016666829 0.0053560073381434883 -0.037161152438477049 0.012366671152307614 -0.0027010190847801246 0.022935636309313997 -0.087944519101722213 -0.030944979660536193 0.022152921385670498 -0.11353323436406826 0.030546171992583044 -0.13491148404829928 -0.20553720817353593 0.011951818196985778 -0.079303824348314705 -0.087173660999008071 -0.32824881692271601 -0.057548628872904128 -0.0046512665179563447 0.024647684238852857 0.026518341579821188 -0.051923902233332868 0.024476358591398632 -0.016412646523083302 -0.22957070703640101 -0.0098707829285033782 0.033677563545101964 0.020759678322147136
leaf_weight=54.272472696844488 1461.1443873718381 342.70182285318151 0.6847255676984777 47.804160127416253 23.874547265470028 103.50361955538392 6179.0482667461038 13.548874331638215 5.153841581195592 16.889386709779501 21.515349113382399 6.5087920799851409 15.252737139351668 6.3155214507132795 0.83052438311279075 15.602611258625986 4.6080497074872246 2.0654635578393927 0.55163363739848037 11.432125034742056 26.993312099017203 154.6290774885565 19.615846155211329 2.262662390246986 5.3093827236443749 4.8968249931931496 1.5040849465876815 32.414384301751852 60.141547743231058 22.781867722049356
leaf_count=5604 25188 48899 20 4193 177 488 22046 570 57 423 1234 83 826 84 17 787 50 99 18 384 1147 10666 848 64 230 161 42 995 4232 964
internal_value=0.000311027 0.0178704 0.00955619 0.0286388 -0.00171512 -0.00258418 -0.00245278 0.00678225 0.00931374 0.000115869 -0.0209552 -0.0162062 -0.0323306 -0.0205 -0.0439269 -0.0166179 -0.00885455 0.0165063 -0.0124467 -0.0247461 -0.020389 0.0195428 -0.00348865 0.00318511 -0.0295711 -0.0626935 -0.122859 0.0125221 0.0197943 -0.00125273
internal_weight=8663.86 896.287 505.781 390.506 7767.57 6306.43 6282.55 451.509 398.983 210.08 77.8529 72.699 51.1837 44.6749 27.3567 21.0412 20.2107 17.3182 52.5259 38.9771 38.4254 188.903 34.2735 33.5888 13.973 8.66357 3.76675 132.227 99.8128 39.6713
internal_count=130596 82697 29605 53092 47899 22711 22534 24001 21882 9851 3237 3180 1946 1863 938 854 837 925 2119 1549 1531 12031 1365 1345 497 267 106 6614 5619 1387
cat_boundaries=0 1 2
cat_threshold=1 1
is_linear=0
shrinkage=0.05


Tree=133
num_leaves=31
num_cat=1
split_feature=3 3 0 1 2 3 4 2 2 4 1 1 1 2 2 5 2 2 2 2 4 4 1 1 4 2 4 3 3 3
split_gain=95.598 23.0637 22.2596 12.6252 9.46383 9.04919 9.54143 8.47654 17.9253 10.737 8.57241 8.23541 14.8587 13.0555 10.8085 8.81389 13.9429 7.93437 14.6157 12.1681 16.4518 12.5514 12.1588 10.6686 11.8235 10.8154 19.562 22.5722 15.6341 12.201
threshold=-12.702130232536012 -5.5265860328747483 3.7402859027777784 3435.5000000000005 3730.0000000000005 -14.7410037632214 7.3365338571321503 12544.500000000002 14184.000000000002 9.5227116381762738 1158.5000000000002 8405.5000000000018 4835.5000000000009 3644.5000000000005 199.50000000000003 0 722.50000000000011 192.50000000000003 1446.5000000000002 507.50000000000006 8.8502927588511309 26.755987656515657 2650.5000000000005 36161.500000000007 241.20189124312574 2390.5000000000005 9.1893487371359424 -6.8182993190962202 -7.8631209890270393 -6.1297131749536229
decision_type=2 2 2 2 2 2 2 2 2 2 2 2 2 2 2 1 2 2 2 2 2 2 2 2 2 2 2 2 2 2
left_child=2 17 3 7 11 6 -4 -1 10 -10 -9 12 13 14 -3 -14 -17 -2 19 21 -21 22 -19 24 25 26 27 28 -20 -28
right_child=1 4 5 -5 -6 -7 -8 8 9 -11 -12 -13 15 -15 -16 16 -18 18 23 20 -22 -23 -24 -25 -26 -27 29 -29 -30 -31
leaf_value=-0.030761669094101465 -0.026001896671721939 0.059920773035549935 0.060982155396669679 -0.030937271537543706 -0.014362433447037826 -0.023646931971422674 -0.0041549903733651026 -0.0093690592197091509 0.037528543489580214 -0.03357228325703273 0.047087690240379468 -0.033326466900876074 0.084170534445583159 0.06275172791968045 -0.022689541305912057 0.12467035774428087 -0.026917577599324213 0.014811470702273897 -0.034481109023391736 0.036108904990741708 0.0050013176667924111 0.060563102060678803 -0.040678437351243102 0.0086484640563384684 -0.011844201208227451 0.0022110172997793602 -0.032562650172975161 -0.035796934473912544 0.040332534827366838 0.024699832234260075
leaf_weight=35.538049672264606 24.441743237897754 4.468683958053588 5.7740491498261681 293.85710649145767 298.73199289478362 65.274066618643701 213.59087126282975 10.082040883135052 6.2826395006850353 34.288560169748962 20.185551616828889 11.533638980239628 9.5601183921098709 6.5963319092988959 34.748211529105902 2.0535448789596566 5.8049452751874924 17.032274652272463 8.4374069068580848 90.244288586080074 80.342700564302504 5.9248603023588648 23.48260922729969 555.00970599846914 164.31092226970941 4838.1756093776785 81.596961273811758 19.828850448131561 40.515453800559044 10.499359034001825
leaf_count=3561 197 12 192 49034 4665 6330 17864 638 318 3754 1006 101 44 27 352 8 72 75 117 391 523 34 155 3656 1662 34907 632 88 123 58
internal_value=-0.000246809 0.00167217 -0.0179925 -0.0255942 -0.0103807 -0.00730359 -0.00244047 -0.0108345 -0.000837609 -0.022562 0.0282821 0.00552853 0.0126158 -0.00232952 -0.0132763 0.0519239 0.0126947 0.00242751 0.00254458 0.0152806 0.0214579 -0.00741035 -0.0173507 0.00206122 0.00135315 0.00178693 -0.0109669 0.00920808 0.0274378 -0.0260345
internal_weight=7018.21 6333.34 684.873 400.234 373.497 284.639 219.365 106.377 70.8388 40.5712 30.2676 74.7655 63.2318 45.8132 39.2169 17.4186 7.85849 5959.84 5935.4 217.027 170.587 46.4397 40.5149 5718.37 5163.36 4999.05 160.878 68.7817 48.9529 92.0963
internal_count=130596 47899 82697 58311 5281 24386 18056 9277 5716 4072 1644 616 515 391 364 124 80 42618 42421 1178 914 264 230 41243 37587 35925 1018 328 240 690
cat_boundaries=0 1
cat_threshold=8
is_linear=0
shrinkage=0.05


Tree=134
num_leaves=31
num_cat=3
split_feature=3 4 2 3 3 4 2 2 2 2 0 5 4 1 0 4 2 1 1 1 1 3 0 2 0 5 3 5 2 4
split_gain=59.9661 15.4249 5.39126 4.53613 4.25798 5.4819 5.10461 11.8191 4.97064 24.2167 4.04658 3.98757 3.91531 5.47006 6.49287 9.19103 5.28207 4.88152 6.34795 4.77226 7.07248 4.52064 10.5856 6.81788 4.34548 4.91128 3.91385 7.92152 7.44309 9.41497
threshold=-6.9170352432702478 42.7426932216746 4543.5000000000009 -6.0523948069364035 -6.8493970753394056 79.907954790757316 10822.000000000002 10884.500000000002 13419.500000000002 13534.000000000002 6.8507093229166687 0 0.39339827910599073 413.50000000000006 1.441266354166667 17.395043626706709 12864.500000000002 2975.5000000000005 18982.500000000004 8634.5000000000018 5749.5000000000009 -4.549981967677529 4.3545591261574081 14862.500000000002 2.8853423263888893 1 -10.984849947398924 2 13985.500000000002 0.0004979401466143501
decision_type=2 2 2 2 2 2 2 2 2 2 2 1 2 2 2 2 2 2 2 2 2 2 2 2 2 1 2 1 2 2
left_child=1 2 -1 4 6 8 -2 -8 -6 -10 -9 -4 -5 21 15 16 -15 -17 19 20 -19 22 -14 -23 -25 -26 27 28 29 -13
right_child=3 -3 11 12 5 -7 7 10 9 -11 -12 26 13 14 -16 17 -18 18 -20 -21 -22 23 -24 24 25 -27 -28 -29 -30 -31
leaf_value=-0.024766342082531603 -0.023460065275953283 -0.028179328091173246 -0.0334234911903427 0.031624455369952911 -0.0084277323761099057 -0.025376931703031375 0.097184435520539528 -0.012696923168333802 0.11175808290979816 9.4417956237109759e-05 0.11764024968061362 0.056372414336198252 -0.027366643682862887 0.015604619654049391 0.0042610380257497261 -0.016506969571150554 0.046661464970015207 0.02838048856047215 -0.024272333133882797 0.047199421468012003 -0.034134952921875475 -0.010053771711564952 0.0078415077614569489 0.0558522463974961 -0.016746291478008803 0.040702485893237328 -0.010982903721793145 -0.020390013061860522 0.027338786424526459 -0.015458538413691866
leaf_weight=45.595615979516879 4.7717164345085648 180.6123953575734 12.340109817916527 13.276411443948744 107.35651034396142 28.686705566942692 4.9843881763517839 7.0370319448411465 5.2758015841245642 60.942353845573962 0.65056810062378634 5.365189393516629 49.182215437293053 26.753229729831219 1297.0724780634046 20.548605360090733 28.040276288986206 14.132105670869352 8.9367875754833204 12.774006351828573 6.6544699296355239 27.697290509939194 37.723079327493906 8.2394594699144381 7.8126676939427853 7.1022176146507245 102.75033758836798 26.609091830207035 36.680321936029941 30.464241012232378
leaf_count=8355 239 76359 4460 41 3814 1414 31 311 74 1786 13 248 240 95 7385 73 100 49 29 42 25 192 177 26 26 20 9432 5447 3891 6202
internal_value=-0.000432391 -0.0169566 -0.00915468 0.00364317 -0.00308477 -0.00512893 0.0206174 0.0372151 -0.00178254 0.008991 -0.00166706 -0.00583166 0.00458712 0.00435593 0.00528195 0.0165192 0.0314978 0.00350125 0.0131758 0.0231477 0.00836723 -0.00515525 -0.0120838 0.00668562 0.0267093 0.0106099 -0.00414499 0.00294345 0.0115062 -0.00470239
internal_weight=2226.07 440.417 259.805 1785.65 219.705 202.261 17.4437 12.672 173.575 66.2182 7.6876 214.209 1565.95 1552.67 1414.91 117.839 54.7935 63.046 42.4974 33.5606 20.7866 137.757 86.9053 50.8516 23.1543 14.9149 201.869 99.1188 72.5098 35.8294
internal_count=130596 114394 38035 16202 7682 7088 594 355 5674 1860 324 29680 8520 8479 7798 413 195 218 145 116 74 681 417 264 72 46 25220 15788 10341 6450
cat_boundaries=0 1 2 3
cat_threshold=1 4 4
is_linear=0
shrinkage=0.05


Tree=135
num_leaves=31
num_cat=3
split_feature=3 4 5 0 5 3 1 1 4 2 2 2 2 3 2 2 3 2 1 1 1 5 1 2 2 1 2 2 3 2
split_gain=111.791 31.4555 12.6368 11.8931 9.48929 12.3989 11.7638 10.728 11.7813 12.3603 19.9402 21.2144 14.3092 10.4716 10.1366 9.06567 8.83885 17.7049 8.82507 8.76927 11.7689 18.0126 47.34 16.8011 218.379 8.47644 14.0111 20.0639 9.22221 14.1128
threshold=-12.702130232536012 66.037702375559618 0 5.2408985648148159 1 -8.5236756886338156 1044.5000000000002 22865.500000000004 54.208990967612259 9280.5000000000018 10703.000000000002 11485.500000000002 8677.5000000000018 -5.7241130549365069 6897.5000000000009 8800.5000000000018 -7.222972166579507 8938.0000000000018 24496.500000000004 5144.5000000000009 2897.5000000000005 2 4201.5000000000009 14738.500000000002 14772.500000000002 27497.000000000004 12544.500000000002 14184.000000000002 -29.999782961260337 13826.500000000002
decision_type=2 2 1 2 1 2 2 2 2 2 2 2 2 2 2 2 2 2 2 2 2 1 2 2 2 2 2 2 2 2
left_child=1 2 -1 -3 6 19 -2 -8 14 12 18 -12 13 -10 -9 -16 17 -14 -11 20 -6 22 -22 -23 -25 26 -4 28 29 -28
right_child=4 3 25 -5 5 -7 7 8 9 10 11 -13 16 -15 15 -17 -18 -19 -20 -21 21 23 -24 24 -26 -27 27 -29 -30 -31
leaf_value=0.032570210845061696 -0.011186958798950366 0.031782334188001464 0.019036935284257428 0.0048627516412674127 0.0093961559255951316 -0.00068666692132793132 -0.00064161887184853439 -0.025735256552415754 0.0037790995815532528 0.041438506692257474 0.030836306248342195 -0.0075743220915153626 0.054841521167843924 -0.045028460803123456 0.01886400117202218 -0.0130292587698077 0.055146226418468981 -0.048531174808603673 -0.033234648137338285 0.018009911643055043 0.03391762154639949 -0.0013925692822025137 -0.61157058764379624 -0.9499327538486253 0.023016018603115581 -0.01249665675574781 0.033848679900442956 0.012169318676507229 -0.032483567270133407 -0.037897583278524764
leaf_weight=51.38527247030288 433.70180419646204 323.45227180002257 182.24731387849897 46.990442832000554 85.504856231622398 3850.7243900336325 2333.2383656827733 132.30461843498051 156.0925780646503 4.1558904061093918 41.267702417448163 278.83528028335422 8.9029562557116169 11.821826726198195 28.43096661195159 103.01209297403693 21.765692606568336 7.7459329450502983 82.536685390397906 157.57791062537581 0.73054430540651083 24.028608774766333 0.46475160587579012 0.66057643573731084 4.543537512421608 52.449680212885141 16.061318292748187 129.4991814987734 50.934932939708233 11.956660878844557
leaf_count=5604 1704 48899 12031 4193 2457 16947 12535 646 861 24 248 1907 51 36 126 494 68 56 413 8087 32 969 20 23 195 2119 974 6614 1858 405
internal_value=0.000299982 0.0173508 0.00909847 0.0283676 -0.00159864 4.3978e-05 -0.00345784 -0.00241359 -0.00712858 -0.0033274 -0.00838335 -0.00262242 0.00664085 0.000342858 -0.015965 -0.00613079 0.0341701 0.00674714 -0.0296549 0.0103306 -0.000107163 -0.0268122 -0.217059 -0.0190331 -0.100484 0.00637681 0.00891049 5.70604e-05 -0.0198096 0.00323099
internal_weight=8633.02 864.977 494.534 370.443 7768.05 4124.24 3643.81 3210.11 876.872 613.125 406.796 320.103 206.329 167.914 263.748 131.443 38.4146 16.6489 86.6926 273.511 115.933 30.428 1.1953 29.2327 5.20411 443.149 390.699 208.452 78.9529 28.018
internal_count=130596 82697 29605 53092 47899 28730 19169 17465 4930 3664 2592 2155 1072 897 1266 620 175 107 437 11783 3696 1239 52 1187 218 24001 21882 9851 3237 1379
cat_boundaries=0 1 2 3
cat_threshold=1 8 1
is_linear=0
shrinkage=0.05


Tree=136
num_leaves=31
num_cat=1
split_feature=3 0 3 1 3 4 5 1 2 0 2 4 2 2 2 1 2 1 4 1 3 2 1 2 2 2 2 2 1 2
split_gain=86.5645 21.8561 21.6557 12.4818 8.76813 10.2732 8.74381 9.56778 17.4879 9.37249 8.72024 8.69529 10.8518 8.60181 15.8277 9.94605 8.38942 8.19646 10.5917 12.9385 11.4713 10.5664 17.4399 12.8137 10.7109 9.83289 36.7724 24.332 29.8821 22.5936
threshold=-12.702130232536012 3.7402859027777784 -5.5700056233421522 3435.5000000000005 -14.823185543372469 7.0593527031163044 0 39096.500000000007 15222.500000000002 6.7574792361111129 3730.0000000000005 0.00020095985555125003 14356.500000000002 14923.500000000002 14957.500000000002 809.50000000000011 15489.500000000002 301.50000000000006 8.8502927588511309 36161.500000000007 -9.4237162561723 2390.5000000000005 26974.500000000004 2120.5000000000005 722.50000000000011 10552.000000000002 11352.500000000002 11485.500000000002 8634.5000000000018 9772.5000000000018
decision_type=2 2 2 2 2 2 1 2 2 2 2 2 2 2 2 2 2 2 2 2 2 2 2 2 2 2 2 2 2 2
left_child=1 3 17 -1 5 11 -7 -8 9 -9 -4 -3 -13 -12 15 -15 -16 -2 -19 20 -20 22 24 -24 -22 29 -27 28 -28 -23
right_child=2 4 10 -5 -6 6 7 8 -10 -11 13 12 -14 14 16 -17 -18 18 19 -21 21 25 23 -25 -26 26 27 -29 -30 -31
leaf_value=-0.010454041829388404 -0.011509206747045395 -0.033933049619329185 0.0051972374843794961 -0.030779512966202634 -0.022877257158201391 -0.033522141555871236 -0.0036958325826821903 0.016806441020434028 0.30097176809752996 0.17957486645190851 -0.016229345657808442 0.050319487680342306 0.25370694861708071 0.091780400842543908 -0.0246119997576443 -0.0093435001534300458 0.053427990543278271 0.0066002295776281502 -0.012344085405120534 0.0086400469580033869 0.0069217629072160849 0.0027054878049874655 0.039121587040988504 -0.044012659868842063 -0.026363849933405476 -0.020859432266405298 0.11245082411929695 0.00086920013250665429 0.0036281855508487901 0.023685413044816361
leaf_weight=103.80358766904101 105.15642780996859 1.2300322400405992 79.310565840452909 277.33667772822082 65.27237556502223 21.695954381953925 170.12156382482499 16.749057078268386 0.59509465005248685 0.93371565453708072 286.37428252212703 1.7761818189173939 1.0397426076233385 7.5522932037711126 21.56802445277572 3.5861522816121578 4.0981557816267005 1276.5240622619167 167.651608846616 549.52900772634894 31.282254816964269 1369.0248791184276 24.299621668644253 5.7275482499971977 106.2831417042762 202.69465650804341 10.942421939224007 1925.2263171691447 14.89560771267861 141.59967448282987
leaf_count=9277 652 50 647 49034 6520 2663 13588 1431 16 42 4566 58 18 43 272 36 13 6997 10702 3607 142 6718 95 27 571 1062 42 10888 91 728
internal_value=-0.000232288 -0.0174566 0.00156418 -0.0252439 -0.00683428 -0.00194422 -0.00346397 -2.4959e-06 0.0343733 0.0254012 -0.00965914 0.0769726 0.125418 -0.013305 0.00944906 0.0592224 -0.0121512 0.00232584 0.00257557 0.00144622 0.000457821 0.00101791 -0.0112591 0.0232641 -0.0187947 0.00157941 -0.000589741 0.00151606 0.0497146 0.00467206
internal_weight=6993.88 660.554 6333.33 381.14 279.414 214.141 210.095 188.399 18.2779 17.6828 402.489 4.04596 2.81592 323.179 36.8046 11.1384 25.6662 5930.84 5825.68 4549.16 3999.63 3831.98 167.593 30.0272 137.565 3664.38 2153.76 1951.06 25.838 1510.62
internal_count=130596 82697 47899 58311 24386 17866 17740 15077 1489 1473 5577 126 76 4930 364 79 285 42322 41670 34673 31066 20364 835 122 713 19529 12083 11021 133 7446
cat_boundaries=0 1
cat_threshold=1
is_linear=0
shrinkage=0.05


Tree=137
num_leaves=31
num_cat=1
split_feature=3 4 5 1 1 0 3 2 2 3 3 3 0 1 1 2 2 4 2 2 4 0 2 2 2 2 2 2 3 1
split_gain=55.3439 16.5767 4.34306 5.58803 6.30424 5.50407 8.36693 5.5414 25.5422 24.6767 39.3432 7.89362 5.91082 7.60994 11.1268 4.70403 9.44584 4.82178 4.37281 19.5062 4.68006 3.92672 3.77166 3.78687 3.73369 4.80928 6.30272 12.7032 4.51841 6.09226
threshold=-6.4666728876018658 50.667246900856171 0 30740.500000000004 1976.5000000000002 4.2407709143518533 -28.148834086681287 14430.500000000002 14334.500000000002 -9.3700300566915242 -12.61394716023424 -8.672130443237128 4.5532027835648163 568.50000000000011 1044.5000000000002 15092.500000000002 15132.500000000002 0.00072406306272025016 14608.500000000002 14621.500000000002 0.00030971032446835007 6.7875911747685196 977.50000000000011 192.50000000000003 15132.500000000002 15092.500000000002 15037.500000000002 15013.500000000002 -3.6665527722616669 358.50000000000006
decision_type=2 2 1 2 2 2 2 2 2 2 2 2 2 2 2 2 2 2 2 2 2 2 2 2 2 2 2 2 2 2
left_child=1 2 -1 4 5 15 -7 8 11 10 -10 -8 13 -13 -15 17 -17 -4 20 -20 -6 -14 23 -2 25 26 27 28 -24 -30
right_child=22 -3 3 -5 18 6 7 -9 9 -11 -12 12 21 14 -16 16 -18 -19 19 -21 -22 -23 24 -25 -26 -27 -28 -29 29 -31
leaf_value=-0.033444254186859174 0.043774284868032177 -0.027184967506940133 0.12594930807176877 0.016118657400911975 0.035531504421298592 0.058631336687043262 -0.033492245906417577 -0.020356383329193851 -0.03385913669901635 -0.033682694255326773 0.69123123942843923 -0.034285875075602532 0.0089841334266471881 0.36831718260587315 0.048962834537283791 0.13325819654769244 -0.035139557584732743 -0.014805132326276647 0.22397916898015402 -0.0041868955261482946 -0.018536240166503053 0.11257359217219316 0.0046198867156339264 -0.035796514573523439 -0.015952289869570202 0.039595904141319277 -0.030506448339829129 0.079598671798637749 0.011211129972088896 -0.033794054736313923
leaf_weight=16.421297293505631 1.7535502482205618 174.77134641050361 0.61571901943534513 24.037064202362671 4.1003062915988258 8.5160790053196234 8.0597497874405235 14.651849492453037 0.30564303183928132 0.52052804268896469 0.48226578114554286 0.55283792503178553 12.13490045489743 0.49699871335178591 0.60449115326628089 1.6475051045417779 1.6838410284835843 51.518866911530495 0.96230398258194227 35.234316585585475 167.53393916902132 0.98941600089892823 1597.751890938729 10.150776857510207 22.745131189003587 9.6735207680612785 12.950168388895689 5.6136376149952403 13.05216419324279 17.739763805642724
leaf_count=6093 24 73330 40 2463 238 319 1277 1297 27 38 24 25 555 23 39 26 104 6660 41 4247 21638 34 11140 216 249 39 88 22 70 210
internal_value=-0.000435289 -0.0146029 -0.00833917 -0.00710726 -0.00890462 0.00122461 0.0137523 0.00390162 0.0186209 0.233466 0.409957 0.00631221 0.0280202 0.117085 0.193057 -0.00946203 0.0481409 -0.0131428 -0.0139139 0.00187901 -0.0172446 0.0167935 0.0039692 -0.0240754 0.00416798 0.0044442 0.00423775 0.00451309 0.00425427 -0.0147171
internal_weight=2217.27 525.841 351.07 334.649 310.612 102.781 47.3148 38.7987 24.1468 1.30844 0.787909 22.8384 14.7786 1.65433 1.10149 55.4659 3.33135 52.1346 207.831 36.1966 171.634 13.1243 1691.43 11.9043 1679.53 1656.78 1647.11 1634.16 1628.54 30.7919
internal_count=130596 118538 45208 39115 36652 10488 3658 3339 2042 89 51 1953 676 87 62 6830 130 6700 26164 4288 21876 589 12058 240 11818 11569 11530 11442 11420 280
cat_boundaries=0 1
cat_threshold=1
is_linear=0
shrinkage=0.05


Tree=138
num_leaves=31
num_cat=1
split_feature=3 4 5 0 0 4 1 4 2 3 2 2 2 2 1 0 3 2 0 3 1 2 2 4 1 4 2 2 3 2
split_gain=101.076 30.9026 12.2527 12.0162 9.17673 8.3322 13.9331 18.459 11.0269 9.23665 8.88324 15.7242 16.7841 12.4117 9.54929 11.1208 8.60275 8.24334 8.16454 9.58862 10.5659 11.5159 15.9247 11.4048 11.3478 10.0207 9.18658 20.644 9.5072 11.3871
threshold=-12.702130232536012 66.037702375559618 0 4.3545591261574081 3.3555170891203701 14.02817224716301 4296.5000000000009 32.608050211366837 2390.5000000000005 -8.1184156488641683 6792.5000000000009 8677.5000000000018 8163.5000000000009 7480.0000000000009 2117.5000000000005 1.6780886921296301 -9.6556077707749264 14838.500000000002 1.8060777256944449 -14.823185543372469 27497.000000000004 12544.500000000002 12590.500000000002 9.5227116381762738 18982.500000000004 23.453047595487906 13862.500000000002 13826.500000000002 -29.999782961260337 13293.500000000002
decision_type=2 2 1 2 2 2 2 2 2 2 2 2 2 2 2 2 2 2 2 2 2 2 2 2 2 2 2 2 2 2
left_child=1 2 -1 -3 5 17 10 8 -8 -10 -7 12 13 14 -12 -16 -9 -2 -4 20 21 -20 -23 24 -24 -22 27 28 -25 -30
right_child=4 3 18 -5 -6 6 7 16 9 -11 11 -13 -14 -15 15 -17 -18 -19 19 -21 25 22 23 26 -26 -27 -28 -29 29 -31
leaf_value=0.032496692253245779 -0.0060589554145165326 0.032927508252826344 0.019119312433349796 0.010441033393339129 -0.00043888010862391563 0.025742343317633795 0.019927702438608835 0.027525279030784101 0.020921111150721212 -0.025691542037904899 0.0053469037225182797 0.0071282649851298107 -0.081936579585758174 0.025695768624510631 -0.020742659771414037 -0.18088646988834547 -0.0025859845151199093 -0.019640241348161905 0.013813406216880018 0.017865248825545087 -0.070778660723860631 -0.12994127260352159 -0.037522098173580404 0.033868806195754296 -0.24031026960751412 -0.010059475441904874 0.008128763143315813 -0.1159851095986591 0.018954115341587509 -0.06785762045930048
leaf_weight=48.354611158370972 620.50164668448269 276.06151218060404 92.883017518557608 75.702798600774258 5658.7554768193513 51.425950535573065 16.649565856903791 24.467509972862899 11.367676557041703 163.30917721241713 3.7456462569534832 274.41332272533327 10.456445809453724 13.040350472554563 2.0949103469029069 2.246664734557271 776.67053561192006 136.26352489367127 105.19982953928411 77.637324593961239 9.9682276928797382 2.6431735325604668 13.749340156093236 9.4983498388901388 0.72631291113793928 21.345017272979021 81.926802196539938 5.0888837138190857 6.7283514142036447 8.6128006149083358
leaf_count=5604 2944 45125 6371 7967 35445 326 104 1878 414 514 17 1841 36 82 20 29 3634 615 6706 4397 277 27 379 565 14 812 3790 44 353 266
internal_value=0.000290903 0.0168087 0.00861702 0.0280882 -0.00148762 -0.00430468 -0.00195025 -0.0049987 -0.0189522 -0.0226581 0.00651444 0.003283 -0.030126 -0.00448399 -0.0531478 -0.103613 -0.00166636 -0.00850441 0.00596868 0.00240884 -0.00211113 0.00153637 -0.0084776 -0.00593626 -0.047697 -0.0293888 -0.000531827 -0.0242396 -0.00544361 -0.0297836
internal_weight=8601.53 836.126 484.362 351.764 7765.41 2106.65 1349.89 992.464 191.326 174.677 357.423 305.997 31.584 21.1276 8.08722 4.34158 801.138 756.765 436.007 343.124 265.487 234.174 128.974 126.331 14.4757 31.3132 111.855 29.9284 24.8395 15.3412
internal_count=130596 82697 29605 53092 47899 12454 8895 6544 1032 928 2351 2025 184 148 66 49 5512 3559 24001 17630 13233 12144 5438 5411 393 1089 5018 1228 1184 619
cat_boundaries=0 1
cat_threshold=1
is_linear=0
shrinkage=0.05


Tree=139
num_leaves=31
num_cat=1
split_feature=3 0 3 1 4 3 2 4 2 1 5 2 4 2 4 2 2 2 2 2 1 2 3 4 1 2 3 2 2 4
split_gain=78.1988 21.4102 20.5217 12.4405 10.5083 10.2176 11.0668 10.1269 9.67807 9.66327 9.75097 11.8064 13.3967 12.4547 10.9238 10.2023 15.9533 27.2388 21.9046 21.9545 26.4045 21.5881 19.5455 16.0614 14.3982 32.5901 13.6611 63.2111 14.2083 16.0535
threshold=-12.702130232536012 3.7402859027777784 -6.0867691321245561 3435.5000000000005 3.5327068242902757 -6.9170352432702478 15037.500000000002 2.5892505814121369 13419.500000000002 301.50000000000006 0 14974.500000000002 109.82521653705759 14884.500000000002 5.2945593001747611 3371.5000000000005 7413.5000000000009 5860.5000000000009 8163.5000000000009 8577.5000000000018 3533.5000000000005 3961.5000000000005 -6.2626880638303701 13.194700301946066 11448.500000000002 3874.0000000000005 -11.938736098641504 7106.0000000000009 6598.5000000000009 212.42474254309289
decision_type=2 2 2 2 2 2 2 2 2 2 1 2 2 2 2 2 2 2 2 2 2 2 2 2 2 2 2 2 2 2
left_child=1 3 4 -1 5 6 8 -7 -2 -6 11 13 -13 -11 -15 -12 17 21 -18 20 23 24 -22 -20 25 -17 27 -19 -28 -30
right_child=2 -3 -4 -5 9 7 -8 -9 -10 10 15 12 -14 14 -16 16 18 26 19 -21 22 -23 -24 -25 -26 -27 28 -29 29 -31
leaf_value=-0.010019135611519491 0.014320932730673881 -0.0063599486044958534 -0.0055348833235303839 -0.030616675088102133 -0.019834934521524853 0.011141408630407889 -0.041064007898995794 -0.012608238191070008 0.040325555708079157 0.0044198456487320337 -0.00941018526291423 0.027168053496654639 -0.050632625192147757 0.037079179957381213 -0.021907458170598446 -0.025478624484674018 -0.025181784313090247 0.021797624230206297 0.050465016235102335 -0.00096543945581190743 -0.0065933247303544412 -0.0086300151410455671 0.069100320813987384 0.160180201855052 0.041112973195605314 0.096039601534414432 0.037484431657268717 0.71690908908318896 0.0020407518629234722 0.065000680236358063
leaf_weight=101.76676069805399 140.1907301582396 274.4398342021741 900.20518306083977 262.13657569233328 50.140990105457604 121.50079765915871 7.4781420156359664 71.181248158216476 48.039366345852613 2344.7091091242619 258.18057527486235 85.014544377103448 5.9183311630040398 8.8043032772839052 72.328268844634295 28.349909069947898 89.755391431506723 1.8004517881199711 10.014269256964324 1587.7200129381381 36.685419199988246 212.23465258115903 11.111573398113249 5.0018135141581288 43.822452475316823 6.8508180035278192 86.14257918857038 0.39965683035552491 84.951539998874068 11.494660967029629
leaf_count=9277 463 24386 8814 49034 442 344 22 211 158 14224 2176 484 115 26 572 254 779 118 65 14710 322 1848 33 24 346 51 547 26 672 53
internal_value=-0.000224976 -0.0169044 0.00145703 -0.0248565 0.00261622 0.010541 0.0185878 0.00236773 0.0209577 0.0020057 0.0022251 0.00441645 0.0221044 0.00375341 -0.0155064 -3.66477e-06 0.0010921 0.0092029 -0.00112657 0.000181547 0.0291738 -0.000323713 0.0110035 0.0870108 0.0219847 -0.00182857 0.0242184 0.148067 0.0227261 0.00954445
internal_weight=6968.37 638.343 6330.03 363.903 5429.82 388.39 195.708 192.682 188.23 5041.43 4991.29 2516.77 90.9329 2425.84 81.1326 2474.52 2216.34 476.047 1740.29 1650.53 62.8131 291.258 47.797 15.0161 79.0232 35.2007 184.789 2.20011 182.589 96.4462
internal_count=130596 82697 47899 58311 39085 1198 643 555 621 37887 37445 15421 599 14822 598 22024 19848 3915 15933 15154 444 2499 355 89 651 305 1416 144 1272 725
cat_boundaries=0 1
cat_threshold=8
is_linear=0
shrinkage=0.05


Tree=140
num_leaves=31
num_cat=1
split_feature=3 4 2 3 0 4 2 1 2 1 2 2 5 4 4 2 4 1 2 0 2 4 4 2 1 4 1 4 4 2
split_gain=51.3082 14.6597 5.15625 3.89857 5.76673 5.36532 6.06137 8.80854 5.79482 7.31824 10.8015 5.12773 14.1968 9.85178 5.55637 5.29464 4.91069 5.11779 4.90067 5.63993 6.85174 13.0924 10.7901 9.33694 4.80924 7.36 6.67042 7.94495 8.12656 11.2057
threshold=-6.9170352432702478 42.7426932216746 4543.5000000000009 -5.9170352432702478 3.1610740277777785 59.839609987612711 9280.5000000000018 4567.5000000000009 5667.5000000000009 1836.5000000000002 1976.5000000000002 11648.500000000002 0 13.194700301946066 30.754137994823569 10115.500000000002 2.095937416300369 670.50000000000011 14621.500000000002 5.8238750636574093 13474.500000000002 9.8730282729676997 14.465140358121516 14184.000000000002 9365.5000000000018 57.963386657819761 19577.500000000004 8.5395426052325742 13.194700301946066 4645.5000000000009
decision_type=2 2 2 2 2 2 2 2 2 2 2 2 1 2 2 2 2 2 2 2 2 2 2 2 2 2 2 2 2 2
left_child=1 2 -1 4 -2 6 8 16 9 10 -6 12 13 -9 -13 -15 17 -8 19 -18 -21 -22 -23 -24 25 -5 27 -26 -29 -30
right_child=3 -3 -4 24 5 -7 7 11 -10 -11 -12 14 -14 15 -16 -17 18 -19 -20 20 21 22 23 -25 26 -27 -28 28 29 -31
leaf_value=-0.024298776766684446 0.0097989869470461646 -0.027716694726222631 -0.0053487179888959766 0.0037027083291714096 -0.036915480784025019 -0.019415254708047641 0.045983092499588624 0.17735457256728335 -0.030538371896818864 -0.0124589442320791 0.074125479751818366 -0.0075715809009375681 -0.013960360101516869 -0.034151065121736365 0.02620244757736322 0.072691434768098959 -0.014998896612821406 -0.014246277564756766 -0.027861124232660302 -0.01030365912171278 -0.034769655157686132 0.23996287743679634 0.1557154723577725 -0.034768993161871348 -0.021033900555559447 -0.014406657967979328 0.0015752241294619 0.057792274836685802 -0.020628112260560497 0.019048225001395771
leaf_weight=43.317828073631972 86.779924256727099 166.07206980185583 209.52794059854932 991.53622682578862 3.3174092546105367 52.196518265642226 8.0114800054579955 2.0346261207014331 29.125565604306757 35.720894280821085 6.4447209946811199 23.908696455881 6.8963756654411563 1.3992260340601186 24.819143154658377 6.7693325001746416 21.858565318398178 6.3009639214724293 29.469884556718171 5.9013893958181125 2.0952596645802259 1.2683592122048142 1.3045460544526579 1.2692097146064041 14.362306647002695 59.471454504877329 163.43697350844741 11.758323974907396 19.828907258808613 173.56046536564827
leaf_count=8355 1797 76359 29680 5533 64 1720 62 17 847 1032 86 571 176 46 583 81 575 64 558 147 60 22 23 36 78 363 678 44 115 824
internal_value=-0.000422893 -0.0161756 -0.00859526 0.00326201 -0.00141419 -0.00501669 -0.00156786 0.00444903 -0.013125 -0.00197415 0.0363911 0.0178977 0.041455 0.0789104 0.00963096 0.0543899 -0.00697706 0.0194675 -0.0129689 5.50864e-05 0.0278501 0.0657726 0.120602 0.0617809 0.00442585 0.00267799 0.0092229 0.014917 0.0174339 0.0149801
internal_weight=2209.76 418.918 252.846 1790.85 356.892 270.112 217.916 143.307 74.6086 45.483 9.76213 65.8274 17.0996 10.2032 48.7278 8.16856 77.4797 14.3124 63.1672 33.6973 11.8388 5.93737 3.84211 2.57376 1433.95 1051.01 382.947 219.51 205.148 193.389
internal_count=130596 114394 38035 16202 8567 6770 5050 3021 2029 1182 150 1474 320 144 1154 127 1547 126 1421 863 288 141 81 59 7635 5896 1739 1061 983 939
cat_boundaries=0 1
cat_threshold=8
is_linear=0
shrinkage=0.05


Tree=141
num_leaves=31
num_cat=2
split_feature=3 4 0 5 3 0 5 2 2 2 2 2 2 2 4 0 1 2 0 2 2 2 4 1 3 1 1 1 1 1
split_gain=91.0499 30.4115 12.1339 12.0998 8.53426 11.0058 8.49562 8.51636 12.0026 10.5349 9.10513 7.98687 11.6904 12.1719 9.55838 9.04259 8.00246 10.6173 16.4913 12.28 12.5052 28.0151 42.934 120.572 57.2309 11.7234 8.63421 11.03 13.5903 29.1208
threshold=-12.702130232536012 66.037702375559618 4.3545591261574081 0 -7.6196982991156821 0.24308233796296302 1 13616.500000000002 14985.500000000002 14838.500000000002 13962.500000000002 15037.500000000002 14878.500000000002 14862.500000000002 4.6388387182848723 6.6071487326388914 21917.500000000004 722.50000000000011 4.0740392650462978 4645.5000000000009 7480.0000000000009 7251.5000000000009 12.393196924726686 7544.5000000000009 -10.355709157664974 14884.500000000002 21469.500000000004 13818.500000000002 1567.5000000000002 1044.5000000000002
decision_type=2 2 2 1 2 2 1 2 2 2 2 2 2 2 2 2 2 2 2 2 2 2 2 2 2 2 2 2 2 2
left_child=1 3 -3 -1 11 -6 7 -7 9 10 -9 12 13 14 -2 -15 17 18 -16 -19 21 26 -23 24 -24 -22 27 28 29 -21
right_child=4 2 -4 -5 5 6 -8 8 -10 -11 -12 -13 -14 15 16 -17 -18 19 -20 20 25 22 23 -25 -26 -27 -28 -29 -30 -31
leaf_value=0.03243812937540333 -0.013555137075365382 0.032886135564047188 0.0099597304316029374 0.005488969864239187 -0.036947561090259533 0.023534179827217339 -0.0022911770564582696 -0.056390960871101493 0.047676666240248633 -0.061705893669178592 0.01939895263222452 -0.018117420446988691 0.023040636160224254 -0.02873764182124295 -0.081237548947710625 -0.1491854285358295 -0.0025032533593253975 0.020842909870374647 0.02329838027400976 0.027419653089173403 0.0040744256329501858 -0.0095411774794983729 -0.34144315124643621 0.0044687556110713234 -1.0134044936355104 0.022903514791861018 0.052852594628411367 -0.02845060557345544 0.01591852390428701 -0.10789858076355752
leaf_weight=46.136486303526908 89.341900745406747 260.05639692489058 74.173069506883621 428.45039473101497 22.67968487367034 63.457902200520039 6181.1019309312105 5.3131789714098039 8.2220831811428052 10.269371852278708 15.592105001211165 47.405029389075935 67.56938484031707 13.57712147105485 8.5542640239000303 1.7602680744603265 393.7255971711129 132.53609266597778 6.7497458616271606 8.4532722029834968 465.95112266298383 5.5008583553135377 0.79906540550291538 2.0453959759324789 0.52510045468807243 100.49747561011463 6.4263708190992466 38.433270266279578 57.576717014424503 7.5063454248011103
leaf_count=5604 591 45125 7967 24001 177 308 22046 27 30 29 94 721 1418 179 77 20 6966 2277 96 146 8540 51 32 77 19 2220 41 515 1130 72
internal_value=0.00028048 0.0162451 0.0277982 0.00810881 -0.00138316 -0.00217951 -0.00205402 0.0121979 -0.00606202 -0.0202352 0.00013658 0.00206871 0.00274858 0.00172532 0.0022381 -0.0425614 0.00338035 0.00613302 -0.0351326 0.00689735 0.00423302 -0.00992972 -0.0956346 -0.236183 -0.607911 0.00741502 -0.00350858 -0.00674336 0.00460178 -0.0362251
internal_weight=8570.39 808.816 334.229 474.587 7761.57 6306.64 6283.96 102.855 39.3967 31.1747 20.9053 1454.93 1407.53 1339.96 1324.62 15.3374 1235.28 841.555 15.304 826.251 693.715 127.266 8.87042 3.36956 1.32417 566.449 118.396 111.97 73.5363 15.9596
internal_count=130596 82697 53092 29605 47899 22711 22534 488 180 150 121 25188 24467 23049 22850 199 22259 15293 173 15120 12843 2083 179 128 51 10760 1904 1863 1348 218
cat_boundaries=0 1 2
cat_threshold=1 1
is_linear=0
shrinkage=0.05


Tree=142
num_leaves=31
num_cat=1
split_feature=3 0 3 1 2 3 0 4 2 2 1 1 2 2 4 1 1 2 2 2 4 2 4 0 4 2 3 5 2 2
split_gain=70.6701 20.7073 19.4167 12.4077 8.54348 8.43597 8.10511 9.14557 8.56262 9.35032 10.7253 8.86368 8.07704 15.1827 10.4588 7.80568 13.3848 11.8659 10.1303 7.73595 10.3811 7.53411 9.24877 18.6252 24.327 13.8359 13.3026 7.50819 12.3414 7.42124
threshold=-12.702130232536012 3.7402859027777784 -5.5265860328747483 3435.5000000000005 3730.0000000000005 -14.7410037632214 5.6780309201388892 93.711369626705789 14116.500000000002 13293.500000000002 7672.5000000000009 22606.500000000004 12544.500000000002 14184.000000000002 9.5227116381762738 8405.5000000000018 4835.5000000000009 3644.5000000000005 199.50000000000003 15222.500000000002 53.32582869498497 10306.500000000002 42.7426932216746 5.795290005787038 113.28979791752802 6598.5000000000009 -23.254263682550782 0 722.50000000000011 192.50000000000003
decision_type=2 2 2 2 2 2 2 2 2 2 2 2 2 2 2 2 2 2 2 2 2 2 2 2 2 2 2 1 2 2
left_child=1 3 29 12 15 6 7 19 9 11 -11 -8 -1 -14 -15 16 17 18 -4 -3 -21 22 25 24 -24 -13 -27 -18 -29 -2
right_child=2 5 4 -5 -6 -7 8 -9 -10 10 -12 21 13 14 -16 -17 27 -19 -20 20 -22 -23 23 -25 -26 26 -28 28 -30 -31
leaf_value=-0.030392661150897112 -0.025611145731468922 -0.0039462116402785097 0.057586240194479978 -0.030440033119479695 -0.013719004227535287 -0.022638758517111484 -0.0073689359423546198 -0.029431649607536154 -0.011964062046678414 0.12414871916280518 0.020616358984867255 0.02576407201975613 0.025988138843750709 0.037123053495988677 -0.033550563181151426 -0.033114790807871608 0.07726808302826349 0.058356090192811773 -0.0223687151913598 0.023697067561523986 0.19357326646531881 -0.0044627490001299952 -0.033577273113325867 -0.033706648363408219 0.72443180797202977 0.27057758313016672 0.052773596008387436 0.11317581891190871 -0.026697432052871742 0.0021607744932066338
leaf_weight=31.67223913455382 24.152836750261486 99.957111257594079 4.4809655249118796 247.42350641498342 290.04878478869796 59.374011450912803 20.842132144607604 37.074849219061434 22.914706578943878 4.6134272608906013 5.4643705692142248 2.4928792407736164 30.992284209001809 6.314228657167404 30.624960722867399 11.262377809733151 10.057987704873085 6.8369656652212134 34.179349314421415 5.1038475548848501 1.0916940034367142 5.1175406551919869 0.22757887654006514 3.1162638803943992 0.19788222946226597 1.8007085826247933 1.1479676170274613 2.1816859692335138 5.6898964904248714 5936.5128055196255
leaf_count=3561 197 7474 12 49034 4665 6330 1379 5964 1791 100 326 144 1644 318 3754 101 44 27 352 101 31 371 22 254 18 44 37 8 72 42421
internal_value=-0.000213224 -0.0163575 0.00136298 -0.0244414 -0.0098358 -0.00598797 -0.00130616 -0.00805262 0.0129173 0.0255815 0.0680115 0.0133443 -0.00954034 0.000181809 -0.0214699 0.00524428 0.0120555 -0.00236338 -0.0131014 -0.000585788 0.0536303 0.0439601 0.0715454 0.00866016 0.318973 0.112475 0.185783 0.0486442 0.0120698 0.00204824
internal_weight=6942.97 617.564 6325.4 347.027 364.738 270.537 211.163 143.228 67.9355 45.0208 10.0778 34.943 99.6037 67.9315 36.9392 74.6892 63.4269 45.4973 38.6603 106.153 6.19554 14.1008 8.98328 3.54172 0.425461 5.44156 2.94868 17.9296 7.87158 5960.67
internal_count=130596 82697 47899 58311 5281 24386 18056 13570 4486 2695 426 2269 9277 5716 4072 616 515 391 364 7606 132 890 519 294 40 225 81 124 80 42618
cat_boundaries=0 1
cat_threshold=8
is_linear=0
shrinkage=0.05


Tree=143
num_leaves=31
num_cat=0
split_feature=3 4 2 2 4 1 2 2 4 2 3 3 0 2 2 1 4 2 3 2 2 3 1 4 4 2 2 2 2 2
split_gain=47.12 14.3422 5.02673 3.84928 10.5815 7.06269 11.9016 14.3776 11.8245 13.8696 20.2178 13.4027 7.53305 7.06463 18.1624 12.205 10.7192 14.7181 7.06423 6.23883 20.5684 7.98798 8.85107 13.2974 7.23731 6.11719 7.61425 7.20439 12.5988 13.795
threshold=-6.9170352432702478 42.7426932216746 4543.5000000000009 10027.500000000002 14.02817224716301 10877.500000000002 6702.0000000000009 4645.5000000000009 41.273083110336081 8163.5000000000009 -5.5265860328747483 -5.6162743828288439 4.9535799884259282 8466.0000000000018 9049.5000000000018 3328.5000000000005 33.91333624607099 8938.0000000000018 -6.4001714943899612 10369.000000000002 10306.500000000002 -4.7868808815334676 8405.5000000000018 44.235231488147605 44.972294903272605 10552.000000000002 10608.500000000002 10751.500000000002 11163.500000000002 11863.500000000002
decision_type=2 2 2 2 2 2 2 2 2 2 2 2 2 2 2 2 2 2 2 2 2 2 2 2 2 2 2 2 2 2
left_child=1 2 -1 4 -2 13 7 -7 9 -8 11 12 -11 -6 15 -15 -17 -18 -9 20 21 22 -5 -24 -22 -21 -27 -28 -29 -30
right_child=3 -3 -4 19 5 6 8 18 -10 10 -12 -13 -14 14 -16 16 17 -19 -20 25 24 -23 23 -25 -26 26 27 28 29 -31
leaf_value=-0.024020587018595874 0.0068779715737107665 -0.027466212506741902 -0.0050669996581254595 -0.021368579128024048 -0.021637903706167343 -0.008237568095017132 -0.029083444535187259 -0.033756819679849372 -0.023327990319458342 0.10325597128793329 -0.022824003922707437 0.18890273518938472 0.0094734519174271489 0.13846902807079284 -0.028181017826097339 -0.025900008093369772 0.0042707711665391787 0.13605874118846026 0.035883467171942761 -0.022953212122119055 0.051494007107568435 0.062610710199393668 0.099174075721776736 -0.02195204725491209 0.1624049640910061 0.066554332252146228 -0.031613954707465086 0.026085387753836765 -0.017445943602519134 0.0050256341973550335
leaf_weight=42.069786069565453 292.01347811333835 159.16412622539792 207.63235125795472 18.887368103489283 101.44881110452116 44.558335401117802 11.358276309445502 3.9434738606214514 69.947813046164811 4.1671494636684674 7.3677093796432009 2.3928343951702109 4.4044065065681934 2.6984807923436192 20.893143845722079 6.4340483313426367 5.0842695804312807 3.6319630444049835 47.559532139450312 20.53538226056844 2.7718000002205363 5.7980000339448443 4.5413434803485853 4.5221247067674994 3.1337902536615729 4.9353710161522022 13.780998362228273 65.144725719466805 73.5981773911044 947.98367277439684
leaf_count=8355 2640 76359 29680 120 1212 718 114 229 718 40 37 11 69 17 199 64 46 16 261 164 16 24 19 33 25 40 128 403 828 8011
internal_value=-0.000419275 -0.0157368 -0.0082603 0.00307261 -8.34061e-05 -0.00613543 1.07348e-06 0.0125589 -0.012106 0.014332 0.0412315 0.0842747 0.0550668 -0.0147017 0.00346132 0.0405007 0.0230512 0.0591854 0.0305513 0.00477269 0.0242648 0.00920133 -0.00187767 0.0387394 0.110349 0.00408622 0.00458853 0.00431063 0.0047662 0.00340671
internal_weight=2202.4 408.866 249.702 1793.54 627.904 335.89 195.7 96.0613 99.6382 29.6904 18.3321 10.9644 8.57156 140.191 38.7419 17.8488 15.1503 8.71623 51.503 1165.63 39.6544 33.7488 27.9508 9.06347 5.90559 1125.98 1105.44 1100.51 1086.73 1021.58
internal_count=130596 114394 38035 16202 6391 3751 2197 1208 989 271 157 120 109 1554 342 143 126 62 490 9811 237 196 172 52 41 9574 9410 9370 9242 8839
is_linear=0
shrinkage=0.05


Tree=144
num_leaves=31
num_cat=1
split_feature=3 4 0 2 2 4 1 3 2 3 0 2 2 2 3 4 1 4 1 2 2 1 2 2 1 2 2 4 4 5
split_gain=82.2123 33.7197 12.2865 9.58287 16.2565 30.2479 16.7711 17.797 11.3987 8.66085 8.4774 6.73702 8.5723 7.78473 14.839 9.43611 15.0136 7.8827 7.18728 6.62273 18.5482 12.4503 12.5444 20.6169 14.5124 13.7268 17.5385 11.7796 11.464 11.3221
threshold=-10.220908802160311 76.164654652971151 4.3834742592592608 6464.0000000000009 6986.0000000000009 14.02817224716301 993.50000000000011 -13.028376313700479 6702.0000000000009 -10.984849947398924 3.3555170891203701 192.50000000000003 1446.5000000000002 977.50000000000011 -5.9689959068912115 28.953560974573374 9758.5000000000018 33.91333624607099 8298.5000000000018 12544.500000000002 12590.500000000002 2815.5000000000005 14184.000000000002 13826.500000000002 2044.5000000000002 13862.500000000002 14163.500000000002 19.943217518500841 23.982518133485517 0
decision_type=2 2 2 2 2 2 2 2 2 2 2 2 2 2 2 2 2 2 2 2 2 2 2 2 2 2 2 2 2 1
left_child=1 3 -3 -1 5 6 -5 8 -8 -9 -2 -12 13 15 17 16 -13 18 -15 -6 29 22 23 24 -22 -25 -27 -24 -26 -21
right_child=10 2 -4 4 19 -7 7 9 -10 -11 11 12 -14 14 -16 -17 -18 -19 -20 20 21 -23 27 25 28 26 -28 -29 -30 -31
leaf_value=0.017877704669495433 -0.0042605062064300899 0.032085115162106541 0.010463780811890248 0.034775642289163855 0.013786258207009287 0.017516286020391021 -0.1704202718724471 -0.29533400244537678 0.034018335983581185 -0.14052988690904075 0.028537210829513382 -0.011450866485952048 -0.00023610161571825102 -0.022678315514499801 0.019313466866863232 -0.040642217404523895 0.032361845846045227 0.0030471630840553233 -0.06130824364118509 -0.12642768351320471 0.024778989751982432 0.013329847596433634 -0.0073644456225592254 -0.12494818209557546 -0.086989246301093004 -0.0079763677417180063 -0.11063592099630136 0.029031228725153509 0.02102328698446148 0.012228149819223317
leaf_weight=157.1689792717807 2044.5252840332687 253.62038613297045 88.68067263206467 1.4962569819763327 158.44159944541752 9.177790411282329 1.2144778957590459 1.9577168151736262 1.5545734548941252 1.6778826750814917 19.916934859007597 55.979840144515038 5308.4883284410462 22.111430298537016 15.912530094385145 13.831203427165745 30.049645902588964 11.066724506206809 26.437360865995288 4.5023571839556098 21.763602763880044 152.15773184737191 72.57660121191293 5.9668868854641941 6.5968022504821402 13.995398824103178 5.9202971737831822 32.048686723224819 3.9141460675746202 2.1876523625105611
leaf_count=11027 9687 45023 9013 53 10143 641 35 29 72 17 106 224 27295 89 66 58 145 65 98 45 1029 9980 2114 46 93 545 40 2495 226 97
internal_value=0.000270789 0.013768 0.0264836 0.00711594 0.00371373 -0.0442227 -0.11594 -0.15115 -0.0556464 -0.22389 -0.00151128 -0.000490005 -0.000595429 -0.0114712 -0.0235837 -0.00231008 0.00385268 -0.0350338 -0.0437143 0.00541908 0.00129723 0.00304725 -0.00656421 -0.0251812 0.00147849 -0.0584247 -0.0384938 0.00378423 -0.0467667 -0.0810868
internal_weight=8544.94 996.62 342.301 654.319 497.15 17.0787 7.90091 6.40465 2.76905 3.6356 7548.32 5503.79 5483.88 175.389 75.528 99.8607 86.0295 59.6155 48.5488 480.072 321.63 314.94 162.782 58.1571 32.2746 25.8826 19.9157 104.625 10.5109 6.69001
internal_count=130596 92763 54036 38727 27700 847 206 153 107 46 37833 28146 28040 745 318 427 369 252 187 26853 16710 16568 6588 1979 1348 631 585 4609 319 142
cat_boundaries=0 1
cat_threshold=8
is_linear=0
shrinkage=0.05


Tree=145
num_leaves=31
num_cat=2
split_feature=3 0 3 3 4 3 1 4 1 2 1 5 1 1 4 4 5 1 1 1 1 2 4 4 4 3 3 1 1 2
split_gain=65.0905 26.1083 16.8445 15.9997 12.3223 10.9672 12.0621 18.8514 17.4246 10.0228 16.801 9.64461 12.4488 14.1496 19.0948 16.7194 8.7615 12.826 15.4004 20.0961 8.68854 8.05239 7.52387 15.2464 7.5104 18.0205 9.54995 7.41101 12.082 10.85
threshold=-29.058240367910376 5.2984948553240754 -5.5265860328747483 -8.9815075964536124 47.373243932234836 -24.583776649023552 2117.5000000000005 10.178710220534201 2731.5000000000005 15222.500000000002 41393.500000000007 0 1567.5000000000002 1285.5000000000002 8.5395426052325742 12.008956204924436 1 16638.500000000004 18166.500000000004 17767.500000000004 39096.500000000007 3730.0000000000005 228.26234571637744 216.35302862525751 45.771623721351233 -10.421475409850343 -9.4760585394022456 8405.5000000000018 4835.5000000000009 3644.5000000000005
decision_type=2 2 2 2 2 2 2 2 2 2 2 1 2 2 2 2 1 2 2 2 2 2 2 2 2 2 2 2 2 2
left_child=1 9 3 4 5 6 -2 -8 -9 -1 -11 12 13 -7 -15 -16 -3 -18 19 -19 -6 27 23 -20 -14 -26 -27 28 29 -4
right_child=2 16 21 -5 20 11 7 8 -10 10 -12 -13 24 14 15 -17 17 18 22 -21 -22 -23 -24 -25 25 26 -28 -29 -30 -31
leaf_value=-0.02902292456430397 -0.021614174479866612 -0.033530814135025504 -0.012891254796398058 0.0022877570870781061 -0.021365790887775352 0.016565654536807382 0.29683151821930431 0.10437022297433812 0.0021938547098420392 0.013488510162075175 0.35404394592959215 -0.0098597044295727111 -0.0071288434120581881 0.0014042302391614522 0.25809213488024102 0.014410786419260186 -0.0050570995274517106 0.097561105685294358 0.051797388115065818 0.56196621359063237 0.011277930287431235 -0.013440085948425315 -0.033546372841296537 0.38122606879400184 -0.033654361808356133 0.43483442936460392 0.093270983481989173 -0.03289363474944814 0.045727294041424928 0.05462364634526802
leaf_weight=274.09476844128221 7.9972578012384501 7.2137918965891004 38.107245337218046 5656.5875869840384 158.9377161921002 47.05151248164475 0.75365777174011128 6.7787269442342248 10.852981283329425 6.2143460074439636 0.3845713548362254 236.81098863482475 85.797468679025769 2.7580896839499465 2.2076052101328973 1.0334201008081434 15.439226634334775 0.76238096086308604 12.200169785413888 0.33544384967535734 23.382782664615661 286.64353927224874 2.5096698980778447 0.36163426656276065 1.1895056883804502 0.42666343506425619 0.39327125065028568 10.995789751410483 18.390667203813791 7.0519665330648413
leaf_count=51296 483 836 364 26332 18782 1059 22 111 783 446 9 15421 4853 76 31 49 991 68 701 21 2500 4665 271 38 96 20 20 101 124 27
internal_value=-0.000200941 -0.0222415 0.000865406 0.00147279 -0.00638901 -0.00152014 0.0296469 0.0519444 0.0414768 -0.0275569 0.0333354 -0.00369736 0.00666283 0.0257861 0.098103 0.180393 0.0161901 0.0275375 0.0586604 0.239462 -0.0171792 -0.00963289 0.0454906 0.0612811 -0.00489096 0.0906604 0.271008 0.00500657 0.0115643 -0.00234827
internal_weight=6923.66 319.516 6604.15 6242.96 586.372 404.051 26.3826 18.3854 17.6317 280.694 6.59892 377.669 140.858 53.0506 5.99911 3.24103 38.8223 31.6085 16.1693 1.09782 182.32 361.189 15.0715 12.5618 87.8069 2.00944 0.819935 74.5457 63.5499 45.1592
internal_count=130596 54677 75919 70638 44306 23024 1399 916 894 51751 455 21625 6204 1215 156 80 2926 2090 1099 89 21282 5281 1010 739 4989 136 40 616 515 391
cat_boundaries=0 1 2
cat_threshold=8 1
is_linear=0
shrinkage=0.05


Tree=146
num_leaves=31
num_cat=3
split_feature=3 4 5 1 2 5 2 4 4 4 5 0 2 2 1 3 3 0 1 2 3 2 2 0 0 2 2 1 3 1
split_gain=43.3888 15.1669 4.1039 5.19128 5.98141 10.7119 11.3561 18.9109 10.2597 6.32255 7.12031 5.894 5.24264 9.84694 4.77633 7.65225 13.0839 29.1615 4.41361 7.68545 4.24986 6.23289 9.3671 4.03 4.21873 4.22108 7.09813 12.2274 14.8265 12.4614
threshold=-6.4666728876018658 50.667246900856171 0 30740.500000000004 13717.500000000002 1 13752.500000000002 10.857826616617889 8.8502927588511309 3.0725797804206416 2 6.7875911747685196 6305.5000000000009 6702.0000000000009 946.50000000000011 -8.672130443237128 -7.3460642672774759 4.2407709143518533 240.50000000000003 14738.500000000002 -6.9505881823674214 10822.000000000002 11981.500000000002 1.7819519039351854 5.8238750636574093 14163.500000000002 14356.500000000002 2044.5000000000002 -15.65965515238895 1496.5000000000002
decision_type=2 2 1 2 2 1 2 2 2 2 1 2 2 2 2 2 2 2 2 2 2 2 2 2 2 2 2 2 2 2
left_child=1 2 -1 4 9 6 7 -6 -8 11 -11 -4 -12 -14 15 -15 17 -17 19 -7 -16 -22 -23 -10 25 -25 27 28 -27 -30
right_child=-2 -3 3 -5 5 18 8 -9 23 10 12 -13 13 14 20 16 -18 -19 -20 -21 21 22 -24 24 -26 26 -28 -29 29 -31
leaf_value=-0.033440983146162277 0.003372032434820444 -0.026394791198312995 0.01066101296303219 0.015959133559466689 0.42655999585442594 0.29059315438987582 -0.027188785634324992 -0.033520593253833011 -0.013073404861533678 -0.02569684660282064 -0.021980271576511834 0.19793220996794578 0.057406745382685413 -0.033494570544313804 -0.024711858546514479 -0.033711340047220144 0.012611648081879454 0.46303862678540481 -0.023801958204727913 -0.033654600668070932 -0.033952012877058971 0.075619852555737777 -0.033919749286588349 -0.019252521714316309 0.00024790985987581236 0.036837426894091772 0.030043333715041518 -0.033707581627749901 0.10995927232924865 0.39932069450366842
leaf_weight=14.624665464623831 1700.2922913748771 155.28395529673435 16.789594751782719 24.109428446507081 0.43252762872725625 0.30795658566057582 14.99051670450717 0.46182933915406466 8.3315296990331245 94.14733654842712 29.460124953649938 0.43093749275430937 7.5067288675345472 2.2170107925776392 22.580584813142192 0.57861731760203861 2.135828159749507 0.60368615482002497 35.452510806033388 0.44948391942307353 4.9300735183060196 5.4910113867372257 3.0278253015130758 3.4917409331537774 13.267192072933538 1.3496752912178638 29.720797704998404 1.192638714564964 0.69272335618734249 0.80380443064495921
leaf_count=6093 12058 73330 854 2463 9 11 1451 81 1271 15010 3988 19 291 374 3449 38 74 31 4549 47 196 102 121 580 1180 60 2671 148 35 12
internal_value=-0.000420301 -0.0134503 -0.00753104 -0.00636496 -0.00815399 0.00106979 0.0118842 0.188983 0.00973916 -0.0135428 -0.0164239 0.0153474 -0.00530704 0.00470278 -0.00481576 0.0384277 0.0864825 0.21993 -0.0212504 0.0981765 -0.0114592 0.010792 0.0366865 0.0191456 0.0244591 0.033082 0.038495 0.100688 0.157004 0.265379
internal_weight=2195.15 494.862 339.578 324.954 300.844 110.945 74.735 0.894357 73.8406 189.899 172.679 17.2205 78.5315 49.0714 41.5646 5.53514 3.31813 1.1823 36.21 0.757441 36.0295 13.4489 8.51884 58.8501 50.5186 37.2514 33.7596 4.03884 2.8462 1.49653
internal_count=130596 118538 45208 39115 36652 12105 7498 90 7408 24547 23674 873 8664 4676 4385 517 143 69 4607 58 3868 419 223 5957 4686 3506 2926 255 107 47
cat_boundaries=0 1 2 3
cat_threshold=1 4 4
is_linear=0
shrinkage=0.05


Tree=147
num_leaves=31
num_cat=2
split_feature=3 4 0 5 1 2 2 4 3 1 2 2 4 2 2 4 1 4 4 5 1 1 4 2 2 2 2 3 3 2
split_gain=74.2704 28.7631 12.9149 11.7849 8.78624 11.8066 16.8432 9.09499 19.5829 10.1729 9.23964 8.21768 11.3039 8.98423 21.0239 11.4224 10.5252 8.16058 13.089 7.94108 10.3507 9.85682 10.7335 11.7068 18.4046 19.5186 13.3902 9.8096 9.70773 9.50331
threshold=-12.702130232536012 69.102270660704377 5.4150955034722239 0 27497.000000000004 12544.500000000002 14184.000000000002 10.178710220534201 -24.583776649023552 3533.5000000000005 7480.0000000000009 15025.500000000002 15.302744961548294 14654.500000000002 14600.500000000002 9.5227116381762738 15487.500000000002 6.4988130048797972 7.3365338571321503 1 1044.5000000000002 22865.500000000004 54.208990967612259 9280.5000000000018 10703.000000000002 11485.500000000002 8677.5000000000018 -5.7241130549365069 -8.5236756886338156 6897.5000000000009
decision_type=2 2 2 1 2 2 2 2 2 2 2 2 2 2 2 2 2 2 2 1 2 2 2 2 2 2 2 2 2 2
left_child=1 3 -3 -1 5 7 -7 8 -5 -10 -11 12 13 14 16 -16 -8 -6 -19 20 -2 -22 29 26 -25 -26 27 -24 -21 -23
right_child=19 2 -4 4 17 6 11 -9 9 10 -12 -13 -14 -15 15 -17 -18 18 -20 28 21 22 23 24 25 -27 -28 -29 -30 -31
leaf_value=0.032345537114925986 -0.010154367749376477 0.031327775334549841 -0.0002938552503486211 -0.23158851745919376 0.021630833594121903 -0.018359988720577654 0.034152545974486942 0.023200596448824416 0.025500159231604064 -0.063715551440986715 0.023301197512309545 -0.010903097706296848 0.033631716032341261 0.019798797544376454 -0.19759211766787815 -0.055736410042000452 -0.1573895574292965 -0.2321594820858417 -0.021186536015703441 0.0095669651168674309 -0.00022426902968064838 -0.024406404980359678 0.004151727797168288 -0.028221652308371592 0.030055320134841964 -0.0069429540625557716 0.033663339862073274 -0.043033316294369857 -0.00033064289023766063 -0.0053797708710508554
leaf_weight=43.024222650099546 433.14250129275024 258.56350333057344 36.897270608693361 0.93870155885815876 12.156324998475609 79.899580292403698 9.0639656549319625 133.92498670332134 17.326911455020312 8.54514915589243 4.7443744847550979 31.518096114974469 53.162434411700815 21.237627778202295 1.9191656298935402 5.4457248952239752 0.77882837131619531 0.74910482950508495 39.540853424929082 264.75771530997008 2334.7507555782795 131.43161980807781 155.92710931133479 86.382703208364546 40.878122679889202 278.57756436802447 38.072385728359222 11.852216094732283 3854.4301706627011 131.08191990479827
leaf_count=5681 1704 48686 3476 20 570 3344 326 11062 848 267 230 1033 4471 964 31 47 19 18 1604 11783 12535 646 861 437 248 1907 175 36 16947 620
internal_value=0.000261862 0.015185 0.0273789 0.00741997 0.0048724 0.00759755 -0.000482383 0.0175107 -0.00663799 0.000259002 -0.0326505 0.0111189 0.0186956 -0.0019581 -0.0288103 -0.0927016 0.0189964 -0.0142754 -0.0251091 -0.00119836 -0.00289924 -0.00191994 -0.00644861 -0.00281914 -0.00774547 -0.00220859 0.00689317 0.000818496 0.000305518 -0.0149058
internal_weight=8520.72 759.437 295.461 463.976 420.952 368.506 203.025 165.48 31.5551 30.6164 13.2895 123.126 91.6077 38.4453 17.2077 7.36489 9.84279 52.4463 40.29 7761.28 3642.1 3208.95 874.204 611.69 405.838 319.456 205.852 167.779 4119.19 262.514
internal_count=130596 82697 52162 30535 24854 22662 10235 12427 1365 1345 497 6891 5858 1387 423 78 345 2192 1622 47899 19169 17465 4930 3664 2592 2155 1072 897 28730 1266
cat_boundaries=0 1 2
cat_threshold=1 8
is_linear=0
shrinkage=0.05


Tree=148
num_leaves=31
num_cat=2
split_feature=3 0 3 3 4 2 1 3 1 4 1 5 1 1 4 1 4 5 1 1 2 2 2 2 2 2 2 2 2 2
split_gain=59.6299 25.2437 15.8197 14.2578 11.4317 9.72057 11.1495 9.55027 10.4113 11.9073 13.444 8.75899 10.6325 10.3857 11.9601 8.44928 8.20715 8.12925 11.2066 9.86735 11.5029 7.61838 7.50162 17.8435 13.1537 6.9887 7.42927 10.5574 13.9891 13.9729
threshold=-29.058240367910376 5.2984948553240754 -5.5265860328747483 -8.9815075964536124 47.373243932234836 15222.500000000002 41393.500000000007 -24.583776649023552 2117.5000000000005 10.178710220534201 2731.5000000000005 0 1567.5000000000002 1285.5000000000002 8.5395426052325742 39096.500000000007 12.008956204924436 1 16638.500000000004 18166.500000000004 8577.5000000000018 3730.0000000000005 14923.500000000002 14957.500000000002 14946.500000000002 15489.500000000002 15092.500000000002 14974.500000000002 14965.500000000002 14985.500000000002
decision_type=2 2 2 2 2 2 2 2 2 2 2 1 2 2 2 2 2 1 2 2 2 2 2 2 2 2 2 2 2 2
left_child=1 5 3 4 7 -1 -7 8 -2 -10 -11 12 13 -9 -15 -6 -16 -3 -19 20 -20 -4 -23 24 -24 26 27 28 -5 -29
right_child=2 17 21 25 15 6 -8 11 9 10 -12 -13 -14 14 16 -17 -18 18 19 -21 -22 22 23 -25 -26 -27 -28 29 -30 -31
leaf_value=-0.028794837525062195 -0.021370704015431726 -0.03352211571997582 0.004792889721048796 0.0020339657832742861 -0.02093618699055716 0.013673947297246145 0.25677020202057471 0.015377510637125584 0.21548326706329868 0.089730668691692939 0.0022605880855037772 -0.0094513954840567422 -0.0045596007284657873 0.001236876590993651 0.17797304970955691 0.011349925220094462 0.014514331276330592 -0.0048059423797485474 -0.033698606591509958 0.042864160474200746 0.27803219091304593 -0.015958563646804935 0.0047949164601671281 -0.017041373056682092 0.11896869176829435 0.023534751846062345 -0.015066052752661097 0.046421688039654442 -0.04061056444684568 0.007002407681736965
leaf_weight=260.28788019972853 7.8097216137684908 6.8980797254480422 74.663917735219002 5422.3643173910677 153.55073976144195 6.1902927588671437 0.51057450380176295 47.891718461178243 0.99552317429334181 7.4125881544314352 10.783422023989258 232.86808447679505 86.77858859160915 2.7627236861735573 3.0077474126592278 23.34498172160238 1.0311998557299373 15.260011239442973 0.42771640978753811 15.579414057545362 0.96044494770467281 253.33442292921245 4.8194931522011775 19.851953005418181 5.2932974174618721 37.972608806565404 62.966582257300615 30.024484664201736 19.29957034252584 89.472154146060348
leaf_count=51296 483 836 616 25264 18782 446 9 1059 22 111 783 15421 4989 76 31 2500 49 991 28 1010 61 4333 45 258 29 123 305 115 117 408
internal_value=-0.000194439 -0.0217675 0.0008064 0.00139277 -0.00608598 -0.0272641 0.0321967 -0.00141858 0.0272999 0.0471058 0.0378937 -0.00349005 0.00632254 0.0235885 0.0814039 -0.0166754 0.13624 0.0157401 0.0262843 0.0542458 0.181983 -0.00941565 -0.0131603 0.010497 0.0645564 0.00215653 0.00201219 0.00220555 0.00188272 0.0169068
internal_weight=6904.41 306.114 6598.3 6240.34 578.237 266.989 6.70087 401.341 27.0013 19.1915 18.196 374.34 141.472 54.6934 6.80167 176.896 4.03895 39.1257 32.2276 16.9676 1.38816 357.963 283.299 29.9647 10.1128 5662.1 5624.13 5561.16 5441.66 119.497
internal_count=130596 54677 75919 70638 44306 51751 455 23024 1399 916 894 21625 6204 1215 156 21282 80 2926 2090 1099 89 5281 4665 332 74 26332 26209 25904 25381 523
cat_boundaries=0 1 2
cat_threshold=8 1
is_linear=0
shrinkage=0.05


Tree=149
num_leaves=31
num_cat=2
split_feature=3 4 3 5 1 2 2 0 2 2 3 2 2 2 0 4 1 2 2 1 4 2 2 3 2 2 3 1 5 1
split_gain=40.2318 13.6509 6.20687 8.90945 4.90166 4.65398 11.6964 8.36552 12.8633 15.2486 8.73791 4.6158 10.1142 8.23085 5.24777 10.7267 6.42221 4.45736 17.9681 4.42935 4.25751 3.77732 4.20384 6.79943 6.12238 14.285 3.9702 5.64542 8.6328 4.45325
threshold=-6.9170352432702478 34.51655268121285 -14.347028830666224 0 59871.500000000007 7413.5000000000009 7480.0000000000009 6.341646481481483 4645.5000000000009 4543.5000000000009 -16.288741717529309 14644.500000000002 14654.500000000002 15025.500000000002 5.7658256597222231 31.374295607241294 43621.000000000007 1199.5000000000002 977.50000000000011 7176.5000000000009 14.02817224716301 15132.500000000002 15092.500000000002 -4.9907616810571973 15037.500000000002 15013.500000000002 -3.6665527722616669 358.50000000000006 1 172.50000000000003
decision_type=2 2 2 1 2 2 2 2 2 2 2 2 2 2 2 2 2 2 2 2 2 2 2 2 2 2 2 2 1 2
left_child=1 2 3 4 5 7 19 -1 9 10 -9 14 -13 -14 -8 16 -16 18 -5 -7 -15 22 24 -24 25 26 29 28 -28 -2
right_child=21 -3 -4 17 -6 6 11 8 -10 -11 -12 12 13 20 15 -17 -18 -19 -20 -21 -22 -23 23 -25 -26 -27 27 -29 -30 -31
leaf_value=-0.028444637953944436 -0.013117611127979585 -0.025410419243656942 -0.012930074808365248 -0.033400871902251952 0.30173460457079249 0.052967177567520701 -0.015443459958109536 -0.033447139725781137 -0.033843211924109377 0.8248540472471666 0.58120740330987974 0.092300035779135703 -0.033567616546517041 -0.033790921575165167 -0.0046979956443895313 0.3635736662809308 0.1540358097485402 -0.028620006813056292 0.35640095081905482 0.16905112805210409 0.053996557202605357 -0.016954197674455346 -0.0049343353597347435 0.077303095132868288 -0.030569616436123895 0.081113504129270958 -0.022851203477781051 -0.033586970117999305 0.059953699970284838 0.0035535032514005197
leaf_weight=9.8675251789391005 41.040571309626102 173.37400993192568 139.31292914785445 1.2832938756328101 0.1489312737248828 1.6063335987273597 16.257497682468969 0.19991498463787138 0.52283172798343003 0.11637308541685343 0.081349477171898665 5.0775316781364408 6.2497379600536105 1.6536312978714693 3.1869461813475932 0.25174621888436366 0.79646353004500259 20.442058135289699 0.38412652350962151 1.6823969644028691 8.3806460821069759 23.987754913978279 5.1435544062405825 4.9154926016926748 13.609293845482169 5.8477610740810624 8.0016029551625252 17.517983926460147 5.188678354024888 1673.0082873078063
leaf_count=2557 220 81541 18331 616 8 39 2990 46 75 3 22 45 1056 172 436 39 30 6064 24 25 275 303 40 15 131 25 49 210 21 15188
internal_value=-0.000405987 -0.0149447 -0.00660228 0.0046722 0.0152698 0.014507 0.0215577 -0.014997 0.129163 0.343492 0.144328 0.0144235 0.0306867 0.011475 -0.0025293 0.0470443 0.0270401 -0.0222082 0.0563984 0.112352 0.0395293 0.00275419 0.00302064 0.0352521 0.00283687 0.00309657 0.00283509 -0.0149843 0.00972187 0.00315434
internal_weight=2189.14 390.876 217.502 78.1893 56.0799 55.9309 45.1429 10.788 0.920469 0.397638 0.281264 41.8542 21.3615 16.284 20.4927 4.23516 3.98341 22.1095 1.66742 3.28873 10.0343 1798.26 1774.27 10.059 1764.21 1750.6 1744.76 30.7083 13.1903 1714.05
internal_count=130596 114394 32853 14522 7818 7810 5107 2703 146 71 68 5043 1548 1503 3495 505 466 6704 640 64 447 16202 15899 55 15844 15713 15688 280 70 15408
cat_boundaries=0 1 2
cat_threshold=4 4
is_linear=0
shrinkage=0.05


Tree=150
num_leaves=31
num_cat=1
split_feature=3 4 0 5 1 2 2 4 2 2 0 2 4 2 2 1 4 1 4 2 2 2 2 2 3 4 2 1 1 2
split_gain=67.4867 27.7432 12.7744 11.4208 7.98884 11.1355 15.8871 8.61329 12.3031 85.0791 7.69615 7.68021 10.7398 7.90765 17.1279 9.05575 7.51555 12.9034 17.2139 10.3337 8.27013 13.7962 14.9096 10.74 8.2126 7.9558 7.72395 7.59841 7.59206 10.3512
threshold=-12.702130232536012 69.102270660704377 5.4150955034722239 0 27497.000000000004 12544.500000000002 14184.000000000002 11.26096667277489 4475.5000000000009 4397.5000000000009 3.3555170891203701 15025.500000000002 15.302744961548294 14654.500000000002 14600.500000000002 15487.500000000002 14.02817224716301 4296.5000000000009 32.608050211366837 2390.5000000000005 6792.5000000000009 8677.5000000000018 8163.5000000000009 6897.5000000000009 -8.1184156488641683 44.235231488147605 14838.500000000002 172.50000000000003 464.50000000000006 4645.5000000000009
decision_type=2 2 2 1 2 2 2 2 2 2 2 2 2 2 2 2 2 2 2 2 2 2 2 2 2 2 2 2 2 2
left_child=1 3 -3 -1 5 7 -7 8 9 -5 16 12 13 14 15 -8 26 20 19 -19 -18 22 23 -22 -21 -23 28 -28 29 -2
right_child=10 2 -4 4 -6 6 11 -9 -10 -11 -12 -13 -14 -15 -16 -17 17 18 -20 24 21 25 -24 -25 -26 -27 27 -29 -30 -31
leaf_value=0.032278931282865964 -0.028323981414536178 0.031197728478485516 -0.00041504306868101132 -0.0050012115580734652 -0.013481033850234764 -0.017780530391956702 0.034122721165127969 0.023482861469457265 0.013225009259215124 -0.51148996584801731 -0.00016234228676289346 -0.010128293781879402 0.033617366065378455 0.019398548837987493 -0.080830405826526827 -0.13355101691301305 0.025386039662102924 0.01982867309276112 -0.0011842963679892246 0.020406656347197776 -0.086686475056190621 0.013075492693326723 -0.076146725759462769 0.011430557310317148 -0.024324151159158647 -0.0052033009338879185 0.019869197147610505 -0.022223938600196919 -0.0080237152151787922 0.01245982837242017
leaf_weight=40.967718143947423 18.444483242928982 244.36400225711986 36.763822121545672 9.0049963993951643 53.216543352697045 80.478367061819881 8.7041435046121478 123.06197445979342 27.815210036933422 0.91321501228958446 5657.1004472491331 31.901979939080775 50.462836324702948 20.672386726364493 7.8942768722772589 0.88734911195933897 50.73419261816889 16.559499246999621 798.48934813262895 10.951066449284552 3.2927081473171738 185.99108450487256 10.544934358447788 18.233941883780062 162.94295291230083 87.550854249857366 11.745355404913424 122.94321734830737 502.07821655832231 99.416355025023222
leaf_count=5681 75 48686 3476 480 2192 3344 326 10752 1181 14 35445 1033 4471 964 78 19 326 104 5512 414 16 1235 36 132 514 606 43 572 2356 513
internal_value=0.000251963 0.0147097 0.0270636 0.00709313 0.00460694 0.00726749 -0.000578174 0.0170749 -0.00382366 -0.0516359 -0.00112188 0.0109086 0.0184815 -0.00153521 -0.0262839 0.0186105 -0.00370685 -0.00146654 -0.00440599 -0.0179131 0.00669105 0.00358754 -0.0274377 -0.00357739 -0.0215072 0.00722511 -0.00770069 -0.0185533 -0.00534285 0.00607742
internal_weight=8494.13 737.109 281.128 455.981 415.013 361.797 201.001 160.795 37.7334 9.91821 7757.02 120.523 88.621 38.1582 17.4858 9.59149 2099.92 1345.29 988.943 190.454 356.348 305.614 32.0716 21.5267 173.894 273.542 754.628 134.689 619.939 117.861
internal_count=130596 82697 52162 30535 24854 22662 10235 12427 1675 494 47899 6891 5858 1387 423 345 12454 8895 6544 1032 2351 2025 184 148 928 1841 3559 615 2944 588
cat_boundaries=0 1
cat_threshold=1
is_linear=0
shrinkage=0.05


Tree=151
num_leaves=31
num_cat=1
split_feature=3 0 3 3 4 2 2 2 3 1 4 1 1 1 1 4 5 1 4 4 2 2 0 3 1 2 2 2 2 1
split_gain=54.4875 24.2231 14.8851 12.6171 10.7698 9.23005 8.82716 25.7172 12.2907 10.8101 20.0903 12.8355 10.0571 8.12348 8.03317 7.76413 7.49551 9.49409 8.22844 11.8882 23.5478 16.4629 18.7253 7.44872 7.524 7.24184 7.11534 15.9712 10.8953 6.95037
threshold=-29.058240367910376 5.2984948553240754 -5.5265860328747483 -8.9815075964536124 47.373243932234836 15222.500000000002 14184.000000000002 14163.500000000002 -22.015585423314757 2117.5000000000005 9.8730282729676997 2731.5000000000005 718.50000000000011 39096.500000000007 41393.500000000007 9.5227116381762738 0 16638.500000000004 228.26234571637744 154.28016277007839 14812.500000000002 13293.500000000002 6.0554604050925933 -14.823185543372469 620.50000000000011 3730.0000000000005 14923.500000000002 14957.500000000002 14946.500000000002 670.50000000000011
decision_type=2 2 2 2 2 2 2 2 2 2 2 2 2 2 2 2 1 2 2 2 2 2 2 2 2 2 2 2 2 2
left_child=1 5 3 4 6 -1 7 8 9 -2 -11 -12 -9 -6 -7 23 -3 -18 19 -19 21 22 -21 24 -8 -4 -27 28 -28 -25
right_child=2 16 25 -5 13 14 15 12 -10 10 11 -13 -14 -15 -16 -17 17 18 -20 20 -22 -23 -24 29 -26 26 27 -29 -30 -31
leaf_value=-0.028533864720180581 -0.021269645315066619 -0.033514400750563604 0.0045993478951678124 0.0020359543273956353 -0.020523973624733915 0.013025291338296045 -0.033858343457896803 0.22185230283818913 -0.0020747277766171627 0.30296909092660207 0.085436997607826137 0.010676368852445217 0.05763865366328879 0.011137126787756683 0.2005309997216429 -0.025956662571100259 -0.0044289297733288982 0.045270591566724777 -0.033547568159542761 0.45275049348624796 0.55268193467495863 -0.033594278819948378 -0.033655561359837369 0.014430783190126559 0.064138293055064979 -0.015668547320303216 0.0045484306490691925 -0.01669305986497107 0.10653919751221551 -0.023712927297647457
leaf_weight=246.91419356758706 7.7481170659884802 6.6043656077235937 74.930421683937311 5664.5635656174272 148.76923351595178 6.2675347379408768 2.6443200833164138 1.735004719346761 244.52528990944847 0.73968882206827657 9.1441078651696461 15.427884598728268 2.0155233591794968 23.453502155374736 0.6284926701337098 57.215071915648878 15.058854448609052 13.16951782628894 2.5614918610081068 0.51387839112430755 0.34112614952027787 1.024271168746054 0.32175742648541927 20.130983876530081 7.5542657268233597 249.80745267309248 4.8452406972646731 19.53583537787199 5.6978279538452625 29.361164165195078
leaf_count=51296 480 836 616 26332 18782 446 132 15 14434 22 142 1136 32 2500 9 3645 991 642 276 35 30 92 24 343 256 4333 45 258 29 2387
internal_value=-0.000183382 -0.021266 0.000755299 0.00132218 -0.00576542 -0.0269404 -0.00124757 0.00355101 0.00179382 0.0304074 0.0462262 0.0384974 0.133604 -0.0162123 0.0301143 -0.0127954 0.0151073 0.0248408 0.0494207 0.0632473 0.170808 0.100769 0.265462 -0.000180059 0.0387294 -0.00920622 -0.0129022 0.0100724 0.0596677 -0.00819793
internal_weight=6883.25 293.405 6589.84 6235.03 570.464 253.81 398.241 281.336 277.585 33.0598 25.3117 24.572 3.75053 172.223 6.89603 116.906 39.5953 32.9909 17.932 15.3706 2.20103 1.85991 0.835636 59.6907 10.1986 354.817 279.886 30.0789 10.5431 49.4921
internal_count=130596 54677 75919 70638 44306 51751 23024 16261 16214 1780 1300 1278 47 21282 455 6763 2926 2090 1099 823 181 151 59 3118 388 5281 4665 332 74 2730
cat_boundaries=0 1
cat_threshold=1
is_linear=0
shrinkage=0.05


Tree=152
num_leaves=31
num_cat=3
split_feature=3 4 5 1 2 5 2 1 4 4 5 2 2 0 1 3 3 0 2 2 4 0 1 2 4 2 2 2 2 0
split_gain=37.3647 14.1051 3.8882 4.79029 5.53305 9.77271 8.74575 11.5396 9.38767 5.67624 6.94737 5.01046 8.75415 4.50864 4.43137 6.43715 10.0692 13.3091 5.23569 23.6621 6.1174 3.91832 3.90212 9.37041 3.73782 3.65137 6.48166 5.62566 4.32364 3.53194
threshold=-6.4666728876018658 50.667246900856171 0 30740.500000000004 13717.500000000002 1 13752.500000000002 902.50000000000011 8.8502927588511309 3.0725797804206416 2 6305.5000000000009 6702.0000000000009 6.7875911747685196 10731.500000000002 -8.672130443237128 -8.4302166071782896 4.4411445370370393 11981.500000000002 11863.500000000002 38.473919700717282 3.6853036342592604 240.50000000000003 14444.500000000002 9.1476738997749838e-05 7480.0000000000009 7413.5000000000009 2120.5000000000005 1976.5000000000002 1.7819519039351854
decision_type=2 2 1 2 2 1 2 2 2 2 1 2 2 2 2 2 2 2 2 2 2 2 2 2 2 2 2 2 2 2
left_child=1 2 -1 4 9 6 7 -6 24 13 -11 -12 -13 25 15 -14 17 -17 19 20 -18 -22 23 -7 -8 26 27 28 -4 -10
right_child=-2 -3 3 -5 5 22 8 -9 29 10 11 12 14 -15 -16 16 18 -19 -20 -21 21 -23 -24 -25 -26 -27 -28 -29 -30 -31
leaf_value=-0.033437932823066362 0.0030538948955725984 -0.025845844467121466 -0.0075871040905518871 0.015270630963507576 0.30029552964006795 0.32093680864808766 0.16316824513223069 -0.033543317714382938 -0.01267724402515219 -0.025331095260540948 -0.021555755331583607 0.053239169091311413 -0.028418793484185113 0.15961582534638435 -0.033679960187307033 -0.033523672969823046 -0.0023309911883456326 0.4484075842233643 -0.025284202575904538 0.23404481737618432 0.19856165639994838 0.04224704619291985 -0.023369588220193176 -0.033790524940904197 -0.03031684742062999 -0.024470331256563411 0.086983917203575067 -0.033981306683513596 0.098150047999343432 0.022917622826877922
leaf_weight=13.461771229514852 1706.5381266437471 144.14251142228022 1.858667776221415 24.429516565753147 0.59252898674458154 0.28140991926193137 0.25408850377425451 0.45966541115194559 8.0664897158276272 90.011393997468986 28.437132385442965 7.8439386931713662 9.8996361610479635 0.51570771960541506 9.8326414555776847 0.26550322026014583 11.610822901595389 0.3111425400711596 5.8602554756216696 1.3026154069229949 0.62336523272097011 1.1233842745423315 33.983747924910858 0.55008449871093035 14.165060118306426 5.3934397287666789 3.1187801943160585 4.6973152884747833 2.0148095856420696 51.228926497045904
leaf_count=6093 12058 73330 83 2463 8 8 37 82 1271 15010 3988 291 2283 19 1128 38 501 31 323 32 21 28 4549 50 1414 465 19 265 22 4686
internal_value=-0.000402196 -0.0127841 -0.00711647 -0.00600477 -0.0077708 0.00113029 0.0113195 0.154453 0.00927637 -0.0130512 -0.0158955 -0.00488118 0.00486086 0.0139584 -0.00443335 0.00484413 0.0204525 0.226513 0.014662 0.03063 0.0107932 0.0980313 -0.0207512 0.0862629 -0.0269073 0.00956127 0.0252631 0.00280381 0.0474126 0.0180753
internal_weight=2182.87 476.336 332.194 318.732 294.303 109.582 74.7668 1.05219 73.7146 184.721 167.122 77.1104 48.6733 17.5987 40.8294 30.9967 21.0971 0.576646 20.5204 14.6602 13.3576 1.74675 34.8152 0.831494 14.4191 17.083 11.6896 8.57079 3.87348 59.2954
internal_count=130596 118538 45208 39115 36652 12105 7498 90 7408 24547 23674 8664 4676 873 4385 3257 974 69 905 582 550 49 4607 58 1451 854 389 370 105 5957
cat_boundaries=0 1 2 3
cat_threshold=1 4 4
is_linear=0
shrinkage=0.05


Tree=153
num_leaves=31
num_cat=2
split_feature=3 4 0 5 0 3 1 2 2 4 1 5 1 1 2 2 2 3 2 1 1 4 2 2 3 2 3 2 1 2
split_gain=61.2478 26.7608 12.5629 11.0409 7.28445 8.78028 9.11269 8.19982 10.624 8.40859 7.73641 7.26963 9.45439 9.37317 14.0279 26.9301 14.6594 15.3451 12.6409 12.2166 17.2009 19.3373 10.4952 14.7049 21.1112 22.1589 16.3085 15.4189 13.3294 11.4423
threshold=-12.702130232536012 69.102270660704377 5.4150955034722239 0 1.8060777256944449 -14.823185543372469 27497.000000000004 12544.500000000002 12590.500000000002 9.5227116381762738 19779.500000000004 1 1044.5000000000002 11873.500000000002 4645.5000000000009 2793.0000000000005 5975.0000000000009 -6.8182993190962202 5438.0000000000009 4651.5000000000009 6395.5000000000009 8.5395426052325742 6897.5000000000009 8577.5000000000018 -9.2660808563822297 7904.5000000000009 -6.5634398366489224 7480.0000000000009 4296.5000000000009 14738.500000000002
decision_type=2 2 2 1 2 2 2 2 2 2 2 1 2 2 2 2 2 2 2 2 2 2 2 2 2 2 2 2 2 2
left_child=1 3 -3 -1 -5 6 7 -6 -9 10 -10 12 -2 14 15 19 17 -16 -19 -14 21 -21 -18 24 27 26 -26 -24 -27 -25
right_child=11 2 -4 4 5 -7 -8 8 9 -11 -12 -13 13 -15 16 -17 22 18 -20 20 -22 -23 23 29 25 28 -28 -29 -30 -31
leaf_value=0.032207338591142172 -0.0096070273392194032 0.031061446283340639 -0.00040708348689591555 0.017603418207505103 0.011525447991568266 0.016496595293758628 -0.027588853009751974 -0.098160956219030648 -0.030912541908267217 -0.00064327189447699676 -0.17989118047091956 0.00039073369672897555 0.017610552263558236 -0.0044796052385575299 0.0026292615228677616 0.027239669707430483 0.018967628127848468 -0.019734644940659574 -0.07158337464953457 0.025008801554568784 0.00058825525713305257 -0.066980619114182405 -0.13855150783029055 0.0041582321754201259 -0.022689124232758363 -0.068737766844147702 0.029017898560801093 0.034103524147149247 -0.017558568762093125 -0.0076273152643751537
leaf_weight=38.9379179966636 433.51749233156443 230.99299396388233 36.763483469374478 82.687929102219641 94.214116830378771 71.367606538813561 33.642241314984858 3.1804154887795439 14.962699130177494 108.54209183575585 0.92531825602054674 4114.7166278865188 44.126844158396125 1581.7398728779517 39.595944409258664 134.20057792495936 70.536182248033583 31.689589440822601 18.687973767518997 7.5381796583533314 64.145951932296157 23.594174096360803 5.6674212608486405 781.99758560955524 25.286799587309361 18.875444293022156 38.417437449097633 1.6753634186461566 39.026286477223039 279.57400033762679
leaf_count=5681 1704 48686 3476 6625 6914 4505 1138 28 381 5251 12 28730 214 9045 255 698 331 94 55 30 260 92 106 4284 117 69 133 71 168 1443
internal_value=0.000242968 0.0142327 0.0267408 0.00676471 0.00434559 0.000991405 -0.00334015 0.000337445 -0.00792259 -0.00561611 -0.0395891 -0.00104913 -0.00267682 -0.00173982 0.000927625 0.0112519 -0.00116321 -0.0206619 -0.0389684 -0.00413901 -0.014212 -0.0447069 0.000227979 -0.000882311 -0.0168264 -0.011855 0.00849328 -0.0991577 -0.0342425 0.00105441
internal_weight=8470.83 716.217 267.756 448.46 409.522 326.834 255.467 221.825 127.611 124.43 15.888 7754.61 3639.89 3206.38 1624.64 273.606 1351.03 89.9735 50.3776 139.405 95.2783 31.1324 1261.06 1190.52 128.949 121.606 63.7042 7.34278 57.9017 1061.57
internal_count=130596 82697 52162 30535 24854 18229 13724 12586 5672 5644 393 47899 19169 17465 8420 1294 7126 404 149 596 382 122 6722 6391 664 487 250 177 237 5727
cat_boundaries=0 1 2
cat_threshold=1 8
is_linear=0
shrinkage=0.05


Tree=154
num_leaves=31
num_cat=0
split_feature=3 0 3 3 4 2 4 3 2 4 2 2 2 3 1 4 1 1 1 3 3 3 4 2 4 2 2 2 2 4
split_gain=49.7299 23.164 14.1672 12.8104 10.0973 8.79301 8.68124 9.57891 10.4431 9.42582 9.05889 8.2612 21.4309 10.8473 9.44726 8.89231 11.0288 8.25508 7.80159 7.68736 11.3215 11.0513 13.2726 9.89334 9.15891 8.03573 7.59447 7.45445 34.389 16.9037
threshold=-29.058240367910376 5.2984948553240754 -6.0867691321245561 -8.9815075964536124 47.373243932234836 15222.500000000002 3.5327068242902757 -6.9170352432702478 15037.500000000002 2.5892505814121369 13419.500000000002 14184.000000000002 14163.500000000002 -22.015585423314757 2117.5000000000005 9.8730282729676997 2731.5000000000005 43048.500000000007 39096.500000000007 -7.2565294350624425 -7.7438838700358366 -6.2999023299505419 144.58900299825891 9207.0000000000018 271.25188617342764 9207.0000000000018 14946.500000000002 8263.5000000000018 8065.5000000000009 45.771623721351233
decision_type=2 2 2 2 2 2 2 2 2 2 2 2 2 2 2 2 2 2 2 2 2 2 2 2 2 2 2 2 2 2
left_child=1 5 3 4 11 -1 7 8 10 26 -5 12 13 14 -2 -16 -17 -8 -6 20 23 22 25 -19 -25 -21 -9 28 -4 -30
right_child=2 -3 27 6 18 -7 17 9 -10 -11 -12 -13 -14 -15 15 16 -18 19 -20 21 -22 -23 -24 24 -26 -27 -28 -29 29 -31
leaf_value=-0.028260785274356055 -0.020964552378253978 0.014425538983901851 -0.0022304215791237279 0.013328797236766374 -0.020143576447785111 0.028349266113794031 0.0013402503380205866 0.0053477668968366331 -0.040534800681612998 -0.012765808931004661 0.038611006122787422 -0.012480980973627636 0.11615902762684301 -0.0019400161003872566 0.17748571085058196 0.078390660122930722 0.010188950755894682 -0.018282729549094295 0.01086449580367773 0.032865233990765692 -0.018419840790268701 -0.018482452600531944 0.037006247303632833 0.045526090912661993 -0.022793337545966883 -0.0080637586847742259 0.0426474198137409 -0.0085018676490768181 0.036621391815696971 0.15868277585653068
leaf_weight=234.2981424506288 7.5689700166694811 40.11914070462808 294.03708995133638 139.40364508330822 144.60904526896775 7.0663489466533056 4507.9516269173473 105.39022669196129 7.4697467088699332 71.029101923108101 47.505118988454342 114.7308572428301 4.1543931136839083 243.44202625844628 1.1647495529614413 9.5747469710186142 15.561547181569038 13.833496069535611 23.59466519462876 17.420139789581299 44.857799082994461 18.273873150348663 73.588107295334339 25.556475693359975 6.0709798261523238 38.488345056772232 15.676631182432173 580.72095155343413 7.2361720986664277 4.6649032756686211
leaf_count=51296 480 2926 2557 455 18782 455 20706 298 22 211 157 6763 47 14434 22 142 1136 103 2500 49 124 50 208 185 78 107 46 6166 64 27
internal_value=-0.000174943 -0.0207557 0.000704995 0.00162003 -0.00552992 -0.0266034 0.00240628 0.00961239 0.0174377 0.00169408 0.0197546 -0.00117238 0.00343722 0.00174854 0.0282602 0.0424262 0.0361679 0.00181948 -0.0157939 0.0108932 -0.000598758 0.0179172 0.0230537 0.0169859 0.032412 0.00468902 0.0101776 -0.00517426 0.0011421 0.0844662
internal_weight=6865.06 281.484 6583.58 5696.92 564.401 241.364 5132.52 386.474 194.379 192.096 186.909 396.197 281.466 277.312 33.87 26.301 25.1363 4746.04 168.204 238.089 90.3188 147.77 129.497 45.461 31.6275 55.9085 121.067 886.659 305.938 11.9011
internal_count=130596 54677 75919 67105 44306 51751 22799 1189 634 555 612 23024 16261 16214 1780 1300 1278 21610 21282 904 490 414 364 366 263 156 344 8814 2648 91
is_linear=0
shrinkage=0.05


Tree=155
num_leaves=31
num_cat=0
split_feature=3 4 2 2 2 4 3 3 4 1 1 2 3 2 3 1 4 0 2 2 2 2 2 3 1 3 1 2 4 1
split_gain=34.7221 12.7253 4.55907 3.57997 4.20996 9.86464 6.79591 6.62423 5.44926 7.93847 8.70391 7.95625 6.9998 5.41399 18.1173 15.2657 7.66479 7.11788 5.91611 6.71244 7.00145 10.9752 13.496 9.36561 15.9406 15.5194 11.6817 8.30209 9.02228 11.143
threshold=-6.9170352432702478 42.7426932216746 4543.5000000000009 15132.500000000002 10027.500000000002 14.02817224716301 -5.2622906929759417 -5.9689959068912115 9.1893487371359424 5650.5000000000009 1706.5000000000002 5438.0000000000009 -5.8643903930433314 10369.000000000002 -5.1341560699788262 8405.5000000000018 45.771623721351233 5.4446979687500017 10552.000000000002 10608.500000000002 10751.500000000002 11163.500000000002 11863.500000000002 -5.8184423202478817 14884.500000000002 -5.0687710340664163 9758.5000000000018 11981.500000000002 33.299863860054323 2815.5000000000005
decision_type=2 2 2 2 2 2 2 2 2 2 2 2 2 2 2 2 2 2 2 2 2 2 2 2 2 2 2 2 2 2
left_child=1 2 -1 4 5 8 7 -7 -2 10 11 -10 -11 14 15 -6 -17 -16 -15 -20 -21 23 -23 24 26 -25 -22 28 29 -24
right_child=3 -3 -4 -5 13 6 -8 -9 9 12 -12 -13 -14 18 17 16 -18 -19 19 20 21 22 27 25 -26 -27 -28 -29 -30 -31
leaf_value=-0.023082227459413285 0.0022652407757845052 -0.026452045121514473 -0.0042478529998034838 -0.016786110928381243 -0.03327007314618511 -0.016760494128069344 -0.018512993693996806 0.0023517976211243005 0.088109364809199064 -0.0017618823043189817 -0.010051551560759021 -0.019211592441355743 0.048987136872838281 -0.022792678660149213 0.096651740514336087 0.084613276387228431 -0.0043818312646363286 0.025463255597169273 0.061428040915570095 -0.031487808052772313 0.053307805610599869 -0.017380342130651337 0.020062204260537252 -0.02230569245140876 -0.037022756264102008 0.036853092127669428 0.15938929194910714 0.004284774360073562 -0.016388997740964723 0.12200514268775001
leaf_weight=38.298967023962177 222.9642718648538 136.11652611300815 199.48372864013072 23.788640281651169 15.731450218707325 59.607393542304635 86.200781608000398 189.36738537251949 4.8715840261429539 9.2906224364414793 29.779297208413482 2.6753391250967979 25.291998378932476 20.39433251041919 8.5087405964732152 5.5895819682627899 4.2658328805118799 5.9784823171794406 5.1334741963073602 13.632873552851377 13.435248279944068 73.319034357555211 5.905492249876259 19.34431229531765 4.0302300583571187 25.968114994466305 3.2164907576516262 914.92037376156077 4.7410273980349293 4.9086812697350979
leaf_count=8355 1964 76359 29680 303 109 2187 656 908 33 197 308 31 107 164 30 28 42 28 40 128 112 828 54 76 85 95 35 7542 76 36
internal_value=-0.00039377 -0.0142604 -0.00728145 0.00248207 0.00273971 -0.000544946 -0.00641315 -0.0022239 0.00612531 0.018094 0.00210325 0.0500647 0.0353534 0.0045408 0.0225954 -0.00270161 0.0460925 0.0672742 0.00388836 0.00438823 0.00411797 0.00457171 0.00327316 0.024323 0.0522033 0.0115976 0.0737988 0.0049006 0.041122 0.0663353
internal_weight=2176.76 373.899 237.783 1802.86 1779.07 630.049 335.176 248.975 294.873 71.9088 37.3262 7.54692 34.5826 1149.02 40.0741 25.5869 9.85541 14.4872 1108.95 1088.56 1083.42 1069.79 1003.79 65.9944 20.682 45.3124 16.6517 930.476 15.5552 10.8142
internal_count=130596 114394 38035 16202 15899 6391 3751 3095 2640 676 372 64 304 9508 237 179 70 58 9271 9107 9067 8939 8536 403 232 171 147 7708 166 90
is_linear=0
shrinkage=0.05


Tree=156
num_leaves=31
num_cat=1
split_feature=3 4 0 5 0 4 1 4 2 2 2 2 2 3 4 2 1 1 2 2 2 0 3 1 1 2 2 4 1 2
split_gain=55.2426 25.8737 12.4198 10.8207 7.1845 6.89827 11.9897 16.1267 9.71535 7.84296 12.5853 13.7605 10.2844 7.58354 7.50108 7.26611 7.10953 7.10346 9.68474 8.27355 10.2198 6.99186 6.89055 7.19406 6.84611 10.2361 14.2767 8.02245 11.0836 12.3767
threshold=-12.702130232536012 69.102270660704377 4.4121537615740758 0 3.3555170891203701 14.02817224716301 4296.5000000000009 32.608050211366837 2390.5000000000005 6792.5000000000009 8677.5000000000018 8163.5000000000009 7480.0000000000009 -8.1184156488641683 44.235231488147605 14838.500000000002 172.50000000000003 464.50000000000006 4645.5000000000009 11911.500000000002 12913.500000000002 1.6780886921296301 -9.6556077707749264 51483.000000000007 27497.000000000004 12544.500000000002 14184.000000000002 11.26096667277489 3533.5000000000005 4475.5000000000009
decision_type=2 2 2 1 2 2 2 2 2 2 2 2 2 2 2 2 2 2 2 2 2 2 2 2 2 2 2 2 2 2
left_child=1 3 -3 -1 5 15 9 8 -8 -7 11 12 21 -10 -12 17 -17 18 -2 -20 -21 -11 -9 -24 25 27 -27 28 -5 -30
right_child=4 2 -4 24 -6 6 7 22 13 10 14 -13 -14 -15 -16 16 -18 -19 19 20 -22 -23 23 -25 -26 26 -28 -29 29 -31
leaf_value=0.032146834589212546 -0.027179116226808714 0.032653414903481615 0.0069279374143069537 0.020026419301181597 -5.1531569111862547e-05 0.024882367031778291 0.019465832858653939 0.026723342645232285 0.020055573415790937 -0.0086833035386779701 0.012732646440976998 -0.072851065425197495 0.025503319107145275 -0.023424621184090992 -0.0050383785394690836 0.019338325163107292 -0.021452142670201783 -0.0076190199576652079 0.030996705102209917 -0.039014435604174565 0.011359622928131025 -0.10012962671956337 -0.0012411559671973535 -0.041716744108115808 -0.012516958993516859 -0.017096033446333512 0.010263858934629897 0.022806064221800631 -0.103493940649796 -0.0071917915432508353
leaf_weight=37.355161959771067 18.487330161035061 193.04035615222529 61.980601965915412 21.225843892432749 5655.4567250553519 50.129701443016529 16.446888854727149 21.732598268892616 10.687107263132928 5.2747288662940282 184.90648434311152 10.555512517690657 12.747926676645873 162.68884002417326 87.469087430275977 11.707374349236487 121.99796520359814 501.67255857400596 36.896180504933 12.643430482596157 49.440818641334772 3.4622909631580114 764.33860220573843 11.138094473630188 54.193095584865659 80.812569758389145 116.29716382641345 115.52779497159645 4.6752501567825702 11.650229061953722
leaf_count=5681 75 44727 7435 1076 35445 326 104 1878 414 34 1235 36 82 514 606 43 572 2356 204 56 253 32 3588 46 2192 3344 6891 10752 176 423
internal_value=0.00023446 0.0137201 0.0264011 0.00639921 -0.000977975 -0.0034796 -0.00133002 -0.00416296 -0.0172605 0.00655669 0.00353891 -0.0261028 -0.00313548 -0.0207444 0.00702576 -0.00731017 -0.0178805 -0.00502747 0.00604033 0.012245 0.00110097 -0.0449215 -0.00104432 -0.0018225 0.00402074 0.00658002 -0.000953361 0.0162802 -0.00379663 -0.0347706
internal_weight=8446.64 696.758 255.021 441.737 7749.88 2094.42 1341.58 987.032 189.823 354.546 304.416 32.0405 21.4849 173.376 272.376 752.846 133.705 619.14 117.468 98.9804 62.0842 8.73702 797.209 775.477 404.382 350.189 197.11 153.079 37.5513 16.3255
internal_count=130596 82697 52162 30535 47899 12454 8895 6544 1032 2351 2025 184 148 928 1841 3559 615 2944 588 513 309 66 5512 3634 24854 22662 10235 12427 1675 599
cat_boundaries=0 1
cat_threshold=1
is_linear=0
shrinkage=0.05


Tree=157
num_leaves=31
num_cat=0
split_feature=3 0 3 3 4 2 2 2 2 3 1 1 4 2 2 2 2 2 1 4 2 3 4 2 3 3 1 2 1 1
split_gain=45.4884 22.112 13.4742 10.2938 9.47873 9.39984 8.4266 7.8492 18.2836 9.97457 8.49041 7.47877 7.47638 7.3193 7.39727 9.37179 13.8747 13.511 7.286 7.16309 7.3078 7.15226 7.08397 12.5175 11.3038 11.4191 12.9275 9.22642 6.82354 8.74619
threshold=-29.058240367910376 5.2984948553240754 -5.4359260371889944 -8.9815075964536124 47.373243932234836 199.50000000000003 15222.500000000002 14184.000000000002 14163.500000000002 -22.015585423314757 2117.5000000000005 39096.500000000007 9.5227116381762738 15489.500000000002 15092.500000000002 14974.500000000002 14965.500000000002 14985.500000000002 42514.000000000007 558.83305019728289 14738.500000000002 -7.1931080967987242 147.01693367366644 13140.500000000002 -7.222972166579507 -6.2999023299505419 46594.500000000007 13293.500000000002 1421.5000000000002 1285.5000000000002
decision_type=2 2 2 2 2 2 2 2 2 2 2 2 2 2 2 2 2 2 2 2 2 2 2 2 2 2 2 2 2 2
left_child=1 6 3 4 7 -4 -1 8 9 10 -2 -6 28 14 15 16 18 21 19 -5 -21 -17 -20 24 -24 -26 -27 -25 29 -9
right_child=2 -3 5 13 11 -7 -8 12 -10 -11 -12 -13 -14 -15 -16 17 -18 -19 22 20 -22 -23 23 27 25 26 -28 -29 -30 -31
leaf_value=-0.027982270007754457 -0.020589982410110518 0.013727843560316623 0.060140822882869462 0.0014142944844949927 -0.019774230475713139 -0.010667594543399141 0.026909735123924024 0.0084967015012762954 0.10331921572586802 -0.0018296504912527899 0.039993726722747334 0.010553813159041192 -0.025554095189149258 0.023534353626694482 -0.015311681759792615 -0.0075236980222749151 -0.04020360400438644 0.0059620201693361564 0.0011077002287929582 -0.043076745055368737 0.007111919606053548 0.056069279265976435 -0.0096391527482296013 0.11217708778342464 0.033722002543377462 0.050735313353989266 -0.044951311512048384 0.034585770528912325 -0.019808987006031845 0.11858631043895423
leaf_weight=222.87213696842082 7.3648774214088908 40.68302262481302 4.7607928514480582 5167.3773986175656 140.79587902920321 302.18474956788123 7.2179947285912922 32.120967116672546 4.5020196265541008 242.40676032844931 26.92542261723429 23.757324600359425 54.533575160894543 38.454228339716792 63.5840361174196 5.3864013049751547 19.837178325280547 89.967267649248242 126.90173120237887 18.131025284528736 12.088873023167251 24.680775489658117 44.737780606374145 4.5665958821773556 53.418675594031811 5.2003130316734341 10.988428890705107 23.794784680008888 24.786128549370915 1.9114854144863773
leaf_count=51296 480 2926 13 24613 18782 4680 455 801 47 14434 1300 2500 3645 125 322 36 128 418 501 90 53 79 227 17 153 20 43 95 2288 29
internal_value=-0.000167976 -0.0202522 0.000659115 0.00115999 -0.00531478 -0.00956934 -0.0262603 -0.00111041 0.00336712 0.00174084 0.0269815 -0.0153956 -0.0122181 0.00179407 0.00164665 0.00183895 0.00153661 0.0156596 0.00168806 0.00127235 -0.0229998 0.0446769 0.00970238 0.0173452 0.00997021 0.0225735 -0.0142139 0.0470791 0.000146385 0.0146801
internal_weight=6845.94 270.773 6575.17 6268.22 559.104 306.946 230.09 394.551 281.199 276.697 34.2903 164.553 113.352 5709.12 5670.66 5607.08 5487.04 120.034 5467.21 5197.6 30.2199 30.0672 269.608 142.707 114.345 69.6074 16.1887 28.3614 58.8186 34.0325
internal_count=130596 54677 75919 71226 44306 4693 51751 23024 16261 16214 1780 21282 6763 26920 26795 26473 25940 533 25812 24756 143 115 1056 555 443 216 63 112 3118 830
is_linear=0
shrinkage=0.05


Tree=158
num_leaves=31
num_cat=2
split_feature=3 4 5 1 1 0 3 2 2 3 3 0 2 2 2 4 1 4 2 2 4 2 4 2 2 5 2 4 2 1
split_gain=32.1392 13.1072 3.68778 4.39133 5.16103 4.45804 6.83942 4.46574 16.1564 8.99535 6.10518 4.82482 4.22257 7.29381 21.3671 20.6855 9.02573 16.2787 4.10091 8.60224 4.17624 3.81047 3.75119 3.40418 3.76169 8.69994 5.31746 4.48131 7.95395 13.0485
threshold=-6.4666728876018658 50.667246900856171 0 30740.500000000004 1976.5000000000002 4.3253446527777788 -28.148834086681287 14430.500000000002 14334.500000000002 -9.3700300566915242 -8.672130443237128 4.5532027835648163 14838.500000000002 14916.500000000002 14908.500000000002 28.39612656434981 18166.500000000004 42.7426932216746 15092.500000000002 15132.500000000002 0.00072406306272025016 15222.500000000002 0.00030971032446835007 977.50000000000011 1976.5000000000002 1 2120.5000000000005 13.194700301946066 1669.5000000000002 5964.5000000000009
decision_type=2 2 1 2 2 2 2 2 2 2 2 2 2 2 2 2 2 2 2 2 2 2 2 2 2 1 2 2 2 2
left_child=1 2 -1 4 5 18 -7 8 10 -10 -8 -12 22 14 16 -16 -14 -18 20 -20 -4 -15 -6 -2 25 27 -26 28 29 -25
right_child=23 -3 3 -5 12 6 7 -9 9 -11 11 -13 13 21 15 -17 17 -19 19 -21 -22 -23 -24 24 26 -27 -28 -29 -30 -31
leaf_value=-0.033436016509386698 -0.024046862645811753 -0.02527593508222661 0.11261533626110523 0.01455307612660646 0.031061324353423805 0.053915560213595573 -0.033480990781393223 -0.018992833479114249 0.22762171381489207 -0.033667817321289061 0.11346911266606495 0.014437321871083493 -0.033683996043780688 -0.028733304779235348 0.33917048063094141 -0.033971138626488394 -0.033592788591285776 0.42253245459046229 0.12389977512686468 -0.035125807179224644 -0.013215771795285948 0.018091142147127252 -0.01626278081165819 -0.021031520471112709 -0.033121990967448604 -0.024030976915000279 0.0027796647428791955 -0.0023262440898899062 0.065188873833304517 0.075416904238604657
leaf_weight=12.407899221521802 11.750123815611003 134.07591061980929 0.66835648706182738 24.786304789828137 4.2988284979946902 8.4784753336571139 6.8923097513616094 13.34488650341518 1.3262931592762468 0.43822962930425902 1.352996882516895 13.518775368109344 3.7903030352899831 10.267963582649829 1.0657159457914529 0.57010061782784749 0.48635653941892076 0.32721567456610501 1.7185387066565447 1.683380792615935 49.207101898384281 7.5319462404586366 161.55061781988479 10.017285896465184 10.37904101423919 10.360411065630613 1638.8187773758546 9.4437915179878456 13.605519054457544 5.3956577554345122
leaf_count=6093 240 73330 41 2463 254 300 1242 1258 49 34 59 589 563 1616 34 53 93 9 26 109 6781 342 23200 81 95 87 11421 69 47 18
internal_value=-0.000382772 -0.012118 -0.00670169 -0.00564292 -0.00737794 0.001901 0.0134226 0.00411186 0.0172163 0.162729 0.00541888 0.023447 -0.0121975 0.00738656 0.0539035 0.209126 -0.00124925 0.149859 -0.00790666 0.0452087 -0.0115296 -0.00891977 -0.0150361 0.00277305 0.00295864 0.0166364 0.00255372 0.0275908 0.037327 0.0127325
internal_weight=2169.56 459.789 325.713 313.305 288.518 98.6293 45.352 36.8735 23.5286 1.76452 21.7641 14.8718 189.889 24.0396 6.23969 1.63582 4.60388 0.813572 53.2774 3.40192 49.8755 17.7999 165.849 1709.77 1698.02 48.8227 1649.2 38.4623 29.0185 15.4129
internal_count=130596 118538 45208 39115 36652 10488 3531 3231 1973 83 1890 648 26164 2710 752 87 665 102 6957 135 6822 1958 23454 12058 11818 302 11516 215 146 99
cat_boundaries=0 1 2
cat_threshold=1 4
is_linear=0
shrinkage=0.05


Tree=159
num_leaves=31
num_cat=2
split_feature=3 4 0 5 5 1 1 2 2 2 3 2 4 2 2 2 1 1 2 2 3 2 3 2 1 2 2 3 2 4
split_gain=49.9853 24.8838 12.4706 10.4916 6.74083 8.47964 8.58406 13.183 25.6899 13.6352 14.2252 11.9938 10.1781 15.1864 11.8194 18.7703 12.7424 11.2583 9.7888 13.5752 18.0645 20.5267 15.2728 12.2213 12.1394 10.7397 26.6532 18.1682 17.0433 16.2789
threshold=-12.702130232536012 69.102270660704377 4.4121537615740758 0 1 1044.5000000000002 11873.500000000002 4645.5000000000009 3262.5000000000005 5975.0000000000009 -6.8493970753394056 5438.0000000000009 65.053736679763801 13616.500000000002 14265.000000000002 14456.500000000002 25708.500000000004 12018.500000000002 6897.5000000000009 8577.5000000000018 -9.2660808563822297 7904.5000000000009 -6.5634398366489224 7480.0000000000009 4296.5000000000009 14738.500000000002 14608.500000000002 -7.2565294350624425 14548.500000000002 122.83608397871909
decision_type=2 2 2 1 1 2 2 2 2 2 2 2 2 2 2 2 2 2 2 2 2 2 2 2 2 2 2 2 2 2
left_child=1 3 -3 -1 5 -2 7 8 -7 10 -9 -12 13 -8 -15 -16 -17 -14 -11 20 23 22 -22 -20 -23 26 28 -27 29 -21
right_child=4 2 -4 -5 -6 6 12 9 -10 18 11 -13 17 14 15 16 -18 -19 19 25 21 24 -24 -25 -26 27 -28 -29 -30 -31
leaf_value=0.032076023239974959 -0.0090496494582643552 0.032601629743843799 0.0064732078569843159 0.0037662015693344614 0.00047256271341969712 -0.00074959300239392599 -0.01139766363887014 0.0033680329454248564 0.03108691913571475 0.018454559599135636 -0.018748450931858476 -0.068653934729172514 -0.06816224190983998 0.030574975709016523 -0.070070995958997392 0.021543719387301111 -0.023584010729330807 0.00015755930864361982 -0.12088824997759495 0.0018219884553958652 -0.021665314200145044 -0.065386796664117688 0.028385434061145399 0.034076539747902007 -0.016793146763257567 0.015645455977909933 0.033557881610635262 -0.014405817366783535 -0.025694687290990528 0.042105476208782223
leaf_weight=35.644922878593206 433.08229096792638 182.17634095810354 60.943664213642478 399.81811840366572 4109.7648750534281 171.69224978797138 643.60847624298185 38.145506018772721 100.43043206259608 69.9844233058393 33.260280698537827 18.869461223483086 6.0750888688489786 39.173982284963131 9.2210467178374511 45.071123826317489 23.957097337581217 812.88170721661299 6.2753045205026856 629.42482903320342 25.411362053826451 19.126454044133425 38.085693836212158 1.5958665320649741 39.178662419319153 65.785554096568376 69.88339408673346 213.59774388372898 54.411092302761972 26.119785818271339
leaf_count=5681 1704 44727 7435 24854 28730 730 3076 251 564 331 98 55 32 183 47 303 114 5290 106 3189 117 69 133 71 168 746 553 697 323 219
internal_value=0.000225542 0.0132377 0.0260519 0.00608351 -0.000914658 -0.00248334 -0.00159502 0.000960934 0.0110001 -0.00106395 -0.0198345 -0.0368128 -0.00421778 -0.00838076 0.00815521 -0.00306882 0.00588158 -0.000349243 0.000282103 -0.000787619 -0.0160576 -0.0113136 0.00835525 -0.0894694 -0.0327338 0.00108178 0.00409527 -0.00732973 0.00119517 0.00342706
internal_weight=8422.7 678.583 243.12 435.463 7744.11 3634.35 3201.27 1621.28 272.123 1349.16 90.2752 52.1297 1579.99 761.032 117.423 78.2493 69.0282 818.957 1258.88 1188.9 129.673 121.802 63.4971 7.87117 58.3051 1059.22 779.839 279.383 709.956 655.545
internal_count=130596 82697 52162 30535 47899 19169 17465 8420 1294 7126 404 153 9045 3723 647 464 417 5322 6722 6391 664 487 250 177 237 5727 4284 1443 3731 3408
cat_boundaries=0 1 2
cat_threshold=1 8
is_linear=0
shrinkage=0.05


Tree=160
num_leaves=31
num_cat=2
split_feature=3 0 3 3 4 2 4 3 2 4 2 1 1 2 2 2 2 1 4 2 4 5 4 1 2 2 1 5 0 3
split_gain=41.4243 21.2866 12.7725 10.5095 8.85307 8.15802 8.07078 9.01633 9.84828 8.79929 8.50076 7.77545 15.1284 10.4213 20.3992 9.91165 9.87849 9.65046 10.6185 9.90032 9.64076 8.52558 9.10908 12.9755 14.6241 16.1944 9.30981 11.519 9.20716 8.88365
threshold=-29.058240367910376 5.2984948553240754 -6.0867691321245561 -8.9815075964536124 47.373243932234836 15222.500000000002 3.5327068242902757 -6.9170352432702478 15037.500000000002 2.5892505814121369 13419.500000000002 855.50000000000011 1158.5000000000002 7480.0000000000009 14574.500000000002 722.50000000000011 14654.500000000002 2044.5000000000002 87.893803598368763 507.50000000000006 29.544484493462786 0 32.608050211366837 27497.000000000004 3371.5000000000005 3487.5000000000005 8990.5000000000018 1 3.823567494212964 -6.1618438335499954
decision_type=2 2 2 2 2 2 2 2 2 2 2 2 2 2 2 2 2 2 2 2 2 1 2 2 2 2 2 1 2 2
left_child=1 5 3 4 -2 -1 7 8 10 -9 -5 15 13 -13 -15 -8 -16 18 -14 20 -19 -21 29 24 26 -26 27 -24 -28 -23
right_child=2 -3 -4 6 -6 -7 11 9 -10 -11 -12 12 17 14 16 -17 -18 19 -20 21 -22 22 23 -25 25 -27 28 -29 -30 -31
leaf_value=-0.027695295307682666 -0.0010197713076181077 0.01335250520628182 -0.0049900147803093285 0.012796348576148545 -0.014952676776879404 0.026009470924147727 0.056302204885725217 0.0096645743667122547 -0.039506079561715951 -0.012533364663958161 0.037370052179179263 0.047729707296087019 -0.0097601556823576664 -0.01511968757131279 0.088712883733738215 -0.0092977507398822185 0.024165310409727307 -0.037675789753820133 0.071377070817766688 -0.023638496907361035 0.024965134283076465 0.0047068819155876886 -0.041193484287443287 0.0057730385266404997 0.054277705706548308 -0.0014262738809588424 -0.05456417602452205 0.062947798949566758 -0.013447277882265296 0.023536432884033232
leaf_weight=212.01511558541097 392.61222052294761 40.984627513680607 880.51814595609903 139.15764698386192 160.66940094390884 7.3152822500560424 5.9166488051414481 120.70645898580551 7.4787824451923361 70.847132191061974 47.106221452355385 26.130787985399365 227.85382799990475 39.257445581257343 6.8820553496479979 214.87482367642224 42.734748285263777 28.082171197980642 4.1050217822194091 31.247034385800362 7.861997263506054 1586.2334243673831 4.7251544371247292 822.82319309003651 13.157732557505367 1559.8856012839824 26.593136312440038 6.0615136772394163 27.899108145385981 65.215339139103889
leaf_count=51296 23024 2926 8814 455 21282 455 20 344 22 211 157 102 1138 211 30 1114 172 129 15 228 32 6746 28 3243 47 7810 131 19 165 230
internal_value=-0.000161769 -0.0197234 0.000613696 0.00148145 -0.0050658 -0.0259041 0.0021872 0.00914683 0.0167522 0.00145455 0.019011 0.00162237 0.00206926 0.019972 0.0118107 -0.00753984 0.0331183 0.00160257 -0.00832425 0.00215347 -0.0239745 0.0023801 0.00257779 0.000650206 -0.00192266 -0.000960338 -0.025112 0.0173282 -0.033513 0.00545046
internal_weight=6826.95 260.315 6566.64 5686.12 553.282 219.33 5132.84 385.296 193.743 191.554 186.264 4747.54 4526.75 115.005 88.8742 220.791 49.6168 4411.74 231.959 4179.79 35.9442 4143.84 4112.59 2461.15 1638.32 1573.04 65.2789 10.7867 54.4922 1651.45
internal_count=130596 54677 75919 67105 44306 51751 22799 1189 634 555 612 21610 20476 515 413 1134 202 19961 1153 18808 161 18647 18419 11443 8200 7857 343 47 296 6976
cat_boundaries=0 1 2
cat_threshold=1 4
is_linear=0
shrinkage=0.05


Tree=161
num_leaves=31
num_cat=2
split_feature=3 4 3 5 2 1 1 2 3 3 3 2 2 2 2 3 1 2 4 4 1 1 4 5 4 2 4 0 3 2
split_gain=29.7877 11.9809 5.66232 8.82021 6.68973 7.27045 14.1968 7.15398 10.9893 17.5473 6.83824 48.9498 6.25579 5.1527 5.87763 5.62259 8.08322 6.99884 7.65593 4.73696 4.1435 18.2035 6.55599 5.06424 3.77324 3.74912 3.72233 3.60795 10.6488 8.65941
threshold=-6.9170352432702478 34.51655268121285 -10.984849947398924 0 13985.500000000002 14165.500000000002 14528.500000000002 12263.000000000002 -18.413075350060797 -20.367593401597723 -11.418562384499557 15092.500000000002 12590.500000000002 14654.500000000002 15025.500000000002 -12.61394716023424 1100.5000000000002 14644.500000000002 9.1476738997749838e-05 0.00020095985555125003 40864.500000000007 41936.000000000007 9.1893487371359424 1 14.02817224716301 14184.000000000002 22.923179279297461 6.341646481481483 -28.148834086681287 9971.5000000000018
decision_type=2 2 2 1 2 2 2 2 2 2 2 2 2 2 2 2 2 2 2 2 2 2 2 1 2 2 2 2 2 2
left_child=1 2 3 4 5 19 -7 -8 9 12 13 -12 -9 15 -15 17 -17 18 -6 -1 -4 -22 23 -23 -16 -20 -26 -21 29 -29
right_child=-2 -3 20 -5 10 6 7 8 -10 -11 11 -13 -14 14 24 16 -18 -19 25 27 21 22 -24 -25 26 -27 -28 28 -30 -31
leaf_value=0.039836504916461422 0.0022510323996331972 -0.024227475428210535 -0.015493864305951184 -0.019215884677920601 0.41740899695108152 0.31247035590167882 0.0025523625696593447 0.25974102377811215 -0.033556928071711019 0.59868635385931046 -0.033483569700356784 1.0011095979984439 -0.033724139065156769 -0.026728584750529357 -0.033758237329485317 -0.033521084036587663 0.19927829168090394 0.080370354194508276 0.038609599396958433 -0.033444753511405668 0.37247815363504577 0.2909766571331695 -0.033940559631356913 -0.03353379706252229 0.065853547384900152 -0.033570938183613945 -0.0017022501410872146 0.35690487847959385 -0.03343583110855719 -0.033538886539254555
leaf_weight=3.0972651271149543 1803.7469383459538 151.1743298258516 103.86227246350609 31.422793803270906 0.1107433238066714 0.42895098449662228 9.5190370613709074 0.34033380355685949 0.72017993358895072 0.23657094105146825 0.54160082247108121 0.14491906063631177 0.3893471653573215 7.3432863180059966 1.8796909414231766 0.52858134964480896 1.2657851728145031 5.2318304977379739 3.2400212269276381 18.920295723364692 0.36872293241321985 0.30717228911817074 2.448865492362529 0.19754276773892376 6.2785382098518294 4.0448702867142856 3.0197760215960443 0.38292484334670041 1.6083914409391571 0.22571297944523394
leaf_count=108 16202 81541 11047 10768 9 46 1404 25 104 10 94 8 44 1388 210 76 55 48 269 5389 34 12 175 42 129 696 185 38 405 35
internal_value=-0.000367671 -0.0135147 -0.00573267 0.00276694 0.0127062 -0.00231446 0.0301746 0.0193681 0.114285 0.224476 0.028727 0.184911 0.103152 0.0254722 0.00802282 0.0478816 0.130701 0.036113 0.00480433 -0.0179116 -0.0137356 0.0412307 -0.000121973 0.163965 0.0308524 -0.00146799 0.0439137 -0.0263735 0.0339732 0.212109
internal_weight=2163.03 359.28 208.106 100.921 69.4987 35.869 11.6344 11.2055 1.68643 0.966252 33.6296 0.68652 0.729681 32.9431 18.5213 14.4218 1.79437 12.6275 7.39563 24.2346 107.185 3.3223 2.95358 0.504715 11.178 7.28489 9.29831 21.1373 2.21703 0.608638
internal_count=130596 114394 32853 21543 10775 7608 1633 1587 183 79 3167 102 69 3065 1912 1153 131 1022 974 5975 11310 263 229 54 524 965 314 5867 478 73
cat_boundaries=0 1 2
cat_threshold=4 4
is_linear=0
shrinkage=0.05


Tree=162
num_leaves=31
num_cat=1
split_feature=3 4 0 2 2 3 1 2 4 2 2 1 2 2 2 1 2 4 2 4 0 4 1 4 0 1 0 4 3 5
split_gain=45.1126 26.6022 10.9571 8.10768 13.3188 12.512 12.2337 12.6606 9.87602 8.9172 14.1313 9.53052 9.43559 16.9381 11.4588 11.415 10.7683 9.5793 8.77682 22.1022 8.61947 13.4408 8.15713 16.9028 15.4631 12.0221 9.39285 9.20085 8.02069 7.90004
threshold=-10.220908802160311 85.225989531957239 4.3834742592592608 6464.0000000000009 7480.0000000000009 -13.028376313700479 3826.5000000000005 6897.5000000000009 9.8730282729676997 12544.500000000002 12590.500000000002 2815.5000000000005 14184.000000000002 13826.500000000002 13862.500000000002 1496.5000000000002 14163.500000000002 19.943217518500841 6702.0000000000009 16.96411985522268 3.907668443287037 27.835055385272994 23098.500000000004 46.601118668377531 4.3545591261574081 23564.000000000004 6.6071487326388914 79.907954790757316 -28.575531531132107 0
decision_type=2 2 2 2 2 2 2 2 2 2 2 2 2 2 2 2 2 2 2 2 2 2 2 2 2 2 2 2 2 1
left_child=1 3 -3 -1 5 -5 7 -7 -9 -6 20 12 13 15 -15 -12 -16 -14 19 -8 -11 -22 -13 25 -25 -24 27 28 -26 -18
right_child=-2 2 -4 4 9 6 18 8 -10 10 11 22 17 14 16 -17 29 -19 -20 -21 21 -23 23 24 26 -27 -28 -29 -30 -31
leaf_value=0.015955971471745264 -0.0010226930216709676 0.031710692464523675 0.0085057365134248806 -0.0056707379979727326 0.015888700775203535 0.0056396423336968595 -0.41683058152733876 -0.097206446593997103 -0.24306397922410825 -0.038080763813723245 0.030981432087759411 0.017747550623850247 -0.0068257190038447007 -0.10951289050013435 -0.0078610065255537483 -0.0290487534461513 -0.030263600948374814 0.028140797824006511 0.013486085034833754 0.033837291040193819 -0.26195482303396272 0.033935528002683651 -0.2085461443885869 0.034290254232341 -0.13696371171620803 0.014869031549282086 -0.27265691920438279 -0.30991333351569744 -0.0068116127830010371 -0.13597003064698024
leaf_weight=142.57591652381234 7535.7542611211538 174.35787325864658 71.828520122449845 24.358252931153402 128.01630208035931 1.6266421629115919 0.44331045262515523 2.89760238584131 1.9359317179769275 5.5741347102448335 16.661777194123719 110.4446225783322 70.701284639537334 6.441591193899515 13.975419763475658 15.092241630889474 3.5041997130028903 27.092823443002999 4.8583273678086698 0.70426677539944649 1.1760855326429007 0.56971861701458681 0.61649569356814282 2.4474061040673387 2.2943152254447337 25.849427424371243 0.8148790830746292 0.43568864371627558 2.4453838672488932 3.566459357738494
leaf_count=11668 37833 43158 8245 1543 9914 38 12 35 20 79 829 8580 2114 46 559 541 27 2656 205 38 40 32 40 231 71 1823 38 35 133 13
internal_value=0.000217595 0.011044 0.0249403 0.00550038 0.00235901 -0.0265208 -0.0672611 -0.11502 -0.155625 0.0047886 0.000200372 0.00186211 -0.00667783 -0.0224248 -0.0511604 0.00244992 -0.0333004 0.00286138 -0.0158902 -0.140256 -0.0684452 -0.165395 0.0110887 -0.00998157 -0.0716052 0.00966481 -0.11487 -0.0900262 -0.0698135 -0.0835822
internal_weight=8399.06 863.307 246.186 617.121 474.545 36.8243 12.4661 6.46018 4.83353 437.72 309.704 302.384 157.036 59.2417 27.4877 31.754 21.0461 97.7941 6.0059 1.14758 7.31994 1.7458 145.348 34.9036 8.43767 26.4659 5.99027 5.17539 4.7397 7.07066
internal_count=130596 92763 51403 41360 29692 1891 348 93 55 27801 17887 17736 6785 2015 645 1370 599 4770 255 50 151 72 10951 2371 508 1863 277 239 204 40
cat_boundaries=0 1
cat_threshold=4
is_linear=0
shrinkage=0.05


Tree=163
num_leaves=31
num_cat=2
split_feature=3 0 3 2 3 4 4 1 2 2 3 1 4 2 2 4 2 2 2 2 5 3 1 5 2 1 1 4 4 4
split_gain=37.7678 20.6882 12.137 8.79537 8.35733 8.3092 7.36047 7.31762 7.29324 15.7375 9.20257 7.61395 7.23846 7.06991 18.3461 15.582 7.68296 63.9154 21.1646 16.7337 14.5863 12.7549 49.3534 12.8713 12.2375 11.3606 18.8873 14.6947 9.94232 8.84173
threshold=-29.058240367910376 4.047488043981482 -5.4359260371889944 199.50000000000003 -8.9815075964536124 47.373243932234836 11.26096667277489 39096.500000000007 14184.000000000002 14163.500000000002 -22.015585423314757 2117.5000000000005 9.5227116381762738 507.50000000000006 1446.5000000000002 8.8502927588511309 14738.500000000002 14757.500000000002 14644.500000000002 14800.500000000002 0 -7.8631209890270393 4735.5000000000009 1 14688.500000000002 2570.5000000000005 5029.5000000000009 34.51655268121285 15.302744961548294 170.31896035008188
decision_type=2 2 2 2 2 2 2 2 2 2 2 2 2 2 2 2 2 2 2 2 1 2 2 1 2 2 2 2 2 2
left_child=1 -1 4 -4 5 8 -3 -7 9 10 11 -2 -10 -6 15 -15 18 21 -16 20 25 22 -18 -23 -20 -19 -27 -28 -26 -30
right_child=2 6 3 -5 13 7 -8 -9 12 -11 -12 -13 -14 14 16 -17 17 19 24 -21 -22 23 -24 -25 28 26 27 -29 29 -31
leaf_value=-0.028724142961588428 -0.020167707978551531 0.21655106769194288 0.058203620481216779 -0.010280641722327418 -0.014773203384618384 -0.019056542179195057 0.0013294540886662327 0.01125625410402141 0.00034827384248573533 0.092847352723530077 -0.0016891265657277795 0.037749736283869045 -0.025241618493813584 0.03301871266627452 0.0010696183816896324 0.0021978637945480202 0.27995805543707736 -0.037750435245501965 -0.036827697010742753 0.0044398850846773304 -0.040183017370458103 -0.015777197961797475 -0.038244550296362111 0.057520001079741513 0.024763469644022471 0.075515416407123961 0.10488767565774038 -0.028578443107716341 -0.033687257804252684 0.019308475446513464
leaf_weight=174.13188768434338 7.1437640110962084 0.39933988498523731 4.7632235884666434 297.94247018732131 65.057461505755782 133.92837273725308 76.238954100059345 23.385863131377846 58.182042590808123 4.8267620648257425 241.12198240961879 27.59132429305464 52.633250963874161 85.670014183968306 4550.5970988273621 78.662899957969785 2.6320003084838381 12.392985619604586 57.855057695880532 666.0805524662137 41.788867749273777 6.8316365927457809 2.2691375613212585 48.586654961109161 19.489673886448145 9.8280359096825141 2.3794245868921307 15.475457260385154 28.27642703615129 10.905887357890604
leaf_count=46935 480 20 13 4680 263 18782 7722 2500 3118 47 14434 1300 3645 292 21603 345 29 58 388 3030 189 39 24 149 92 52 10 95 201 61
internal_value=-0.000153375 -0.0191967 0.000575008 -0.00920301 0.00104831 -0.00484482 0.00245091 -0.0145503 -0.000944898 0.00334312 0.00177703 0.0258382 -0.011806 0.00161525 0.0018043 0.0182654 0.00131025 0.0058109 0.000530816 0.00181799 -0.0195147 0.0553219 0.132636 0.0484844 -0.0205104 0.00203702 0.0198489 -0.0107921 -0.00442029 -0.0189366
internal_weight=6807.07 250.77 6556.3 302.706 6253.59 548.813 76.6383 157.314 391.499 280.684 275.857 34.7351 110.815 5704.78 5639.72 164.333 5475.39 808.265 4667.12 747.945 81.8648 60.3194 4.90114 55.4183 116.527 40.0759 27.6829 17.8549 58.672 39.1823
internal_count=130596 54677 75919 4693 71226 44306 7742 21282 23024 16261 16214 1780 6763 26920 26657 637 26020 3675 22345 3434 404 241 53 188 742 215 157 105 354 262
cat_boundaries=0 1 2
cat_threshold=4 4
is_linear=0
shrinkage=0.05


Tree=164
num_leaves=31
num_cat=1
split_feature=3 4 2 4 5 1 1 4 3 2 3 4 2 1 2 2 2 4 0 3 2 2 4 3 3 4 2 2 1 3
split_gain=27.6588 12.1757 3.65771 30.1293 3.46812 4.51865 4.94527 4.2683 4.11289 10.4029 8.31645 20.7337 6.59433 5.83896 5.7137 7.47832 5.40578 4.36214 5.97525 4.21228 4.01476 14.7149 3.92209 14.0036 41.3601 7.65507 3.91787 4.22171 3.66764 6.29427
threshold=-6.4666728876018658 52.403226522299342 192.50000000000003 68.061161387821457 0 30740.500000000004 1976.5000000000002 25.591551032101616 -10.769168065319429 14163.500000000002 -11.270066471495578 10.499534748920409 14654.500000000002 1496.5000000000002 14430.500000000002 14409.500000000002 14644.500000000002 5.939637663942011 2.423712876157408 -15.65965515238895 14608.500000000002 14621.500000000002 48.13050742481942 -9.1476725252526219 -11.938736098641504 48.930453066785624 15025.500000000002 15132.500000000002 31460.500000000004 -10.022002199653366
decision_type=2 2 2 2 1 2 2 2 2 2 2 2 2 2 2 2 2 2 2 2 2 2 2 2 2 2 2 2 2 2
left_child=1 4 3 -3 -1 6 7 8 9 17 12 -12 13 16 15 -10 -11 18 -6 -15 -8 -22 28 24 25 -24 -14 -28 29 -7
right_child=-2 2 -4 -5 5 22 20 -9 14 10 11 -13 26 19 -16 -17 -18 -19 -20 -21 21 -23 23 -25 -26 -27 27 -29 -30 -31
leaf_value=-0.033434568062458363 0.0025201414860787138 1.6721927885182184 -0.025292872156848611 -0.033386220974261513 0.16692025770978555 0.15998613421556568 -0.015413912442915241 -0.033539856947926376 0.0050251068115653519 4.8208127297671512e-05 -0.033542858380872724 0.44500149624508256 -0.024735366738404388 0.031534490411326284 -0.02801209940716335 0.22727832702989104 0.075775462108300135 -0.025801296300401344 -0.033543154233716566 0.18812095307682405 0.17828187985553101 -0.0026306542664561168 0.49939212128612676 -0.033655084507925571 1.4896047960086136 -0.033420983232406033 0.056608745679107557 -0.035021213363996571 0.0053643276439624627 -0.033861543339172344
leaf_weight=11.421853639243636 1713.406921829097 0.02931565884500642 122.14847508631647 0.22179160924861208 0.72837964026257285 1.0251201794017104 153.02737601811532 7.797798521234653 33.379286337876692 4.2218692945316487 0.49517667014151712 0.41691955225542188 5.6694469193462265 0.63682973873801518 16.980033637257293 0.3828249522484829 5.3341655235271901 12.9240096937865 0.75917198602110147 1.3191068226005871 1.163241522735915 33.303636453812942 0.093835480976849794 0.65058436454273649 0.065658812643960118 0.23939852323383093 4.7299028020352125 1.7120627118274567 22.930253156227991 0.70795899257064476
leaf_count=6129 12058 24 72202 168 20 117 22521 2013 2182 510 58 27 981 32 1284 29 38 2958 126 32 45 4370 19 62 19 70 130 125 2204 43
internal_value=-0.000363108 -0.0114767 -0.024901 0.165733 -0.00637571 -0.00538096 -0.0071922 0.00194215 0.00502705 0.0172484 0.0370531 0.1852 0.0313332 0.0584293 -0.00435346 0.00754521 0.0423191 -0.0164687 0.0646138 0.137138 -0.0119416 0.00347506 0.0146934 0.109359 0.342612 0.116614 0.00557817 0.0322565 0.0106651 0.0807998
internal_weight=2157.92 444.515 122.4 0.251107 322.116 310.694 284.981 97.487 89.6892 38.947 24.5355 0.912096 23.6234 11.512 50.7421 33.7621 9.55603 14.4116 1.48755 1.95594 187.494 34.4669 25.7128 1.04948 0.398893 0.333234 12.1114 6.44197 24.6633 1.73308
internal_count=130596 118538 72394 192 46144 40015 37481 10545 8532 5037 1933 85 1848 612 3495 2211 548 3104 146 64 26936 4415 2534 170 108 89 1236 255 2364 160
cat_boundaries=0 1
cat_threshold=1
is_linear=0
shrinkage=0.05


Tree=165
num_leaves=31
num_cat=1
split_feature=3 4 0 5 1 2 2 4 2 2 2 4 1 4 1 4 4 0 2 2 2 3 4 1 4 4 3 4 1 4
split_gain=40.8381 23.1221 11.9561 10.369 7.34736 9.7794 12.2633 7.85664 10.2871 36.0541 7.60628 9.72612 7.17363 8.88961 10.8895 6.92749 9.24018 6.72702 6.52947 7.11007 7.11689 13.1246 8.37499 13.6462 7.40828 8.07427 8.37915 6.64957 6.48365 14.2294
threshold=-12.702130232536012 83.933244842588095 5.4150955034722239 0 27497.000000000004 12544.500000000002 14184.000000000002 11.26096667277489 4475.5000000000009 4271.5000000000009 15025.500000000002 15.302744961548294 17406.500000000004 6.4988130048797972 5964.5000000000009 6.4988130048797972 7.3365338571321503 3.3555170891203701 192.50000000000003 1446.5000000000002 977.50000000000011 -5.9689959068912115 28.953560974573374 9758.5000000000018 33.91333624607099 20.882092430422869 -7.6196982991156821 58.928253657056963 36161.500000000007 241.20189124312574
decision_type=2 2 2 1 2 2 2 2 2 2 2 2 2 2 2 2 2 2 2 2 2 2 2 2 2 2 2 2 2 2
left_child=1 3 -3 -1 5 7 -7 8 9 12 11 -8 13 14 -5 -6 -17 -2 -19 20 22 24 23 -20 25 26 -22 -24 29 -21
right_child=17 2 -4 4 15 6 10 -9 -10 -11 -12 -13 -14 -15 -16 16 -18 18 19 28 21 -23 27 -25 -26 -27 -28 -29 -30 -31
leaf_value=0.032039219099968368 -0.0032236872430543464 0.03138924425458111 -0.0026399601605176758 0.033705998244917039 0.021233167574098336 -0.015575733485635386 -0.0019082634604551619 0.022322820271807743 0.012439900782445411 -0.23782616192592512 -0.011197549250934869 0.032510836966320754 -0.20172522599379863 0.026985701872947646 -0.32655668497950324 -0.17683758229615421 -0.018653608371047098 0.028155325755351641 -0.010068349167251349 0.00048897536344641782 0.027766829481787506 0.019306085258601714 -0.056889500153297981 0.030916041974599118 0.0044675697050761227 -0.08439436244384485 -0.039658251249691884 0.020411349013012656 -0.0051675622879089611 0.020137320928447128
leaf_weight=34.926179979695007 2085.2000595363788 172.21394553710707 30.363179554697126 0.42308267857878856 11.690560728311537 83.307757688686252 36.345779444091022 115.2269757387694 26.526980972848833 1.9867087509483106 31.827885904582217 47.152411967981607 0.42427749373018819 7.2633239952847362 0.41599512286484241 0.94297648593783279 44.019083105260506 20.662015569396317 56.896612365730107 4865.4846416916698 5.2889987993985335 15.806750386953352 10.596145729534326 31.585135645233095 11.43439100962132 8.5455193649977428 35.778394848108299 3.7725460678338996 490.0529506849125 93.924144938122481
leaf_count=5962 12454 45368 2983 27 570 3849 1387 12471 1181 29 1149 5315 18 404 16 18 1950 165 246 30465 72 66 50 226 92 46 112 32 2953 920
internal_value=0.000211416 0.0122982 0.0262888 0.00589298 0.00365232 0.00634982 -0.00095838 0.0158834 -0.00414859 -0.0460041 0.00960071 0.0175286 -0.00130967 0.00918497 -0.144904 -0.0130557 -0.0219712 -0.000796552 9.92388e-05 -3.74189e-06 -0.00978922 -0.0213 -0.00118788 0.00456176 -0.031814 -0.0401759 -0.0309747 -0.0365939 0.00031895 0.000861087
internal_weight=8380.09 645.057 202.577 442.48 407.554 350.901 198.634 152.267 37.0404 10.5134 115.326 83.4982 8.52668 8.1024 0.839078 56.6526 44.9621 7735.03 5649.83 5629.17 179.704 76.8541 102.85 88.4817 61.0473 49.6129 41.0674 14.3687 5449.46 4959.41
internal_count=130596 82697 48351 34346 28384 25846 11700 14146 1675 494 7851 6702 465 447 43 2538 1968 47899 35445 35280 942 388 554 472 322 230 184 82 34338 31385
cat_boundaries=0 1
cat_threshold=1
is_linear=0
shrinkage=0.05


Tree=166
num_leaves=31
num_cat=1
split_feature=3 0 3 3 0 1 1 0 4 1 2 4 2 1 2 2 5 3 1 4 3 4 2 2 2 2 2 2 2 2
split_gain=34.4884 20.1825 11.4839 8.51191 11.9923 9.23716 9.96321 8.31807 9.60334 12.581 10.4031 8.764 11.8395 17.3316 8.70553 15.8036 12.3511 12.0656 11.11 8.54106 9.61311 9.65223 8.3597 50.7761 10.5837 9.74332 15.0434 14.6732 22.0489 21.2458
threshold=-29.058240367910376 3.7402859027777784 -6.0867691321245561 -7.9937480013767246 0.34354118634259267 5144.5000000000009 24723.500000000004 6.4870321875000014 2.5892505814121369 7306.5000000000009 507.50000000000006 10.857826616617889 14562.500000000002 718.50000000000011 4543.5000000000009 2793.0000000000005 0 -7.3176292598274157 2493.5000000000005 4.9569986769654344 -7.2565294350624425 3.5327068242902757 13245.500000000002 13534.000000000002 13048.500000000002 12913.500000000002 12457.500000000002 11760.500000000002 11813.500000000002 10703.000000000002
decision_type=2 2 2 2 2 2 2 2 2 2 2 2 2 2 2 2 1 2 2 2 2 2 2 2 2 2 2 2 2 2
left_child=1 -1 3 5 -5 -2 -7 8 10 11 -6 12 -10 -14 15 16 17 -13 -17 20 -15 -22 24 -24 25 26 27 29 -29 -11
right_child=2 -3 -4 4 7 6 -8 -9 9 22 -12 14 13 19 -16 18 -18 -19 -20 -21 21 -23 23 -25 -26 -27 -28 28 -30 -31
leaf_value=-0.029447266744388686 0.0029834264616192146 0.00071017187846452324 -0.0047964003054858182 0.034063373991240889 -0.042467607186964004 -0.012759805107565206 0.0017065248719084034 -0.003886184328721148 -0.0011530928411903829 0.0047452026759377541 0.016479411702317495 0.069268922728289703 -0.010868512484535587 -0.031826474947033459 -0.0031470499654758718 0.038512357186005347 -0.042085561294319097 -0.0065730173017364965 -0.044593186033013391 0.034726076279853822 -0.0091093184200239496 0.041711890790648465 0.05139523931454875 0.0045978625150273301 -0.02099260180082619 0.02500053370471313 -0.013307747378568466 0.083833900035983816 0.013409118277965435 -0.013304710306604066
leaf_weight=155.57510367943905 357.38131222897209 86.22763415845111 874.91694797575474 29.317097708582878 7.8200715333223334 326.36636548535898 187.34093938791193 535.3183703199029 476.32938040047884 1368.8192746043205 174.56767708063126 9.9198477268219012 49.766454800963402 11.617222011089323 759.98552589863539 4.4035868048667899 8.5511567890644091 11.125568270683287 46.357391551136971 74.758040234446526 16.250186681747437 21.979775801301003 64.399691388010979 579.99267008900642 46.03167037665844 50.224315345287323 136.20157733559608 12.225941956043242 122.21823038160801 185.07015118002892
leaf_count=45216 14147 9461 8814 204 25 23396 12994 1924 1671 4361 514 29 172 34 2966 16 39 34 194 231 45 67 200 2014 155 159 454 40 396 624
internal_value=-0.000149028 -0.018693 0.000535628 0.00135776 0.00218245 -0.00318963 -0.00748416 0.00198667 0.00272838 0.00222372 0.013952 -0.00142869 0.00292756 0.0140747 -0.00480187 -0.0204524 0.00858641 0.0291754 -0.0373837 0.0240368 0.00800556 0.0201096 0.00434672 0.00927473 0.00269346 0.00327504 0.00267699 0.00396652 0.0198133 0.00259544
internal_weight=6791.06 241.803 6549.26 5674.34 4803.25 871.089 513.707 4773.93 4238.62 4056.23 182.388 1491.04 650.701 174.372 840.343 80.3576 29.5966 21.0454 50.761 124.605 49.8472 38.23 2565.18 644.392 1920.79 1874.76 1824.54 1688.33 134.444 1553.89
internal_count=130596 54677 75919 67105 16568 50537 36390 16364 14440 13901 539 5498 2220 549 3278 312 102 63 210 377 146 112 8403 2214 6189 6034 5875 5421 436 4985
cat_boundaries=0 1
cat_threshold=8
is_linear=0
shrinkage=0.05


Tree=167
num_leaves=31
num_cat=0
split_feature=3 4 2 2 1 2 2 4 1 2 2 4 2 3 3 2 2 3 1 0 3 2 2 3 1 4 2 2 2 3
split_gain=25.7414 11.2476 4.30615 25.6856 123.074 3.38039 3.97761 9.13984 6.63065 11.2237 12.9317 10.9644 12.4418 17.8747 10.6223 6.26674 15.7722 10.224 15.7714 7.68589 5.38119 5.01929 17.3087 6.62335 11.7361 7.38078 5.48689 6.08877 12.5148 8.58237
threshold=-6.9170352432702478 42.7426932216746 3487.5000000000005 3568.0000000000005 14165.500000000002 15132.500000000002 10027.500000000002 14.02817224716301 10877.500000000002 6702.0000000000009 5553.5000000000009 41.273083110336081 8163.5000000000009 -5.5265860328747483 -5.9689959068912115 8466.0000000000018 9049.5000000000018 -4.549981967677529 6177.5000000000009 2.5060055787037041 -6.4001714943899612 10369.000000000002 10306.500000000002 -5.0687710340664163 8405.5000000000018 41.962149322402198 10552.000000000002 11163.500000000002 11863.500000000002 -6.8182993190962202
decision_type=2 2 2 2 2 2 2 2 2 2 2 2 2 2 2 2 2 2 2 2 2 2 2 2 2 2 2 2 2 2
left_child=1 2 -1 4 -4 6 7 -2 15 10 -10 12 -11 14 -14 -9 17 18 19 -17 -12 22 23 24 -8 -26 -23 29 -29 -28
right_child=5 -3 3 -5 -6 -7 21 8 9 11 20 -13 13 -15 -16 16 -18 -19 -20 -21 -22 26 -24 -25 25 -27 27 28 -30 -31
leaf_value=-0.025701020004040849 0.0054845453368208459 -0.025381418112202667 -0.033462707109248313 -0.0048268484888582801 1.8820416646409563 -0.01673655068330164 -0.032996409040462249 -0.021559342256824793 -0.0022074203119914482 -0.029042169292258325 -0.033719618469938345 -0.023329694242900333 -0.0028767376452963488 -0.023262393320384323 0.10501616348764274 0.050113645094620476 -0.027980550786929667 -0.045450960788627461 -0.018173682841866757 0.13828921512616493 0.041652160245352045 -0.022447110149734932 0.097737818634509435 0.041942233093853164 0.088444688345385714 -0.0040969822050447744 0.072418200249489459 -0.017176049905056921 0.0043512826572936454 0.012196609093867192
leaf_weight=25.543053313158453 296.43833286408335 118.04134668142069 0.42604388657491554 201.33836480381433 0.1044075305107981 23.664452011696994 15.408457718789579 99.920233688317239 61.239311187528074 11.215493138879539 2.5576845267787567 69.432369214482605 3.1179515663534429 7.4236698746681204 8.500942185521124 5.5223346650600451 20.549995604902506 3.1960485335439435 5.1439442671835414 4.4732477189972997 31.948909649625421 20.152293667197227 6.2667900621891013 9.7910948880016786 4.099069541320203 4.5420549819245934 6.3966025952249757 72.764242736622691 935.35524273104966 78.774834423325956
leaf_count=5798 2640 76359 128 32085 24 303 106 1212 884 114 168 718 88 37 32 20 199 28 57 38 156 164 41 41 17 32 70 828 7708 501
internal_value=-0.000352763 -0.0128588 -0.00635881 -0.00391139 0.343562 0.0020369 0.00228589 -0.000906885 -0.00657542 -0.000640452 0.011586 -0.0123832 0.0127355 0.0373413 0.0760629 -0.0149318 0.00209842 0.0358101 0.0529648 0.0895742 0.0360655 0.00403148 0.0214093 0.00727435 -0.00683968 0.0398018 0.00340552 0.00388205 0.00279748 0.0167194
internal_weight=2153.35 345.453 227.412 201.869 0.530451 1807.9 1784.23 630.68 334.242 195.436 95.7459 99.6904 30.2581 19.0426 11.6189 138.806 38.8856 18.3356 15.1395 9.99558 34.5066 1153.55 40.1075 33.8407 24.0496 8.64112 1113.44 1093.29 1008.12 85.1714
internal_count=130596 114394 38035 32237 152 16202 15899 6391 3751 2197 1208 989 271 157 120 1554 342 143 115 58 324 9508 237 196 155 49 9271 9107 8536 571
is_linear=0
shrinkage=0.05


Tree=168
num_leaves=31
num_cat=1
split_feature=3 4 0 2 2 3 1 1 2 2 2 2 2 4 1 1 3 3 3 4 1 2 2 1 2 4 3 2 2 5
split_gain=36.8345 24.2919 10.9326 7.66353 12.4101 10.9951 8.70177 9.63413 8.23495 11.692 9.62942 9.51503 12.6177 21.3543 14.8322 13.2178 8.99835 8.55839 8.36088 9.27789 21.0317 7.67975 9.49131 12.8896 7.52452 11.9472 7.33654 12.0027 13.0341 7.26221
threshold=-10.220908802160311 85.225989531957239 4.3834742592592608 6464.0000000000009 7480.0000000000009 -14.437053215822162 3826.5000000000005 993.50000000000011 12410.500000000002 14184.000000000002 15025.500000000002 13752.500000000002 13862.500000000002 40.542088507648209 33359.500000000007 1771.5000000000002 -29.999782961260337 -10.487515770250489 -14.823185543372469 33.91333624607099 2044.5000000000002 7413.5000000000009 6702.0000000000009 14528.500000000002 6702.0000000000009 20.882092430422869 -18.825359195965955 13293.500000000002 12590.500000000002 0
decision_type=2 2 2 2 2 2 2 2 2 2 2 2 2 2 2 2 2 2 2 2 2 2 2 2 2 2 2 2 2 1
left_child=1 3 -3 -1 5 24 7 -7 -6 11 -11 16 13 -13 -15 -14 -10 -17 19 20 -18 22 23 -8 25 -5 -22 28 -28 -2
right_child=29 2 -4 4 8 6 21 -9 9 10 -12 12 15 14 -16 17 18 -19 -20 -21 26 -23 -24 -25 -26 -27 27 -29 -30 -31
leaf_value=0.015333815081324557 0.011218721753689036 0.031507368682364194 0.0076880499306696123 -0.14142778796499475 0.015570583090610069 0.034917144215781203 0.033951443965343803 -0.11126752471077311 0.030907809438068659 0.015591621480756082 -0.0092085318114581132 -0.010896286340398419 -0.04451238281532964 -0.097516737860735517 -0.2893648365163265 0.022669594799877523 0.018182860398674262 -0.20695885832726868 0.010203408004945473 0.020624306676100799 -0.05753437832849953 -0.085341062867508477 0.027136720107275997 -0.22819179125869191 0.0254225359112559 0.033687929828895485 -0.24839641833242157 -0.2414366555109039 0.0058560009204329071 -0.0010958999921235073
leaf_weight=137.50603852258064 121.68706229235977 156.62588311219588 69.570992608089 1.9648143341764801 117.56024219561368 1.33610095921904 0.92430519452318349 7.2038791431114078 17.415312819182873 128.42994827474467 56.29886589711532 7.8496207837015373 16.572302741464227 5.7432228696998209 1.2217931644991038 17.586201467784122 8.8566477606073075 0.41535433847457426 27.345339852850884 7.5692516169510773 10.89557151310146 3.5655043660663059 7.2494187743868679 0.95179640967398882 11.915647093206642 1.9314564345404504 0.70499424636363572 1.6276955893263219 1.7686644438654182 7405.9913907479495
leaf_count=11668 859 43158 8245 54 9453 39 48 109 1630 9629 2402 219 379 132 18 1152 310 22 1556 552 187 49 364 35 998 195 19 46 95 36974
internal_value=0.000204543 0.0102102 0.0241813 0.00496428 0.00189726 -0.0258662 -0.0493747 -0.0883966 0.00430094 3.13304e-05 0.0080334 -0.0117405 -0.0288346 -0.0674425 -0.13117 -0.0122914 -0.000658692 0.0173713 -0.0100131 -0.0276062 -0.0429108 -0.0231163 0.00119608 -0.0990408 0.00569908 -0.0546196 -0.0789906 -0.135991 -0.0666061 -0.000896831
internal_weight=8356.29 828.607 226.197 602.41 464.904 37.0429 21.231 8.53998 427.861 310.301 184.729 125.572 49.3885 14.8146 6.96502 34.5739 76.1835 18.0016 58.7682 31.4228 23.8536 12.691 9.12552 1.8761 15.8119 3.89627 14.9969 4.10135 2.47366 7527.68
internal_count=130596 92763 51403 41360 29692 1891 644 148 27801 18348 12031 6317 1922 369 150 1553 4395 1174 2765 1209 657 496 447 83 1247 249 347 160 114 37833
cat_boundaries=0 1
cat_threshold=1
is_linear=0
shrinkage=0.05


Tree=169
num_leaves=31
num_cat=1
split_feature=3 0 3 2 2 2 2 4 1 4 1 2 2 2 1 4 3 2 3 2 2 1 2 1 5 3 1 4 2 2
split_gain=31.3066 19.749 10.9836 8.20759 7.51328 7.25107 20.1221 13.0709 8.68235 10.638 8.61483 9.15569 37.0063 38.4615 14.2001 14.3987 14.7598 13.5533 13.4428 13.2951 16.6565 13.7417 12.4329 11.536 11.4095 11.1002 10.3618 15.4384 10.1272 24.6518
threshold=-29.058240367910376 3.7402859027777784 -5.4359260371889944 199.50000000000003 15222.500000000002 507.50000000000006 1446.5000000000002 8.8502927588511309 2650.5000000000005 3.0725797804206416 301.50000000000006 3800.5000000000005 4108.5000000000009 4397.5000000000009 11448.500000000002 21.431056427988974 -6.9170352432702478 2956.5000000000005 -8.1184156488641683 3371.5000000000005 3487.5000000000005 33359.500000000007 3262.5000000000005 1044.5000000000002 0 -6.2626880638303701 22158.000000000004 19.943217518500841 8677.5000000000018 8065.5000000000009
decision_type=2 2 2 2 2 2 2 2 2 2 2 2 2 2 2 2 2 2 2 2 2 2 2 2 1 2 2 2 2 2
left_child=1 -1 5 -4 -3 8 7 -7 9 -2 -8 14 18 23 -12 16 22 25 -13 21 -21 -17 -16 -14 -22 -18 27 -20 29 -15
right_child=2 4 3 -5 -6 6 10 -9 -10 -11 11 12 13 28 15 19 17 -19 26 20 24 -23 -24 -25 -26 -27 -28 -29 -30 -31
leaf_value=-0.029224585868360738 -0.041073010687102694 -0.0034040849144559566 0.05630850574132451 -0.0099174548775490205 0.051180902314153523 0.030908011753579517 -0.013386038301327167 0.0036995525958739904 -0.0270641116566704 0.030662696777602069 -0.012870317296223191 -0.02041808392524485 0.033646220077177123 0.0024531371913595165 0.037865962735238248 -0.025805667015283442 -0.052097550557021449 0.041772069206540079 0.041625582840030637 0.052046628204149674 0.023611437675333719 0.0078191360196977581 -0.0075496453054163361 -0.038357598781075322 -0.047765184610213139 0.020888313095534919 0.059258238086333938 -0.017262929802913232 0.00025906390595577494 0.022021631952792619
leaf_weight=147.60832380503416 7.3512740246951607 78.690641218796372 4.7540322840213767 294.14038742333651 6.8531181854195884 91.340614638291299 107.47410585172474 85.419627209659666 48.26344732590951 17.402205653954297 290.88255647011101 11.006073039723558 6.0040151211433104 1051.5305072420742 65.011954105459154 87.071194035699591 17.610290169715881 8.7567954286932927 37.917985536158085 19.46603554696776 11.48686610092409 46.672522173495963 19.616664756089449 75.675505205988884 10.922549283364788 7.3978698328137424 35.16851644963026 15.753635376691816 3873.9955732144881 190.02896326477639
leaf_count=45216 29 9320 13 4680 141 476 987 858 811 102 2886 668 40 11233 515 1123 54 31 134 181 146 415 185 823 284 28 110 58 47281 1768
internal_value=-0.000142967 -0.0181466 0.000499049 -0.00886411 0.000968851 0.000947598 0.00113308 0.0177595 -0.0147164 0.00935867 0.000642405 0.00089873 0.00155423 0.000974978 -0.00503781 0.00271131 0.0161876 -0.0117617 0.0317058 -0.00637371 0.0182122 -0.0140716 0.0273388 -0.0330648 -0.0111782 -0.030507 0.0381633 0.0243407 0.00151849 0.00544823
internal_weight=6771.27 233.152 6538.12 298.894 85.5438 6239.23 6166.21 176.76 73.0169 24.7535 5989.45 5881.98 5297.08 5197.23 584.895 294.013 118.394 33.765 99.8462 175.619 41.8755 133.744 84.6286 81.6795 22.4094 25.0082 88.8401 53.6716 5115.56 1241.56
internal_count=130596 54677 75919 4693 9461 71226 70284 1334 942 131 68950 67963 62115 61145 5848 2962 813 113 970 2149 611 1538 700 863 430 82 302 192 60282 13001
cat_boundaries=0 1
cat_threshold=4
is_linear=0
shrinkage=0.05


Tree=170
num_leaves=31
num_cat=2
split_feature=3 4 5 1 1 4 2 2 2 4 2 3 3 2 1 3 2 5 2 2 2 3 4 0 2 4 2 0 2 0
split_gain=23.8946 11.2483 3.32163 4.09277 4.62103 4.02421 4.01077 6.52736 15.8187 13.0855 7.54985 10.554 3.84138 9.3081 5.81939 10.1762 7.44328 6.09307 5.48388 5.50839 4.63281 4.13653 4.06252 4.83817 3.59421 3.4672 4.74288 14.1832 10.8052 4.36766
threshold=-6.4666728876018658 52.403226522299342 0 30740.500000000004 1976.5000000000002 25.591551032101616 14838.500000000002 14916.500000000002 14908.500000000002 28.39612656434981 14847.500000000002 -6.659853460385337 -10.769168065319429 14163.500000000002 464.50000000000006 -11.270066471495578 14946.500000000002 1 14430.500000000002 14409.500000000002 14654.500000000002 -12.61394716023424 5.939637663942011 2.423712876157408 15222.500000000002 10.499534748920409 13474.500000000002 2.2335042650462973 13579.500000000002 3.8767472627314823
decision_type=2 2 1 2 2 2 2 2 2 2 2 2 2 2 2 2 2 1 2 2 2 2 2 2 2 2 2 2 2 2
left_child=1 2 -1 4 5 12 -6 8 10 -10 11 -8 13 22 -15 17 -17 20 19 25 21 -16 23 -4 -9 26 29 -28 -29 -14
right_child=-2 -3 3 -5 6 -7 7 24 9 -11 -12 -13 18 14 15 16 -18 -19 -20 -21 -22 -23 -24 -25 -26 -27 27 28 -30 -31
leaf_value=-0.033432652801119116 0.002298542625784846 -0.024306586641795469 0.14423685414595908 0.013861273706696901 -0.014339012992115253 -0.033536732568476106 -0.033702202982682054 -0.028449948740271753 0.25270815156502707 -0.03393450503717417 -0.033654510264991264 0.30434893237754246 -0.027514032379415729 -0.021491345598547637 0.058093467149704682 0.083104207196816604 0.39483033750489538 -0.03366274329182297 -0.027818347515340826 0.17640831211950209 0.022194721703431324 0.14614859901459465 -0.025458869425793985 -0.033533157409019659 0.017410049278576097 -0.033697486512311879 0.23436615633104571 0.29670613354784187 -0.016999364469102905 0.017827046206277855
leaf_weight=10.67421668820316 1716.1854392802343 114.39524099341361 0.81483369506895431 26.142533877631649 159.64979701500852 7.3472943872911847 0.48717741610016674 9.7241971554467472 1.3801015466451643 0.55958870379254211 3.581809890223667 0.43887086212635296 7.8441904035862597 3.8401990920538109 7.6744023398496211 0.42545554460957546 0.34823275310918689 2.547083222307271 16.467614942463115 0.47508427733555336 8.4250062124337983 1.6142694188747571 12.38761215249542 0.72176391491666436 7.6206344433594486 4.9450993956997982 0.91880059242248435 0.30247279442846808 2.9670575289055705 16.449195384047925
leaf_count=6129 12058 72394 20 2534 24144 2013 78 1655 34 68 607 3 570 475 261 34 15 452 1284 29 643 53 2958 126 347 436 20 16 226 914
internal_value=-0.000345145 -0.0108678 -0.00601474 -0.00505863 -0.00682538 0.00203075 -0.0114849 0.00766645 0.0506209 0.170014 -0.000752715 0.126506 0.00496144 0.0167859 0.035109 0.0454423 0.22341 0.0386464 -0.00414679 0.0073515 0.0490438 0.0733965 -0.0159469 0.0607355 -0.00830088 0.00494875 0.0116587 0.0607983 0.0120224 0.00318668
internal_weight=2147.36 431.17 316.775 306.1 279.958 96.5157 183.442 23.7924 6.44755 1.93969 4.50786 0.926048 89.1684 38.7989 24.8746 21.0344 0.773688 20.2608 50.3695 33.9019 17.7137 9.28867 13.9242 1.5366 17.3448 33.4268 28.4817 4.18833 3.26953 24.2934
internal_count=130596 118538 46144 40015 37481 10545 26936 2792 790 102 688 81 8532 5037 1933 1458 49 1409 3495 2211 957 314 3104 146 2002 2182 1746 262 242 1484
cat_boundaries=0 1 2
cat_threshold=1 4
is_linear=0
shrinkage=0.05


Tree=171
num_leaves=31
num_cat=0
split_feature=3 4 0 1 0 0 2 2 2 4 4 2 1 2 2 1 1 3 2 4 2 2 2 2 4 3 1 3 3 3
split_gain=33.4715 23.1466 10.8459 7.38498 7.33425 6.9613 6.44577 36.0557 22.4199 14.0639 16.1245 18.298 14.3851 16.085 12.7629 13.9859 26.2394 11.6864 11.3923 41.9329 22.2027 13.6053 22.4837 25.4035 30.7498 15.4721 14.7473 21.066 14.2152 13.2286
threshold=-10.220908802160311 85.225989531957239 4.3834742592592608 1771.5000000000002 1.3900669907407412 6.5453951678240765 14738.500000000002 14757.500000000002 14621.500000000002 167.41131139277186 15.302744961548294 14700.500000000002 13139.500000000002 14633.500000000002 14800.500000000002 2650.5000000000005 5029.5000000000009 -5.9689959068912115 14548.500000000002 70.186859224437583 14498.500000000002 14334.500000000002 14144.500000000002 14088.500000000002 39.102805883769058 -8.8226078319072556 14337.500000000002 -7.4729504099000987 -7.222972166579507 -4.0029633089292487
decision_type=2 2 2 2 2 2 2 2 2 2 2 2 2 2 2 2 2 2 2 2 2 2 2 2 2 2 2 2 2 2
left_child=1 4 -3 -4 -1 6 8 17 18 10 11 -10 -11 -14 15 -9 -17 -8 20 -20 21 22 23 29 -25 -24 -23 -28 -26 -2
right_child=5 2 3 -5 -6 -7 7 14 9 12 -12 -13 13 -15 -16 16 -18 -19 19 -21 -22 26 25 24 28 -27 27 -29 -30 -31
leaf_value=0.019550310697008421 -0.0011415976951731999 0.031399822411112291 -0.38573737188445495 0.0080669237928666909 0.0026611481662833863 0.0038185353667887392 -0.048675912552542604 0.039422623908123067 0.019980334064376482 -0.089674341213170694 0.033093439623554224 -0.030316603288361884 -0.058311443786263156 0.050292755324158882 -0.0046176643769127107 -0.049823436992482074 0.021256349993568346 0.020261237442029911 -0.030206366627909698 0.029517830012638704 0.035430749008574437 -0.009208855398178924 -0.071583973942076509 0.010042061308387352 0.018853994408806744 0.020982704969388581 -0.14564151695228775 -0.028327275489797354 -0.068242667969670559 0.028092533770014652
leaf_weight=73.301241143839434 5015.6917208684608 148.59656988736242 0.11925656953826447 68.649493789765984 522.33352234074846 723.8738227924332 57.416366316378117 35.742473275400698 54.529735622927547 5.924931567162278 102.45337276998907 27.053920272737741 6.0024432362988573 7.8917097179219127 804.75107062794268 18.456403751857579 43.787880360148847 6.8848841637372962 113.55994612444192 39.651607974432409 41.673375592567027 135.43929708003998 4.6564578497782341 27.710758104920387 5.3473301315680137 147.75609613396227 4.7841553539037731 19.12039153277874 37.811356954276562 38.997405759990215
leaf_count=7416 24456 43158 15 8230 33944 3749 273 148 272 36 738 107 27 62 3898 98 255 32 585 316 278 813 171 127 63 738 79 59 128 325
internal_value=0.000198046 0.00983612 0.0238018 0.007384 0.0047396 -0.000842978 -0.00133898 -0.00511985 -0.000712486 0.0155769 0.0198866 0.00330139 -0.0244426 0.00337442 -0.00254315 0.0144945 0.000180081 -0.0412947 -0.00130208 -0.0147496 -0.000926038 -0.00120469 -0.000770112 -0.00133285 -0.0310607 0.0181546 -0.0155992 -0.0518061 -0.0574515 -0.000916054
internal_weight=8339.97 813 217.365 68.7688 595.635 7526.97 6803.1 967.039 5836.06 203.856 184.037 81.5837 19.8191 13.8942 902.738 97.9868 62.2443 64.3013 5632.2 153.212 5478.99 5437.31 5277.97 5125.56 70.8694 152.413 159.344 23.9045 43.1587 5054.69
internal_count=130596 92763 51403 8245 41360 37833 34084 4704 29380 1242 1117 379 125 89 4399 501 353 305 28138 901 27237 26959 26008 25099 318 909 951 138 191 24781
is_linear=0
shrinkage=0.05


Tree=172
num_leaves=31
num_cat=0
split_feature=3 0 3 1 4 1 4 2 1 2 2 1 3 1 2 2 2 1 2 2 3 3 2 2 1 4 2 1 1 3
split_gain=28.4174 19.3403 10.3175 8.42319 7.30418 10.8688 11.4938 10.3463 9.91214 9.35885 37.4858 34.3144 16.824 12.6776 8.96906 34.371 20.8195 22.5785 11.5048 20.6002 18.8852 27.8461 17.9472 23.6375 11.4938 11.874 10.2071 10.1772 22.3735 24.2418
threshold=-29.058240367910376 3.7402859027777784 -5.5700056233421522 301.50000000000006 8.8502927588511309 36647.000000000007 241.20189124312574 3371.5000000000005 39657.500000000007 4108.5000000000009 4397.5000000000009 10595.500000000002 -8.0783915555075758 2897.5000000000005 10552.000000000002 11352.500000000002 11485.500000000002 8405.5000000000018 9772.5000000000018 9472.0000000000018 -7.9937480013767246 -7.038199363397446 10027.500000000002 10210.500000000002 25943.500000000004 26.755987656515657 11648.500000000002 5650.5000000000009 9635.5000000000018 -6.9505881823674214
decision_type=2 2 2 2 2 2 2 2 2 2 2 2 2 2 2 2 2 2 2 2 2 2 2 2 2 2 2 2 2 2
left_child=1 -1 3 -2 8 6 7 -6 -5 11 -11 13 -13 -9 18 27 17 -17 19 -12 -20 22 -22 -24 26 -26 -18 -16 29 -29
right_child=2 -3 -4 4 5 -7 -8 9 -10 10 14 12 -14 -15 15 16 24 -19 20 -21 21 -23 23 -25 25 -27 -28 28 -30 -31
leaf_value=-0.029012697672419555 -0.01285013234458586 0.0012451073066051712 -0.0076308325726637651 0.0050852684766769865 -0.0082248156911021112 0.0069277823281193186 -0.013228363154861769 0.049342035643513582 -0.02635908843165452 -0.038910221810187211 0.0040436336022408696 -0.029278877287671951 0.037237747282314444 -0.027905075451089396 -0.041337181164558354 0.095494455503540354 -0.032970283630655309 0.0036675499318393045 -0.031487204063753611 -0.029073903609062774 0.065060256550604031 -0.0085144898782641889 -0.03137824637146544 0.043670408431312494 -0.0247306015410086 0.015503719065640015 -0.00043496546431572199 0.054750831981754233 -0.025052666997573844 -0.022752876873058818
leaf_weight=140.15706722880714 108.57956204609945 84.742775126826018 371.16759918816388 1300.7233487742487 352.27951361448504 544.13388734939508 172.3315497902222 5.9736446351744226 25.554749040398747 60.162203782936558 1026.0426701735705 10.638648135820402 89.307684063911438 47.915547982323915 45.029428233858198 12.063424560707064 24.442860437557101 15.040075762663035 17.494669528212398 49.208537303609774 39.573826409876347 44.309694163501263 15.440855249762533 32.735487222671509 20.331480593886226 186.99537541228347 1750.8885554950684 21.151848457055166 123.80699833156541 19.290888607501984
leaf_count=45216 981 9461 5577 11333 4035 5602 3541 126 1183 663 10969 741 290 660 506 100 329 226 1097 599 124 196 55 113 222 2007 22913 314 1335 82
internal_value=-0.000136458 -0.0176115 0.000465159 0.000952864 0.00120047 0.000280405 -0.000584414 -4.10509e-05 0.0044794 0.000747111 0.000217186 0.0128175 0.0301575 -0.0193422 0.000900721 -0.000994991 0.00101306 0.0445385 0.00433528 0.00252802 0.0173289 0.0237958 0.040111 0.0196168 0.00041805 0.0115581 -0.000882914 -0.0202788 -0.0145056 0.0177821
internal_weight=6757.51 224.9 6532.61 6161.45 6052.87 4726.59 4182.46 4010.12 1326.28 3657.84 3504.01 153.836 99.9463 53.8892 3443.85 2219.04 2009.76 27.1035 1224.81 1075.25 149.555 132.06 87.7502 48.1763 1982.66 207.327 1775.33 209.279 164.25 40.4427
internal_count=130596 54677 75919 70342 69361 56845 51243 47702 12516 43667 41850 1817 1031 786 41187 28034 25797 326 13153 11568 1585 488 292 168 25471 2229 23242 2237 1731 396
is_linear=0
shrinkage=0.05


Tree=173
num_leaves=31
num_cat=2
split_feature=3 4 2 2 1 1 0 0 1 2 2 2 5 3 2 2 4 2 2 5 2 0 4 3 0 1 4 2 1 2
split_gain=22.2738 10.3663 4.10636 3.92212 10.9637 14.9216 7.92938 3.45432 12.7226 3.27724 5.72041 3.60391 6.26663 4.56457 4.28295 6.94383 6.68095 5.79872 13.7001 15.3323 8.86954 6.88813 7.03021 8.84003 7.38966 5.78898 13.3298 5.63688 5.52131 4.97262
threshold=-6.9170352432702478 42.7426932216746 4543.5000000000009 4763.5000000000009 2897.5000000000005 2117.5000000000005 6.341646481481483 6.8842725057870382 48589.500000000007 977.50000000000011 192.50000000000003 1976.5000000000002 0 -6.0867691321245561 10027.500000000002 9879.5000000000018 18.255617303829769 4645.5000000000009 6702.0000000000009 1 8163.5000000000009 4.4411445370370393 57.963386657819761 -4.549981967677529 1.5185536805555557 11448.500000000002 31.986322361260296 9049.5000000000018 4735.5000000000009 11163.500000000002
decision_type=2 2 2 2 2 2 2 2 2 2 2 2 1 2 2 2 2 2 2 1 2 2 2 2 2 2 2 2 2 2
left_child=1 2 -1 4 5 6 -4 -3 -9 10 -2 12 13 -11 15 16 -13 -18 19 28 -20 22 23 27 -24 -21 -27 -22 -19 -16
right_child=9 7 3 -5 -6 -7 -8 8 -10 11 -12 14 -14 -15 29 -17 17 18 20 25 21 -23 24 -25 -26 26 -28 -29 -30 -31
leaf_value=-0.021918091641135388 0.054020633976170906 -0.025624370890976272 -0.033489723638300911 -0.0038873046282177715 -0.033522508963168822 0.67180929575934556 0.30891461306456613 0.02119401627639602 0.75237462545832423 -0.034128436455872616 -0.035582481424275232 0.0043171348255678175 -0.01678129284905136 0.02956616971397949 0.012006687675165455 -0.039336897568980823 -0.022500043583915861 -0.036383625069027759 -0.027203483595841006 -0.033701746353802173 0.049626677321740198 -0.017831237245445521 0.035324676696987682 -0.044940388994469477 -0.029989328723536924 0.07814080830567828 -0.015932255411409229 0.00040046263450363537 0.041488974456156326 0.0021465033363105832
leaf_weight=34.42944260983495 2.0934836799278846 108.93610917608021 0.40616660099476476 187.40118122659624 1.1495685423724351 0.14179271121975034 0.28967019263654947 0.91508467635139723 0.063629864598624408 3.0478097079321733 11.94234379660338 279.89717844082043 11.864169837906955 36.473773881793022 145.91446310654283 12.139243737794457 47.779414784163237 2.4320006743073455 58.047136635053903 14.441408669110386 19.15424995217473 40.776493134908378 5.9408493340015438 3.9920166451483956 15.977842178195713 5.0414514709264067 14.879304730799047 8.3509440729394537 35.533711387775838 1033.7452443041839
leaf_count=8355 36 75987 84 29269 284 37 6 343 29 115 295 2536 155 156 972 117 727 35 648 199 113 443 33 28 173 35 220 68 259 8839
internal_value=-0.000340417 -0.0122094 -0.00603397 -0.00314636 0.0667282 0.204313 0.10905 -0.0247842 0.0687308 0.00184866 -0.0222179 0.0020368 0.0150874 0.0246542 0.00165228 -0.00192995 -0.00110769 -0.0066829 -0.00331762 0.0145995 -0.0118299 -0.0023558 0.0094578 0.0245896 -0.0122866 -0.0095983 0.00787531 0.0346809 0.0365006 0.00336613
internal_weight=2143.2 333.733 223.818 189.388 1.9872 0.83763 0.695837 109.915 0.978715 1809.46 14.0358 1795.43 51.3858 39.5216 1744.04 564.383 552.244 272.347 224.567 72.3279 152.24 94.1924 53.4159 31.4972 21.9187 34.3622 19.9208 27.5052 37.9657 1179.66
internal_count=130596 114394 38035 29680 411 127 90 76359 372 16202 331 15871 426 271 15445 5634 5517 2981 2254 748 1506 858 415 209 206 454 255 181 294 9811
cat_boundaries=0 1 2
cat_threshold=4 8
is_linear=0
shrinkage=0.05


Tree=174
num_leaves=31
num_cat=2
split_feature=3 4 0 5 1 2 2 4 2 2 1 2 4 4 4 4 2 2 1 2 2 2 3 3 1 2 3 2 5 2
split_gain=30.1038 20.715 11.7858 10.2168 6.52512 8.9303 11.1449 7.3042 9.76315 28.0135 7.68771 6.81474 9.52544 6.64382 6.40007 10.7219 6.28625 13.6419 7.49628 6.14432 9.5662 9.12976 12.3803 10.2788 9.61913 8.53657 13.3845 10.2133 8.4241 8.03159
threshold=-12.702130232536012 83.933244842588095 5.4150955034722239 0 27497.000000000004 12544.500000000002 14184.000000000002 11.26096667277489 4475.5000000000009 4271.5000000000009 18385.500000000004 15025.500000000002 15.302744961548294 6.4988130048797972 6.4988130048797972 7.0593527031163044 14654.500000000002 14600.500000000002 15487.500000000002 15489.500000000002 15132.500000000002 14838.500000000002 -4.4224507614001194 -3.6665527722616669 413.50000000000006 14878.500000000002 -5.5700056233421522 14908.500000000002 1 5553.5000000000009
decision_type=2 2 2 1 2 2 2 2 2 2 2 2 2 2 2 2 2 2 2 2 2 2 2 2 2 2 2 2 1 2
left_child=1 3 -3 -1 5 7 -7 8 9 10 13 12 16 -5 -6 -16 17 18 -8 20 21 23 25 24 29 26 -23 28 -27 -2
right_child=19 2 -4 4 14 6 11 -9 -10 -11 -12 -13 -14 -15 15 -17 -18 -19 -20 -21 -22 22 -24 -25 -26 27 -28 -29 -30 -31
leaf_value=0.031922117745511708 -0.0093798017763892915 0.031046520176198317 -0.0034736195023101907 -0.1083728992975786 0.020765231256457919 -0.015484506903419726 0.034107322114502868 0.021434796969318069 0.012068106228133051 -0.19957306573473529 -0.21613317051331127 -0.010686424811099143 0.032401211625021645 0.026554611607178064 -0.24295675568644179 -0.018681243221871913 0.017673397210915851 -0.071717424020615234 -0.10903750391026563 -0.020034051308790633 0.017107168039886 -0.021108716178013312 -0.031268209827313605 0.03085623643439607 -0.00065939355781473969 -0.065058862820609645 0.020232231250924822 -0.0049542019425109713 0.014942624374011601 0.013383171562751876
leaf_weight=32.465503757819533 47.509111154824495 148.03872645297088 29.684054663404822 1.0522594079375247 11.2620962113142 82.945583965163678 8.0117589840665477 106.86802982445806 25.931456794962287 2.2935913037508717 0.39971628971397866 32.0846632712055 43.287653812440112 6.8612517984583974 0.53931671380996604 44.799742787145078 18.517728583887219 8.0503566004335863 1.0324712358415116 40.668438225984573 75.966113436035812 128.4923633467406 45.831012859940529 26.592557106167078 6606.6851093987934 3.3981382977217436 23.098039269447327 401.53123020241037 103.92441428033635 210.20969008468091
leaf_count=5962 205 45368 2983 44 570 3849 326 12471 1181 29 15 1149 5315 406 9 1959 964 78 19 159 576 838 144 234 41370 12 80 2521 677 1083
internal_value=0.000191148 0.0109395 0.0252808 0.00496217 0.00274032 0.00537624 -0.00161949 0.0148366 -0.00446179 -0.0448739 -0.00219295 0.00874269 0.0166435 0.0086133 -0.0129694 -0.021349 -0.00251031 -0.0243743 0.0177662 -0.000650628 -0.000547895 -0.00072443 -0.00613851 -0.000169527 -0.000289721 -0.00439466 -0.0148095 -0.00129201 0.0124095 0.00918694
internal_weight=8318.03 604.126 177.723 426.403 393.938 337.337 193.93 143.406 36.5383 10.6068 8.31323 110.985 78.9 7.91351 56.6012 45.3391 35.6123 17.0946 9.04423 7713.91 7673.24 7597.27 706.275 6891 6864.4 660.444 151.59 508.854 107.323 257.719
internal_count=130596 82697 48351 34346 28384 25846 11700 14146 1675 494 465 7851 6702 450 2538 1968 1387 423 345 47899 47740 47164 4272 42892 42658 4128 918 3210 689 1288
cat_boundaries=0 1 2
cat_threshold=1 1
is_linear=0
shrinkage=0.05


Tree=175
num_leaves=31
num_cat=0
split_feature=3 0 3 2 2 2 4 1 4 4 3 2 2 2 1 4 3 3 3 3 4 1 1 2 2 1 4 0 2 2
split_gain=25.8109 18.8052 9.60534 7.67745 6.77361 18.9797 11.8431 8.16162 9.94037 8.27565 8.07621 7.70534 23.9877 34.6809 17.8099 21.207 12.6185 12.4057 11.9278 10.9744 16.2406 10.3393 9.15902 9.03151 22.8781 20.8319 17.5137 21.0816 15.9372 16.6743
threshold=-29.058240367910376 3.7402859027777784 -5.4359260371889944 199.50000000000003 507.50000000000006 1446.5000000000002 8.8502927588511309 2650.5000000000005 3.0725797804206416 29.544484493462786 -6.1297131749536229 3644.5000000000005 4108.5000000000009 4397.5000000000009 15083.500000000002 21.431056427988974 -7.8631209890270393 -8.0783915555075758 -5.7724989540696763 -6.6262606913584756 142.09393275144987 301.50000000000006 1044.5000000000002 8677.5000000000018 8065.5000000000009 3728.5000000000005 13.194700301946066 2.7235250231481491 11760.500000000002 10703.000000000002
decision_type=2 2 2 2 2 2 2 2 2 2 2 2 2 2 2 2 2 2 2 2 2 2 2 2 2 2 2 2 2 2
left_child=1 -1 4 -4 7 6 -6 8 -2 -9 -8 16 14 22 15 18 -7 -16 -13 -18 -21 -15 -14 24 -23 26 -26 -28 29 -25
right_child=2 -3 3 -5 5 11 10 9 -10 -11 -12 12 13 21 17 -17 19 -19 -20 20 -22 23 -24 28 25 -27 27 -29 -30 -31
leaf_value=-0.028767468693613237 -0.040445812816439976 0.0013982414507772429 0.054704357441251954 -0.0094361710628915532 0.029684969514952267 -0.022353316956516787 0.010635492648072946 -0.036663075781281737 0.029172695046771557 0.016463106904358305 -0.030750643453320459 0.014926376140041282 0.024263899042670792 -0.015115924110153134 -0.026444933572935914 -0.039135043406071802 0.0034424538922276007 0.045735405060211176 0.12049346906479269 -0.016988902755358692 0.067570915876344714 0.0021847670019991853 -0.037126497480873814 -8.45263152871903e-05 0.029965650677830247 0.012746551682645138 0.064056835789419675 0.21107780684408148 0.0020697231156117601 -0.013335146312126525
leaf_weight=133.26413669646718 7.2389382333494749 84.375234798528254 4.7419304251670829 289.20137183181942 91.381594752427191 88.947705358499661 71.09685909957625 38.396456840448081 17.577569808810949 9.0600187219679338 14.130849983543156 53.034272225573659 6.6221155761741093 96.897470887284726 6.5595065760426214 20.568278006045148 313.33817351609468 64.364043705165386 2.8179154545068732 133.90042208880186 5.9296884834766379 1053.9375367048196 73.615588342770934 606.87951858062297 25.353737501427531 153.42331890459172 9.5182032748125476 3.2780172880738965 2870.8029553254601 389.98564787721261
leaf_count=45216 29 9461 13 4680 476 3651 774 676 102 135 84 499 42 934 453 379 1029 203 20 619 16 11233 823 6557 196 1480 63 29 36287 4437
internal_value=-0.000134181 -0.0170727 0.000431006 -0.00840145 0.000847828 0.00102648 0.0171807 -0.0143702 0.00886508 -0.0265206 0.00377362 0.000549373 0.00111609 0.000561864 0.0210152 0.00426861 -0.00513501 0.0390597 0.0202526 -0.00175541 -0.013403 0.00106425 -0.0320599 0.00137088 0.00507389 0.0209684 0.0540332 0.101719 0.00017839 -0.00526833
internal_weight=6740.24 217.639 6522.6 293.943 6228.66 6156.38 176.609 72.273 24.8165 47.4565 85.2277 5979.77 5437.66 5290.31 147.344 76.4205 542.116 70.9236 55.8522 453.168 139.83 5210.08 80.2377 5113.18 1245.51 191.573 38.15 12.7962 3867.67 996.865
internal_count=130596 54677 75919 4693 71226 70284 1334 942 131 811 858 68950 63635 62081 1554 898 5315 656 519 1664 635 61216 865 60282 13001 1768 288 92 47281 10994
is_linear=0
shrinkage=0.05


Tree=176
num_leaves=31
num_cat=1
split_feature=3 4 2 2 1 1 3 2 2 3 2 2 3 1 5 4 1 4 0 3 1 2 2 2 1 4 1 0 1 2
split_gain=20.5872 10.0085 3.97388 3.33234 7.84354 11.0738 6.13337 3.21996 3.75571 6.17327 5.88686 12.9017 3.49823 5.26158 7.91007 4.18605 5.14768 4.53616 5.2582 4.83189 12.8571 7.29263 19.7153 10.1776 10.5961 9.23563 9.97861 8.32146 7.87091 6.96866
threshold=-6.9170352432702478 42.7426932216746 4543.5000000000009 4763.5000000000009 2897.5000000000005 2493.5000000000005 -26.052566413657818 15132.500000000002 15092.500000000002 -4.9907616810571973 15037.500000000002 15013.500000000002 -3.6665527722616669 358.50000000000006 0 0.39339827910599073 172.50000000000003 2.095937416300369 1.0784425868055558 -4.549981967677529 1421.5000000000002 14621.500000000002 14608.500000000002 14892.500000000002 3239.5000000000005 3.5327068242902757 413.50000000000006 4.3545591261574081 3728.5000000000005 14548.500000000002
decision_type=2 2 2 2 2 2 2 2 2 2 2 2 2 2 1 2 2 2 2 2 2 2 2 2 2 2 2 2 2 2
left_child=1 2 -1 4 5 6 -4 8 10 -10 11 12 15 14 -14 -2 -17 -18 -19 21 -21 22 -20 24 -23 26 -25 -24 -26 -22
right_child=7 -3 3 -5 -6 -7 -8 -9 9 -11 -12 -13 13 -15 -16 16 17 18 19 20 29 23 27 25 28 -27 -28 -29 -30 -31
leaf_value=-0.02163861286790425 0.030076476402055952 -0.02447324219905761 0.23739018925329669 -0.0036950220543822856 -0.033516120207202238 0.50931885933900833 -0.033526226350203761 -0.016607318169812389 -0.0059918066915713051 0.071949728650435071 -0.030973608579207775 0.075369695409751358 -0.022871394581828741 -0.033304377806644359 0.056007017189845069 -0.016433775389823477 0.011650691808027839 0.014508055250239191 0.00096998837786060714 0.024120796838922598 -0.014787419755203215 -0.028109698370034686 0.10697318846078836 -0.021116788613647911 0.048194115146554417 -0.0037392552953107506 0.061062152578997247 0.016182230213077974 -0.0071244532431778782 0.023755351735355736
leaf_weight=33.632793673838023 13.303425863385199 106.11250258929795 0.36395425640512258 186.32979781879112 1.109179619932547 0.18419532105326653 0.49042361858300798 23.525365726090968 5.1686469637788832 4.9962407797574979 13.5649401769042 5.986275501549243 7.9475126229226589 17.106162708252668 5.296569690108301 37.367455758154392 121.09709745831788 75.119019721169025 1117.070645917207 73.99886579439044 52.006182964891195 80.803924264386296 6.1910789106041175 5.1631877124309566 7.3615115359425536 52.145817794837058 12.981052335351704 4.2606567041948438 50.826184175908566 15.141963891685007
leaf_count=8355 45 76359 23 29269 284 23 81 303 40 15 131 25 49 210 21 205 618 537 10951 385 493 680 24 17 48 525 65 36 689 90
internal_value=-0.000320858 -0.0118413 -0.00580641 -0.00298124 0.0589434 0.157689 0.0818808 0.00177005 0.00201227 0.032318 0.00183869 0.00209142 0.0018415 -0.0149862 0.00867364 0.0021376 0.00192043 0.0023301 0.00160335 0.000947448 0.0097457 1.84809e-05 0.00160952 -0.00855338 -0.0163945 0.00695169 0.037677 0.0699622 -0.000125924 -0.00609599
internal_weight=2136.65 328.223 222.11 188.478 2.14775 1.03857 0.854378 1808.43 1784.9 10.1649 1774.74 1761.17 1755.19 30.3502 13.2441 1724.84 1711.53 1674.17 1553.07 1477.95 141.147 1336.8 1127.52 209.282 138.992 70.2901 18.1442 10.4517 58.1877 67.1481
internal_count=130596 114394 38035 29680 411 127 104 16202 15899 55 15844 15713 15688 280 70 15408 15363 15158 14540 14003 968 13035 11011 2024 1417 607 82 60 737 583
cat_boundaries=0 1
cat_threshold=4
is_linear=0
shrinkage=0.05


Tree=177
num_leaves=31
num_cat=0
split_feature=3 4 0 2 2 3 2 2 1 1 4 0 0 1 3 0 2 2 1 2 4 2 1 2 4 2 2 2 4 2
split_gain=27.2969 21.305 9.37253 7.15447 11.1193 9.61856 7.78553 11.6655 8.00334 9.40259 16.1654 13.2115 12.5223 10.1493 9.4468 28.6213 7.52617 13.7243 10.0296 9.53369 8.29364 8.27038 7.3961 8.09938 9.49654 7.26872 7.09375 8.02428 9.11065 6.90517
threshold=-10.220908802160311 95.21657023777216 5.212365381944446 6464.0000000000009 7480.0000000000009 -14.437053215822162 12544.500000000002 12590.500000000002 2815.5000000000005 23098.500000000004 46.601118668377531 4.3545591261574081 4.6395348900462965 23564.000000000004 -17.814883022002572 6.517793680555557 14184.000000000002 13826.500000000002 1496.5000000000002 13862.500000000002 19.943217518500841 14163.500000000002 3826.5000000000005 6897.5000000000009 11.26096667277489 15222.500000000002 7413.5000000000009 6702.0000000000009 13.623141164071198 6702.0000000000009
decision_type=2 2 2 2 2 2 2 2 2 2 2 2 2 2 2 2 2 2 2 2 2 2 2 2 2 2 2 2 2 2
left_child=1 3 -3 -1 5 29 -6 -8 16 25 13 -12 -13 -11 -14 -16 17 18 -9 -19 -18 -21 23 -7 -25 -10 27 28 -24 -5
right_child=-2 2 -4 4 6 22 7 8 9 10 11 12 14 -15 15 -17 20 19 -20 21 -22 -23 26 24 -26 -27 -28 -29 -30 -31
leaf_value=0.014666669777313577 -0.00074385172165395287 0.029669445690487496 0.0030058670129685505 -0.050668228932517982 0.014496918270285517 0.010659175195269778 -0.06085502258058767 0.030749531323678803 0.021693760783488007 -0.17866966129167475 0.034303429448740083 -0.32546725915228736 -0.03709549777536357 0.014168895051475328 -0.064532164108009021 -0.45409909278515248 -0.0067051240316005449 -0.09663901063199673 -0.026053859151059525 -0.0068223923492287649 0.027400605928776342 -0.071150675243527639 -0.21855581335308816 -0.074437242537147827 -0.21370298718834302 -0.018454666009083406 -0.080098787927679091 0.027011638690586218 -0.0038018335678397957 0.025147346536192602
leaf_weight=132.44874350284226 7513.0907723912969 146.58449334325269 42.517517736181617 4.0582062571775159 121.45168365607969 1.9131537410430626 7.7938147590029976 15.569044919917362 95.31707414588891 0.70158529700711625 2.5390342043247056 0.55649475008249272 4.7174924458377063 24.848043353063986 2.0254585742950444 0.61453046323731531 69.58348637027666 6.9226135048083988 15.515047416556625 14.270149171585219 23.963806612649933 7.6884206517133853 0.7877991851419196 5.5337389400228858 1.5717906877398489 12.785778395365922 3.7120549860410383 7.1472126722801477 1.3236419591121373 11.55352983321063
leaf_count=12247 37833 44448 4301 266 10602 54 158 830 9251 40 288 38 167 1823 129 32 2114 48 562 570 2815 41 15 69 25 275 50 379 70 1056
internal_value=0.000183656 0.00904919 0.0236744 0.00441592 0.00149277 -0.0245733 0.00378886 -0.000469364 0.00111197 0.00957465 -0.0125565 -0.0649369 -0.0967761 0.0088736 -0.0794786 -0.155215 -0.00683212 -0.0206598 0.00239717 -0.0454755 0.00203167 -0.0293458 -0.0458814 -0.080657 -0.105244 0.0169452 -0.0217015 0.00171165 -0.0839286 0.0054394
internal_weight=8299.11 786.015 189.102 596.913 464.465 37.6011 426.864 305.412 297.618 144.105 36.0026 10.453 7.91398 25.5496 7.35748 2.63999 153.513 59.9653 31.0841 28.8812 93.5473 21.9586 21.9894 9.01868 7.10553 108.103 12.9707 9.25865 2.11144 15.6117
internal_count=130596 92763 48749 44014 31767 1984 29783 19181 19023 12043 2517 654 366 1863 328 161 6980 2051 1392 659 4929 611 662 148 94 9526 514 464 85 1322
is_linear=0
shrinkage=0.05


Tree=178
num_leaves=31
num_cat=2
split_feature=3 0 3 5 3 4 1 3 4 3 2 1 2 1 1 2 2 2 2 2 5 2 2 2 2 4 3 2 2 2
split_gain=23.3282 18.3137 9.11104 7.59468 8.71786 8.35498 9.19295 13.7684 10.1181 9.93867 8.3914 10.8327 9.54209 7.90549 12.5707 9.2673 103.032 7.98851 10.3529 61.836 10.1115 41.1648 130.946 12.6016 12.5778 11.1239 11.5565 7.8231 13.0629 18.8553
threshold=-29.058240367910376 3.7402859027777784 -6.0867691321245561 0 -8.5236756886338156 5.939637663942011 4735.5000000000009 -6.8852223000276203 12.393196924726686 -7.6196982991156821 507.50000000000006 1976.5000000000002 14957.500000000002 5144.5000000000009 2194.5000000000005 14747.500000000002 14738.500000000002 14116.500000000002 7251.5000000000009 7343.5000000000009 1 11030.500000000002 10965.500000000002 13140.500000000002 13338.000000000002 18.655998893886856 -17.191283230848789 13212.500000000002 11223.000000000002 11485.500000000002
decision_type=2 2 2 1 2 2 2 2 2 2 2 2 2 2 2 2 2 2 2 2 1 2 2 2 2 2 2 2 2 2
left_child=1 -1 3 -2 13 10 7 9 -8 -7 -6 -12 -13 14 -5 16 17 18 -16 -20 23 22 -22 -21 25 -25 -27 28 -9 -30
right_child=2 -3 -4 4 5 6 8 27 -10 -11 11 12 -14 -15 15 -17 -18 -19 19 20 21 -23 -24 24 -26 26 -28 -29 29 -31
leaf_value=-0.02851576510258318 0.0029883334489046037 0.0016150584420893468 -0.0043858457078198073 -0.010962844930038311 -0.027871940921289941 -0.0029697469611123521 -0.01278490674729304 -0.0013007421217880412 0.0019732512341686689 -0.024304008637280758 0.0013470460063398151 0.021035533449295978 -0.034328211710091747 -0.014115480710920753 -0.011677127084009972 -0.028568565683730247 0.46501724637671887 -0.033813412807498881 0.6100137073724855 -0.010232086455404632 -0.033578323775542922 -0.033929170485807 1.5856971651549077 0.043449955535487625 0.016872367108258981 0.099859112864856311 0.29443450463378268 -0.0081770651898478118 0.10852579849716429 0.017968605467387804
leaf_weight=126.61841493612155 2787.1206183421891 83.811478356830776 862.9692342299968 98.230845813406631 16.577174350619316 90.570758054032922 125.77683991938829 73.402986958622932 1515.4332257304341 137.41372774541378 225.37629659473896 155.12933490425348 8.1938235424458963 213.02565053058788 15.707271375460548 9.5461264541372639 1.2981866286136199 7.4326279498636714 0.4651363417506208 14.858340827748181 0.38308805087581177 1.0524474820122121 0.18521243520081043 3.4808010552078512 9.7306309428531659 2.0628862497396772 1.2111557137686757 101.63727340102196 7.0643488317728034 30.85179828107357
leaf_count=45216 24627 9461 8814 5029 69 731 551 291 6749 625 908 577 26 22027 1054 814 15 643 8 1014 62 88 6 23 445 20 37 507 27 132
internal_value=-0.000129705 -0.0165151 0.000399434 0.00112991 -0.000677301 0.000398631 -0.000879829 -0.00728946 0.000842235 -0.0158286 0.00696685 0.00845265 0.018258 -0.00774493 0.000447838 0.0170747 0.0246042 0.0144974 0.021805 0.037537 0.0294592 0.151238 0.494153 0.0231622 0.0532604 0.105679 0.171838 0.00185228 0.0110093 0.0348408
internal_weight=6726.62 210.43 6516.19 5653.22 2866.1 2487.43 2082.15 440.941 1641.21 227.984 405.277 388.699 163.323 378.67 165.645 67.4139 57.8678 56.5696 49.137 33.4297 32.9646 1.62075 0.5683 31.3438 16.4855 6.75484 3.27404 212.956 111.319 37.9161
internal_count=130596 54677 75919 67105 42478 11193 9613 2313 7300 1356 1580 1511 603 31285 9258 4229 3415 3400 2757 1703 1695 156 68 1539 525 80 57 957 450 159
cat_boundaries=0 1 2
cat_threshold=8 4
is_linear=0
shrinkage=0.05


Tree=179
num_leaves=31
num_cat=3
split_feature=3 4 5 1 1 2 2 4 3 2 2 1 3 5 2 2 4 0 2 0 3 4 5 2 2 1 4 2 2 2
split_gain=19.2429 9.96074 3.18511 3.89638 4.29441 3.80011 11.4493 3.79705 3.61368 8.64168 5.28438 5.20721 7.00974 5.50225 4.29869 3.96077 3.71655 3.80695 3.70482 3.55509 6.33924 3.64369 3.62036 3.75923 8.35116 4.101 6.01832 7.2908 27.7167 4.03745
threshold=-6.4666728876018658 52.403226522299342 0 30740.500000000004 1976.5000000000002 14608.500000000002 14621.500000000002 25.591551032101616 -10.769168065319429 14163.500000000002 14430.500000000002 464.50000000000006 -11.270066471495578 1 14409.500000000002 14654.500000000002 5.939637663942011 2.423712876157408 14946.500000000002 6.8186053703703715 -6.659853460385337 0.00041304737984360003 2 11981.500000000002 11911.500000000002 14004.500000000002 13.194700301946066 1199.5000000000002 977.50000000000011 6305.5000000000009
decision_type=2 2 1 2 2 2 2 2 2 2 2 2 2 1 2 2 2 2 2 2 2 2 1 2 2 2 2 2 2 2
left_child=1 2 -1 4 7 19 -7 8 9 16 14 -11 13 15 -10 -13 17 -4 -14 21 -21 -6 -23 24 25 26 -24 28 -28 -29
right_child=-2 -3 3 -5 5 6 -8 -9 10 11 -12 12 18 -15 -16 -17 -18 -19 -20 20 -22 22 23 -25 -26 -27 27 29 -30 -31
leaf_value=-0.033430857114451762 0.0020266133684557382 -0.023384391855886533 0.12269401596566672 0.013879747083763064 0.023452066352878082 0.14635147062716086 -0.0017525900811769823 -0.033533182198269208 0.0050230785846641221 -0.020938420563576032 -0.027594963302837394 0.069107456702780637 0.074975471687507303 -0.033668070820053582 0.14492822624382343 0.021963072867095264 -0.025236609615216357 -0.033518462351907606 0.27367498816842023 0.0026578536031953712 0.15830455390708364 -0.025270771282257368 -0.024652010882091492 -0.030374385473991072 0.23363325492573855 -0.026605538792484097 -0.033464122720303233 -0.017432833745777143 0.93648854785870983 0.03008239170460715
leaf_weight=9.8761763222282752 1716.2515553086996 103.91148712311406 0.91420470504090079 26.116758495685644 5.6506855851039282 1.3599404378328461 32.258811533567496 6.8763955286121918 33.267421987606212 3.6721687985118505 15.929494591662658 9.4626715292688477 0.45645492151379485 2.4032404967583778 0.5582601260393848 8.4187780069187266 11.909770722850224 0.68021083367057145 0.48264289554208517 4.0748325267340988 0.77928842790424724 71.138349817367271 10.998993251239879 15.330180688994004 0.37332727364264329 13.910751170013098 0.25813204026781278 6.2005221181316328 0.10305563115980476 16.025892807752825
leaf_count=6129 12058 72394 20 2534 354 45 4370 2013 2182 475 1284 314 34 452 29 643 2958 126 15 504 29 13370 1140 2266 19 1838 98 1377 14 1512
internal_value=-0.000306015 -0.00999007 -0.00549288 -0.00457195 -0.00633395 -0.010906 0.00423849 0.00225197 0.00504333 0.0165665 -0.00385008 0.0340357 0.0435474 0.0373647 0.00733208 0.0469114 -0.0156392 0.0560505 0.177096 -0.014421 0.0276456 -0.0158797 -0.0175341 -0.00882578 -0.00192502 -0.0037765 0.00567874 0.0204482 0.243287 0.016827
internal_weight=2129.65 413.399 309.487 299.611 273.494 178.463 33.6188 95.0317 88.1553 38.4001 49.7552 24.896 21.2238 20.2847 33.8257 17.8814 13.5042 1.59442 0.939098 144.844 4.85412 139.99 134.339 63.2009 47.8707 47.4973 33.5866 22.5876 0.361188 22.2264
internal_count=130596 118538 46144 40015 37481 26936 4415 10545 8532 5037 3495 1933 1458 1409 2211 957 3104 146 49 22521 533 21988 21634 8264 5998 5979 4141 3001 112 2889
cat_boundaries=0 1 2 3
cat_threshold=1 4 4
is_linear=0
shrinkage=0.05


Tree=180
num_leaves=31
num_cat=1
split_feature=3 4 0 0 5 2 2 1 2 2 0 4 1 1 2 2 2 1 1 1 3 1 1 1 1 4 4 3 1 4
split_gain=24.6364 20.2093 9.29838 6.9027 6.57614 8.81843 10.1154 12.2553 16.7527 14.0352 7.34072 8.84661 9.91927 7.72033 6.97064 7.47961 13.4597 13.4189 7.75824 10.1437 13.4971 7.09748 6.82744 6.70573 10.3759 6.5209 6.41022 6.39686 6.09436 6.64379
threshold=-10.220908802160311 95.21657023777216 4.9265114178240754 1.3900669907407412 0 11981.500000000002 14985.500000000002 1285.5000000000002 13686.500000000002 14306.000000000002 1.7285043344907411 520.56053613934114 51483.000000000007 37103.500000000007 15489.500000000002 15051.500000000002 15025.500000000002 3533.5000000000005 9758.5000000000018 13139.500000000002 -8.672130443237128 18982.500000000004 16060.500000000002 13304.500000000002 21469.500000000004 22.394052040659574 26.755987656515657 -4.0029633089292487 464.50000000000006 7.0593527031163044
decision_type=2 2 2 2 1 2 2 2 2 2 2 2 2 2 2 2 2 2 2 2 2 2 2 2 2 2 2 2 2 2
left_child=1 3 -3 -1 5 26 7 8 -7 -10 13 14 -13 25 15 16 28 -18 27 -20 21 -21 -9 -16 -25 -6 -2 -17 -12 -30
right_child=4 2 -4 -5 10 6 -8 22 9 -11 11 12 -14 -15 23 18 17 -19 19 20 -22 -23 -24 24 -26 -27 -28 -29 29 -31
leaf_value=0.018943923056909139 0.026795457345003888 0.030048965019506036 0.0043905606793470204 0.0022143852741042208 -0.0099302340284669142 -0.11086649864845584 0.046209547611333772 0.033956844537790222 0.041414299763705205 -0.04837104918618243 0.0066083481198354306 0.031887589631855846 -0.055522105075462493 -0.033296190488303505 -0.040555735273682961 0.026031974341097632 -0.049834306850091444 0.042486570030343139 -0.029545253617182899 -0.15965989545308126 0.0293776439467161 -0.0023626334213582164 -0.022317591571819562 0.061330902226578589 -0.027373479882789865 0.00020973334430812851 -0.053880417018100701 -0.034508128384429015 -0.0043558147334284694 -5.975242197554248e-05
leaf_weight=69.957111318595707 61.582428887486458 133.68528194748797 47.982444765046239 519.76367616141215 316.32165239751339 5.8854943979531553 8.6380617190152389 14.72610674519092 7.0571390986442593 11.357421867549418 289.47039494104683 34.460263910703361 3.5831165099516502 24.780067428015172 21.124840710312128 68.366854763589799 24.084520258009437 4.7049404559656969 21.189316209405661 1.5177948148921161 23.554185297340155 1.3594625974074004 8.5013874033465964 5.0647615529596797 9.443564414046703 317.89413530565798 2.5647570276632896 4.6608244627714148 1091.4130049813539 5129.8141210814938
leaf_count=8019 478 43436 5313 35995 1418 37 45 125 53 42 1228 230 20 144 71 353 104 53 93 20 114 49 60 17 33 1688 19 19 4414 26906
internal_value=0.00018141 0.00869081 0.023272 0.00419897 -0.000692269 0.0109034 -0.00356313 -0.0126092 -0.0374323 -0.013962 -0.00088098 -0.000388095 0.0236549 -0.00591742 -0.0005247 -0.000406698 -0.00063429 -0.0347467 0.0119294 -0.00377189 0.0168899 -0.0853392 0.0133601 -0.0225804 0.00359264 -0.00484768 0.0235698 0.0221681 -0.000483449 -0.000813427
internal_weight=8284.51 771.389 181.668 589.721 7513.12 120.313 56.1656 47.5275 24.3001 18.4146 7392.81 6733.81 38.0434 658.996 6695.77 6660.14 6539.49 28.7895 120.648 47.6208 26.4314 2.87726 23.2275 35.6332 14.5083 634.216 64.1472 73.0277 6510.7 6221.23
internal_count=130596 92763 48749 44014 37833 859 362 317 132 95 36974 33724 250 3250 33474 33353 32705 157 648 276 183 69 185 121 50 3106 497 372 32548 31320
cat_boundaries=0 1
cat_threshold=1
is_linear=0
shrinkage=0.05


Tree=181
num_leaves=31
num_cat=1
split_feature=3 0 3 2 5 2 2 2 4 4 1 3 2 2 2 1 4 3 3 3 4 3 1 0 1 2 2 1 4 0
split_gain=21.1283 17.9027 8.59549 7.20306 6.41505 6.35828 10.1973 9.09538 10.9074 10.1278 9.93413 7.61906 7.26414 22.517 32.8269 16.6089 20.0759 11.7555 11.3505 10.204 15.2082 9.95546 9.35287 8.8465 8.71061 8.47933 21.2949 19.1389 16.0035 16.3477
threshold=-29.058240367910376 3.7402859027777784 -5.4359260371889944 199.50000000000003 0 192.50000000000003 1446.5000000000002 507.50000000000006 8.8502927588511309 26.755987656515657 2650.5000000000005 -6.1297131749536229 3644.5000000000005 4108.5000000000009 4397.5000000000009 15083.500000000002 21.431056427988974 -7.8631209890270393 -8.0783915555075758 -6.6262606913584756 142.09393275144987 -5.7724989540696763 301.50000000000006 6.1116447974537049 1044.5000000000002 8677.5000000000018 8065.5000000000009 3728.5000000000005 13.194700301946066 2.7235250231481491
decision_type=2 2 2 2 1 2 2 2 2 2 2 2 2 2 2 2 2 2 2 2 2 2 2 2 2 2 2 2 2 2
left_child=1 -1 5 -4 -3 -2 7 9 -9 10 -7 -10 17 15 24 16 21 -8 -17 -19 -21 23 -16 -14 -15 26 -24 28 -28 -30
right_child=2 4 3 -5 -6 6 12 8 11 -11 -12 -13 13 14 22 18 -18 19 -20 20 -22 -23 25 -25 -26 -27 27 -29 29 -31
leaf_value=-0.028289109344605653 -0.024791768377100419 -0.033469564202933712 0.053182220692547168 -0.0090575603878580817 0.0073269558830653982 0.011269065206221217 -0.021930215354677002 0.028553374266975282 0.010263080609247958 0.051140052842544893 -0.038647738466192898 -0.030305491680958127 0.027424513327618819 0.023302272571808232 -0.014509141016547437 -0.026148825349378148 -0.038847037086940872 0.0031641107680814304 0.044048805996709517 -0.016614502064724285 0.065275762651470254 0.10712195998134647 0.0020507962873168315 -0.017514555321515905 -0.036511489051629355 0.0001009720398635098 0.028615863004691239 0.012245589179013076 0.062426861395198069 0.18816219263140399
leaf_weight=120.59204521286301 24.248242769157514 11.124410434626043 4.7255699038505545 285.34661778993905 72.016375270206481 17.419804618228227 86.719803423155099 91.351753341965377 71.212431443622336 6.2345693965908131 23.297830306226388 13.819341041147707 37.77730003092438 6.6449968349188557 95.821288901148364 6.3238957508001468 20.031093009049073 313.4564500823617 64.408469043672085 132.87145085260272 5.9223165214061728 3.0613140352070323 1054.3926608962938 15.421877513173966 72.454694970976561 3864.7562260215636 25.519706494640559 153.96745831915177 9.480398473562671 3.5543158818036309
leaf_count=45216 393 2102 13 4680 7359 83 3651 476 774 71 395 84 382 42 934 453 379 1029 203 619 16 20 11233 117 823 47281 196 1480 63 29
internal_value=-0.000126723 -0.0159823 0.000369463 -0.00804361 0.0018683 0.0007618 0.000861806 0.0113515 0.0165574 -0.00820552 -0.0172923 0.00366989 0.000469561 0.00101875 0.000481977 0.0203195 0.0041381 -0.00506704 0.0377727 -0.00183349 -0.0131203 0.0194426 0.000967568 0.0143972 -0.0314867 0.00125769 0.00484288 0.0201344 0.0516384 0.0967125
internal_weight=6713.97 203.733 6510.24 290.072 83.1408 6220.17 6195.92 223.336 176.384 46.9522 40.7176 85.0318 5972.59 5433.62 5286.59 147.024 76.2916 538.97 70.7324 452.25 138.794 56.2605 5207.49 53.1992 79.0997 5111.67 1246.91 192.522 38.5544 13.0347
internal_count=130596 54677 75919 4693 9461 71226 70833 1883 1334 549 478 858 68950 63635 62081 1554 898 5315 656 1664 635 519 61216 499 865 60282 13001 1768 288 92
cat_boundaries=0 1
cat_threshold=1
is_linear=0
shrinkage=0.05


Tree=182
num_leaves=31
num_cat=2
split_feature=3 4 2 2 1 0 0 1 2 2 2 2 1 1 5 2 0 2 2 4 1 3 2 2 2 3 2 2 1 5
split_gain=17.8563 9.18488 3.77505 11.2027 26.6353 5.66438 3.20803 8.36224 3.1404 5.2665 3.28088 6.01515 10.053 7.70783 7.49442 7.44576 7.16756 3.96348 6.65422 6.25574 6.39666 8.11004 13.8204 8.82321 6.67746 16.151 11.3325 12.0269 25.7912 11.0473
threshold=-6.9170352432702478 42.7426932216746 3487.5000000000005 3568.0000000000005 32609.500000000004 6.8186053703703715 6.8842725057870382 50532.000000000007 977.50000000000011 192.50000000000003 1976.5000000000002 1669.5000000000002 3239.5000000000005 5964.5000000000009 0 1199.5000000000002 5.8530739062500006 10027.500000000002 9879.5000000000018 21.90298407537491 8531.5000000000018 -5.5265860328747483 9567.5000000000018 5343.5000000000009 3487.5000000000005 -5.6695862740670169 4763.5000000000009 4108.5000000000009 2731.5000000000005 1
decision_type=2 2 2 2 2 2 2 2 2 2 2 2 2 2 1 2 2 2 2 2 2 2 2 2 2 2 2 2 2 1
left_child=1 2 -1 4 5 -4 -3 -8 9 -2 11 13 -13 -10 15 -15 -14 18 19 20 24 22 -22 -23 25 29 27 -26 -29 -12
right_child=8 6 3 -5 -6 -7 7 -9 10 -11 17 12 16 14 -16 -17 -18 -19 -20 -21 21 23 -24 -25 26 -27 -28 28 -30 -31
leaf_value=-0.024757924942927417 0.048708443308426989 -0.024772839253506884 -0.03365596297990462 -0.004128332942485941 0.65192807534094754 0.3126357148687991 0.020027724811380397 0.52649538035438836 -0.025275361877260608 -0.035572810504258603 0.062575638161775873 0.062168071881332825 -0.039966208914110013 -0.011041251011521076 -0.029650229925371037 0.076432513272936334 0.061888466826249502 0.0030748526626534498 -0.039198957765212344 -0.0072662920619956401 -0.0066451208156882427 0.061184326071994789 0.12492005877728647 0.0067935151215018988 0.0018904015247185398 -0.037839302636348847 -0.0028872629751394438 0.085684510663949248 -0.039086963462696744 -0.023184954073022266
leaf_weight=22.807843186485115 2.2053663795813909 98.218884023197461 0.65635302534792461 194.41038201138144 0.21812243945896626 0.14399576606228948 0.93504507257602998 0.089282281696796417 15.149778129532935 11.618329086340962 8.550661088898778 12.93163510784507 5.6420369539409858 3.6517683928832412 4.4629663210362169 7.2874911362305284 2.4892830597236753 1180.1465412005782 11.785514345392583 241.25289742881432 33.530071106739342 16.391319708898667 2.1224335096776477 13.678160578012465 25.139677233994007 31.312646564096212 151.05522916186601 15.763820979744198 5.617704549804329 6.6954745268449161
leaf_count=5798 36 75987 141 32085 3 8 353 19 134 295 89 38 63 35 89 38 29 9811 117 2653 465 66 21 51 218 281 1378 93 82 120
internal_value=-0.000306721 -0.0112434 -0.00550841 -0.00326187 0.162133 0.0286475 -0.0238548 0.0641724 0.00161323 -0.022127 0.00179609 0.0142195 0.0347768 4.70368e-05 0.0249544 0.0472318 -0.00878491 0.00142821 -0.00202409 -0.0012291 0.00347141 0.0173175 0.0011871 0.0364428 -0.000255988 -0.0172904 0.00375816 0.025336 0.0529025 0.0249131
internal_weight=2125.96 317.48 218.237 195.429 1.01847 0.800349 99.2432 1.02433 1808.48 13.8237 1794.66 51.615 21.063 30.552 15.4022 10.9393 8.13132 1743.04 562.896 551.11 309.857 65.722 35.6525 30.0695 244.135 46.5588 197.576 46.5212 21.3815 15.2461
internal_count=130596 114394 38035 32237 152 149 76359 372 16202 331 15871 426 130 296 162 73 92 15445 5634 5517 2864 603 486 117 2261 490 1771 393 175 209
cat_boundaries=0 1 2
cat_threshold=4 8
is_linear=0
shrinkage=0.05


Tree=183
num_leaves=31
num_cat=1
split_feature=3 4 0 0 0 1 5 1 4 2 2 3 2 2 2 2 2 4 4 2 1 1 3 3 2 2 4 2 2 2
split_gain=22.0543 19.3314 9.17424 6.48512 6.37336 5.77332 9.52571 7.48809 8.81022 11.4091 31.727 11.6881 8.50012 5.74891 33.2649 20.7412 13.429 13.8448 12.3601 11.7627 13.1828 24.0066 10.3894 10.8442 28.2033 10.3324 38.5869 21.044 12.7951 20.7328
threshold=-10.220908802160311 95.21657023777216 4.9265114178240754 1.3900669907407412 6.5453951678240765 22606.500000000004 0 3435.5000000000005 10.178710220534201 11030.500000000002 10965.500000000002 -19.812620512908079 15222.500000000002 14738.500000000002 14757.500000000002 14621.500000000002 14688.500000000002 167.41131139277186 15.302744961548294 14800.500000000002 2650.5000000000005 5029.5000000000009 -5.9689959068912115 -8.0783915555075758 14747.500000000002 14548.500000000002 70.186859224437583 14498.500000000002 14334.500000000002 14144.500000000002
decision_type=2 2 2 2 2 2 1 2 2 2 2 2 2 2 2 2 2 2 2 2 2 2 2 2 2 2 2 2 2 2
left_child=1 3 -3 -1 13 7 -7 -5 9 10 11 -9 -10 15 22 25 17 -17 -18 20 -16 -22 23 24 -15 27 -27 28 29 -2
right_child=4 2 -4 5 -6 6 -8 8 12 -11 -12 -13 -14 14 19 16 18 -19 -20 -21 21 -23 -24 -25 -26 26 -28 -29 -30 -31
leaf_value=0.018451460380647263 -0.0011208392775051233 0.029877539438158286 0.0041456081821229897 -0.0020596055826549073 0.0038185917944928622 0.029878482735219133 -0.014664005894304969 -0.11670990844352369 0.019019429941067544 0.021162762177085494 -0.34943696465766927 -0.0072883628137362794 -0.026133300976088306 -0.22259409991594747 0.038702152832643659 0.031287521348882234 -0.021624720544509649 -0.03252079548243262 0.016948160098192239 -0.0042024864026829704 -0.046866641248600877 0.020833625162800525 0.019462832086198062 -0.039961852532982178 0.034652578754523579 -0.028531737225848366 0.029036410077616683 0.034979684897596994 -0.014934278391022009 0.01768152887349949
leaf_weight=67.953632465330884 5114.1283846385777 127.32105969032273 47.585006642155349 207.67279552877881 722.06319794803858 13.888540408574045 88.40954150352627 2.8643365716561737 160.13134068297222 15.36221453361213 0.77647511661052604 16.493073427584022 11.148788274731485 2.7010004892945281 35.109983931295574 107.44079378154129 36.953558014705777 9.2314615147188288 47.416438193060458 801.95542829483747 18.768149491399527 43.31650114711374 6.7190853953361502 53.322512097656727 1.7595686251297591 114.44389199838042 39.037067661061883 40.93492192402482 160.0049242824316 150.94010247476399
leaf_count=8019 25099 43436 5313 9819 3749 2534 4738 39 16690 1096 6 873 200 33 148 710 146 48 338 3898 98 255 32 176 64 585 316 278 951 909
internal_value=0.000174332 0.00829309 0.0228769 0.00393052 -0.000647259 0.00202097 -0.00861668 0.00464666 0.011382 -0.0112893 -0.0360503 -0.0234796 0.0160804 -0.00112257 -0.00469971 -0.000530341 0.0152498 0.0262388 5.34671e-05 -0.00221157 0.0142155 0.000367879 -0.0393839 -0.0462267 -0.121118 -0.00109489 -0.0138896 -0.000735625 -0.00100511 -0.000581809
internal_weight=8265.85 759.607 174.906 584.701 7506.25 516.747 102.298 414.449 206.776 35.4961 20.1339 19.3574 171.28 6784.18 963.652 5820.53 201.042 116.672 84.37 899.15 97.1946 62.0847 64.5022 57.7831 4.46057 5619.49 153.481 5466.01 5425.07 5265.07
internal_count=130596 92763 48749 44014 37833 35995 7272 28723 18904 2014 918 912 16890 34084 4704 29380 1242 758 484 4399 501 353 305 273 97 28138 901 27237 26959 26008
cat_boundaries=0 1
cat_threshold=1
is_linear=0
shrinkage=0.05


Tree=184
num_leaves=31
num_cat=2
split_feature=3 0 3 2 1 4 1 2 2 4 2 4 1 3 2 1 2 1 2 5 2 3 2 2 2 2 1 1 5 2
split_gain=19.1521 17.3553 8.10386 9.7867 9.79155 10.1053 7.47523 7.22733 23.3153 12.1464 18.5528 7.19625 13.7579 11.4109 9.75563 14.5873 13.0797 8.95779 19.8571 13.027 9.06012 15.5193 8.65975 35.3489 19.8069 30.7831 44.9879 13.001 11.7158 9.31659
threshold=-29.058240367910376 3.7402859027777784 -5.8184423202478817 14821.500000000002 1976.5000000000002 3.0725797804206416 301.50000000000006 8466.0000000000018 8065.5000000000009 23.982518133485517 8263.5000000000018 31.986322361260296 40864.500000000007 -10.487515770250489 507.50000000000006 1706.5000000000002 1446.5000000000002 8634.5000000000018 4271.5000000000009 0 4543.5000000000009 -15.38116777037496 14738.500000000002 14757.500000000002 14456.500000000002 14409.500000000002 19577.500000000004 4394.5000000000009 1 14144.500000000002
decision_type=2 2 2 2 2 2 2 2 2 2 2 2 2 2 2 2 2 2 2 1 2 2 2 2 2 2 2 2 1 2
left_child=1 -1 6 7 5 -5 -2 8 -4 -10 -11 14 13 -13 15 -8 -16 18 -18 -19 21 -20 24 27 25 29 -27 -24 -29 -15
right_child=2 -3 3 4 -6 -7 11 -9 9 10 -12 12 -14 22 16 -17 17 19 20 -21 -22 -23 23 -25 -26 26 -28 28 -30 -31
leaf_value=-0.028019543642898298 -0.01264933011263239 0.0020039224979829344 -0.005847685526216991 -0.014728176337145866 -0.02114281657863816 0.028387568283590493 0.02441018476082631 -0.014429829727764574 -0.035790099171331198 0.1504819441727564 0.0053155765095031001 -0.016469823995190536 0.0095383376025244149 -0.00074389616857627378 0.018640245506887684 -0.033465515362609242 -0.012606069561459821 -0.02446350814736907 0.196499832713002 0.0077264975469629226 0.0021747764779717631 0.024559480581095375 0.12450009896474352 0.00020545610189715171 -0.019516815799993162 0.028141577997966929 0.22922983392439936 -0.039606621523990394 0.050555506322163414 -0.016229225873218518
leaf_weight=114.95269003498834 100.46551980194636 82.807914347620681 182.90328949503601 18.057125361636281 20.832370594143867 54.93353034555912 14.871585377492009 244.06386426463723 2.278158549219369 5.5731356814503652 3.6375577617436647 127.25579630560242 294.46121100708842 1846.2206775452942 131.03269668505527 40.638248642208055 249.64729347010143 32.598990925820544 1.4679143647663284 876.29218906397 1659.0319912540726 12.385380944935603 5.2164833378046742 264.62333723995835 153.87051782896742 19.007656419649724 3.2581557109951964 4.0934125762432814 30.072561277076602 102.52444277284667
leaf_count=45216 933 9461 2043 204 300 356 76 4023 32 42 47 19194 3353 11091 967 712 2395 2820 24 7310 15371 203 24 1880 1428 152 25 51 132 731
internal_value=-0.000119294 -0.0154479 0.000346979 -0.00556452 0.00909186 0.0177212 0.000874127 -0.00870077 -0.0015078 0.0675835 0.0931517 0.00110564 -0.000695909 -0.00187487 0.00280728 -0.0179601 0.00319642 0.00248171 0.000548015 0.00657195 0.00251102 0.0427785 -0.0011102 0.00678286 -0.00223946 -0.000890668 0.0575668 0.0509785 0.0397532 -0.00155859
internal_weight=6699.08 197.761 6501.32 532.279 93.823 72.9907 5969.04 438.456 194.392 11.4889 9.21069 5868.57 2850.6 2556.14 3017.97 55.5098 2962.46 2831.42 1922.53 908.891 1672.89 13.8533 2428.89 304.006 2124.88 1971.01 22.2658 39.3825 34.166 1948.75
internal_count=130596 54677 75919 7047 860 560 68872 6187 2164 121 89 67939 38061 34708 29878 788 29090 28123 17993 10130 15598 227 15514 2087 13427 11999 177 207 183 11822
cat_boundaries=0 1 2
cat_threshold=1 4
is_linear=0
shrinkage=0.05


Tree=185
num_leaves=31
num_cat=3
split_feature=3 4 5 1 2 5 2 4 1 5 4 1 3 4 0 0 3 1 0 0 2 2 2 2 3 4 1 2 0 3
split_gain=16.5866 9.1217 3.08485 3.66272 3.99554 7.50727 6.27876 7.89569 5.56518 5.25464 6.5169 3.80444 4.3125 7.04574 11.5013 9.92064 5.82511 10.8833 4.08879 3.96871 3.90564 4.23746 3.62667 7.02433 3.57456 3.44915 3.38104 4.77742 3.21719 13.806
threshold=-6.4666728876018658 52.403226522299342 0 30740.500000000004 13717.500000000002 1 13752.500000000002 7.9051493632947709 902.50000000000011 2 3.5327068242902757 12501.500000000002 -7.5855280825673281 28.39612656434981 6.1418282060185199 1.7028354513888893 -7.3460642672774759 1219.5000000000002 3.6853036342592604 6.9241266956018528 3568.0000000000005 1976.5000000000002 10822.000000000002 10884.500000000002 -6.6262606913584756 40.542088507648209 240.50000000000003 14444.500000000002 6.341646481481483 -28.148834086681287
decision_type=2 2 1 2 2 1 2 2 2 1 2 2 2 2 2 2 2 2 2 2 2 2 2 2 2 2 2 2 2 2
left_child=1 2 -1 4 9 6 8 -8 -6 10 -4 12 -11 16 15 -15 17 -14 -19 -13 21 -18 -22 -24 -23 -17 27 -7 -12 -30
right_child=-2 -3 3 -5 5 26 7 -9 -10 11 28 19 13 14 -16 25 20 18 -20 -21 22 24 23 -25 -26 -27 -28 -29 29 -31
leaf_value=-0.033428723768838479 0.0018375424621504396 -0.022737528049552626 0.016340015942419548 0.013536851379460511 0.19281971642999374 0.19649577316793132 -0.029500401126041156 0.015634716306721957 -0.033512060658276284 -0.011171724507051646 -0.028987697912655271 -0.023230680456189992 0.23837941714527464 0.2446380743714015 0.26067783525132049 -0.033782240182179395 -0.033905816508520495 0.090723704307790476 -0.03378517303508153 0.18814103136031268 -0.033986688878052423 0.082855662001288674 0.089936358171838926 -0.013740810227967457 -0.034242347385823088 0.055557832035409274 -0.021947378103830628 -0.033729809839047213 0.1882776832488274 -0.015924468032609187
leaf_weight=9.3664499749429524 1718.1495242677629 97.659315632656217 11.201451241038738 26.272258418379351 0.85823457222431787 0.43141382001340645 11.534911227878181 60.564624513557646 0.39734311692882329 24.290398472570814 64.011236693651881 18.907609753892761 0.73296871781349482 0.53355405293404956 0.67838642094284285 1.9272315828129647 1.6596141005866254 1.1762657770887019 1.5005268650129435 0.2247125031426539 9.8816921501420456 3.4034766582772131 2.1019291086122376 7.3343327697366476 0.80607811734080348 2.4584706192836165 29.902002148737665 0.47171950584743172 0.89317967835813661 11.294991708011365
leaf_count=6129 12058 72394 563 2534 8 8 1186 6398 84 5240 13507 2612 25 15 30 110 90 47 111 19 483 78 15 280 28 75 4645 50 119 1655
internal_value=-0.000302665 -0.00943909 -0.00517845 -0.00428285 -0.00602209 0.00164539 0.0103441 0.00841373 0.121194 -0.0108618 -0.0192699 -0.00139392 0.00493745 0.0163808 0.0676801 0.0410649 0.00633926 0.0676717 0.0209279 -0.0207481 -0.00196375 0.0337569 -0.0128164 0.0093533 0.0604328 0.0162987 -0.0190686 0.0762456 -0.0245046 -0.000960024
internal_weight=2120.63 402.476 304.817 295.451 269.178 104.16 73.3551 72.0995 1.25558 165.018 87.4009 77.6172 58.4849 34.1945 5.59764 4.91926 28.5969 3.40976 2.67679 19.1323 25.1871 5.86917 19.318 9.43626 4.20955 4.3857 30.8051 0.903133 76.1994 12.1882
internal_count=130596 118538 46144 40015 37481 12379 7676 7584 92 25102 15844 9258 6627 1387 230 200 1157 183 158 2631 974 196 778 295 106 185 4703 58 15281 1774
cat_boundaries=0 1 2 3
cat_threshold=1 4 4
is_linear=0
shrinkage=0.05


Tree=186
num_leaves=31
num_cat=2
split_feature=3 0 5 4 3 1 2 2 4 1 1 2 2 2 2 2 1 4 2 3 0 4 2 3 2 3 0 3 5 4
split_gain=19.7935 28.5531 8.99317 9.30021 12.0641 10.7971 9.4585 39.7096 33.3612 9.44966 8.9734 23.5341 15.2445 12.7623 14.0761 11.8991 14.5598 15.855 12.2314 10.9247 9.0852 9.00752 13.7369 9.49429 8.99697 26.7125 10.7743 9.09526 8.78741 8.47855
threshold=-29.058240367910376 4.047488043981482 0 32.608050211366837 -9.3700300566915242 39096.500000000007 14306.000000000002 14379.500000000002 447.81061788715266 51483.000000000007 8634.5000000000018 977.50000000000011 1446.5000000000002 15489.500000000002 15163.500000000002 15025.500000000002 1044.5000000000002 4.6388387182848723 14965.500000000002 -5.9689959068912115 5.2694864930555561 12.771672403379386 2390.5000000000005 -8.1184156488641683 14923.500000000002 -6.7546107463641922 0.95019500578703731 -3.6665527722616669 1 6.8046686379792378
decision_type=2 2 1 2 2 2 2 2 2 2 2 2 2 2 2 2 2 2 2 2 2 2 2 2 2 2 2 2 1 2
left_child=1 -1 -2 10 5 -5 -7 8 -8 -9 13 -12 19 14 15 18 -17 -18 24 -13 21 -14 -23 -24 27 26 -26 -4 -3 -22
right_child=2 28 3 4 -6 6 7 9 -10 -11 11 12 20 -15 -16 16 17 -19 -20 -21 29 22 23 -25 25 -27 -28 -29 -30 -31
leaf_value=0.026800164515924148 0.012112616030464124 0.033490499515985643 -0.00039174355922876953 0.017595320382142243 0.00070817254693951676 -0.001295113865271225 -0.8607836242373651 -0.018232321249005656 0.033495084904911265 -0.3127809471239944 0.025928145511010227 -0.048993252569885751 -0.0020051530595536419 -0.038744204187891096 0.034169081357811659 -0.035817527918806664 0.05104626323782533 -0.020163033023934129 0.022045390060127696 0.023186720027923602 -0.017791239206145403 0.025988385316581347 0.0082078411212350676 -0.020932006065930032 -0.12823789608632644 -0.030860948361250147 0.028875216838729012 0.029716984645987644 -0.013403405689607404 0.00067487931822474579
leaf_weight=159.73772161151282 144.03068043803796 11.34357648412697 2921.1991773531772 179.69434411497787 3220.603542261757 21.386312623741109 0.27949825534596939 4.7919737580232322 0.16636306373402476 0.2887016413733362 55.779078929219395 33.604231188073754 183.89155434537679 21.849485689774156 29.177952730096877 51.609135773964226 12.517119190655647 20.816742810420692 60.517449971288443 6.2111469358205786 71.461691829375923 18.653239162638783 30.91311154467985 291.9157638028264 1.1308157378807653 76.540783364325762 31.151244985871017 25.299690384417772 83.725276649463922 477.54982350720093
leaf_count=46935 4980 1823 20539 21543 15571 1997 22 393 26 28 467 195 1695 95 300 269 49 213 471 23 497 183 1422 912 31 231 358 206 5919 3203
internal_value=0.0001691 0.0138878 -0.000268232 -0.000495423 0.00145954 0.0131718 -0.0163633 -0.0746732 -0.527104 -0.0349696 -0.00201066 -0.00576577 -0.00735243 -0.000659596 -0.000401968 -0.000717113 -0.019181 0.0065766 -0.000213758 -0.0377333 -0.00622656 -0.0109267 -0.0157311 -0.0181417 -0.00065465 -0.014773 0.0233717 -0.000133219 -0.00780804 -0.00172875
internal_weight=8247.84 254.807 7993.03 7849 3427.21 206.607 26.9128 5.52654 0.445861 5.08068 4421.79 1169.98 1114.2 3251.81 3229.96 3200.78 84.943 33.3339 3115.84 39.8154 1074.39 525.374 341.482 322.829 3055.32 108.823 32.2821 2946.5 95.0689 549.012
internal_count=130596 54677 75919 70939 39580 24009 2466 469 48 421 31359 8597 8130 22762 22667 22367 531 262 21836 218 7912 4212 2517 2334 21365 620 389 20745 7742 3700
cat_boundaries=0 1 2
cat_threshold=1 1
is_linear=0
shrinkage=0.05


Tree=187
num_leaves=31
num_cat=1
split_feature=3 0 3 5 2 2 4 1 4 3 4 1 2 2 2 2 2 4 2 1 2 2 3 2 2 2 2 2 1 2
split_gain=17.3087 16.7878 7.69214 6.80669 7.4849 11.8569 8.94295 8.44376 8.52674 7.9653 9.98501 15.5707 11.1054 14.141 16.3563 25.8224 17.8935 11.7193 11.1693 20.1039 7.98955 15.2358 10.3438 12.2435 8.99551 23.2349 16.0487 24.5701 30.934 30.7604
threshold=-29.058240367910376 3.7402859027777784 -6.0867691321245561 0 507.50000000000006 722.50000000000011 51.560251340112792 3826.5000000000005 31.374295607241294 -8.199179859084337 3.8867423158524548 1836.5000000000002 3371.5000000000005 3961.5000000000005 5223.0000000000009 7413.5000000000009 8163.5000000000009 164.59513124366583 3800.5000000000005 11448.500000000002 9049.5000000000018 9772.5000000000018 -6.2626880638303701 8938.0000000000018 13686.500000000002 14722.500000000002 11981.500000000002 12309.500000000002 6838.5000000000009 12485.500000000002
decision_type=2 2 2 1 2 2 2 2 2 2 2 2 2 2 2 2 2 2 2 2 2 2 2 2 2 2 2 2 2 2
left_child=1 -1 3 -2 6 7 -5 -6 -9 -7 11 -11 17 18 -15 -16 -17 -12 19 -14 22 -22 23 -18 26 -26 -23 28 -28 -29
right_child=2 -3 -4 4 5 9 -8 8 -10 10 12 -13 13 14 15 16 20 -19 -20 -21 21 24 -24 -25 25 -27 27 29 -30 -31
leaf_value=-0.027736366978601452 0.0027561437011426018 0.0021305172813563386 -0.0040961668901553774 -0.032280502628080958 0.078300918380883364 -0.007167114850345966 0.064185133858088259 -0.011934499302520739 0.092088402251318535 -0.0007983106647379512 -0.014179322365840463 0.026179178292729244 -0.025497911015550392 -0.020644223375498781 0.015225930951082371 -0.02464861584702208 -0.0033155121627150303 0.058368192650199102 0.053272557189322813 0.038174893770410064 -0.024102435908121968 -0.0042930029898195273 0.055550413599289084 0.040978937448720165 -0.01394215511117494 0.0058036120406410102 -0.013183967702019224 -0.040073205589747626 0.069787136813980813 0.010922736000124555
leaf_weight=109.53481097030453 2780.4715348358732 82.476018594345078 854.32903338223696 29.969315000344068 7.9066110448911813 408.44715118547902 2.6119621896650633 8.8989381098654103 2.530090103391557 127.12801663577557 188.74712149053812 92.334227055311203 22.461076579988003 94.226257789880037 262.50427718088031 80.730115860700607 66.532775994390249 5.7358661442995063 20.740026284009218 27.66705372184515 70.505490608513355 337.18691436573863 12.597533941268919 20.379434790462255 319.90431650355458 278.83859169110656 16.616335429251194 33.011043544858694 34.678542602807283 283.73109328374267
leaf_count=45216 24627 9461 8814 649 51 31826 77 95 19 410 781 295 106 385 957 327 253 16 81 91 300 1389 38 67 1663 1142 79 135 127 1119
internal_value=-0.0001126 -0.0149074 0.000325018 0.00099507 -0.000719059 -0.000444152 -0.0245471 0.0385755 0.0110935 -0.000713154 0.000386938 0.0105519 -0.000637885 0.000480737 -0.000332409 0.000720799 -0.00172831 -0.0120397 0.0224128 0.00964481 -0.000472963 -0.00146345 0.0132081 0.00707078 -0.000239362 -0.00474642 0.00358718 0.0108068 0.0429097 0.00560791
internal_weight=6683.43 192.011 6491.42 5637.09 2856.62 2824.04 32.5813 19.3356 11.429 2804.7 2396.26 219.462 2176.79 1982.31 1911.44 1817.22 1554.71 194.483 70.8682 50.1281 1473.98 1374.47 99.5097 86.9122 1303.97 598.743 705.224 368.037 51.2949 316.742
internal_count=130596 54677 75919 67105 42478 41752 726 165 114 41587 9761 705 9056 8259 7981 7596 6639 797 278 197 6312 5954 358 320 5654 2805 2849 1460 206 1254
cat_boundaries=0 1
cat_threshold=8
is_linear=0
shrinkage=0.05


Tree=188
num_leaves=31
num_cat=2
split_feature=3 4 2 3 5 1 1 2 2 2 4 2 3 4 3 2 2 1 3 1 4 2 4 5 3 3 0 2 2 4
split_gain=15.3421 8.66579 3.18578 11.1368 2.98062 3.33937 3.82195 3.58664 5.98725 12.2889 8.60712 6.4037 6.8974 3.57409 3.42552 7.581 4.91887 4.70477 5.42332 7.42219 3.62685 6.01709 10.1834 8.94631 6.40541 4.40724 3.95292 3.69061 12.5956 3.60105
threshold=-6.4666728876018658 52.403226522299342 192.50000000000003 -8.4793200033011384 0 30740.500000000004 1976.5000000000002 14838.500000000002 14916.500000000002 14908.500000000002 28.39612656434981 14847.500000000002 -6.659853460385337 25.591551032101616 -10.769168065319429 14163.500000000002 14430.500000000002 464.50000000000006 -12.61394716023424 855.50000000000011 10.499534748920409 13474.500000000002 5.2945593001747611 1 -7.136528435372421 -6.6262606913584756 3.8767472627314823 11911.500000000002 11863.500000000002 23.982518133485517
decision_type=2 2 2 2 1 2 2 2 2 2 2 2 2 2 2 2 2 2 2 2 2 2 2 1 2 2 2 2 2 2
left_child=1 4 3 -3 -1 6 13 -8 9 11 -11 12 -9 14 15 -6 20 -17 -19 -20 21 26 25 -24 -25 -23 -16 28 -28 -18
right_child=-2 2 -4 -5 5 -7 7 8 -10 10 -12 -13 -14 -15 16 17 29 18 19 -21 -22 22 23 24 -26 -27 27 -29 -30 -31
leaf_value=-0.033426442006946167 0.0017418109303288282 -0.033383893088229664 -0.022876312406029706 0.70387499039836565 -0.014999228233599421 0.012676204975231945 -0.01312841458886737 -0.03370677078252296 -0.0078211353074387879 0.19967549007248719 -0.033940973768923799 -0.033649334337127294 0.22626419079783822 -0.033533361913972215 -0.027206389567185046 -0.0207580818658087 -0.030529757354671335 0.029479278992366562 -0.033630343119315891 0.13413068731492347 -0.033680234759383691 -0.033950857600102392 0.27547348133700139 -0.033550830228579048 0.17610468519391165 0.11636441187546086 0.01324342384613654 -0.033925703262960676 0.18867906901627202 0.15574209493231606
leaf_weight=8.9691781524452381 1719.6644085319713 0.20954784681089222 94.24252491054358 0.067794319707899287 12.914974843966773 26.749142949935049 149.25079694675514 0.46503825031686574 16.963720494532026 1.6813544635660949 0.51504199928604055 3.3431782669504173 0.565264612436297 6.4911167582031331 7.4772298173047664 3.6091880324529511 15.047708212397989 17.918377776280984 0.85511888889595455 2.8792849204037338 4.7536780831869683 2.194657774176449 0.80613925773650408 0.75269606849178694 0.70604570116847754 0.62694450467824836 12.540322653949261 2.9721317202784112 1.1140017118304975 0.26401512743905264
leaf_count=6129 12058 182 72202 10 3104 2534 24144 78 2002 34 68 607 3 2013 570 475 1254 1236 100 122 441 135 34 94 19 4 697 202 15 30
internal_value=-0.000303388 -0.00916367 -0.0223783 0.146834 -0.00503357 -0.00416578 -0.00585492 -0.0102679 0.00787373 0.0483986 0.144894 -6.20835e-05 0.108924 0.00226326 0.00492085 0.0161623 -0.00379218 0.0320934 0.040903 0.0957161 0.00682004 0.0134156 0.0628328 0.141797 0.0679245 -0.000551632 0.00298732 0.016566 0.0275565 -0.0273179
internal_weight=2116.61 396.946 94.5199 0.277342 302.426 293.457 266.708 172.784 23.5336 6.56988 2.1964 4.37348 1.0303 93.9236 87.4325 38.1769 49.2556 25.262 21.6528 3.7344 33.9438 29.1902 5.08648 2.26488 1.45874 2.8216 24.1037 16.6265 13.6543 15.3117
internal_count=130596 118538 72394 192 46144 40015 37481 26936 2792 790 102 688 81 10545 8532 5037 3495 1933 1458 222 2211 1770 286 147 113 139 1484 914 712 1284
cat_boundaries=0 1 2
cat_threshold=1 8
is_linear=0
shrinkage=0.05


end of trees

feature_importances:
relative_speed=2031
current_risk=1033
mahalanobis_distance=939
miss_distance=913
time_to_tca=465
object_type_encoded=289

parameters:
[boosting: gbdt]
[objective: multiclass]
[metric: multi_logloss]
[tree_learner: serial]
[device_type: cpu]
[data_sample_strategy: bagging]
[data: ]
[valid: ]
[num_iterations: 500]
[learning_rate: 0.05]
[num_leaves: 31]
[num_threads: 0]
[seed: 42]
[deterministic: 0]
[force_col_wise: 0]
[force_row_wise: 0]
[histogram_pool_size: -1]
[max_depth: -1]
[min_data_in_leaf: 20]
[min_sum_hessian_in_leaf: 0.001]
[bagging_fraction: 1]
[pos_bagging_fraction: 1]
[neg_bagging_fraction: 1]
[bagging_freq: 0]
[bagging_seed: 400]
[bagging_by_query: 0]
[feature_fraction: 1]
[feature_fraction_bynode: 1]
[feature_fraction_seed: 30056]
[extra_trees: 0]
[extra_seed: 12879]
[early_stopping_round: 0]
[early_stopping_min_delta: 0]
[first_metric_only: 0]
[max_delta_step: 0]
[lambda_l1: 0]
[lambda_l2: 0]
[linear_lambda: 0]
[min_gain_to_split: 0]
[drop_rate: 0.1]
[max_drop: 50]
[skip_drop: 0.5]
[xgboost_dart_mode: 0]
[uniform_drop: 0]
[drop_seed: 17869]
[top_rate: 0.2]
[other_rate: 0.1]
[min_data_per_group: 100]
[max_cat_threshold: 32]
[cat_l2: 10]
[cat_smooth: 10]
[max_cat_to_onehot: 4]
[top_k: 20]
[monotone_constraints: ]
[monotone_constraints_method: basic]
[monotone_penalty: 0]
[feature_contri: ]
[forcedsplits_filename: ]
[refit_decay_rate: 0.9]
[cegb_tradeoff: 1]
[cegb_penalty_split: 0]
[cegb_penalty_feature_lazy: ]
[cegb_penalty_feature_coupled: ]
[path_smooth: 0]
[interaction_constraints: ]
[verbosity: -1]
[saved_feature_importance_type: 0]
[use_quantized_grad: 0]
[num_grad_quant_bins: 4]
[quant_train_renew_leaf: 0]
[stochastic_rounding: 1]
[linear_tree: 0]
[max_bin: 255]
[max_bin_by_feature: ]
[min_data_in_bin: 3]
[bin_construct_sample_cnt: 200000]
[data_random_seed: 175]
[is_enable_sparse: 1]
[enable_bundle: 1]
[use_missing: 1]
[zero_as_missing: 0]
[feature_pre_filter: 1]
[pre_partition: 0]
[two_round: 0]
[header: 0]
[label_column: ]
[weight_column: ]
[group_column: ]
[ignore_column: ]
[categorical_feature: 5]
[forcedbins_filename: ]
[precise_float_parser: 0]
[parser_config_file: ]
[objective_seed: 16083]
[num_class: 3]
[is_unbalance: 0]
[scale_pos_weight: 1]
[sigmoid: 1]
[boost_from_average: 1]
[reg_sqrt: 0]
[alpha: 0.9]
[fair_c: 1]
[poisson_max_delta_step: 0.7]
[tweedie_variance_power: 1.5]
[lambdarank_truncation_level: 30]
[lambdarank_norm: 1]
[label_gain: ]
[lambdarank_position_bias_regularization: 0]
[eval_at: ]
[multi_error_top_k: 1]
[auc_mu_weights: ]
[num_machines: 1]
[local_listen_port: 12400]
[time_out: 120]
[machine_list_filename: ]
[machines: ]
[gpu_platform_id: -1]
[gpu_device_id: -1]
[gpu_device_id_list: ]
[gpu_use_dp: 0]
[num_gpu: 1]

end of parameters

pandas_categorical:[]
